ano,ubigeo,departamento,provincia,distrito,tipo_municipalidad,serenazgo_2024,serenazgo_2025,p69_2_t,p69_2_m,p69_2_h,tiene_auto_camioneta,p70a_1_1,p70a_1_2,p70a_1_3,tiene_radio,p70a_6_1,p70a_6_2,p70a_6_3,tiene_camaras,p70a_7_1,p70a_7_2,p70a_7_3,p70a_7_4,tiene_central_videovigilancia,p70a_10_1,p70a_10_2,p70a_10_3,tiene_chaleco_antibalas,p70a_13_1,total_intervenciones
2025,010101,AMAZONAS,CHACHAPOYAS,CHACHAPOYAS,Provincial,Sí,Sí,28,7,21,Sí,3,3,0,No,NA,NA,NA,Sí,14,14,0,0,Sí,1,1,0,No,NA,189
2025,010102,AMAZONAS,CHACHAPOYAS,ASUNCION,Distrital,No,No,NA,NA,NA,No,NA,NA,NA,No,NA,NA,NA,No,NA,NA,NA,NA,No,NA,NA,NA,No,NA,0
2025,010103,AMAZONAS,CHACHAPOYAS,BALSAS,Distrital,No,No,NA,NA,NA,No,NA,NA,NA,No,NA,NA,NA,No,NA,NA,NA,NA,No,NA,NA,NA,No,NA,0
2025,010104,AMAZONAS,CHACHAPOYAS,CHETO,Distrital,Sí,No,NA,NA,NA,No,NA,NA,NA,No,NA,NA,NA,No,NA,NA,NA,NA,No,NA,NA,NA,No,NA,0
2025,010105,AMAZONAS,CHACHAPOYAS,CHILIQUIN,Distrital,No,No,NA,NA,NA,Sí,2,1,1,No,NA,NA,NA,No,NA,NA,NA,NA,No,NA,NA,NA,No,NA,2
2025,010106,AMAZONAS,CHACHAPOYAS,CHUQUIBAMBA,Distrital,No,No,NA,NA,NA,No,NA,NA,NA,No,NA,NA,NA,No,NA,NA,NA,NA,No,NA,NA,NA,No,NA,0
2025,010107,AMAZONAS,CHACHAPOYAS,GRANADA,Distrital,No,No,NA,NA,NA,No,NA,NA,NA,No,NA,NA,NA,No,NA,NA,NA,NA,No,NA,NA,NA,No,NA,0
2025,010108,AMAZONAS,CHACHAPOYAS,HUANCAS,Distrital,No,No,NA,NA,NA,No,NA,NA,NA,No,NA,NA,NA,No,NA,NA,NA,NA,No,NA,NA,NA,No,NA,0
2025,010109,AMAZONAS,CHACHAPOYAS,LA JALCA,Distrital,No,No,NA,NA,NA,No,NA,NA,NA,No,NA,NA,NA,No,NA,NA,NA,NA,No,NA,NA,NA,No,NA,0
2025,010110,AMAZONAS,CHACHAPOYAS,LEIMEBAMBA,Distrital,No,No,NA,NA,NA,No,NA,NA,NA,No,NA,NA,NA,No,NA,NA,NA,NA,No,NA,NA,NA,No,NA,11
2025,010111,AMAZONAS,CHACHAPOYAS,LEVANTO,Distrital,No,No,NA,NA,NA,No,NA,NA,NA,No,NA,NA,NA,No,NA,NA,NA,NA,No,NA,NA,NA,No,NA,0
2025,010112,AMAZONAS,CHACHAPOYAS,MAGDALENA,Distrital,No,No,NA,NA,NA,No,NA,NA,NA,No,NA,NA,NA,No,NA,NA,NA,NA,No,NA,NA,NA,No,NA,0
2025,010113,AMAZONAS,CHACHAPOYAS,MARISCAL CASTILLA,Distrital,No,No,NA,NA,NA,No,NA,NA,NA,No,NA,NA,NA,No,NA,NA,NA,NA,No,NA,NA,NA,No,NA,0
2025,010114,AMAZONAS,CHACHAPOYAS,MOLINOPAMPA,Distrital,No,No,NA,NA,NA,No,NA,NA,NA,No,NA,NA,NA,No,NA,NA,NA,NA,No,NA,NA,NA,No,NA,0
2025,010115,AMAZONAS,CHACHAPOYAS,MONTEVIDEO,Distrital,No,No,NA,NA,NA,No,NA,NA,NA,No,NA,NA,NA,Sí,4,4,0,0,No,NA,NA,NA,No,NA,0
2025,010116,AMAZONAS,CHACHAPOYAS,OLLEROS,Distrital,No,No,NA,NA,NA,No,NA,NA,NA,No,NA,NA,NA,No,NA,NA,NA,NA,No,NA,NA,NA,No,NA,0
2025,010117,AMAZONAS,CHACHAPOYAS,QUINJALCA,Distrital,No,No,NA,NA,NA,No,NA,NA,NA,No,NA,NA,NA,No,NA,NA,NA,NA,No,NA,NA,NA,No,NA,0
2025,010118,AMAZONAS,CHACHAPOYAS,SAN FRANCISCO DE DAGUAS,Distrital,No,No,NA,NA,NA,No,NA,NA,NA,No,NA,NA,NA,No,NA,NA,NA,NA,No,NA,NA,NA,No,NA,0
2025,010119,AMAZONAS,CHACHAPOYAS,SAN ISIDRO DE MAINO,Distrital,No,No,NA,NA,NA,Sí,1,1,0,No,NA,NA,NA,No,NA,NA,NA,NA,No,NA,NA,NA,No,NA,20
2025,010120,AMAZONAS,CHACHAPOYAS,SOLOCO,Distrital,No,No,NA,NA,NA,No,NA,NA,NA,No,NA,NA,NA,No,NA,NA,NA,NA,No,NA,NA,NA,No,NA,0
2025,010121,AMAZONAS,CHACHAPOYAS,SONCHE,Distrital,No,No,NA,NA,NA,No,NA,NA,NA,No,NA,NA,NA,No,NA,NA,NA,NA,No,NA,NA,NA,No,NA,0
2025,010201,AMAZONAS,BAGUA,BAGUA,Provincial,Sí,Sí,28,2,26,Sí,2,2,0,No,NA,NA,NA,Sí,4,4,0,0,No,NA,NA,NA,No,NA,451
2025,010202,AMAZONAS,BAGUA,ARAMANGO,Distrital,No,No,NA,NA,NA,No,NA,NA,NA,No,NA,NA,NA,No,NA,NA,NA,NA,No,NA,NA,NA,No,NA,0
2025,010203,AMAZONAS,BAGUA,COPALLIN,Distrital,No,No,NA,NA,NA,No,NA,NA,NA,No,NA,NA,NA,No,NA,NA,NA,NA,No,NA,NA,NA,Sí,1,4
2025,010204,AMAZONAS,BAGUA,EL PARCO,Distrital,No,No,NA,NA,NA,No,NA,NA,NA,No,NA,NA,NA,No,NA,NA,NA,NA,No,NA,NA,NA,No,NA,5
2025,010205,AMAZONAS,BAGUA,IMAZA,Distrital,No,No,NA,NA,NA,No,NA,NA,NA,No,NA,NA,NA,No,NA,NA,NA,NA,No,NA,NA,NA,No,NA,0
2025,010206,AMAZONAS,BAGUA,LA PECA,Distrital,No,No,NA,NA,NA,No,NA,NA,NA,No,NA,NA,NA,No,NA,NA,NA,NA,No,NA,NA,NA,No,NA,0
2025,010301,AMAZONAS,BONGARA,JUMBILLA,Provincial,No,No,NA,NA,NA,No,NA,NA,NA,No,NA,NA,NA,No,NA,NA,NA,NA,No,NA,NA,NA,No,NA,0
2025,010302,AMAZONAS,BONGARA,CHISQUILLA,Distrital,No,No,NA,NA,NA,No,NA,NA,NA,No,NA,NA,NA,No,NA,NA,NA,NA,No,NA,NA,NA,No,NA,0
2025,010303,AMAZONAS,BONGARA,CHURUJA,Distrital,No,No,NA,NA,NA,No,NA,NA,NA,No,NA,NA,NA,No,NA,NA,NA,NA,No,NA,NA,NA,No,NA,0
2025,010304,AMAZONAS,BONGARA,COROSHA,Distrital,No,No,NA,NA,NA,No,NA,NA,NA,No,NA,NA,NA,No,NA,NA,NA,NA,No,NA,NA,NA,No,NA,0
2025,010305,AMAZONAS,BONGARA,CUISPES,Distrital,No,No,NA,NA,NA,No,NA,NA,NA,No,NA,NA,NA,No,NA,NA,NA,NA,No,NA,NA,NA,No,NA,0
2025,010306,AMAZONAS,BONGARA,FLORIDA,Distrital,No,Sí,10,0,10,No,NA,NA,NA,No,NA,NA,NA,No,NA,NA,NA,NA,No,NA,NA,NA,No,NA,11
2025,010307,AMAZONAS,BONGARA,JAZAN,Distrital,Sí,Sí,3,1,2,No,NA,NA,NA,No,NA,NA,NA,No,NA,NA,NA,NA,No,NA,NA,NA,Sí,1,53
2025,010308,AMAZONAS,BONGARA,RECTA,Distrital,No,No,NA,NA,NA,No,NA,NA,NA,No,NA,NA,NA,No,NA,NA,NA,NA,No,NA,NA,NA,No,NA,0
2025,010309,AMAZONAS,BONGARA,SAN CARLOS,Distrital,No,No,NA,NA,NA,Sí,3,1,2,No,NA,NA,NA,No,NA,NA,NA,NA,No,NA,NA,NA,No,NA,0
2025,010310,AMAZONAS,BONGARA,SHIPASBAMBA,Distrital,No,No,NA,NA,NA,No,NA,NA,NA,No,NA,NA,NA,No,NA,NA,NA,NA,No,NA,NA,NA,No,NA,0
2025,010311,AMAZONAS,BONGARA,VALERA,Distrital,No,No,NA,NA,NA,No,NA,NA,NA,No,NA,NA,NA,No,NA,NA,NA,NA,No,NA,NA,NA,No,NA,0
2025,010312,AMAZONAS,BONGARA,YAMBRASBAMBA,Distrital,No,No,NA,NA,NA,Sí,2,1,1,No,NA,NA,NA,No,NA,NA,NA,NA,No,NA,NA,NA,No,NA,2
2025,010401,AMAZONAS,CONDORCANQUI,NIEVA,Provincial,Sí,Sí,7,0,7,Sí,1,1,0,Sí,10,10,0,No,NA,NA,NA,NA,No,NA,NA,NA,No,NA,48
2025,010402,AMAZONAS,CONDORCANQUI,EL CENEPA,Distrital,No,No,NA,NA,NA,No,NA,NA,NA,No,NA,NA,NA,Sí,5,0,5,0,No,NA,NA,NA,No,NA,0
2025,010403,AMAZONAS,CONDORCANQUI,RIO SANTIAGO,Distrital,No,No,NA,NA,NA,No,NA,NA,NA,No,NA,NA,NA,No,NA,NA,NA,NA,No,NA,NA,NA,No,NA,0
2025,010501,AMAZONAS,LUYA,LAMUD,Provincial,Sí,No,NA,NA,NA,No,NA,NA,NA,No,NA,NA,NA,Sí,10,8,2,8,Sí,1,1,0,No,NA,0
2025,010502,AMAZONAS,LUYA,CAMPORREDONDO,Distrital,No,No,NA,NA,NA,No,NA,NA,NA,No,NA,NA,NA,No,NA,NA,NA,NA,No,NA,NA,NA,No,NA,0
2025,010503,AMAZONAS,LUYA,COCABAMBA,Distrital,No,No,NA,NA,NA,No,NA,NA,NA,No,NA,NA,NA,No,NA,NA,NA,NA,No,NA,NA,NA,No,NA,0
2025,010504,AMAZONAS,LUYA,COLCAMAR,Distrital,No,No,NA,NA,NA,Sí,1,1,0,No,NA,NA,NA,No,NA,NA,NA,NA,No,NA,NA,NA,No,NA,0
2025,010505,AMAZONAS,LUYA,CONILA,Distrital,No,No,NA,NA,NA,No,NA,NA,NA,No,NA,NA,NA,Sí,4,4,0,0,No,NA,NA,NA,No,NA,0
2025,010506,AMAZONAS,LUYA,INGUILPATA,Distrital,No,No,NA,NA,NA,No,NA,NA,NA,No,NA,NA,NA,No,NA,NA,NA,NA,No,NA,NA,NA,No,NA,0
2025,010507,AMAZONAS,LUYA,LONGUITA,Distrital,No,No,NA,NA,NA,No,NA,NA,NA,No,NA,NA,NA,No,NA,NA,NA,NA,No,NA,NA,NA,No,NA,0
2025,010508,AMAZONAS,LUYA,LONYA CHICO,Distrital,No,No,NA,NA,NA,No,NA,NA,NA,No,NA,NA,NA,Sí,6,6,0,0,No,NA,NA,NA,No,NA,0
2025,010509,AMAZONAS,LUYA,LUYA,Distrital,No,No,NA,NA,NA,No,NA,NA,NA,No,NA,NA,NA,No,NA,NA,NA,NA,No,NA,NA,NA,No,NA,0
2025,010510,AMAZONAS,LUYA,LUYA VIEJO,Distrital,No,No,NA,NA,NA,No,NA,NA,NA,No,NA,NA,NA,No,NA,NA,NA,NA,No,NA,NA,NA,No,NA,0
2025,010511,AMAZONAS,LUYA,MARIA,Distrital,No,No,NA,NA,NA,No,NA,NA,NA,No,NA,NA,NA,No,NA,NA,NA,NA,No,NA,NA,NA,No,NA,0
2025,010512,AMAZONAS,LUYA,OCALLI,Distrital,No,No,NA,NA,NA,Sí,2,2,0,No,NA,NA,NA,No,NA,NA,NA,NA,No,NA,NA,NA,No,NA,0
2025,010513,AMAZONAS,LUYA,OCUMAL,Distrital,No,No,NA,NA,NA,No,NA,NA,NA,No,NA,NA,NA,No,NA,NA,NA,NA,No,NA,NA,NA,No,NA,0
2025,010514,AMAZONAS,LUYA,PISUQUIA,Distrital,No,No,NA,NA,NA,No,NA,NA,NA,No,NA,NA,NA,No,NA,NA,NA,NA,No,NA,NA,NA,No,NA,0
2025,010515,AMAZONAS,LUYA,PROVIDENCIA,Distrital,No,No,NA,NA,NA,No,NA,NA,NA,No,NA,NA,NA,No,NA,NA,NA,NA,No,NA,NA,NA,No,NA,0
2025,010516,AMAZONAS,LUYA,SAN CRISTOBAL,Distrital,No,No,NA,NA,NA,No,NA,NA,NA,No,NA,NA,NA,No,NA,NA,NA,NA,No,NA,NA,NA,No,NA,0
2025,010517,AMAZONAS,LUYA,SAN FRANCISCO DEL YESO,Distrital,No,No,NA,NA,NA,No,NA,NA,NA,No,NA,NA,NA,No,NA,NA,NA,NA,No,NA,NA,NA,No,NA,0
2025,010518,AMAZONAS,LUYA,SAN JERONIMO,Distrital,No,No,NA,NA,NA,No,NA,NA,NA,No,NA,NA,NA,No,NA,NA,NA,NA,No,NA,NA,NA,No,NA,0
2025,010519,AMAZONAS,LUYA,SAN JUAN DE LOPECANCHA,Distrital,No,No,NA,NA,NA,No,NA,NA,NA,No,NA,NA,NA,No,NA,NA,NA,NA,No,NA,NA,NA,No,NA,0
2025,010520,AMAZONAS,LUYA,SANTA CATALINA,Distrital,No,No,NA,NA,NA,No,NA,NA,NA,No,NA,NA,NA,No,NA,NA,NA,NA,No,NA,NA,NA,No,NA,0
2025,010521,AMAZONAS,LUYA,SANTO TOMAS,Distrital,No,No,NA,NA,NA,Sí,2,1,1,No,NA,NA,NA,No,NA,NA,NA,NA,No,NA,NA,NA,No,NA,6
2025,010522,AMAZONAS,LUYA,TINGO,Distrital,No,No,NA,NA,NA,Sí,2,2,0,No,NA,NA,NA,No,NA,NA,NA,NA,No,NA,NA,NA,No,NA,10
2025,010523,AMAZONAS,LUYA,TRITA,Distrital,No,No,NA,NA,NA,No,NA,NA,NA,No,NA,NA,NA,No,NA,NA,NA,NA,No,NA,NA,NA,No,NA,0
2025,010601,AMAZONAS,RODRIGUEZ DE MENDOZA,SAN NICOLAS,Provincial,Sí,Sí,1,0,1,Sí,1,1,0,No,NA,NA,NA,Sí,22,22,0,0,Sí,1,1,0,No,NA,0
2025,010602,AMAZONAS,RODRIGUEZ DE MENDOZA,CHIRIMOTO,Distrital,Sí,No,NA,NA,NA,No,NA,NA,NA,No,NA,NA,NA,No,NA,NA,NA,NA,No,NA,NA,NA,No,NA,0
2025,010603,AMAZONAS,RODRIGUEZ DE MENDOZA,COCHAMAL,Distrital,No,No,NA,NA,NA,No,NA,NA,NA,No,NA,NA,NA,No,NA,NA,NA,NA,No,NA,NA,NA,No,NA,0
2025,010604,AMAZONAS,RODRIGUEZ DE MENDOZA,HUAMBO,Distrital,No,No,NA,NA,NA,No,NA,NA,NA,No,NA,NA,NA,Sí,4,2,2,0,No,NA,NA,NA,No,NA,0
2025,010605,AMAZONAS,RODRIGUEZ DE MENDOZA,LIMABAMBA,Distrital,No,No,NA,NA,NA,No,NA,NA,NA,No,NA,NA,NA,No,NA,NA,NA,NA,No,NA,NA,NA,No,NA,0
2025,010606,AMAZONAS,RODRIGUEZ DE MENDOZA,LONGAR,Distrital,No,No,NA,NA,NA,No,NA,NA,NA,No,NA,NA,NA,No,NA,NA,NA,NA,No,NA,NA,NA,No,NA,0
2025,010607,AMAZONAS,RODRIGUEZ DE MENDOZA,MARISCAL BENAVIDES,Distrital,Sí,Sí,3,1,2,Sí,2,2,0,No,NA,NA,NA,No,NA,NA,NA,NA,No,NA,NA,NA,No,NA,17
2025,010608,AMAZONAS,RODRIGUEZ DE MENDOZA,MILPUC,Distrital,No,No,NA,NA,NA,No,NA,NA,NA,No,NA,NA,NA,No,NA,NA,NA,NA,No,NA,NA,NA,No,NA,0
2025,010609,AMAZONAS,RODRIGUEZ DE MENDOZA,OMIA,Distrital,No,No,NA,NA,NA,No,NA,NA,NA,No,NA,NA,NA,No,NA,NA,NA,NA,No,NA,NA,NA,No,NA,0
2025,010610,AMAZONAS,RODRIGUEZ DE MENDOZA,SANTA ROSA,Distrital,No,No,NA,NA,NA,No,NA,NA,NA,No,NA,NA,NA,No,NA,NA,NA,NA,No,NA,NA,NA,No,NA,0
2025,010611,AMAZONAS,RODRIGUEZ DE MENDOZA,TOTORA,Distrital,No,No,NA,NA,NA,No,NA,NA,NA,No,NA,NA,NA,No,NA,NA,NA,NA,No,NA,NA,NA,No,NA,0
2025,010612,AMAZONAS,RODRIGUEZ DE MENDOZA,VISTA ALEGRE,Distrital,No,No,NA,NA,NA,No,NA,NA,NA,No,NA,NA,NA,No,NA,NA,NA,NA,No,NA,NA,NA,No,NA,0
2025,010701,AMAZONAS,UTCUBAMBA,BAGUA GRANDE,Provincial,Sí,Sí,45,1,44,Sí,2,2,0,Sí,12,12,0,Sí,14,14,0,14,Sí,1,1,0,Sí,24,671
2025,010702,AMAZONAS,UTCUBAMBA,CAJARURO,Distrital,Sí,Sí,12,2,10,Sí,1,1,0,No,NA,NA,NA,No,NA,NA,NA,NA,No,NA,NA,NA,Sí,2,240
2025,010703,AMAZONAS,UTCUBAMBA,CUMBA,Distrital,No,No,NA,NA,NA,No,NA,NA,NA,No,NA,NA,NA,No,NA,NA,NA,NA,No,NA,NA,NA,No,NA,0
2025,010704,AMAZONAS,UTCUBAMBA,EL MILAGRO,Distrital,No,No,NA,NA,NA,No,NA,NA,NA,No,NA,NA,NA,No,NA,NA,NA,NA,No,NA,NA,NA,No,NA,0
2025,010705,AMAZONAS,UTCUBAMBA,JAMALCA,Distrital,No,No,NA,NA,NA,No,NA,NA,NA,No,NA,NA,NA,No,NA,NA,NA,NA,No,NA,NA,NA,No,NA,0
2025,010706,AMAZONAS,UTCUBAMBA,LONYA GRANDE,Distrital,No,No,NA,NA,NA,No,NA,NA,NA,No,NA,NA,NA,No,NA,NA,NA,NA,No,NA,NA,NA,No,NA,0
2025,010707,AMAZONAS,UTCUBAMBA,YAMON,Distrital,No,No,NA,NA,NA,No,NA,NA,NA,No,NA,NA,NA,No,NA,NA,NA,NA,No,NA,NA,NA,No,NA,0
2025,020101,ANCASH,HUARAZ,HUARAZ,Provincial,Sí,Sí,98,32,66,Sí,5,5,0,Sí,40,15,25,Sí,56,29,27,0,Sí,1,1,0,Sí,10,664
2025,020102,ANCASH,HUARAZ,COCHABAMBA,Distrital,Sí,Sí,6,2,4,No,NA,NA,NA,Sí,8,4,4,No,NA,NA,NA,NA,No,NA,NA,NA,No,NA,6
2025,020103,ANCASH,HUARAZ,COLCABAMBA,Distrital,Sí,Sí,2,0,2,Sí,1,1,0,No,NA,NA,NA,Sí,2,2,0,2,No,NA,NA,NA,No,NA,10
2025,020104,ANCASH,HUARAZ,HUANCHAY,Distrital,Sí,Sí,8,1,7,No,NA,NA,NA,No,NA,NA,NA,No,NA,NA,NA,NA,No,NA,NA,NA,No,NA,2
2025,020105,ANCASH,HUARAZ,INDEPENDENCIA,Distrital,Sí,Sí,37,5,32,Sí,4,4,0,Sí,37,37,0,Sí,50,45,5,0,Sí,1,1,0,No,NA,2790
2025,020106,ANCASH,HUARAZ,JANGAS,Distrital,Sí,Sí,6,1,5,Sí,1,1,0,No,NA,NA,NA,No,NA,NA,NA,NA,No,NA,NA,NA,No,NA,29
2025,020107,ANCASH,HUARAZ,LA LIBERTAD,Distrital,Sí,Sí,6,0,6,No,NA,NA,NA,No,NA,NA,NA,Sí,5,4,1,0,No,NA,NA,NA,No,NA,6
2025,020108,ANCASH,HUARAZ,OLLEROS,Distrital,No,No,NA,NA,NA,No,NA,NA,NA,No,NA,NA,NA,Sí,3,3,0,3,No,NA,NA,NA,No,NA,0
2025,020109,ANCASH,HUARAZ,PAMPAS GRANDE,Distrital,Sí,Sí,3,1,2,No,NA,NA,NA,No,NA,NA,NA,No,NA,NA,NA,NA,No,NA,NA,NA,No,NA,3
2025,020110,ANCASH,HUARAZ,PARIACOTO,Distrital,Sí,Sí,15,5,10,No,NA,NA,NA,Sí,10,0,10,Sí,2,2,0,0,Sí,1,1,0,No,NA,28
2025,020111,ANCASH,HUARAZ,PIRA,Distrital,Sí,Sí,5,0,5,No,NA,NA,NA,No,NA,NA,NA,Sí,2,1,1,0,No,NA,NA,NA,No,NA,40
2025,020112,ANCASH,HUARAZ,TARICA,Distrital,Sí,Sí,13,3,10,Sí,1,1,0,No,NA,NA,NA,No,NA,NA,NA,NA,No,NA,NA,NA,Sí,3,19
2025,020201,ANCASH,AIJA,AIJA,Provincial,No,No,NA,NA,NA,No,NA,NA,NA,No,NA,NA,NA,No,NA,NA,NA,NA,No,NA,NA,NA,No,NA,0
2025,020202,ANCASH,AIJA,CORIS,Distrital,Sí,Sí,3,0,3,No,NA,NA,NA,No,NA,NA,NA,No,NA,NA,NA,NA,No,NA,NA,NA,No,NA,10
2025,020203,ANCASH,AIJA,HUACLLAN,Distrital,No,No,NA,NA,NA,No,NA,NA,NA,No,NA,NA,NA,No,NA,NA,NA,NA,No,NA,NA,NA,No,NA,0
2025,020204,ANCASH,AIJA,LA MERCED,Distrital,Sí,Sí,1,0,1,Sí,1,1,0,No,NA,NA,NA,No,NA,NA,NA,NA,No,NA,NA,NA,No,NA,0
2025,020205,ANCASH,AIJA,SUCCHA,Distrital,Sí,No,NA,NA,NA,No,NA,NA,NA,No,NA,NA,NA,Sí,2,2,0,2,No,NA,NA,NA,No,NA,0
2025,020301,ANCASH,ANTONIO RAYMONDI,LLAMELLIN,Provincial,Sí,Sí,7,0,7,No,NA,NA,NA,No,NA,NA,NA,Sí,3,3,0,0,No,NA,NA,NA,No,NA,6
2025,020302,ANCASH,ANTONIO RAYMONDI,ACZO,Distrital,No,No,NA,NA,NA,No,NA,NA,NA,No,NA,NA,NA,No,NA,NA,NA,NA,No,NA,NA,NA,No,NA,0
2025,020303,ANCASH,ANTONIO RAYMONDI,CHACCHO,Distrital,Sí,Sí,2,0,2,No,NA,NA,NA,No,NA,NA,NA,No,NA,NA,NA,NA,No,NA,NA,NA,No,NA,0
2025,020304,ANCASH,ANTONIO RAYMONDI,CHINGAS,Distrital,Sí,No,NA,NA,NA,No,NA,NA,NA,No,NA,NA,NA,No,NA,NA,NA,NA,No,NA,NA,NA,No,NA,1
2025,020305,ANCASH,ANTONIO RAYMONDI,MIRGAS,Distrital,Sí,Sí,2,1,1,No,NA,NA,NA,No,NA,NA,NA,No,NA,NA,NA,NA,No,NA,NA,NA,No,NA,0
2025,020306,ANCASH,ANTONIO RAYMONDI,SAN JUAN DE RONTOY,Distrital,No,No,NA,NA,NA,Sí,1,1,0,No,NA,NA,NA,No,NA,NA,NA,NA,No,NA,NA,NA,No,NA,0
2025,020401,ANCASH,ASUNCION,CHACAS,Provincial,Sí,Sí,6,0,6,No,NA,NA,NA,No,NA,NA,NA,No,NA,NA,NA,NA,No,NA,NA,NA,No,NA,12
2025,020402,ANCASH,ASUNCION,ACOCHACA,Distrital,Sí,Sí,4,0,4,No,NA,NA,NA,Sí,4,4,0,Sí,1,1,0,0,No,NA,NA,NA,No,NA,3
2025,020501,ANCASH,BOLOGNESI,CHIQUIAN,Provincial,Sí,Sí,3,0,3,No,NA,NA,NA,Sí,2,1,1,Sí,28,14,14,0,Sí,1,1,0,Sí,3,29
2025,020502,ANCASH,BOLOGNESI,ABELARDO PARDO LEZAMETA,Distrital,Sí,Sí,1,0,1,No,NA,NA,NA,No,NA,NA,NA,Sí,4,2,2,0,Sí,2,1,1,No,NA,2
2025,020503,ANCASH,BOLOGNESI,ANTONIO RAYMONDI,Distrital,No,No,NA,NA,NA,No,NA,NA,NA,No,NA,NA,NA,No,NA,NA,NA,NA,No,NA,NA,NA,No,NA,0
2025,020504,ANCASH,BOLOGNESI,AQUIA,Distrital,No,No,NA,NA,NA,No,NA,NA,NA,No,NA,NA,NA,No,NA,NA,NA,NA,No,NA,NA,NA,No,NA,0
2025,020505,ANCASH,BOLOGNESI,CAJACAY,Distrital,Sí,Sí,2,0,2,Sí,2,2,0,Sí,4,4,0,Sí,5,5,0,0,Sí,1,1,0,No,NA,8
2025,020506,ANCASH,BOLOGNESI,CANIS,Distrital,Sí,Sí,1,1,0,No,NA,NA,NA,No,NA,NA,NA,No,NA,NA,NA,NA,No,NA,NA,NA,No,NA,2
2025,020507,ANCASH,BOLOGNESI,COLQUIOC,Distrital,No,No,NA,NA,NA,No,NA,NA,NA,No,NA,NA,NA,No,NA,NA,NA,NA,No,NA,NA,NA,No,NA,0
2025,020508,ANCASH,BOLOGNESI,HUALLANCA,Distrital,Sí,Sí,11,2,9,Sí,1,1,0,Sí,34,17,17,Sí,8,4,4,0,No,NA,NA,NA,No,NA,30
2025,020509,ANCASH,BOLOGNESI,HUASTA,Distrital,No,No,NA,NA,NA,Sí,1,1,0,No,NA,NA,NA,Sí,4,4,0,4,No,NA,NA,NA,No,NA,0
2025,020510,ANCASH,BOLOGNESI,HUAYLLACAYAN,Distrital,Sí,Sí,3,1,2,Sí,1,1,0,No,NA,NA,NA,No,NA,NA,NA,NA,No,NA,NA,NA,No,NA,0
2025,020511,ANCASH,BOLOGNESI,LA PRIMAVERA,Distrital,Sí,Sí,2,1,1,No,NA,NA,NA,No,NA,NA,NA,No,NA,NA,NA,NA,No,NA,NA,NA,No,NA,7
2025,020512,ANCASH,BOLOGNESI,MANGAS,Distrital,Sí,Sí,1,0,1,No,NA,NA,NA,No,NA,NA,NA,No,NA,NA,NA,NA,No,NA,NA,NA,No,NA,1
2025,020513,ANCASH,BOLOGNESI,PACLLON,Distrital,No,Sí,2,0,2,No,NA,NA,NA,Sí,1,1,0,Sí,1,1,0,0,Sí,1,1,0,No,NA,0
2025,020514,ANCASH,BOLOGNESI,SAN MIGUEL DE CORPANQUI,Distrital,No,No,NA,NA,NA,No,NA,NA,NA,No,NA,NA,NA,No,NA,NA,NA,NA,No,NA,NA,NA,No,NA,0
2025,020515,ANCASH,BOLOGNESI,TICLLOS,Distrital,Sí,Sí,3,0,3,No,NA,NA,NA,No,NA,NA,NA,No,NA,NA,NA,NA,No,NA,NA,NA,No,NA,2
2025,020601,ANCASH,CARHUAZ,CARHUAZ,Provincial,Sí,Sí,18,0,18,Sí,1,1,0,Sí,9,9,0,Sí,6,6,0,0,Sí,1,1,0,Sí,4,237
2025,020602,ANCASH,CARHUAZ,ACOPAMPA,Distrital,Sí,Sí,4,0,4,No,NA,NA,NA,No,NA,NA,NA,No,NA,NA,NA,NA,No,NA,NA,NA,No,NA,58
2025,020603,ANCASH,CARHUAZ,AMASHCA,Distrital,No,No,NA,NA,NA,No,NA,NA,NA,No,NA,NA,NA,No,NA,NA,NA,NA,No,NA,NA,NA,No,NA,0
2025,020604,ANCASH,CARHUAZ,ANTA,Distrital,No,No,NA,NA,NA,No,NA,NA,NA,No,NA,NA,NA,No,NA,NA,NA,NA,No,NA,NA,NA,No,NA,0
2025,020605,ANCASH,CARHUAZ,ATAQUERO,Distrital,No,No,NA,NA,NA,No,NA,NA,NA,No,NA,NA,NA,No,NA,NA,NA,NA,No,NA,NA,NA,No,NA,0
2025,020606,ANCASH,CARHUAZ,MARCARA,Distrital,Sí,Sí,10,0,10,Sí,2,1,1,No,NA,NA,NA,Sí,24,22,2,0,Sí,1,1,0,No,NA,12
2025,020607,ANCASH,CARHUAZ,PARIAHUANCA,Distrital,No,No,NA,NA,NA,No,NA,NA,NA,No,NA,NA,NA,No,NA,NA,NA,NA,No,NA,NA,NA,No,NA,0
2025,020608,ANCASH,CARHUAZ,SAN MIGUEL DE ACO,Distrital,No,No,NA,NA,NA,No,NA,NA,NA,No,NA,NA,NA,No,NA,NA,NA,NA,No,NA,NA,NA,No,NA,2
2025,020609,ANCASH,CARHUAZ,SHILLA,Distrital,No,No,NA,NA,NA,No,NA,NA,NA,No,NA,NA,NA,No,NA,NA,NA,NA,No,NA,NA,NA,No,NA,0
2025,020610,ANCASH,CARHUAZ,TINCO,Distrital,No,No,NA,NA,NA,No,NA,NA,NA,No,NA,NA,NA,No,NA,NA,NA,NA,No,NA,NA,NA,No,NA,0
2025,020611,ANCASH,CARHUAZ,YUNGAR,Distrital,No,No,NA,NA,NA,No,NA,NA,NA,No,NA,NA,NA,No,NA,NA,NA,NA,No,NA,NA,NA,No,NA,0
2025,020701,ANCASH,CARLOS FERMIN FITZCARRALD,SAN LUIS,Provincial,Sí,Sí,25,3,22,No,NA,NA,NA,Sí,2,2,0,Sí,12,12,0,0,Sí,1,1,0,No,NA,0
2025,020702,ANCASH,CARLOS FERMIN FITZCARRALD,SAN NICOLAS,Distrital,Sí,Sí,4,0,4,No,NA,NA,NA,Sí,1,1,0,No,NA,NA,NA,NA,No,NA,NA,NA,No,NA,1
2025,020703,ANCASH,CARLOS FERMIN FITZCARRALD,YAUYA,Distrital,Sí,Sí,3,0,3,Sí,1,1,0,No,NA,NA,NA,No,NA,NA,NA,NA,No,NA,NA,NA,No,NA,18
2025,020801,ANCASH,CASMA,CASMA,Provincial,Sí,Sí,106,53,53,Sí,4,4,0,Sí,15,15,0,No,NA,NA,NA,NA,No,NA,NA,NA,Sí,5,1225
2025,020802,ANCASH,CASMA,BUENA VISTA ALTA,Distrital,Sí,Sí,7,0,7,Sí,1,1,0,Sí,3,3,0,No,NA,NA,NA,NA,No,NA,NA,NA,No,NA,20
2025,020803,ANCASH,CASMA,COMANDANTE NOEL,Distrital,Sí,Sí,6,0,6,Sí,1,1,0,No,NA,NA,NA,No,NA,NA,NA,NA,No,NA,NA,NA,No,NA,97
2025,020804,ANCASH,CASMA,YAUTAN,Distrital,Sí,Sí,11,1,10,Sí,1,1,0,No,NA,NA,NA,Sí,19,19,0,0,Sí,1,1,0,No,NA,3459
2025,020901,ANCASH,CORONGO,CORONGO,Provincial,Sí,Sí,4,0,4,No,NA,NA,NA,No,NA,NA,NA,No,NA,NA,NA,NA,No,NA,NA,NA,Sí,1,38
2025,020902,ANCASH,CORONGO,ACO,Distrital,Sí,Sí,2,0,2,No,NA,NA,NA,No,NA,NA,NA,No,NA,NA,NA,NA,No,NA,NA,NA,Sí,4,5
2025,020903,ANCASH,CORONGO,BAMBAS,Distrital,Sí,Sí,1,0,1,No,NA,NA,NA,No,NA,NA,NA,No,NA,NA,NA,NA,No,NA,NA,NA,No,NA,0
2025,020904,ANCASH,CORONGO,CUSCA,Distrital,Sí,Sí,3,1,2,No,NA,NA,NA,No,NA,NA,NA,No,NA,NA,NA,NA,No,NA,NA,NA,No,NA,4
2025,020905,ANCASH,CORONGO,LA PAMPA,Distrital,Sí,Sí,2,0,2,No,NA,NA,NA,No,NA,NA,NA,No,NA,NA,NA,NA,No,NA,NA,NA,No,NA,2
2025,020906,ANCASH,CORONGO,YANAC,Distrital,No,No,NA,NA,NA,No,NA,NA,NA,No,NA,NA,NA,No,NA,NA,NA,NA,No,NA,NA,NA,No,NA,0
2025,020907,ANCASH,CORONGO,YUPAN,Distrital,Sí,Sí,2,1,1,No,NA,NA,NA,No,NA,NA,NA,No,NA,NA,NA,NA,No,NA,NA,NA,No,NA,3
2025,021001,ANCASH,HUARI,HUARI,Provincial,Sí,Sí,12,2,10,Sí,2,2,0,No,NA,NA,NA,Sí,9,0,9,0,No,NA,NA,NA,Sí,3,8
2025,021002,ANCASH,HUARI,ANRA,Distrital,Sí,Sí,4,0,4,No,NA,NA,NA,No,NA,NA,NA,No,NA,NA,NA,NA,No,NA,NA,NA,No,NA,12
2025,021003,ANCASH,HUARI,CAJAY,Distrital,Sí,Sí,6,0,6,Sí,1,1,0,No,NA,NA,NA,Sí,2,2,0,0,Sí,1,1,0,No,NA,0
2025,021004,ANCASH,HUARI,CHAVIN DE HUANTAR,Distrital,Sí,Sí,20,8,12,Sí,1,1,0,Sí,7,7,0,No,NA,NA,NA,NA,No,NA,NA,NA,No,NA,25
2025,021005,ANCASH,HUARI,HUACACHI,Distrital,Sí,Sí,6,0,6,No,NA,NA,NA,No,NA,NA,NA,No,NA,NA,NA,NA,No,NA,NA,NA,No,NA,3
2025,021006,ANCASH,HUARI,HUACCHIS,Distrital,Sí,Sí,8,3,5,No,NA,NA,NA,No,NA,NA,NA,Sí,10,6,4,0,Sí,1,1,0,No,NA,19
2025,021007,ANCASH,HUARI,HUACHIS,Distrital,Sí,Sí,10,0,10,Sí,2,1,1,Sí,4,2,2,No,NA,NA,NA,NA,No,NA,NA,NA,No,NA,3
2025,021008,ANCASH,HUARI,HUANTAR,Distrital,Sí,Sí,5,2,3,Sí,1,1,0,Sí,4,4,0,No,NA,NA,NA,NA,No,NA,NA,NA,No,NA,0
2025,021009,ANCASH,HUARI,MASIN,Distrital,Sí,Sí,11,5,6,Sí,1,1,0,No,NA,NA,NA,Sí,4,4,0,0,Sí,1,1,0,No,NA,18
2025,021010,ANCASH,HUARI,PAUCAS,Distrital,Sí,Sí,4,0,4,Sí,1,1,0,No,NA,NA,NA,Sí,10,5,5,0,Sí,2,1,1,No,NA,3
2025,021011,ANCASH,HUARI,PONTO,Distrital,Sí,Sí,10,3,7,Sí,1,1,0,Sí,5,5,0,No,NA,NA,NA,NA,No,NA,NA,NA,No,NA,2
2025,021012,ANCASH,HUARI,RAHUAPAMPA,Distrital,Sí,No,NA,NA,NA,No,NA,NA,NA,No,NA,NA,NA,Sí,8,3,5,0,Sí,1,1,0,No,NA,6
2025,021013,ANCASH,HUARI,RAPAYAN,Distrital,No,No,NA,NA,NA,Sí,1,1,0,Sí,4,4,0,Sí,8,6,2,2,Sí,1,1,0,Sí,12,10
2025,021014,ANCASH,HUARI,SAN MARCOS,Distrital,Sí,Sí,43,12,31,Sí,2,1,1,Sí,24,24,0,Sí,20,19,1,0,Sí,1,1,0,No,NA,800
2025,021015,ANCASH,HUARI,SAN PEDRO DE CHANA,Distrital,Sí,Sí,4,0,4,Sí,2,1,1,Sí,16,8,8,Sí,8,5,3,2,Sí,2,1,1,No,NA,4
2025,021016,ANCASH,HUARI,UCO,Distrital,Sí,Sí,6,4,2,Sí,1,0,1,Sí,6,6,0,Sí,14,10,4,0,Sí,1,1,0,No,NA,2
2025,021101,ANCASH,HUARMEY,HUARMEY,Provincial,Sí,Sí,27,2,25,Sí,5,3,2,Sí,15,15,0,Sí,12,4,8,0,Sí,1,1,0,No,NA,214
2025,021102,ANCASH,HUARMEY,COCHAPETI,Distrital,No,No,NA,NA,NA,No,NA,NA,NA,No,NA,NA,NA,No,NA,NA,NA,NA,No,NA,NA,NA,No,NA,0
2025,021103,ANCASH,HUARMEY,CULEBRAS,Distrital,Sí,Sí,3,0,3,Sí,1,1,0,No,NA,NA,NA,No,NA,NA,NA,NA,No,NA,NA,NA,Sí,2,8
2025,021104,ANCASH,HUARMEY,HUAYAN,Distrital,No,No,NA,NA,NA,No,NA,NA,NA,No,NA,NA,NA,No,NA,NA,NA,NA,No,NA,NA,NA,No,NA,0
2025,021105,ANCASH,HUARMEY,MALVAS,Distrital,Sí,Sí,2,0,2,No,NA,NA,NA,No,NA,NA,NA,No,NA,NA,NA,NA,No,NA,NA,NA,No,NA,0
2025,021201,ANCASH,HUAYLAS,CARAZ,Provincial,Sí,Sí,30,2,28,Sí,2,2,0,Sí,10,10,0,Sí,52,52,0,0,Sí,1,1,0,Sí,6,2765
2025,021202,ANCASH,HUAYLAS,HUALLANCA,Distrital,Sí,Sí,2,1,1,No,NA,NA,NA,No,NA,NA,NA,No,NA,NA,NA,NA,No,NA,NA,NA,No,NA,0
2025,021203,ANCASH,HUAYLAS,HUATA,Distrital,Sí,Sí,2,0,2,Sí,1,1,0,Sí,1,1,0,No,NA,NA,NA,NA,No,NA,NA,NA,No,NA,4
2025,021204,ANCASH,HUAYLAS,HUAYLAS,Distrital,Sí,Sí,1,0,1,No,NA,NA,NA,No,NA,NA,NA,Sí,8,7,1,2,No,NA,NA,NA,No,NA,2
2025,021205,ANCASH,HUAYLAS,MATO,Distrital,No,Sí,2,0,2,No,NA,NA,NA,No,NA,NA,NA,No,NA,NA,NA,NA,No,NA,NA,NA,No,NA,8
2025,021206,ANCASH,HUAYLAS,PAMPAROMAS,Distrital,Sí,Sí,6,2,4,Sí,1,1,0,Sí,4,4,0,Sí,5,5,0,4,Sí,1,1,0,Sí,20,19
2025,021207,ANCASH,HUAYLAS,PUEBLO LIBRE,Distrital,Sí,Sí,6,1,5,No,NA,NA,NA,Sí,6,0,6,No,NA,NA,NA,NA,No,NA,NA,NA,No,NA,19
2025,021208,ANCASH,HUAYLAS,SANTA CRUZ,Distrital,Sí,Sí,4,0,4,No,NA,NA,NA,No,NA,NA,NA,No,NA,NA,NA,NA,No,NA,NA,NA,No,NA,9
2025,021209,ANCASH,HUAYLAS,SANTO TORIBIO,Distrital,No,No,NA,NA,NA,No,NA,NA,NA,No,NA,NA,NA,No,NA,NA,NA,NA,No,NA,NA,NA,No,NA,0
2025,021210,ANCASH,HUAYLAS,YURACMARCA,Distrital,Sí,Sí,12,5,7,No,NA,NA,NA,No,NA,NA,NA,Sí,17,17,0,0,Sí,1,1,0,No,NA,5
2025,021301,ANCASH,MARISCAL LUZURIAGA,PISCOBAMBA,Provincial,Sí,Sí,12,0,12,No,NA,NA,NA,No,NA,NA,NA,No,NA,NA,NA,NA,No,NA,NA,NA,No,NA,9
2025,021302,ANCASH,MARISCAL LUZURIAGA,CASCA,Distrital,Sí,Sí,8,0,8,No,NA,NA,NA,No,NA,NA,NA,No,NA,NA,NA,NA,No,NA,NA,NA,Sí,2,8
2025,021303,ANCASH,MARISCAL LUZURIAGA,ELEAZAR GUZMAN BARRON,Distrital,No,No,NA,NA,NA,No,NA,NA,NA,No,NA,NA,NA,No,NA,NA,NA,NA,No,NA,NA,NA,No,NA,0
2025,021304,ANCASH,MARISCAL LUZURIAGA,FIDEL OLIVAS ESCUDERO,Distrital,Sí,Sí,2,0,2,No,NA,NA,NA,No,NA,NA,NA,No,NA,NA,NA,NA,No,NA,NA,NA,No,NA,8
2025,021305,ANCASH,MARISCAL LUZURIAGA,LLAMA,Distrital,Sí,Sí,1,0,1,No,NA,NA,NA,Sí,1,1,0,No,NA,NA,NA,NA,No,NA,NA,NA,No,NA,4
2025,021306,ANCASH,MARISCAL LUZURIAGA,LLUMPA,Distrital,Sí,Sí,4,0,4,No,NA,NA,NA,No,NA,NA,NA,No,NA,NA,NA,NA,No,NA,NA,NA,No,NA,0
2025,021307,ANCASH,MARISCAL LUZURIAGA,LUCMA,Distrital,Sí,Sí,3,1,2,No,NA,NA,NA,No,NA,NA,NA,No,NA,NA,NA,NA,No,NA,NA,NA,No,NA,0
2025,021308,ANCASH,MARISCAL LUZURIAGA,MUSGA,Distrital,Sí,Sí,1,0,1,No,NA,NA,NA,No,NA,NA,NA,No,NA,NA,NA,NA,No,NA,NA,NA,No,NA,1
2025,021401,ANCASH,OCROS,OCROS,Provincial,No,No,NA,NA,NA,No,NA,NA,NA,No,NA,NA,NA,No,NA,NA,NA,NA,No,NA,NA,NA,No,NA,0
2025,021402,ANCASH,OCROS,ACAS,Distrital,No,No,NA,NA,NA,Sí,1,1,0,No,NA,NA,NA,Sí,7,7,0,0,No,NA,NA,NA,No,NA,0
2025,021403,ANCASH,OCROS,CAJAMARQUILLA,Distrital,No,No,NA,NA,NA,No,NA,NA,NA,No,NA,NA,NA,No,NA,NA,NA,NA,No,NA,NA,NA,No,NA,0
2025,021404,ANCASH,OCROS,CARHUAPAMPA,Distrital,No,No,NA,NA,NA,No,NA,NA,NA,No,NA,NA,NA,No,NA,NA,NA,NA,No,NA,NA,NA,No,NA,0
2025,021405,ANCASH,OCROS,COCHAS,Distrital,No,No,NA,NA,NA,No,NA,NA,NA,No,NA,NA,NA,No,NA,NA,NA,NA,No,NA,NA,NA,No,NA,0
2025,021406,ANCASH,OCROS,CONGAS,Distrital,No,No,NA,NA,NA,No,NA,NA,NA,No,NA,NA,NA,No,NA,NA,NA,NA,No,NA,NA,NA,No,NA,0
2025,021407,ANCASH,OCROS,LLIPA,Distrital,No,No,NA,NA,NA,No,NA,NA,NA,No,NA,NA,NA,No,NA,NA,NA,NA,No,NA,NA,NA,No,NA,0
2025,021408,ANCASH,OCROS,SAN CRISTOBAL DE RAJAN,Distrital,Sí,Sí,1,0,1,No,NA,NA,NA,No,NA,NA,NA,Sí,6,5,1,0,No,NA,NA,NA,No,NA,2
2025,021409,ANCASH,OCROS,SAN PEDRO,Distrital,No,No,NA,NA,NA,No,NA,NA,NA,No,NA,NA,NA,No,NA,NA,NA,NA,No,NA,NA,NA,No,NA,0
2025,021410,ANCASH,OCROS,SANTIAGO DE CHILCAS,Distrital,No,No,NA,NA,NA,No,NA,NA,NA,No,NA,NA,NA,Sí,3,3,0,0,No,NA,NA,NA,No,NA,0
2025,021501,ANCASH,PALLASCA,CABANA,Provincial,Sí,Sí,5,3,2,Sí,1,1,0,Sí,8,8,0,Sí,7,7,0,0,No,NA,NA,NA,No,NA,11
2025,021502,ANCASH,PALLASCA,BOLOGNESI,Distrital,Sí,Sí,2,0,2,No,NA,NA,NA,No,NA,NA,NA,No,NA,NA,NA,NA,No,NA,NA,NA,Sí,5,4
2025,021503,ANCASH,PALLASCA,CONCHUCOS,Distrital,Sí,Sí,25,4,21,Sí,1,1,0,Sí,12,9,3,No,NA,NA,NA,NA,No,NA,NA,NA,No,NA,22
2025,021504,ANCASH,PALLASCA,HUACASCHUQUE,Distrital,Sí,Sí,2,0,2,Sí,1,1,0,No,NA,NA,NA,Sí,4,4,0,0,Sí,1,1,0,No,NA,0
2025,021505,ANCASH,PALLASCA,HUANDOVAL,Distrital,Sí,Sí,5,1,4,No,NA,NA,NA,Sí,5,5,0,No,NA,NA,NA,NA,No,NA,NA,NA,No,NA,7
2025,021506,ANCASH,PALLASCA,LACABAMBA,Distrital,No,No,NA,NA,NA,No,NA,NA,NA,No,NA,NA,NA,Sí,8,8,0,0,Sí,1,1,0,No,NA,0
2025,021507,ANCASH,PALLASCA,LLAPO,Distrital,Sí,Sí,2,0,2,Sí,1,0,1,No,NA,NA,NA,No,NA,NA,NA,NA,No,NA,NA,NA,Sí,6,5
2025,021508,ANCASH,PALLASCA,PALLASCA,Distrital,Sí,No,NA,NA,NA,No,NA,NA,NA,No,NA,NA,NA,No,NA,NA,NA,NA,No,NA,NA,NA,No,NA,0
2025,021509,ANCASH,PALLASCA,PAMPAS,Distrital,Sí,Sí,10,1,9,No,NA,NA,NA,Sí,8,8,0,No,NA,NA,NA,NA,No,NA,NA,NA,Sí,12,9
2025,021510,ANCASH,PALLASCA,SANTA ROSA,Distrital,Sí,No,NA,NA,NA,Sí,1,0,1,Sí,4,4,0,No,NA,NA,NA,NA,No,NA,NA,NA,No,NA,2
2025,021511,ANCASH,PALLASCA,TAUCA,Distrital,Sí,Sí,6,0,6,Sí,1,1,0,No,NA,NA,NA,Sí,1,1,0,0,No,NA,NA,NA,No,NA,1
2025,021601,ANCASH,POMABAMBA,POMABAMBA,Provincial,Sí,Sí,42,15,27,No,NA,NA,NA,No,NA,NA,NA,Sí,6,6,0,4,Sí,1,1,0,Sí,15,14
2025,021602,ANCASH,POMABAMBA,HUAYLLAN,Distrital,Sí,Sí,2,0,2,No,NA,NA,NA,No,NA,NA,NA,Sí,3,3,0,0,No,NA,NA,NA,No,NA,0
2025,021603,ANCASH,POMABAMBA,PAROBAMBA,Distrital,Sí,Sí,6,0,6,No,NA,NA,NA,No,NA,NA,NA,No,NA,NA,NA,NA,No,NA,NA,NA,No,NA,0
2025,021604,ANCASH,POMABAMBA,QUINUABAMBA,Distrital,Sí,Sí,1,0,1,No,NA,NA,NA,No,NA,NA,NA,No,NA,NA,NA,NA,No,NA,NA,NA,No,NA,3
2025,021701,ANCASH,RECUAY,RECUAY,Provincial,Sí,Sí,10,3,7,Sí,1,1,0,Sí,12,12,0,Sí,14,14,0,0,Sí,1,1,0,No,NA,8
2025,021702,ANCASH,RECUAY,CATAC,Distrital,Sí,Sí,8,4,4,Sí,1,1,0,No,NA,NA,NA,Sí,5,5,0,0,No,NA,NA,NA,No,NA,45
2025,021703,ANCASH,RECUAY,COTAPARACO,Distrital,Sí,No,NA,NA,NA,No,NA,NA,NA,No,NA,NA,NA,No,NA,NA,NA,NA,No,NA,NA,NA,No,NA,0
2025,021704,ANCASH,RECUAY,HUAYLLAPAMPA,Distrital,No,No,NA,NA,NA,No,NA,NA,NA,No,NA,NA,NA,No,NA,NA,NA,NA,No,NA,NA,NA,No,NA,1
2025,021705,ANCASH,RECUAY,LLACLLIN,Distrital,Sí,Sí,2,0,2,Sí,1,1,0,No,NA,NA,NA,Sí,27,25,2,0,Sí,1,1,0,No,NA,3
2025,021706,ANCASH,RECUAY,MARCA,Distrital,Sí,No,NA,NA,NA,Sí,1,1,0,Sí,1,1,0,No,NA,NA,NA,NA,No,NA,NA,NA,No,NA,1
2025,021707,ANCASH,RECUAY,PAMPAS CHICO,Distrital,Sí,Sí,2,1,1,Sí,1,1,0,No,NA,NA,NA,No,NA,NA,NA,NA,No,NA,NA,NA,No,NA,0
2025,021708,ANCASH,RECUAY,PARARIN,Distrital,Sí,No,NA,NA,NA,Sí,1,1,0,No,NA,NA,NA,No,NA,NA,NA,NA,No,NA,NA,NA,No,NA,1
2025,021709,ANCASH,RECUAY,TAPACOCHA,Distrital,Sí,Sí,1,0,1,No,NA,NA,NA,No,NA,NA,NA,No,NA,NA,NA,NA,No,NA,NA,NA,No,NA,14
2025,021710,ANCASH,RECUAY,TICAPAMPA,Distrital,Sí,Sí,4,1,3,No,NA,NA,NA,No,NA,NA,NA,Sí,1,1,0,0,Sí,1,1,0,No,NA,26
2025,021801,ANCASH,SANTA,CHIMBOTE,Provincial,Sí,Sí,171,1,170,Sí,15,15,0,Sí,21,21,0,Sí,78,64,14,0,Sí,1,1,0,Sí,25,610
2025,021802,ANCASH,SANTA,CACERES DEL PERU,Distrital,Sí,Sí,6,0,6,Sí,2,2,0,No,NA,NA,NA,Sí,7,7,0,0,No,NA,NA,NA,No,NA,18
2025,021803,ANCASH,SANTA,COISHCO,Distrital,Sí,Sí,26,3,23,Sí,2,2,0,Sí,11,11,0,Sí,40,40,0,0,Sí,1,1,0,Sí,5,73
2025,021804,ANCASH,SANTA,MACATE,Distrital,No,No,NA,NA,NA,No,NA,NA,NA,No,NA,NA,NA,No,NA,NA,NA,NA,No,NA,NA,NA,No,NA,0
2025,021805,ANCASH,SANTA,MORO,Distrital,Sí,Sí,34,0,34,Sí,2,2,0,Sí,12,11,1,Sí,40,39,1,0,Sí,1,1,0,Sí,12,11
2025,021806,ANCASH,SANTA,NEPEÑA,Distrital,Sí,Sí,44,9,35,Sí,3,2,1,Sí,9,9,0,Sí,4,0,4,0,Sí,1,0,1,Sí,12,54
2025,021807,ANCASH,SANTA,SAMANCO,Distrital,Sí,Sí,12,2,10,Sí,2,1,1,No,NA,NA,NA,No,NA,NA,NA,NA,No,NA,NA,NA,No,NA,8
2025,021808,ANCASH,SANTA,SANTA,Distrital,Sí,Sí,44,6,38,Sí,2,0,2,Sí,11,11,0,No,NA,NA,NA,NA,No,NA,NA,NA,No,NA,415
2025,021809,ANCASH,SANTA,NUEVO CHIMBOTE,Distrital,Sí,Sí,146,15,131,Sí,28,17,11,Sí,30,30,0,Sí,80,75,5,0,Sí,1,1,0,Sí,40,7893
2025,021901,ANCASH,SIHUAS,SIHUAS,Provincial,Sí,Sí,10,3,7,Sí,13,1,12,No,NA,NA,NA,No,NA,NA,NA,NA,No,NA,NA,NA,No,NA,11
2025,021902,ANCASH,SIHUAS,ACOBAMBA,Distrital,No,No,NA,NA,NA,No,NA,NA,NA,No,NA,NA,NA,No,NA,NA,NA,NA,No,NA,NA,NA,No,NA,0
2025,021903,ANCASH,SIHUAS,ALFONSO UGARTE,Distrital,No,No,NA,NA,NA,No,NA,NA,NA,No,NA,NA,NA,No,NA,NA,NA,NA,No,NA,NA,NA,No,NA,0
2025,021904,ANCASH,SIHUAS,CASHAPAMPA,Distrital,No,No,NA,NA,NA,No,NA,NA,NA,No,NA,NA,NA,No,NA,NA,NA,NA,No,NA,NA,NA,No,NA,0
2025,021905,ANCASH,SIHUAS,CHINGALPO,Distrital,No,No,NA,NA,NA,No,NA,NA,NA,Sí,1,1,0,No,NA,NA,NA,NA,No,NA,NA,NA,No,NA,0
2025,021906,ANCASH,SIHUAS,HUAYLLABAMBA,Distrital,No,No,NA,NA,NA,No,NA,NA,NA,No,NA,NA,NA,No,NA,NA,NA,NA,No,NA,NA,NA,No,NA,0
2025,021907,ANCASH,SIHUAS,QUICHES,Distrital,No,No,NA,NA,NA,No,NA,NA,NA,No,NA,NA,NA,No,NA,NA,NA,NA,No,NA,NA,NA,No,NA,0
2025,021908,ANCASH,SIHUAS,RAGASH,Distrital,No,No,NA,NA,NA,No,NA,NA,NA,No,NA,NA,NA,No,NA,NA,NA,NA,No,NA,NA,NA,No,NA,0
2025,021909,ANCASH,SIHUAS,SAN JUAN,Distrital,No,No,NA,NA,NA,No,NA,NA,NA,No,NA,NA,NA,No,NA,NA,NA,NA,No,NA,NA,NA,No,NA,0
2025,021910,ANCASH,SIHUAS,SICSIBAMBA,Distrital,No,No,NA,NA,NA,No,NA,NA,NA,No,NA,NA,NA,No,NA,NA,NA,NA,No,NA,NA,NA,No,NA,0
2025,022001,ANCASH,YUNGAY,YUNGAY,Provincial,Sí,Sí,28,6,22,Sí,4,2,2,Sí,15,9,6,Sí,28,22,6,0,Sí,1,1,0,No,NA,490
2025,022002,ANCASH,YUNGAY,CASCAPARA,Distrital,No,No,NA,NA,NA,No,NA,NA,NA,No,NA,NA,NA,No,NA,NA,NA,NA,No,NA,NA,NA,No,NA,0
2025,022003,ANCASH,YUNGAY,MANCOS,Distrital,Sí,Sí,4,0,4,Sí,2,1,1,No,NA,NA,NA,No,NA,NA,NA,NA,No,NA,NA,NA,No,NA,57
2025,022004,ANCASH,YUNGAY,MATACOTO,Distrital,Sí,Sí,6,2,4,No,NA,NA,NA,No,NA,NA,NA,Sí,4,4,0,0,Sí,1,1,0,No,NA,36
2025,022005,ANCASH,YUNGAY,QUILLO,Distrital,Sí,Sí,13,1,12,Sí,1,1,0,Sí,8,8,0,No,NA,NA,NA,NA,No,NA,NA,NA,No,NA,27
2025,022006,ANCASH,YUNGAY,RANRAHIRCA,Distrital,No,No,NA,NA,NA,No,NA,NA,NA,No,NA,NA,NA,Sí,1,1,0,1,Sí,1,1,0,No,NA,0
2025,022007,ANCASH,YUNGAY,SHUPLUY,Distrital,Sí,Sí,1,0,1,No,NA,NA,NA,Sí,1,1,0,No,NA,NA,NA,NA,No,NA,NA,NA,No,NA,0
2025,022008,ANCASH,YUNGAY,YANAMA,Distrital,Sí,Sí,4,0,4,Sí,1,1,0,No,NA,NA,NA,Sí,9,9,0,9,No,NA,NA,NA,Sí,2,24
2025,030101,APURIMAC,ABANCAY,ABANCAY,Provincial,Sí,Sí,68,18,50,Sí,2,2,0,Sí,10,10,0,Sí,6,6,0,0,Sí,1,1,0,Sí,20,776
2025,030102,APURIMAC,ABANCAY,CHACOCHE,Distrital,No,No,NA,NA,NA,No,NA,NA,NA,No,NA,NA,NA,No,NA,NA,NA,NA,No,NA,NA,NA,No,NA,7
2025,030103,APURIMAC,ABANCAY,CIRCA,Distrital,No,No,NA,NA,NA,No,NA,NA,NA,No,NA,NA,NA,No,NA,NA,NA,NA,No,NA,NA,NA,No,NA,0
2025,030104,APURIMAC,ABANCAY,CURAHUASI,Distrital,Sí,Sí,3,0,3,Sí,1,1,0,Sí,6,6,0,Sí,11,11,0,0,Sí,1,1,0,No,NA,51
2025,030105,APURIMAC,ABANCAY,HUANIPACA,Distrital,No,No,NA,NA,NA,No,NA,NA,NA,Sí,1,1,0,No,NA,NA,NA,NA,No,NA,NA,NA,No,NA,0
2025,030106,APURIMAC,ABANCAY,LAMBRAMA,Distrital,No,No,NA,NA,NA,No,NA,NA,NA,No,NA,NA,NA,No,NA,NA,NA,NA,No,NA,NA,NA,No,NA,0
2025,030107,APURIMAC,ABANCAY,PICHIRHUA,Distrital,No,No,NA,NA,NA,No,NA,NA,NA,No,NA,NA,NA,Sí,2,0,2,0,No,NA,NA,NA,No,NA,0
2025,030108,APURIMAC,ABANCAY,SAN PEDRO DE CACHORA,Distrital,No,No,NA,NA,NA,No,NA,NA,NA,No,NA,NA,NA,No,NA,NA,NA,NA,No,NA,NA,NA,No,NA,0
2025,030109,APURIMAC,ABANCAY,TAMBURCO,Distrital,Sí,Sí,17,1,16,Sí,2,2,0,No,NA,NA,NA,Sí,21,21,0,0,Sí,1,1,0,No,NA,95
2025,030201,APURIMAC,ANDAHUAYLAS,ANDAHUAYLAS,Provincial,Sí,Sí,41,6,35,Sí,5,4,1,Sí,8,0,8,Sí,14,12,2,0,Sí,1,1,0,Sí,20,6384
2025,030202,APURIMAC,ANDAHUAYLAS,ANDARAPA,Distrital,Sí,Sí,5,2,3,No,NA,NA,NA,No,NA,NA,NA,No,NA,NA,NA,NA,No,NA,NA,NA,No,NA,1
2025,030203,APURIMAC,ANDAHUAYLAS,CHIARA,Distrital,Sí,Sí,1,0,1,Sí,2,2,0,No,NA,NA,NA,No,NA,NA,NA,NA,No,NA,NA,NA,No,NA,28
2025,030204,APURIMAC,ANDAHUAYLAS,HUANCARAMA,Distrital,Sí,Sí,2,0,2,Sí,1,0,1,No,NA,NA,NA,Sí,13,7,6,0,Sí,1,1,0,No,NA,1
2025,030205,APURIMAC,ANDAHUAYLAS,HUANCARAY,Distrital,No,No,NA,NA,NA,No,NA,NA,NA,No,NA,NA,NA,No,NA,NA,NA,NA,No,NA,NA,NA,No,NA,0
2025,030206,APURIMAC,ANDAHUAYLAS,HUAYANA,Distrital,No,No,NA,NA,NA,No,NA,NA,NA,No,NA,NA,NA,No,NA,NA,NA,NA,No,NA,NA,NA,No,NA,0
2025,030207,APURIMAC,ANDAHUAYLAS,KISHUARA,Distrital,No,No,NA,NA,NA,No,NA,NA,NA,No,NA,NA,NA,No,NA,NA,NA,NA,No,NA,NA,NA,No,NA,0
2025,030208,APURIMAC,ANDAHUAYLAS,PACOBAMBA,Distrital,No,No,NA,NA,NA,No,NA,NA,NA,No,NA,NA,NA,No,NA,NA,NA,NA,No,NA,NA,NA,No,NA,0
2025,030209,APURIMAC,ANDAHUAYLAS,PACUCHA,Distrital,Sí,Sí,6,1,5,Sí,1,1,0,No,NA,NA,NA,No,NA,NA,NA,NA,No,NA,NA,NA,No,NA,40
2025,030210,APURIMAC,ANDAHUAYLAS,PAMPACHIRI,Distrital,No,No,NA,NA,NA,No,NA,NA,NA,No,NA,NA,NA,No,NA,NA,NA,NA,No,NA,NA,NA,No,NA,0
2025,030211,APURIMAC,ANDAHUAYLAS,POMACOCHA,Distrital,No,No,NA,NA,NA,Sí,1,1,0,No,NA,NA,NA,No,NA,NA,NA,NA,No,NA,NA,NA,No,NA,4
2025,030212,APURIMAC,ANDAHUAYLAS,SAN ANTONIO DE CACHI,Distrital,No,No,NA,NA,NA,Sí,2,2,0,No,NA,NA,NA,No,NA,NA,NA,NA,No,NA,NA,NA,No,NA,0
2025,030213,APURIMAC,ANDAHUAYLAS,SAN JERONIMO,Distrital,Sí,Sí,14,0,14,Sí,1,1,0,Sí,3,3,0,Sí,44,44,0,0,Sí,1,1,0,Sí,3,207
2025,030214,APURIMAC,ANDAHUAYLAS,SAN MIGUEL DE CHACCRAMPA,Distrital,No,No,NA,NA,NA,No,NA,NA,NA,No,NA,NA,NA,No,NA,NA,NA,NA,No,NA,NA,NA,No,NA,0
2025,030215,APURIMAC,ANDAHUAYLAS,SANTA MARIA DE CHICMO,Distrital,Sí,Sí,1,0,1,No,NA,NA,NA,No,NA,NA,NA,Sí,14,12,2,0,Sí,14,12,2,No,NA,9
2025,030216,APURIMAC,ANDAHUAYLAS,TALAVERA,Distrital,Sí,Sí,15,1,14,Sí,2,2,0,Sí,6,0,6,Sí,31,31,0,16,Sí,1,1,0,No,NA,830
2025,030217,APURIMAC,ANDAHUAYLAS,TUMAY HUARACA,Distrital,Sí,No,NA,NA,NA,Sí,1,1,0,No,NA,NA,NA,No,NA,NA,NA,NA,No,NA,NA,NA,No,NA,16
2025,030218,APURIMAC,ANDAHUAYLAS,TURPO,Distrital,No,No,NA,NA,NA,No,NA,NA,NA,No,NA,NA,NA,No,NA,NA,NA,NA,No,NA,NA,NA,No,NA,0
2025,030219,APURIMAC,ANDAHUAYLAS,KAQUIABAMBA,Distrital,No,No,NA,NA,NA,No,NA,NA,NA,No,NA,NA,NA,No,NA,NA,NA,NA,No,NA,NA,NA,No,NA,0
2025,030220,APURIMAC,ANDAHUAYLAS,JOSÉ MARÍA ARGUEDAS,Distrital,No,No,NA,NA,NA,No,NA,NA,NA,No,NA,NA,NA,No,NA,NA,NA,NA,No,NA,NA,NA,Sí,3,0
2025,030301,APURIMAC,ANTABAMBA,ANTABAMBA,Provincial,Sí,Sí,1,0,1,No,NA,NA,NA,No,NA,NA,NA,No,NA,NA,NA,NA,No,NA,NA,NA,No,NA,12
2025,030302,APURIMAC,ANTABAMBA,EL ORO,Distrital,No,No,NA,NA,NA,Sí,1,1,0,No,NA,NA,NA,No,NA,NA,NA,NA,No,NA,NA,NA,No,NA,0
2025,030303,APURIMAC,ANTABAMBA,HUAQUIRCA,Distrital,No,No,NA,NA,NA,No,NA,NA,NA,No,NA,NA,NA,No,NA,NA,NA,NA,No,NA,NA,NA,No,NA,0
2025,030304,APURIMAC,ANTABAMBA,JUAN ESPINOZA MEDRANO,Distrital,Sí,Sí,10,0,10,No,NA,NA,NA,No,NA,NA,NA,No,NA,NA,NA,NA,No,NA,NA,NA,No,NA,6
2025,030305,APURIMAC,ANTABAMBA,OROPESA,Distrital,No,No,NA,NA,NA,No,NA,NA,NA,Sí,1,1,0,No,NA,NA,NA,NA,No,NA,NA,NA,Sí,30,31
2025,030306,APURIMAC,ANTABAMBA,PACHACONAS,Distrital,No,No,NA,NA,NA,No,NA,NA,NA,No,NA,NA,NA,No,NA,NA,NA,NA,No,NA,NA,NA,No,NA,0
2025,030307,APURIMAC,ANTABAMBA,SABAINO,Distrital,No,No,NA,NA,NA,No,NA,NA,NA,No,NA,NA,NA,No,NA,NA,NA,NA,No,NA,NA,NA,No,NA,0
2025,030401,APURIMAC,AYMARAES,CHALHUANCA,Provincial,Sí,Sí,10,3,7,No,NA,NA,NA,No,NA,NA,NA,No,NA,NA,NA,NA,No,NA,NA,NA,No,NA,87
2025,030402,APURIMAC,AYMARAES,CAPAYA,Distrital,No,No,NA,NA,NA,No,NA,NA,NA,No,NA,NA,NA,No,NA,NA,NA,NA,No,NA,NA,NA,No,NA,9
2025,030403,APURIMAC,AYMARAES,CARAYBAMBA,Distrital,No,No,NA,NA,NA,No,NA,NA,NA,No,NA,NA,NA,No,NA,NA,NA,NA,No,NA,NA,NA,No,NA,4
2025,030404,APURIMAC,AYMARAES,CHAPIMARCA,Distrital,No,No,NA,NA,NA,No,NA,NA,NA,No,NA,NA,NA,No,NA,NA,NA,NA,No,NA,NA,NA,No,NA,0
2025,030405,APURIMAC,AYMARAES,COLCABAMBA,Distrital,No,No,NA,NA,NA,No,NA,NA,NA,No,NA,NA,NA,No,NA,NA,NA,NA,No,NA,NA,NA,No,NA,0
2025,030406,APURIMAC,AYMARAES,COTARUSE,Distrital,No,No,NA,NA,NA,No,NA,NA,NA,No,NA,NA,NA,No,NA,NA,NA,NA,No,NA,NA,NA,No,NA,0
2025,030407,APURIMAC,AYMARAES,IHUAYLLO,Distrital,Sí,Sí,1,0,1,No,NA,NA,NA,No,NA,NA,NA,No,NA,NA,NA,NA,No,NA,NA,NA,No,NA,2
2025,030408,APURIMAC,AYMARAES,JUSTO APU SAHUARAURA,Distrital,No,No,NA,NA,NA,No,NA,NA,NA,No,NA,NA,NA,No,NA,NA,NA,NA,No,NA,NA,NA,No,NA,0
2025,030409,APURIMAC,AYMARAES,LUCRE,Distrital,No,No,NA,NA,NA,No,NA,NA,NA,No,NA,NA,NA,No,NA,NA,NA,NA,No,NA,NA,NA,No,NA,0
2025,030410,APURIMAC,AYMARAES,POCOHUANCA,Distrital,No,Sí,1,0,1,Sí,1,1,0,No,NA,NA,NA,No,NA,NA,NA,NA,No,NA,NA,NA,No,NA,9
2025,030411,APURIMAC,AYMARAES,SAN JUAN DE CHACÑA,Distrital,No,No,NA,NA,NA,No,NA,NA,NA,No,NA,NA,NA,No,NA,NA,NA,NA,No,NA,NA,NA,No,NA,0
2025,030412,APURIMAC,AYMARAES,SAÑAYCA,Distrital,No,No,NA,NA,NA,No,NA,NA,NA,Sí,1,1,0,No,NA,NA,NA,NA,No,NA,NA,NA,No,NA,0
2025,030413,APURIMAC,AYMARAES,SORAYA,Distrital,No,No,NA,NA,NA,No,NA,NA,NA,No,NA,NA,NA,No,NA,NA,NA,NA,No,NA,NA,NA,No,NA,0
2025,030414,APURIMAC,AYMARAES,TAPAIRIHUA,Distrital,No,No,NA,NA,NA,No,NA,NA,NA,No,NA,NA,NA,No,NA,NA,NA,NA,No,NA,NA,NA,No,NA,43
2025,030415,APURIMAC,AYMARAES,TINTAY,Distrital,No,No,NA,NA,NA,No,NA,NA,NA,No,NA,NA,NA,No,NA,NA,NA,NA,No,NA,NA,NA,No,NA,0
2025,030416,APURIMAC,AYMARAES,TORAYA,Distrital,No,No,NA,NA,NA,No,NA,NA,NA,No,NA,NA,NA,No,NA,NA,NA,NA,No,NA,NA,NA,No,NA,0
2025,030417,APURIMAC,AYMARAES,YANACA,Distrital,No,No,NA,NA,NA,No,NA,NA,NA,No,NA,NA,NA,No,NA,NA,NA,NA,No,NA,NA,NA,No,NA,0
2025,030501,APURIMAC,COTABAMBAS,TAMBOBAMBA,Provincial,Sí,Sí,16,4,12,Sí,2,1,1,Sí,25,22,3,Sí,22,18,4,0,Sí,1,1,0,No,NA,42
2025,030502,APURIMAC,COTABAMBAS,COTABAMBAS,Distrital,Sí,Sí,9,3,6,Sí,2,1,1,No,NA,NA,NA,No,NA,NA,NA,NA,No,NA,NA,NA,No,NA,18
2025,030503,APURIMAC,COTABAMBAS,COYLLURQUI,Distrital,Sí,Sí,10,1,9,Sí,1,1,0,No,NA,NA,NA,Sí,4,4,0,4,Sí,1,1,0,No,NA,97
2025,030504,APURIMAC,COTABAMBAS,HAQUIRA,Distrital,Sí,Sí,16,1,15,Sí,1,1,0,Sí,1,1,0,No,NA,NA,NA,NA,No,NA,NA,NA,Sí,1,28
2025,030505,APURIMAC,COTABAMBAS,MARA,Distrital,Sí,Sí,6,3,3,Sí,1,1,0,No,NA,NA,NA,No,NA,NA,NA,NA,No,NA,NA,NA,No,NA,33
2025,030506,APURIMAC,COTABAMBAS,CHALLHUAHUACHO,Distrital,Sí,Sí,18,4,14,Sí,2,2,0,Sí,11,0,11,Sí,25,18,7,0,Sí,1,1,0,No,NA,38
2025,030601,APURIMAC,CHINCHEROS,CHINCHEROS,Provincial,Sí,Sí,8,1,7,Sí,1,1,0,No,NA,NA,NA,Sí,12,11,1,11,Sí,1,1,0,No,NA,78
2025,030602,APURIMAC,CHINCHEROS,ANCO-HUALLO,Distrital,Sí,Sí,10,1,9,Sí,1,1,0,Sí,3,3,0,Sí,4,2,2,0,Sí,1,1,0,Sí,3,189
2025,030603,APURIMAC,CHINCHEROS,COCHARCAS,Distrital,No,No,NA,NA,NA,No,NA,NA,NA,No,NA,NA,NA,No,NA,NA,NA,NA,No,NA,NA,NA,No,NA,0
2025,030604,APURIMAC,CHINCHEROS,HUACCANA,Distrital,Sí,Sí,10,4,6,Sí,1,1,0,No,NA,NA,NA,No,NA,NA,NA,NA,No,NA,NA,NA,No,NA,10
2025,030605,APURIMAC,CHINCHEROS,OCOBAMBA,Distrital,No,No,NA,NA,NA,Sí,1,1,0,No,NA,NA,NA,No,NA,NA,NA,NA,No,NA,NA,NA,No,NA,25
2025,030606,APURIMAC,CHINCHEROS,ONGOY,Distrital,No,No,NA,NA,NA,No,NA,NA,NA,No,NA,NA,NA,No,NA,NA,NA,NA,No,NA,NA,NA,No,NA,0
2025,030607,APURIMAC,CHINCHEROS,URANMARCA,Distrital,No,No,NA,NA,NA,No,NA,NA,NA,No,NA,NA,NA,No,NA,NA,NA,NA,No,NA,NA,NA,No,NA,0
2025,030608,APURIMAC,CHINCHEROS,RANRACANCHA,Distrital,No,No,NA,NA,NA,No,NA,NA,NA,No,NA,NA,NA,No,NA,NA,NA,NA,No,NA,NA,NA,No,NA,6
2025,030609,APURIMAC,CHINCHEROS,ROCCHACC,Distrital,No,No,NA,NA,NA,No,NA,NA,NA,No,NA,NA,NA,No,NA,NA,NA,NA,No,NA,NA,NA,No,NA,0
2025,030610,APURIMAC,CHINCHEROS,EL PORVENIR,Distrital,No,No,NA,NA,NA,No,NA,NA,NA,No,NA,NA,NA,No,NA,NA,NA,NA,No,NA,NA,NA,No,NA,0
2025,030611,APURIMAC,CHINCHEROS,LOS CHANKAS,Distrital,Sí,Sí,1,0,1,Sí,1,1,0,No,NA,NA,NA,No,NA,NA,NA,NA,No,NA,NA,NA,No,NA,3
2025,030612,APURIMAC,CHINCHEROS,AHUAYRO,Distrital,No,No,NA,NA,NA,No,NA,NA,NA,No,NA,NA,NA,No,NA,NA,NA,NA,No,NA,NA,NA,No,NA,5
2025,030701,APURIMAC,GRAU,CHUQUIBAMBILLA,Provincial,Sí,Sí,2,1,1,Sí,1,1,0,Sí,10,10,0,Sí,4,3,1,0,Sí,1,1,0,No,NA,52
2025,030702,APURIMAC,GRAU,CURPAHUASI,Distrital,Sí,Sí,4,2,2,No,NA,NA,NA,No,NA,NA,NA,No,NA,NA,NA,NA,No,NA,NA,NA,No,NA,2
2025,030703,APURIMAC,GRAU,GAMARRA,Distrital,No,No,NA,NA,NA,No,NA,NA,NA,No,NA,NA,NA,No,NA,NA,NA,NA,No,NA,NA,NA,No,NA,0
2025,030704,APURIMAC,GRAU,HUAYLLATI,Distrital,No,No,NA,NA,NA,No,NA,NA,NA,No,NA,NA,NA,No,NA,NA,NA,NA,No,NA,NA,NA,No,NA,0
2025,030705,APURIMAC,GRAU,MAMARA,Distrital,No,No,NA,NA,NA,No,NA,NA,NA,No,NA,NA,NA,No,NA,NA,NA,NA,No,NA,NA,NA,No,NA,0
2025,030706,APURIMAC,GRAU,MICAELA BASTIDAS,Distrital,Sí,No,NA,NA,NA,No,NA,NA,NA,No,NA,NA,NA,Sí,1,1,0,1,No,NA,NA,NA,No,NA,2
2025,030707,APURIMAC,GRAU,PATAYPAMPA,Distrital,No,No,NA,NA,NA,No,NA,NA,NA,No,NA,NA,NA,No,NA,NA,NA,NA,No,NA,NA,NA,No,NA,5
2025,030708,APURIMAC,GRAU,PROGRESO,Distrital,Sí,Sí,2,1,1,Sí,2,2,0,No,NA,NA,NA,No,NA,NA,NA,NA,No,NA,NA,NA,Sí,5,56
2025,030709,APURIMAC,GRAU,SAN ANTONIO,Distrital,No,No,NA,NA,NA,Sí,1,1,0,No,NA,NA,NA,No,NA,NA,NA,NA,No,NA,NA,NA,No,NA,0
2025,030710,APURIMAC,GRAU,SANTA ROSA,Distrital,No,No,NA,NA,NA,No,NA,NA,NA,No,NA,NA,NA,No,NA,NA,NA,NA,No,NA,NA,NA,No,NA,0
2025,030711,APURIMAC,GRAU,TURPAY,Distrital,No,No,NA,NA,NA,Sí,2,1,1,No,NA,NA,NA,No,NA,NA,NA,NA,No,NA,NA,NA,No,NA,13
2025,030712,APURIMAC,GRAU,VILCABAMBA,Distrital,No,No,NA,NA,NA,No,NA,NA,NA,No,NA,NA,NA,No,NA,NA,NA,NA,No,NA,NA,NA,No,NA,0
2025,030713,APURIMAC,GRAU,VIRUNDO,Distrital,No,No,NA,NA,NA,No,NA,NA,NA,No,NA,NA,NA,No,NA,NA,NA,NA,No,NA,NA,NA,No,NA,0
2025,030714,APURIMAC,GRAU,CURASCO,Distrital,No,No,NA,NA,NA,No,NA,NA,NA,No,NA,NA,NA,No,NA,NA,NA,NA,No,NA,NA,NA,No,NA,0
2025,040101,AREQUIPA,AREQUIPA,AREQUIPA,Provincial,Sí,Sí,261,53,208,Sí,30,26,4,Sí,60,54,6,Sí,100,44,56,0,Sí,2,1,1,Sí,200,24736
2025,040102,AREQUIPA,AREQUIPA,ALTO SELVA ALEGRE,Distrital,Sí,Sí,63,17,46,Sí,6,6,0,Sí,40,20,20,Sí,115,77,38,39,Sí,2,1,1,Sí,20,3735
2025,040103,AREQUIPA,AREQUIPA,CAYMA,Distrital,Sí,Sí,114,41,73,Sí,16,16,0,Sí,25,25,0,Sí,130,130,0,0,Sí,1,1,0,No,NA,7337
2025,040104,AREQUIPA,AREQUIPA,CERRO COLORADO,Distrital,Sí,Sí,165,25,140,Sí,18,18,0,Sí,100,100,0,Sí,375,375,0,375,Sí,1,1,0,Sí,100,3516
2025,040105,AREQUIPA,AREQUIPA,CHARACATO,Distrital,Sí,Sí,10,3,7,Sí,2,1,1,Sí,4,4,0,No,NA,NA,NA,NA,No,NA,NA,NA,Sí,2,380
2025,040106,AREQUIPA,AREQUIPA,CHIGUATA,Distrital,Sí,Sí,6,0,6,Sí,2,2,0,No,NA,NA,NA,No,NA,NA,NA,NA,No,NA,NA,NA,No,NA,18
2025,040107,AREQUIPA,AREQUIPA,JACOBO HUNTER,Distrital,Sí,Sí,47,9,38,Sí,10,8,2,Sí,35,20,15,Sí,140,70,70,0,Sí,1,1,0,No,NA,6525
2025,040108,AREQUIPA,AREQUIPA,LA JOYA,Distrital,Sí,Sí,74,22,52,Sí,8,7,1,Sí,20,18,2,Sí,60,49,11,0,Sí,1,1,0,Sí,20,493
2025,040109,AREQUIPA,AREQUIPA,MARIANO MELGAR,Distrital,Sí,Sí,34,3,31,Sí,4,4,0,No,NA,NA,NA,No,NA,NA,NA,NA,No,NA,NA,NA,Sí,8,4068
2025,040110,AREQUIPA,AREQUIPA,MIRAFLORES,Distrital,Sí,Sí,57,7,50,Sí,7,7,0,Sí,99,26,73,Sí,56,40,16,0,Sí,1,1,0,Sí,24,13603
2025,040111,AREQUIPA,AREQUIPA,MOLLEBAYA,Distrital,Sí,Sí,8,0,8,Sí,1,1,0,No,NA,NA,NA,Sí,22,22,0,0,Sí,1,1,0,Sí,4,56
2025,040112,AREQUIPA,AREQUIPA,PAUCARPATA,Distrital,Sí,Sí,89,33,56,Sí,7,7,0,Sí,45,45,0,Sí,317,289,28,0,Sí,1,1,0,Sí,24,10193
2025,040113,AREQUIPA,AREQUIPA,POCSI,Distrital,Sí,Sí,1,0,1,Sí,1,1,0,No,NA,NA,NA,No,NA,NA,NA,NA,No,NA,NA,NA,No,NA,12
2025,040114,AREQUIPA,AREQUIPA,POLOBAYA,Distrital,No,No,NA,NA,NA,No,NA,NA,NA,No,NA,NA,NA,No,NA,NA,NA,NA,No,NA,NA,NA,No,NA,0
2025,040115,AREQUIPA,AREQUIPA,QUEQUEÑA,Distrital,Sí,Sí,14,2,12,Sí,1,1,0,Sí,5,5,0,Sí,27,27,0,0,Sí,1,1,0,Sí,5,60
2025,040116,AREQUIPA,AREQUIPA,SABANDIA,Distrital,Sí,Sí,4,0,4,Sí,1,1,0,No,NA,NA,NA,Sí,7,4,3,0,No,NA,NA,NA,No,NA,191
2025,040117,AREQUIPA,AREQUIPA,SACHACA,Distrital,Sí,Sí,42,13,29,Sí,4,3,1,Sí,37,19,18,Sí,25,24,1,0,Sí,1,1,0,Sí,6,1332
2025,040118,AREQUIPA,AREQUIPA,SAN JUAN DE SIGUAS,Distrital,No,No,NA,NA,NA,No,NA,NA,NA,No,NA,NA,NA,No,NA,NA,NA,NA,No,NA,NA,NA,No,NA,0
2025,040119,AREQUIPA,AREQUIPA,SAN JUAN DE TARUCANI,Distrital,Sí,Sí,3,0,3,Sí,1,1,0,Sí,10,4,6,No,NA,NA,NA,NA,No,NA,NA,NA,Sí,4,4
2025,040120,AREQUIPA,AREQUIPA,SANTA ISABEL DE SIGUAS,Distrital,No,Sí,2,2,0,Sí,2,1,1,No,NA,NA,NA,Sí,3,2,1,0,Sí,1,1,0,No,NA,5
2025,040121,AREQUIPA,AREQUIPA,SANTA RITA DE SIGUAS,Distrital,Sí,Sí,8,1,7,Sí,1,1,0,No,NA,NA,NA,Sí,25,25,0,0,Sí,1,1,0,No,NA,110
2025,040122,AREQUIPA,AREQUIPA,SOCABAYA,Distrital,Sí,Sí,53,8,45,Sí,8,8,0,Sí,30,30,0,Sí,100,86,14,0,Sí,1,1,0,Sí,20,2232
2025,040123,AREQUIPA,AREQUIPA,TIABAYA,Distrital,Sí,Sí,25,2,23,Sí,8,4,4,Sí,16,8,8,Sí,29,16,13,3,Sí,1,1,0,Sí,25,3845
2025,040124,AREQUIPA,AREQUIPA,UCHUMAYO,Distrital,Sí,Sí,27,5,22,Sí,4,4,0,Sí,4,2,2,No,NA,NA,NA,NA,No,NA,NA,NA,Sí,5,67
2025,040125,AREQUIPA,AREQUIPA,VITOR,Distrital,Sí,Sí,8,2,6,Sí,1,1,0,No,NA,NA,NA,No,NA,NA,NA,NA,No,NA,NA,NA,No,NA,130
2025,040126,AREQUIPA,AREQUIPA,YANAHUARA,Distrital,Sí,Sí,70,3,67,Sí,5,5,0,Sí,30,30,0,Sí,52,48,4,48,Sí,1,1,0,Sí,70,2311
2025,040127,AREQUIPA,AREQUIPA,YARABAMBA,Distrital,Sí,Sí,7,1,6,Sí,2,2,0,No,NA,NA,NA,No,NA,NA,NA,NA,No,NA,NA,NA,Sí,4,39
2025,040128,AREQUIPA,AREQUIPA,YURA,Distrital,Sí,Sí,36,10,26,Sí,7,6,1,Sí,20,20,0,Sí,29,29,0,0,Sí,1,1,0,Sí,12,1092
2025,040129,AREQUIPA,AREQUIPA,JOSE LUIS BUSTAMANTE Y RIVERO,Distrital,Sí,Sí,85,23,62,Sí,24,20,4,Sí,96,49,47,Sí,134,67,67,67,Sí,2,1,1,Sí,20,8443
2025,040201,AREQUIPA,CAMANA,CAMANA,Provincial,Sí,Sí,34,4,30,Sí,5,2,3,Sí,20,16,4,Sí,26,22,4,0,Sí,2,1,1,Sí,10,1549
2025,040202,AREQUIPA,CAMANA,JOSE MARIA QUIMPER,Distrital,Sí,Sí,5,1,4,Sí,2,0,2,Sí,3,2,1,Sí,12,12,0,12,Sí,1,1,0,No,NA,62
2025,040203,AREQUIPA,CAMANA,MARIANO NICOLAS VALCARCEL,Distrital,Sí,Sí,2,1,1,Sí,2,1,1,Sí,6,6,0,Sí,18,18,0,18,Sí,1,1,0,No,NA,915
2025,040204,AREQUIPA,CAMANA,MARISCAL CACERES,Distrital,Sí,Sí,9,1,8,Sí,1,1,0,No,NA,NA,NA,Sí,28,26,2,0,Sí,2,2,0,Sí,2,52
2025,040205,AREQUIPA,CAMANA,NICOLAS DE PIEROLA,Distrital,Sí,Sí,11,3,8,Sí,2,2,0,Sí,1,1,0,Sí,14,12,2,12,Sí,1,1,0,Sí,3,85
2025,040206,AREQUIPA,CAMANA,OCOÑA,Distrital,Sí,Sí,8,0,8,Sí,1,1,0,Sí,1,1,0,Sí,10,10,0,0,Sí,1,1,0,No,NA,33
2025,040207,AREQUIPA,CAMANA,QUILCA,Distrital,Sí,Sí,3,0,3,Sí,2,2,0,No,NA,NA,NA,No,NA,NA,NA,NA,No,NA,NA,NA,No,NA,12
2025,040208,AREQUIPA,CAMANA,SAMUEL PASTOR,Distrital,Sí,Sí,40,7,33,Sí,5,4,1,Sí,6,3,3,Sí,40,33,7,32,Sí,1,1,0,Sí,10,324
2025,040301,AREQUIPA,CARAVELI,CARAVELI,Provincial,Sí,Sí,7,2,5,No,NA,NA,NA,No,NA,NA,NA,No,NA,NA,NA,NA,No,NA,NA,NA,Sí,5,600
2025,040302,AREQUIPA,CARAVELI,ACARI,Distrital,Sí,Sí,6,2,4,No,NA,NA,NA,No,NA,NA,NA,Sí,16,5,11,0,Sí,1,1,0,No,NA,44
2025,040303,AREQUIPA,CARAVELI,ATICO,Distrital,Sí,Sí,7,0,7,Sí,1,1,0,Sí,3,3,0,Sí,21,21,0,0,Sí,1,1,0,Sí,9,38
2025,040304,AREQUIPA,CARAVELI,ATIQUIPA,Distrital,No,No,NA,NA,NA,No,NA,NA,NA,No,NA,NA,NA,No,NA,NA,NA,NA,No,NA,NA,NA,No,NA,0
2025,040305,AREQUIPA,CARAVELI,BELLA UNION,Distrital,Sí,Sí,10,0,10,Sí,1,1,0,Sí,1,1,0,Sí,8,8,0,0,Sí,1,1,0,No,NA,19
2025,040306,AREQUIPA,CARAVELI,CAHUACHO,Distrital,Sí,Sí,1,0,1,No,NA,NA,NA,No,NA,NA,NA,No,NA,NA,NA,NA,No,NA,NA,NA,No,NA,0
2025,040307,AREQUIPA,CARAVELI,CHALA,Distrital,Sí,Sí,16,3,13,Sí,3,2,1,Sí,5,4,1,Sí,16,16,0,0,Sí,1,1,0,Sí,16,40
2025,040308,AREQUIPA,CARAVELI,CHAPARRA,Distrital,Sí,Sí,6,3,3,Sí,1,1,0,No,NA,NA,NA,Sí,32,8,24,0,Sí,1,1,0,Sí,4,150
2025,040309,AREQUIPA,CARAVELI,HUANUHUANU,Distrital,Sí,Sí,9,3,6,Sí,1,1,0,No,NA,NA,NA,No,NA,NA,NA,NA,No,NA,NA,NA,No,NA,49
2025,040310,AREQUIPA,CARAVELI,JAQUI,Distrital,Sí,No,NA,NA,NA,No,NA,NA,NA,No,NA,NA,NA,No,NA,NA,NA,NA,No,NA,NA,NA,No,NA,0
2025,040311,AREQUIPA,CARAVELI,LOMAS,Distrital,Sí,Sí,5,3,2,Sí,1,1,0,Sí,5,5,0,Sí,10,9,1,0,Sí,1,1,0,No,NA,15
2025,040312,AREQUIPA,CARAVELI,QUICACHA,Distrital,Sí,Sí,3,1,2,No,NA,NA,NA,Sí,3,3,0,Sí,3,3,0,1,No,NA,NA,NA,No,NA,15
2025,040313,AREQUIPA,CARAVELI,YAUCA,Distrital,Sí,Sí,1,0,1,Sí,1,0,1,No,NA,NA,NA,Sí,7,7,0,0,Sí,1,1,0,No,NA,2
2025,040401,AREQUIPA,CASTILLA,APLAO,Provincial,Sí,Sí,8,1,7,Sí,2,2,0,No,NA,NA,NA,Sí,27,26,1,0,Sí,1,1,0,Sí,6,753
2025,040402,AREQUIPA,CASTILLA,ANDAGUA,Distrital,No,No,NA,NA,NA,No,NA,NA,NA,No,NA,NA,NA,No,NA,NA,NA,NA,No,NA,NA,NA,No,NA,0
2025,040403,AREQUIPA,CASTILLA,AYO,Distrital,No,No,NA,NA,NA,No,NA,NA,NA,No,NA,NA,NA,No,NA,NA,NA,NA,No,NA,NA,NA,No,NA,0
2025,040404,AREQUIPA,CASTILLA,CHACHAS,Distrital,No,No,NA,NA,NA,No,NA,NA,NA,No,NA,NA,NA,No,NA,NA,NA,NA,No,NA,NA,NA,No,NA,0
2025,040405,AREQUIPA,CASTILLA,CHILCAYMARCA,Distrital,No,No,NA,NA,NA,No,NA,NA,NA,No,NA,NA,NA,No,NA,NA,NA,NA,No,NA,NA,NA,No,NA,0
2025,040406,AREQUIPA,CASTILLA,CHOCO,Distrital,No,No,NA,NA,NA,Sí,1,1,0,No,NA,NA,NA,No,NA,NA,NA,NA,No,NA,NA,NA,No,NA,0
2025,040407,AREQUIPA,CASTILLA,HUANCARQUI,Distrital,No,No,NA,NA,NA,Sí,1,1,0,No,NA,NA,NA,No,NA,NA,NA,NA,No,NA,NA,NA,No,NA,0
2025,040408,AREQUIPA,CASTILLA,MACHAGUAY,Distrital,No,No,NA,NA,NA,No,NA,NA,NA,No,NA,NA,NA,No,NA,NA,NA,NA,No,NA,NA,NA,No,NA,0
2025,040409,AREQUIPA,CASTILLA,ORCOPAMPA,Distrital,Sí,Sí,6,2,4,Sí,2,1,1,Sí,10,10,0,Sí,10,1,9,0,Sí,1,1,0,Sí,6,211
2025,040410,AREQUIPA,CASTILLA,PAMPACOLCA,Distrital,No,No,NA,NA,NA,No,NA,NA,NA,No,NA,NA,NA,Sí,6,1,5,0,Sí,6,1,5,No,NA,0
2025,040411,AREQUIPA,CASTILLA,TIPAN,Distrital,No,No,NA,NA,NA,No,NA,NA,NA,No,NA,NA,NA,No,NA,NA,NA,NA,No,NA,NA,NA,No,NA,0
2025,040412,AREQUIPA,CASTILLA,UÑON,Distrital,No,No,NA,NA,NA,No,NA,NA,NA,No,NA,NA,NA,No,NA,NA,NA,NA,No,NA,NA,NA,No,NA,0
2025,040413,AREQUIPA,CASTILLA,URACA,Distrital,Sí,Sí,3,0,3,Sí,2,1,1,No,NA,NA,NA,Sí,22,22,0,22,Sí,2,1,1,No,NA,38
2025,040414,AREQUIPA,CASTILLA,VIRACO,Distrital,No,No,NA,NA,NA,No,NA,NA,NA,No,NA,NA,NA,No,NA,NA,NA,NA,No,NA,NA,NA,No,NA,1
2025,040501,AREQUIPA,CAYLLOMA,CHIVAY,Provincial,Sí,Sí,24,3,21,Sí,1,1,0,Sí,8,2,6,Sí,7,7,0,0,Sí,1,1,0,No,NA,61
2025,040502,AREQUIPA,CAYLLOMA,ACHOMA,Distrital,Sí,Sí,2,0,2,No,NA,NA,NA,No,NA,NA,NA,No,NA,NA,NA,NA,No,NA,NA,NA,Sí,4,11
2025,040503,AREQUIPA,CAYLLOMA,CABANACONDE,Distrital,Sí,Sí,3,1,2,No,NA,NA,NA,Sí,2,2,0,Sí,11,11,0,0,No,NA,NA,NA,Sí,3,3
2025,040504,AREQUIPA,CAYLLOMA,CALLALLI,Distrital,Sí,Sí,6,0,6,Sí,3,2,1,No,NA,NA,NA,Sí,5,1,4,0,Sí,1,1,0,No,NA,16
2025,040505,AREQUIPA,CAYLLOMA,CAYLLOMA,Distrital,Sí,Sí,7,2,5,Sí,1,1,0,Sí,1,1,0,Sí,8,4,4,0,Sí,2,1,1,No,NA,10
2025,040506,AREQUIPA,CAYLLOMA,COPORAQUE,Distrital,Sí,Sí,2,0,2,No,NA,NA,NA,No,NA,NA,NA,No,NA,NA,NA,NA,No,NA,NA,NA,Sí,4,3
2025,040507,AREQUIPA,CAYLLOMA,HUAMBO,Distrital,No,No,NA,NA,NA,No,NA,NA,NA,No,NA,NA,NA,No,NA,NA,NA,NA,No,NA,NA,NA,No,NA,0
2025,040508,AREQUIPA,CAYLLOMA,HUANCA,Distrital,Sí,Sí,4,2,2,No,NA,NA,NA,Sí,3,3,0,No,NA,NA,NA,NA,No,NA,NA,NA,No,NA,11
2025,040509,AREQUIPA,CAYLLOMA,ICHUPAMPA,Distrital,Sí,Sí,2,0,2,No,NA,NA,NA,No,NA,NA,NA,No,NA,NA,NA,NA,No,NA,NA,NA,No,NA,4
2025,040510,AREQUIPA,CAYLLOMA,LARI,Distrital,Sí,Sí,2,0,2,No,NA,NA,NA,No,NA,NA,NA,Sí,2,2,0,0,No,NA,NA,NA,No,NA,14
2025,040511,AREQUIPA,CAYLLOMA,LLUTA,Distrital,Sí,Sí,2,0,2,No,NA,NA,NA,No,NA,NA,NA,No,NA,NA,NA,NA,No,NA,NA,NA,No,NA,17
2025,040512,AREQUIPA,CAYLLOMA,MACA,Distrital,Sí,Sí,2,0,2,No,NA,NA,NA,No,NA,NA,NA,No,NA,NA,NA,NA,No,NA,NA,NA,No,NA,6
2025,040513,AREQUIPA,CAYLLOMA,MADRIGAL,Distrital,No,No,NA,NA,NA,Sí,2,2,0,No,NA,NA,NA,No,NA,NA,NA,NA,No,NA,NA,NA,No,NA,2
2025,040514,AREQUIPA,CAYLLOMA,SAN ANTONIO DE CHUCA,Distrital,Sí,Sí,4,0,4,Sí,1,1,0,No,NA,NA,NA,Sí,4,2,2,0,Sí,1,1,0,No,NA,81
2025,040515,AREQUIPA,CAYLLOMA,SIBAYO,Distrital,Sí,Sí,4,0,4,Sí,1,1,0,No,NA,NA,NA,No,NA,NA,NA,NA,No,NA,NA,NA,No,NA,3
2025,040516,AREQUIPA,CAYLLOMA,TAPAY,Distrital,Sí,Sí,2,0,2,No,NA,NA,NA,No,NA,NA,NA,No,NA,NA,NA,NA,No,NA,NA,NA,No,NA,11
2025,040517,AREQUIPA,CAYLLOMA,TISCO,Distrital,Sí,Sí,2,0,2,Sí,1,1,0,Sí,2,2,0,No,NA,NA,NA,NA,No,NA,NA,NA,No,NA,1
2025,040518,AREQUIPA,CAYLLOMA,TUTI,Distrital,Sí,Sí,2,0,2,Sí,1,1,0,No,NA,NA,NA,No,NA,NA,NA,NA,No,NA,NA,NA,Sí,2,11
2025,040519,AREQUIPA,CAYLLOMA,YANQUE,Distrital,Sí,Sí,4,3,1,No,NA,NA,NA,No,NA,NA,NA,No,NA,NA,NA,NA,No,NA,NA,NA,No,NA,7
2025,040520,AREQUIPA,CAYLLOMA,MAJES,Distrital,Sí,Sí,74,11,63,Sí,10,10,0,Sí,104,52,52,Sí,162,81,81,0,Sí,1,1,0,Sí,100,4241
2025,040601,AREQUIPA,CONDESUYOS,CHUQUIBAMBA,Provincial,Sí,Sí,3,0,3,Sí,1,1,0,No,NA,NA,NA,No,NA,NA,NA,NA,No,NA,NA,NA,No,NA,25
2025,040602,AREQUIPA,CONDESUYOS,ANDARAY,Distrital,No,No,NA,NA,NA,No,NA,NA,NA,No,NA,NA,NA,No,NA,NA,NA,NA,No,NA,NA,NA,No,NA,0
2025,040603,AREQUIPA,CONDESUYOS,CAYARANI,Distrital,Sí,Sí,14,1,13,No,NA,NA,NA,No,NA,NA,NA,No,NA,NA,NA,NA,No,NA,NA,NA,No,NA,5
2025,040604,AREQUIPA,CONDESUYOS,CHICHAS,Distrital,No,No,NA,NA,NA,No,NA,NA,NA,No,NA,NA,NA,No,NA,NA,NA,NA,No,NA,NA,NA,No,NA,0
2025,040605,AREQUIPA,CONDESUYOS,IRAY,Distrital,No,No,NA,NA,NA,No,NA,NA,NA,No,NA,NA,NA,No,NA,NA,NA,NA,No,NA,NA,NA,No,NA,0
2025,040606,AREQUIPA,CONDESUYOS,RIO GRANDE,Distrital,Sí,Sí,11,2,9,Sí,1,1,0,Sí,6,6,0,No,NA,NA,NA,NA,No,NA,NA,NA,No,NA,339
2025,040607,AREQUIPA,CONDESUYOS,SALAMANCA,Distrital,No,No,NA,NA,NA,No,NA,NA,NA,No,NA,NA,NA,No,NA,NA,NA,NA,No,NA,NA,NA,No,NA,0
2025,040608,AREQUIPA,CONDESUYOS,YANAQUIHUA,Distrital,No,Sí,2,0,2,No,NA,NA,NA,Sí,1,1,0,Sí,1,1,0,0,No,NA,NA,NA,No,NA,0
2025,040701,AREQUIPA,ISLAY,MOLLENDO,Provincial,Sí,Sí,49,14,35,Sí,4,4,0,Sí,12,12,0,Sí,27,27,0,0,Sí,1,1,0,Sí,8,438
2025,040702,AREQUIPA,ISLAY,COCACHACRA,Distrital,Sí,Sí,47,10,37,Sí,3,2,1,Sí,20,18,2,Sí,15,13,2,1,Sí,1,1,0,No,NA,226
2025,040703,AREQUIPA,ISLAY,DEAN VALDIVIA,Distrital,Sí,Sí,21,4,17,Sí,4,3,1,Sí,12,7,5,No,NA,NA,NA,NA,No,NA,NA,NA,Sí,3,33
2025,040704,AREQUIPA,ISLAY,ISLAY,Distrital,Sí,Sí,24,8,16,Sí,2,2,0,Sí,32,24,8,No,NA,NA,NA,NA,No,NA,NA,NA,Sí,6,809
2025,040705,AREQUIPA,ISLAY,MEJIA,Distrital,Sí,Sí,18,5,13,Sí,1,1,0,Sí,10,10,0,No,NA,NA,NA,NA,No,NA,NA,NA,No,NA,71
2025,040706,AREQUIPA,ISLAY,PUNTA DE BOMBON,Distrital,Sí,Sí,34,1,33,Sí,2,2,0,Sí,30,30,0,No,NA,NA,NA,NA,No,NA,NA,NA,No,NA,55
2025,040801,AREQUIPA,LA UNION,COTAHUASI,Provincial,Sí,Sí,7,0,7,No,NA,NA,NA,No,NA,NA,NA,Sí,23,18,5,0,No,NA,NA,NA,No,NA,10
2025,040802,AREQUIPA,LA UNION,ALCA,Distrital,No,No,NA,NA,NA,No,NA,NA,NA,Sí,2,2,0,Sí,2,2,0,2,Sí,1,1,0,No,NA,0
2025,040803,AREQUIPA,LA UNION,CHARCANA,Distrital,No,No,NA,NA,NA,No,NA,NA,NA,No,NA,NA,NA,No,NA,NA,NA,NA,No,NA,NA,NA,No,NA,0
2025,040804,AREQUIPA,LA UNION,HUAYNACOTAS,Distrital,No,No,NA,NA,NA,No,NA,NA,NA,No,NA,NA,NA,No,NA,NA,NA,NA,No,NA,NA,NA,No,NA,0
2025,040805,AREQUIPA,LA UNION,PAMPAMARCA,Distrital,No,No,NA,NA,NA,Sí,1,1,0,No,NA,NA,NA,No,NA,NA,NA,NA,No,NA,NA,NA,No,NA,0
2025,040806,AREQUIPA,LA UNION,PUYCA,Distrital,No,No,NA,NA,NA,No,NA,NA,NA,No,NA,NA,NA,No,NA,NA,NA,NA,No,NA,NA,NA,No,NA,0
2025,040807,AREQUIPA,LA UNION,QUECHUALLA,Distrital,No,No,NA,NA,NA,No,NA,NA,NA,No,NA,NA,NA,No,NA,NA,NA,NA,No,NA,NA,NA,No,NA,0
2025,040808,AREQUIPA,LA UNION,SAYLA,Distrital,No,No,NA,NA,NA,No,NA,NA,NA,No,NA,NA,NA,No,NA,NA,NA,NA,No,NA,NA,NA,No,NA,0
2025,040809,AREQUIPA,LA UNION,TAURIA,Distrital,No,No,NA,NA,NA,No,NA,NA,NA,No,NA,NA,NA,No,NA,NA,NA,NA,No,NA,NA,NA,No,NA,0
2025,040810,AREQUIPA,LA UNION,TOMEPAMPA,Distrital,No,No,NA,NA,NA,No,NA,NA,NA,No,NA,NA,NA,Sí,8,8,0,0,No,NA,NA,NA,No,NA,10
2025,040811,AREQUIPA,LA UNION,TORO,Distrital,No,No,NA,NA,NA,No,NA,NA,NA,No,NA,NA,NA,No,NA,NA,NA,NA,No,NA,NA,NA,No,NA,8
2025,050101,AYACUCHO,HUAMANGA,AYACUCHO,Provincial,Sí,Sí,176,26,150,Sí,6,6,0,Sí,72,68,4,Sí,50,36,14,0,Sí,1,1,0,Sí,64,3111
2025,050102,AYACUCHO,HUAMANGA,ACOCRO,Distrital,Sí,Sí,4,1,3,Sí,1,1,0,No,NA,NA,NA,No,NA,NA,NA,NA,No,NA,NA,NA,Sí,4,68
2025,050103,AYACUCHO,HUAMANGA,ACOS VINCHOS,Distrital,Sí,Sí,4,0,4,Sí,3,2,1,Sí,3,3,0,No,NA,NA,NA,NA,No,NA,NA,NA,No,NA,33
2025,050104,AYACUCHO,HUAMANGA,CARMEN ALTO,Distrital,Sí,Sí,25,8,17,Sí,3,3,0,No,NA,NA,NA,Sí,1,1,0,0,Sí,1,1,0,Sí,25,413
2025,050105,AYACUCHO,HUAMANGA,CHIARA,Distrital,Sí,Sí,2,0,2,Sí,1,1,0,No,NA,NA,NA,No,NA,NA,NA,NA,No,NA,NA,NA,No,NA,210
2025,050106,AYACUCHO,HUAMANGA,OCROS,Distrital,No,No,NA,NA,NA,Sí,1,1,0,Sí,1,1,0,No,NA,NA,NA,NA,No,NA,NA,NA,No,NA,16
2025,050107,AYACUCHO,HUAMANGA,PACAYCASA,Distrital,Sí,Sí,2,1,1,No,NA,NA,NA,No,NA,NA,NA,No,NA,NA,NA,NA,No,NA,NA,NA,No,NA,9
2025,050108,AYACUCHO,HUAMANGA,QUINUA,Distrital,Sí,Sí,5,0,5,Sí,5,5,0,Sí,5,5,0,Sí,8,8,0,0,No,NA,NA,NA,No,NA,693
2025,050109,AYACUCHO,HUAMANGA,SAN JOSE DE TICLLAS,Distrital,No,No,NA,NA,NA,No,NA,NA,NA,No,NA,NA,NA,No,NA,NA,NA,NA,No,NA,NA,NA,No,NA,0
2025,050110,AYACUCHO,HUAMANGA,SAN JUAN BAUTISTA,Distrital,Sí,Sí,45,14,31,Sí,4,4,0,Sí,60,30,30,Sí,112,56,56,0,Sí,1,1,0,No,NA,3163
2025,050111,AYACUCHO,HUAMANGA,SANTIAGO DE PISCHA,Distrital,Sí,Sí,1,0,1,Sí,1,1,0,Sí,1,1,0,Sí,1,1,0,1,Sí,4,2,2,No,NA,17
2025,050112,AYACUCHO,HUAMANGA,SOCOS,Distrital,Sí,Sí,1,1,0,Sí,2,2,0,Sí,6,6,0,No,NA,NA,NA,NA,No,NA,NA,NA,Sí,10,9
2025,050113,AYACUCHO,HUAMANGA,TAMBILLO,Distrital,Sí,Sí,4,0,4,Sí,1,1,0,No,NA,NA,NA,No,NA,NA,NA,NA,No,NA,NA,NA,No,NA,17
2025,050114,AYACUCHO,HUAMANGA,VINCHOS,Distrital,Sí,Sí,8,0,8,Sí,2,2,0,No,NA,NA,NA,Sí,8,8,0,0,No,NA,NA,NA,No,NA,31
2025,050115,AYACUCHO,HUAMANGA,JESUS NAZARENO,Distrital,Sí,Sí,27,6,21,Sí,3,3,0,Sí,33,27,6,Sí,19,19,0,0,Sí,1,1,0,Sí,20,557
2025,050116,AYACUCHO,HUAMANGA,ANDRÉS AVELINO CÁCERES DORREGARAY,Distrital,Sí,Sí,32,6,26,Sí,2,2,0,Sí,36,18,18,Sí,32,24,8,0,Sí,1,1,0,Sí,32,2806
2025,050201,AYACUCHO,CANGALLO,CANGALLO,Provincial,Sí,Sí,4,0,4,Sí,1,1,0,Sí,10,10,0,Sí,8,6,2,0,Sí,2,1,1,Sí,4,13
2025,050202,AYACUCHO,CANGALLO,CHUSCHI,Distrital,Sí,Sí,8,4,4,Sí,2,1,1,Sí,16,8,8,Sí,8,4,4,4,Sí,1,1,0,No,NA,12
2025,050203,AYACUCHO,CANGALLO,LOS MOROCHUCOS,Distrital,Sí,Sí,4,0,4,Sí,1,1,0,No,NA,NA,NA,No,NA,NA,NA,NA,No,NA,NA,NA,No,NA,14
2025,050204,AYACUCHO,CANGALLO,MARIA PARADO DE BELLIDO,Distrital,Sí,Sí,2,0,2,Sí,3,3,0,Sí,1,1,0,Sí,1,1,0,0,Sí,1,1,0,No,NA,31
2025,050205,AYACUCHO,CANGALLO,PARAS,Distrital,Sí,Sí,2,0,2,Sí,1,1,0,No,NA,NA,NA,No,NA,NA,NA,NA,No,NA,NA,NA,No,NA,27
2025,050206,AYACUCHO,CANGALLO,TOTOS,Distrital,Sí,Sí,1,0,1,Sí,1,1,0,Sí,1,1,0,No,NA,NA,NA,NA,No,NA,NA,NA,No,NA,11
2025,050301,AYACUCHO,HUANCA SANCOS,SANCOS,Provincial,Sí,Sí,3,1,2,Sí,1,1,0,Sí,5,5,0,No,NA,NA,NA,NA,No,NA,NA,NA,No,NA,58
2025,050302,AYACUCHO,HUANCA SANCOS,CARAPO,Distrital,No,No,NA,NA,NA,No,NA,NA,NA,No,NA,NA,NA,No,NA,NA,NA,NA,No,NA,NA,NA,No,NA,0
2025,050303,AYACUCHO,HUANCA SANCOS,SACSAMARCA,Distrital,No,No,NA,NA,NA,Sí,1,1,0,Sí,7,7,0,Sí,4,4,0,4,Sí,1,1,0,No,NA,0
2025,050304,AYACUCHO,HUANCA SANCOS,SANTIAGO DE LUCANAMARCA,Distrital,Sí,Sí,1,0,1,Sí,2,2,0,No,NA,NA,NA,No,NA,NA,NA,NA,No,NA,NA,NA,No,NA,18
2025,050401,AYACUCHO,HUANTA,HUANTA,Provincial,Sí,Sí,85,12,73,Sí,10,10,0,Sí,50,50,0,Sí,80,80,0,0,Sí,1,1,0,No,NA,35
2025,050402,AYACUCHO,HUANTA,AYAHUANCO,Distrital,No,No,NA,NA,NA,No,NA,NA,NA,No,NA,NA,NA,No,NA,NA,NA,NA,No,NA,NA,NA,No,NA,0
2025,050403,AYACUCHO,HUANTA,HUAMANGUILLA,Distrital,Sí,Sí,1,0,1,Sí,1,1,0,No,NA,NA,NA,No,NA,NA,NA,NA,No,NA,NA,NA,Sí,1,31
2025,050404,AYACUCHO,HUANTA,IGUAIN,Distrital,Sí,Sí,3,0,3,Sí,1,1,0,Sí,5,2,3,Sí,3,3,0,3,Sí,1,1,0,Sí,3,75
2025,050405,AYACUCHO,HUANTA,LURICOCHA,Distrital,Sí,Sí,6,0,6,Sí,1,1,0,Sí,22,11,11,No,NA,NA,NA,NA,No,NA,NA,NA,No,NA,194
2025,050406,AYACUCHO,HUANTA,SANTILLANA,Distrital,No,No,NA,NA,NA,No,NA,NA,NA,No,NA,NA,NA,No,NA,NA,NA,NA,No,NA,NA,NA,No,NA,0
2025,050407,AYACUCHO,HUANTA,SIVIA,Distrital,Sí,Sí,4,1,3,Sí,1,1,0,No,NA,NA,NA,No,NA,NA,NA,NA,No,NA,NA,NA,No,NA,273
2025,050408,AYACUCHO,HUANTA,LLOCHEGUA,Distrital,Sí,Sí,6,1,5,Sí,1,1,0,No,NA,NA,NA,Sí,16,15,1,0,Sí,2,1,1,No,NA,38
2025,050409,AYACUCHO,HUANTA,CANAYRE,Distrital,Sí,Sí,4,0,4,Sí,2,1,1,No,NA,NA,NA,No,NA,NA,NA,NA,No,NA,NA,NA,No,NA,120
2025,050410,AYACUCHO,HUANTA,UCHURACCAY,Distrital,Sí,Sí,1,0,1,No,NA,NA,NA,No,NA,NA,NA,No,NA,NA,NA,NA,No,NA,NA,NA,No,NA,8
2025,050411,AYACUCHO,HUANTA,PUCACOLPA,Distrital,Sí,Sí,2,0,2,No,NA,NA,NA,No,NA,NA,NA,No,NA,NA,NA,NA,No,NA,NA,NA,No,NA,4
2025,050412,AYACUCHO,HUANTA,CHACA,Distrital,No,No,NA,NA,NA,No,NA,NA,NA,No,NA,NA,NA,No,NA,NA,NA,NA,No,NA,NA,NA,No,NA,0
2025,050413,AYACUCHO,HUANTA,PUTIS,Distrital,No,No,NA,NA,NA,No,NA,NA,NA,No,NA,NA,NA,No,NA,NA,NA,NA,No,NA,NA,NA,No,NA,0
2025,050501,AYACUCHO,LA MAR,SAN MIGUEL,Provincial,Sí,Sí,9,4,5,Sí,1,1,0,Sí,11,6,5,Sí,12,10,2,0,Sí,1,1,0,Sí,5,92
2025,050502,AYACUCHO,LA MAR,ANCO,Distrital,Sí,Sí,1,0,1,No,NA,NA,NA,Sí,1,1,0,No,NA,NA,NA,NA,No,NA,NA,NA,Sí,1,2
2025,050503,AYACUCHO,LA MAR,AYNA,Distrital,Sí,Sí,6,1,5,Sí,1,1,0,Sí,2,2,0,Sí,5,4,1,0,Sí,1,1,0,No,NA,114
2025,050504,AYACUCHO,LA MAR,CHILCAS,Distrital,Sí,Sí,2,0,2,No,NA,NA,NA,No,NA,NA,NA,No,NA,NA,NA,NA,No,NA,NA,NA,No,NA,12
2025,050505,AYACUCHO,LA MAR,CHUNGUI,Distrital,Sí,Sí,1,0,1,Sí,1,1,0,No,NA,NA,NA,No,NA,NA,NA,NA,No,NA,NA,NA,No,NA,14
2025,050506,AYACUCHO,LA MAR,LUIS CARRANZA,Distrital,Sí,Sí,1,0,1,Sí,2,2,0,No,NA,NA,NA,No,NA,NA,NA,NA,No,NA,NA,NA,No,NA,11
2025,050507,AYACUCHO,LA MAR,SANTA ROSA,Distrital,Sí,Sí,10,2,8,Sí,6,5,1,Sí,12,10,2,Sí,12,8,4,0,Sí,3,3,0,No,NA,108
2025,050508,AYACUCHO,LA MAR,TAMBO,Distrital,Sí,Sí,15,3,12,Sí,1,1,0,Sí,8,4,4,Sí,19,14,5,0,Sí,1,1,0,No,NA,45
2025,050509,AYACUCHO,LA MAR,SAMUGARI,Distrital,Sí,Sí,5,0,5,Sí,1,1,0,No,NA,NA,NA,No,NA,NA,NA,NA,No,NA,NA,NA,No,NA,60
2025,050510,AYACUCHO,LA MAR,ANCHIHUAY,Distrital,Sí,Sí,3,0,3,Sí,1,1,0,No,NA,NA,NA,No,NA,NA,NA,NA,No,NA,NA,NA,No,NA,9
2025,050511,AYACUCHO,LA MAR,ORONCCOY,Distrital,No,No,NA,NA,NA,No,NA,NA,NA,No,NA,NA,NA,No,NA,NA,NA,NA,No,NA,NA,NA,No,NA,0
2025,050512,AYACUCHO,LA MAR,UNION PROGRESO,Distrital,Sí,Sí,3,0,3,Sí,1,1,0,No,NA,NA,NA,No,NA,NA,NA,NA,No,NA,NA,NA,No,NA,12
2025,050513,AYACUCHO,LA MAR,RIO MAGDALENA,Distrital,Sí,Sí,1,0,1,No,NA,NA,NA,No,NA,NA,NA,No,NA,NA,NA,NA,No,NA,NA,NA,No,NA,3
2025,050514,AYACUCHO,LA MAR,NINABAMBA,Distrital,Sí,Sí,2,0,2,Sí,1,1,0,No,NA,NA,NA,No,NA,NA,NA,NA,No,NA,NA,NA,No,NA,21
2025,050515,AYACUCHO,LA MAR,PATIBAMBA,Distrital,Sí,Sí,3,1,2,Sí,1,1,0,No,NA,NA,NA,Sí,1,1,0,0,No,NA,NA,NA,No,NA,1
2025,050601,AYACUCHO,LUCANAS,PUQUIO,Provincial,Sí,Sí,12,3,9,Sí,2,2,0,Sí,8,8,0,No,NA,NA,NA,NA,No,NA,NA,NA,Sí,3,603
2025,050602,AYACUCHO,LUCANAS,AUCARA,Distrital,Sí,Sí,2,0,2,No,NA,NA,NA,No,NA,NA,NA,No,NA,NA,NA,NA,No,NA,NA,NA,No,NA,86
2025,050603,AYACUCHO,LUCANAS,CABANA,Distrital,Sí,Sí,3,0,3,No,NA,NA,NA,No,NA,NA,NA,No,NA,NA,NA,NA,No,NA,NA,NA,No,NA,21
2025,050604,AYACUCHO,LUCANAS,CARMEN SALCEDO,Distrital,Sí,Sí,2,0,2,No,NA,NA,NA,No,NA,NA,NA,No,NA,NA,NA,NA,No,NA,NA,NA,No,NA,14
2025,050605,AYACUCHO,LUCANAS,CHAVIÑA,Distrital,Sí,Sí,1,0,1,No,NA,NA,NA,No,NA,NA,NA,No,NA,NA,NA,NA,No,NA,NA,NA,No,NA,8
2025,050606,AYACUCHO,LUCANAS,CHIPAO,Distrital,Sí,Sí,2,0,2,No,NA,NA,NA,No,NA,NA,NA,No,NA,NA,NA,NA,No,NA,NA,NA,No,NA,15
2025,050607,AYACUCHO,LUCANAS,HUAC-HUAS,Distrital,Sí,Sí,1,0,1,No,NA,NA,NA,No,NA,NA,NA,No,NA,NA,NA,NA,No,NA,NA,NA,No,NA,0
2025,050608,AYACUCHO,LUCANAS,LARAMATE,Distrital,No,No,NA,NA,NA,No,NA,NA,NA,No,NA,NA,NA,No,NA,NA,NA,NA,No,NA,NA,NA,No,NA,2
2025,050609,AYACUCHO,LUCANAS,LEONCIO PRADO,Distrital,Sí,Sí,1,0,1,No,NA,NA,NA,No,NA,NA,NA,No,NA,NA,NA,NA,No,NA,NA,NA,No,NA,0
2025,050610,AYACUCHO,LUCANAS,LLAUTA,Distrital,No,No,NA,NA,NA,No,NA,NA,NA,No,NA,NA,NA,No,NA,NA,NA,NA,No,NA,NA,NA,No,NA,2
2025,050611,AYACUCHO,LUCANAS,LUCANAS,Distrital,Sí,Sí,3,0,3,No,NA,NA,NA,Sí,5,4,1,No,NA,NA,NA,NA,No,NA,NA,NA,No,NA,16
2025,050612,AYACUCHO,LUCANAS,OCAÑA,Distrital,No,No,NA,NA,NA,No,NA,NA,NA,No,NA,NA,NA,No,NA,NA,NA,NA,No,NA,NA,NA,No,NA,0
2025,050613,AYACUCHO,LUCANAS,OTOCA,Distrital,No,No,NA,NA,NA,No,NA,NA,NA,No,NA,NA,NA,No,NA,NA,NA,NA,No,NA,NA,NA,No,NA,0
2025,050614,AYACUCHO,LUCANAS,SAISA,Distrital,Sí,Sí,1,1,0,No,NA,NA,NA,No,NA,NA,NA,No,NA,NA,NA,NA,No,NA,NA,NA,No,NA,0
2025,050615,AYACUCHO,LUCANAS,SAN CRISTOBAL,Distrital,Sí,Sí,2,0,2,No,NA,NA,NA,No,NA,NA,NA,No,NA,NA,NA,NA,No,NA,NA,NA,No,NA,0
2025,050616,AYACUCHO,LUCANAS,SAN JUAN,Distrital,No,No,NA,NA,NA,Sí,1,1,0,No,NA,NA,NA,No,NA,NA,NA,NA,No,NA,NA,NA,Sí,3,12
2025,050617,AYACUCHO,LUCANAS,SAN PEDRO,Distrital,Sí,Sí,1,0,1,No,NA,NA,NA,No,NA,NA,NA,No,NA,NA,NA,NA,No,NA,NA,NA,No,NA,15
2025,050618,AYACUCHO,LUCANAS,SAN PEDRO DE PALCO,Distrital,Sí,No,NA,NA,NA,No,NA,NA,NA,No,NA,NA,NA,No,NA,NA,NA,NA,No,NA,NA,NA,Sí,1,41
2025,050619,AYACUCHO,LUCANAS,SANCOS,Distrital,Sí,Sí,6,0,6,No,NA,NA,NA,No,NA,NA,NA,No,NA,NA,NA,NA,No,NA,NA,NA,No,NA,13
2025,050620,AYACUCHO,LUCANAS,SANTA ANA DE HUAYCAHUACHO,Distrital,Sí,Sí,1,0,1,No,NA,NA,NA,No,NA,NA,NA,No,NA,NA,NA,NA,No,NA,NA,NA,No,NA,0
2025,050621,AYACUCHO,LUCANAS,SANTA LUCIA,Distrital,Sí,Sí,1,1,0,No,NA,NA,NA,No,NA,NA,NA,No,NA,NA,NA,NA,No,NA,NA,NA,No,NA,15
2025,050701,AYACUCHO,PARINACOCHAS,CORACORA,Provincial,Sí,Sí,11,4,7,Sí,1,1,0,Sí,8,8,0,Sí,6,4,2,0,Sí,1,1,0,No,NA,109
2025,050702,AYACUCHO,PARINACOCHAS,CHUMPI,Distrital,Sí,Sí,2,0,2,Sí,1,0,1,Sí,4,0,4,No,NA,NA,NA,NA,No,NA,NA,NA,No,NA,16
2025,050703,AYACUCHO,PARINACOCHAS,CORONEL CASTAÑEDA,Distrital,Sí,No,NA,NA,NA,No,NA,NA,NA,No,NA,NA,NA,Sí,54,49,5,0,Sí,1,1,0,Sí,4,3
2025,050704,AYACUCHO,PARINACOCHAS,PACAPAUSA,Distrital,No,No,NA,NA,NA,No,NA,NA,NA,No,NA,NA,NA,No,NA,NA,NA,NA,No,NA,NA,NA,No,NA,0
2025,050705,AYACUCHO,PARINACOCHAS,PULLO,Distrital,Sí,Sí,2,0,2,No,NA,NA,NA,No,NA,NA,NA,No,NA,NA,NA,NA,No,NA,NA,NA,No,NA,6
2025,050706,AYACUCHO,PARINACOCHAS,PUYUSCA,Distrital,Sí,Sí,2,0,2,No,NA,NA,NA,No,NA,NA,NA,No,NA,NA,NA,NA,No,NA,NA,NA,No,NA,14
2025,050707,AYACUCHO,PARINACOCHAS,SAN FRANCISCO DE RIVACAYCO,Distrital,Sí,Sí,1,0,1,Sí,3,2,1,No,NA,NA,NA,No,NA,NA,NA,NA,No,NA,NA,NA,No,NA,0
2025,050708,AYACUCHO,PARINACOCHAS,UPAHUACHO,Distrital,No,No,NA,NA,NA,No,NA,NA,NA,No,NA,NA,NA,No,NA,NA,NA,NA,No,NA,NA,NA,No,NA,3
2025,050801,AYACUCHO,PAUCAR DEL SARA SARA,PAUSA,Provincial,Sí,Sí,3,0,3,Sí,1,1,0,Sí,4,4,0,Sí,7,3,4,0,No,NA,NA,NA,Sí,4,266
2025,050802,AYACUCHO,PAUCAR DEL SARA SARA,COLTA,Distrital,Sí,Sí,1,1,0,No,NA,NA,NA,No,NA,NA,NA,No,NA,NA,NA,NA,No,NA,NA,NA,No,NA,8
2025,050803,AYACUCHO,PAUCAR DEL SARA SARA,CORCULLA,Distrital,Sí,Sí,1,0,1,Sí,2,1,1,No,NA,NA,NA,No,NA,NA,NA,NA,No,NA,NA,NA,No,NA,2
2025,050804,AYACUCHO,PAUCAR DEL SARA SARA,LAMPA,Distrital,Sí,Sí,2,0,2,Sí,1,1,0,No,NA,NA,NA,No,NA,NA,NA,NA,No,NA,NA,NA,No,NA,0
2025,050805,AYACUCHO,PAUCAR DEL SARA SARA,MARCABAMBA,Distrital,No,No,NA,NA,NA,No,NA,NA,NA,No,NA,NA,NA,No,NA,NA,NA,NA,No,NA,NA,NA,No,NA,0
2025,050806,AYACUCHO,PAUCAR DEL SARA SARA,OYOLO,Distrital,Sí,Sí,1,0,1,Sí,2,2,0,No,NA,NA,NA,Sí,10,10,0,0,No,NA,NA,NA,No,NA,64
2025,050807,AYACUCHO,PAUCAR DEL SARA SARA,PARARCA,Distrital,No,No,NA,NA,NA,No,NA,NA,NA,No,NA,NA,NA,No,NA,NA,NA,NA,No,NA,NA,NA,No,NA,4
2025,050808,AYACUCHO,PAUCAR DEL SARA SARA,SAN JAVIER DE ALPABAMBA,Distrital,Sí,Sí,2,1,1,Sí,2,1,1,No,NA,NA,NA,No,NA,NA,NA,NA,No,NA,NA,NA,No,NA,0
2025,050809,AYACUCHO,PAUCAR DEL SARA SARA,SAN JOSE DE USHUA,Distrital,Sí,Sí,1,0,1,No,NA,NA,NA,No,NA,NA,NA,No,NA,NA,NA,NA,No,NA,NA,NA,Sí,3,0
2025,050810,AYACUCHO,PAUCAR DEL SARA SARA,SARA SARA,Distrital,Sí,Sí,2,0,2,No,NA,NA,NA,No,NA,NA,NA,No,NA,NA,NA,NA,No,NA,NA,NA,Sí,2,10
2025,050901,AYACUCHO,SUCRE,QUEROBAMBA,Provincial,Sí,Sí,2,0,2,No,NA,NA,NA,No,NA,NA,NA,No,NA,NA,NA,NA,No,NA,NA,NA,No,NA,24
2025,050902,AYACUCHO,SUCRE,BELEN,Distrital,No,No,NA,NA,NA,No,NA,NA,NA,No,NA,NA,NA,No,NA,NA,NA,NA,No,NA,NA,NA,No,NA,0
2025,050903,AYACUCHO,SUCRE,CHALCOS,Distrital,No,No,NA,NA,NA,No,NA,NA,NA,No,NA,NA,NA,No,NA,NA,NA,NA,No,NA,NA,NA,No,NA,0
2025,050904,AYACUCHO,SUCRE,CHILCAYOC,Distrital,No,No,NA,NA,NA,No,NA,NA,NA,No,NA,NA,NA,No,NA,NA,NA,NA,No,NA,NA,NA,No,NA,0
2025,050905,AYACUCHO,SUCRE,HUACAÑA,Distrital,No,No,NA,NA,NA,No,NA,NA,NA,No,NA,NA,NA,No,NA,NA,NA,NA,No,NA,NA,NA,No,NA,0
2025,050906,AYACUCHO,SUCRE,MORCOLLA,Distrital,No,No,NA,NA,NA,No,NA,NA,NA,No,NA,NA,NA,No,NA,NA,NA,NA,No,NA,NA,NA,No,NA,0
2025,050907,AYACUCHO,SUCRE,PAICO,Distrital,No,No,NA,NA,NA,No,NA,NA,NA,No,NA,NA,NA,No,NA,NA,NA,NA,No,NA,NA,NA,No,NA,0
2025,050908,AYACUCHO,SUCRE,SAN PEDRO DE LARCAY,Distrital,Sí,Sí,2,1,1,Sí,2,2,0,No,NA,NA,NA,Sí,2,2,0,0,No,NA,NA,NA,No,NA,2
2025,050909,AYACUCHO,SUCRE,SAN SALVADOR DE QUIJE,Distrital,No,No,NA,NA,NA,No,NA,NA,NA,No,NA,NA,NA,No,NA,NA,NA,NA,No,NA,NA,NA,No,NA,0
2025,050910,AYACUCHO,SUCRE,SANTIAGO DE PAUCARAY,Distrital,No,No,NA,NA,NA,Sí,2,1,1,No,NA,NA,NA,No,NA,NA,NA,NA,No,NA,NA,NA,No,NA,0
2025,050911,AYACUCHO,SUCRE,SORAS,Distrital,No,No,NA,NA,NA,No,NA,NA,NA,No,NA,NA,NA,No,NA,NA,NA,NA,No,NA,NA,NA,No,NA,0
2025,051001,AYACUCHO,VICTOR FAJARDO,HUANCAPI,Provincial,No,No,NA,NA,NA,Sí,3,3,0,Sí,1,1,0,Sí,1,1,0,0,Sí,1,1,0,No,NA,3
2025,051002,AYACUCHO,VICTOR FAJARDO,ALCAMENCA,Distrital,Sí,Sí,1,0,1,Sí,1,1,0,No,NA,NA,NA,No,NA,NA,NA,NA,No,NA,NA,NA,No,NA,0
2025,051003,AYACUCHO,VICTOR FAJARDO,APONGO,Distrital,No,No,NA,NA,NA,Sí,2,1,1,No,NA,NA,NA,No,NA,NA,NA,NA,No,NA,NA,NA,No,NA,2
2025,051004,AYACUCHO,VICTOR FAJARDO,ASQUIPATA,Distrital,Sí,Sí,1,0,1,No,NA,NA,NA,No,NA,NA,NA,No,NA,NA,NA,NA,No,NA,NA,NA,No,NA,0
2025,051005,AYACUCHO,VICTOR FAJARDO,CANARIA,Distrital,Sí,Sí,6,1,5,Sí,1,1,0,Sí,3,2,1,Sí,4,4,0,0,Sí,1,1,0,No,NA,6
2025,051006,AYACUCHO,VICTOR FAJARDO,CAYARA,Distrital,Sí,Sí,1,0,1,Sí,1,1,0,No,NA,NA,NA,No,NA,NA,NA,NA,No,NA,NA,NA,No,NA,7
2025,051007,AYACUCHO,VICTOR FAJARDO,COLCA,Distrital,No,No,NA,NA,NA,No,NA,NA,NA,No,NA,NA,NA,No,NA,NA,NA,NA,No,NA,NA,NA,No,NA,0
2025,051008,AYACUCHO,VICTOR FAJARDO,HUAMANQUIQUIA,Distrital,No,No,NA,NA,NA,No,NA,NA,NA,No,NA,NA,NA,No,NA,NA,NA,NA,No,NA,NA,NA,No,NA,15
2025,051009,AYACUCHO,VICTOR FAJARDO,HUANCARAYLLA,Distrital,Sí,Sí,1,0,1,Sí,1,1,0,Sí,2,1,1,No,NA,NA,NA,NA,No,NA,NA,NA,No,NA,19
2025,051010,AYACUCHO,VICTOR FAJARDO,HUALLA,Distrital,Sí,Sí,1,0,1,Sí,2,2,0,Sí,1,0,1,Sí,2,2,0,2,Sí,1,1,0,Sí,8,18
2025,051011,AYACUCHO,VICTOR FAJARDO,SARHUA,Distrital,Sí,Sí,1,0,1,Sí,1,1,0,Sí,3,3,0,Sí,2,2,0,2,Sí,1,1,0,No,NA,19
2025,051012,AYACUCHO,VICTOR FAJARDO,VILCANCHOS,Distrital,Sí,No,NA,NA,NA,No,NA,NA,NA,No,NA,NA,NA,No,NA,NA,NA,NA,No,NA,NA,NA,No,NA,10
2025,051101,AYACUCHO,VILCAS HUAMAN,VILCAS HUAMAN,Provincial,Sí,Sí,14,4,10,Sí,1,1,0,Sí,5,5,0,Sí,10,3,7,0,Sí,1,1,0,Sí,10,267
2025,051102,AYACUCHO,VILCAS HUAMAN,ACCOMARCA,Distrital,Sí,No,NA,NA,NA,Sí,1,1,0,No,NA,NA,NA,No,NA,NA,NA,NA,No,NA,NA,NA,No,NA,2
2025,051103,AYACUCHO,VILCAS HUAMAN,CARHUANCA,Distrital,No,No,NA,NA,NA,No,NA,NA,NA,No,NA,NA,NA,No,NA,NA,NA,NA,No,NA,NA,NA,No,NA,0
2025,051104,AYACUCHO,VILCAS HUAMAN,CONCEPCION,Distrital,Sí,Sí,1,0,1,No,NA,NA,NA,No,NA,NA,NA,No,NA,NA,NA,NA,No,NA,NA,NA,No,NA,1
2025,051105,AYACUCHO,VILCAS HUAMAN,HUAMBALPA,Distrital,No,Sí,1,0,1,No,NA,NA,NA,No,NA,NA,NA,No,NA,NA,NA,NA,No,NA,NA,NA,Sí,5,41
2025,051106,AYACUCHO,VILCAS HUAMAN,INDEPENDENCIA,Distrital,No,No,NA,NA,NA,No,NA,NA,NA,No,NA,NA,NA,No,NA,NA,NA,NA,No,NA,NA,NA,No,NA,0
2025,051107,AYACUCHO,VILCAS HUAMAN,SAURAMA,Distrital,Sí,Sí,3,1,2,Sí,1,1,0,No,NA,NA,NA,No,NA,NA,NA,NA,No,NA,NA,NA,Sí,3,24
2025,051108,AYACUCHO,VILCAS HUAMAN,VISCHONGO,Distrital,No,Sí,3,0,3,Sí,1,1,0,Sí,4,4,0,Sí,1,1,0,1,Sí,1,1,0,No,NA,18
2025,060101,CAJAMARCA,CAJAMARCA,CAJAMARCA,Provincial,Sí,Sí,196,25,171,Sí,72,68,4,Sí,35,35,0,Sí,101,101,0,101,Sí,1,1,0,No,NA,1980
2025,060102,CAJAMARCA,CAJAMARCA,ASUNCION,Distrital,No,No,NA,NA,NA,No,NA,NA,NA,No,NA,NA,NA,No,NA,NA,NA,NA,No,NA,NA,NA,No,NA,0
2025,060103,CAJAMARCA,CAJAMARCA,CHETILLA,Distrital,No,No,NA,NA,NA,No,NA,NA,NA,No,NA,NA,NA,No,NA,NA,NA,NA,No,NA,NA,NA,No,NA,0
2025,060104,CAJAMARCA,CAJAMARCA,COSPAN,Distrital,No,No,NA,NA,NA,No,NA,NA,NA,No,NA,NA,NA,No,NA,NA,NA,NA,No,NA,NA,NA,No,NA,0
2025,060105,CAJAMARCA,CAJAMARCA,ENCAÑADA,Distrital,No,No,NA,NA,NA,No,NA,NA,NA,No,NA,NA,NA,No,NA,NA,NA,NA,No,NA,NA,NA,No,NA,0
2025,060106,CAJAMARCA,CAJAMARCA,JESUS,Distrital,Sí,Sí,6,0,6,Sí,1,1,0,Sí,6,0,6,Sí,11,10,1,0,Sí,1,1,0,Sí,4,39
2025,060107,CAJAMARCA,CAJAMARCA,LLACANORA,Distrital,No,No,NA,NA,NA,Sí,1,1,0,No,NA,NA,NA,Sí,5,5,0,5,Sí,2,2,0,Sí,8,0
2025,060108,CAJAMARCA,CAJAMARCA,LOS BAÑOS DEL INCA,Distrital,Sí,Sí,25,3,22,Sí,4,4,0,Sí,12,8,4,No,NA,NA,NA,NA,No,NA,NA,NA,No,NA,207
2025,060109,CAJAMARCA,CAJAMARCA,MAGDALENA,Distrital,No,No,NA,NA,NA,No,NA,NA,NA,No,NA,NA,NA,No,NA,NA,NA,NA,No,NA,NA,NA,No,NA,0
2025,060110,CAJAMARCA,CAJAMARCA,MATARA,Distrital,Sí,Sí,2,0,2,No,NA,NA,NA,No,NA,NA,NA,No,NA,NA,NA,NA,No,NA,NA,NA,Sí,1,5
2025,060111,CAJAMARCA,CAJAMARCA,NAMORA,Distrital,No,No,NA,NA,NA,No,NA,NA,NA,No,NA,NA,NA,No,NA,NA,NA,NA,No,NA,NA,NA,No,NA,47
2025,060112,CAJAMARCA,CAJAMARCA,SAN JUAN,Distrital,No,No,NA,NA,NA,No,NA,NA,NA,No,NA,NA,NA,No,NA,NA,NA,NA,No,NA,NA,NA,No,NA,0
2025,060201,CAJAMARCA,CAJABAMBA,CAJABAMBA,Provincial,Sí,Sí,39,3,36,Sí,1,1,0,Sí,6,6,0,No,NA,NA,NA,NA,No,NA,NA,NA,No,NA,133
2025,060202,CAJAMARCA,CAJABAMBA,CACHACHI,Distrital,Sí,Sí,13,1,12,Sí,1,1,0,No,NA,NA,NA,No,NA,NA,NA,NA,No,NA,NA,NA,Sí,2,0
2025,060203,CAJAMARCA,CAJABAMBA,CONDEBAMBA,Distrital,Sí,Sí,18,2,16,Sí,2,2,0,No,NA,NA,NA,Sí,11,9,2,0,Sí,2,1,1,Sí,4,12
2025,060204,CAJAMARCA,CAJABAMBA,SITACOCHA,Distrital,Sí,Sí,3,0,3,Sí,1,0,1,No,NA,NA,NA,Sí,6,3,3,0,No,NA,NA,NA,No,NA,56
2025,060301,CAJAMARCA,CELENDIN,CELENDIN,Provincial,Sí,Sí,30,5,25,Sí,3,2,1,No,NA,NA,NA,Sí,30,30,0,0,Sí,1,1,0,No,NA,978
2025,060302,CAJAMARCA,CELENDIN,CHUMUCH,Distrital,No,No,NA,NA,NA,No,NA,NA,NA,No,NA,NA,NA,No,NA,NA,NA,NA,No,NA,NA,NA,No,NA,0
2025,060303,CAJAMARCA,CELENDIN,CORTEGANA,Distrital,No,No,NA,NA,NA,No,NA,NA,NA,No,NA,NA,NA,No,NA,NA,NA,NA,No,NA,NA,NA,No,NA,0
2025,060304,CAJAMARCA,CELENDIN,HUASMIN,Distrital,No,No,NA,NA,NA,No,NA,NA,NA,No,NA,NA,NA,No,NA,NA,NA,NA,No,NA,NA,NA,No,NA,0
2025,060305,CAJAMARCA,CELENDIN,JORGE CHAVEZ,Distrital,No,No,NA,NA,NA,No,NA,NA,NA,No,NA,NA,NA,No,NA,NA,NA,NA,No,NA,NA,NA,No,NA,0
2025,060306,CAJAMARCA,CELENDIN,JOSE GALVEZ,Distrital,No,No,NA,NA,NA,No,NA,NA,NA,No,NA,NA,NA,No,NA,NA,NA,NA,No,NA,NA,NA,No,NA,0
2025,060307,CAJAMARCA,CELENDIN,MIGUEL IGLESIAS,Distrital,No,No,NA,NA,NA,No,NA,NA,NA,No,NA,NA,NA,No,NA,NA,NA,NA,No,NA,NA,NA,No,NA,0
2025,060308,CAJAMARCA,CELENDIN,OXAMARCA,Distrital,No,No,NA,NA,NA,No,NA,NA,NA,No,NA,NA,NA,No,NA,NA,NA,NA,No,NA,NA,NA,No,NA,0
2025,060309,CAJAMARCA,CELENDIN,SOROCHUCO,Distrital,Sí,Sí,4,2,2,No,NA,NA,NA,No,NA,NA,NA,No,NA,NA,NA,NA,No,NA,NA,NA,No,NA,22
2025,060310,CAJAMARCA,CELENDIN,SUCRE,Distrital,Sí,Sí,2,1,1,No,NA,NA,NA,No,NA,NA,NA,No,NA,NA,NA,NA,No,NA,NA,NA,No,NA,0
2025,060311,CAJAMARCA,CELENDIN,UTCO,Distrital,No,No,NA,NA,NA,No,NA,NA,NA,No,NA,NA,NA,No,NA,NA,NA,NA,No,NA,NA,NA,No,NA,0
2025,060312,CAJAMARCA,CELENDIN,LA LIBERTAD DE PALLAN,Distrital,No,No,NA,NA,NA,No,NA,NA,NA,No,NA,NA,NA,No,NA,NA,NA,NA,No,NA,NA,NA,No,NA,0
2025,060401,CAJAMARCA,CHOTA,CHOTA,Provincial,Sí,Sí,53,0,53,Sí,9,5,4,Sí,8,7,1,Sí,71,31,40,1,No,NA,NA,NA,Sí,20,527
2025,060402,CAJAMARCA,CHOTA,ANGUIA,Distrital,No,No,NA,NA,NA,No,NA,NA,NA,No,NA,NA,NA,No,NA,NA,NA,NA,No,NA,NA,NA,No,NA,0
2025,060403,CAJAMARCA,CHOTA,CHADIN,Distrital,No,No,NA,NA,NA,No,NA,NA,NA,No,NA,NA,NA,No,NA,NA,NA,NA,No,NA,NA,NA,No,NA,0
2025,060404,CAJAMARCA,CHOTA,CHIGUIRIP,Distrital,No,No,NA,NA,NA,No,NA,NA,NA,No,NA,NA,NA,No,NA,NA,NA,NA,No,NA,NA,NA,No,NA,0
2025,060405,CAJAMARCA,CHOTA,CHIMBAN,Distrital,No,No,NA,NA,NA,No,NA,NA,NA,No,NA,NA,NA,No,NA,NA,NA,NA,No,NA,NA,NA,No,NA,0
2025,060406,CAJAMARCA,CHOTA,CHOROPAMPA,Distrital,No,No,NA,NA,NA,No,NA,NA,NA,No,NA,NA,NA,No,NA,NA,NA,NA,No,NA,NA,NA,No,NA,0
2025,060407,CAJAMARCA,CHOTA,COCHABAMBA,Distrital,No,No,NA,NA,NA,No,NA,NA,NA,No,NA,NA,NA,No,NA,NA,NA,NA,No,NA,NA,NA,No,NA,0
2025,060408,CAJAMARCA,CHOTA,CONCHAN,Distrital,No,No,NA,NA,NA,No,NA,NA,NA,No,NA,NA,NA,No,NA,NA,NA,NA,No,NA,NA,NA,No,NA,0
2025,060409,CAJAMARCA,CHOTA,HUAMBOS,Distrital,Sí,Sí,4,0,4,No,NA,NA,NA,No,NA,NA,NA,No,NA,NA,NA,NA,No,NA,NA,NA,No,NA,14
2025,060410,CAJAMARCA,CHOTA,LAJAS,Distrital,Sí,Sí,4,0,4,No,NA,NA,NA,No,NA,NA,NA,No,NA,NA,NA,NA,No,NA,NA,NA,No,NA,6
2025,060411,CAJAMARCA,CHOTA,LLAMA,Distrital,No,No,NA,NA,NA,No,NA,NA,NA,No,NA,NA,NA,No,NA,NA,NA,NA,No,NA,NA,NA,No,NA,0
2025,060412,CAJAMARCA,CHOTA,MIRACOSTA,Distrital,No,No,NA,NA,NA,No,NA,NA,NA,No,NA,NA,NA,No,NA,NA,NA,NA,No,NA,NA,NA,No,NA,0
2025,060413,CAJAMARCA,CHOTA,PACCHA,Distrital,No,No,NA,NA,NA,No,NA,NA,NA,No,NA,NA,NA,No,NA,NA,NA,NA,No,NA,NA,NA,No,NA,0
2025,060414,CAJAMARCA,CHOTA,PION,Distrital,No,No,NA,NA,NA,No,NA,NA,NA,No,NA,NA,NA,No,NA,NA,NA,NA,No,NA,NA,NA,No,NA,0
2025,060415,CAJAMARCA,CHOTA,QUEROCOTO,Distrital,No,No,NA,NA,NA,No,NA,NA,NA,No,NA,NA,NA,No,NA,NA,NA,NA,No,NA,NA,NA,No,NA,0
2025,060416,CAJAMARCA,CHOTA,SAN JUAN DE LICUPIS,Distrital,No,No,NA,NA,NA,No,NA,NA,NA,No,NA,NA,NA,No,NA,NA,NA,NA,No,NA,NA,NA,No,NA,0
2025,060417,CAJAMARCA,CHOTA,TACABAMBA,Distrital,Sí,Sí,9,2,7,Sí,1,1,0,No,NA,NA,NA,Sí,6,6,0,0,No,NA,NA,NA,No,NA,0
2025,060418,CAJAMARCA,CHOTA,TOCMOCHE,Distrital,No,No,NA,NA,NA,No,NA,NA,NA,No,NA,NA,NA,Sí,5,5,0,0,No,NA,NA,NA,No,NA,0
2025,060419,CAJAMARCA,CHOTA,CHALAMARCA,Distrital,No,No,NA,NA,NA,No,NA,NA,NA,No,NA,NA,NA,No,NA,NA,NA,NA,No,NA,NA,NA,No,NA,0
2025,060501,CAJAMARCA,CONTUMAZA,CONTUMAZA,Provincial,Sí,Sí,6,0,6,Sí,1,1,0,Sí,2,2,0,Sí,7,7,0,0,Sí,1,1,0,Sí,6,18
2025,060502,CAJAMARCA,CONTUMAZA,CHILETE,Distrital,No,No,NA,NA,NA,No,NA,NA,NA,No,NA,NA,NA,No,NA,NA,NA,NA,No,NA,NA,NA,No,NA,0
2025,060503,CAJAMARCA,CONTUMAZA,CUPISNIQUE,Distrital,No,No,NA,NA,NA,No,NA,NA,NA,No,NA,NA,NA,No,NA,NA,NA,NA,No,NA,NA,NA,No,NA,0
2025,060504,CAJAMARCA,CONTUMAZA,GUZMANGO,Distrital,No,No,NA,NA,NA,No,NA,NA,NA,No,NA,NA,NA,No,NA,NA,NA,NA,No,NA,NA,NA,No,NA,0
2025,060505,CAJAMARCA,CONTUMAZA,SAN BENITO,Distrital,No,No,NA,NA,NA,No,NA,NA,NA,No,NA,NA,NA,Sí,2,2,0,2,No,NA,NA,NA,No,NA,0
2025,060506,CAJAMARCA,CONTUMAZA,SANTA CRUZ DE TOLED,Distrital,No,No,NA,NA,NA,Sí,1,1,0,No,NA,NA,NA,No,NA,NA,NA,NA,No,NA,NA,NA,No,NA,0
2025,060507,CAJAMARCA,CONTUMAZA,TANTARICA,Distrital,No,No,NA,NA,NA,No,NA,NA,NA,No,NA,NA,NA,No,NA,NA,NA,NA,No,NA,NA,NA,No,NA,0
2025,060508,CAJAMARCA,CONTUMAZA,YONAN,Distrital,Sí,Sí,3,0,3,No,NA,NA,NA,No,NA,NA,NA,No,NA,NA,NA,NA,No,NA,NA,NA,No,NA,4
2025,060601,CAJAMARCA,CUTERVO,CUTERVO,Provincial,Sí,Sí,96,36,60,Sí,2,2,0,Sí,7,7,0,Sí,32,28,4,28,Sí,1,1,0,No,NA,133
2025,060602,CAJAMARCA,CUTERVO,CALLAYUC,Distrital,Sí,Sí,1,0,1,No,NA,NA,NA,No,NA,NA,NA,Sí,2,2,0,0,Sí,1,1,0,No,NA,4
2025,060603,CAJAMARCA,CUTERVO,CHOROS,Distrital,No,No,NA,NA,NA,No,NA,NA,NA,No,NA,NA,NA,No,NA,NA,NA,NA,No,NA,NA,NA,No,NA,0
2025,060604,CAJAMARCA,CUTERVO,CUJILLO,Distrital,No,No,NA,NA,NA,No,NA,NA,NA,No,NA,NA,NA,No,NA,NA,NA,NA,No,NA,NA,NA,No,NA,0
2025,060605,CAJAMARCA,CUTERVO,LA RAMADA,Distrital,No,No,NA,NA,NA,No,NA,NA,NA,No,NA,NA,NA,No,NA,NA,NA,NA,No,NA,NA,NA,No,NA,0
2025,060606,CAJAMARCA,CUTERVO,PIMPINGOS,Distrital,No,No,NA,NA,NA,No,NA,NA,NA,No,NA,NA,NA,No,NA,NA,NA,NA,No,NA,NA,NA,No,NA,0
2025,060607,CAJAMARCA,CUTERVO,QUEROCOTILLO,Distrital,Sí,Sí,3,0,3,No,NA,NA,NA,No,NA,NA,NA,No,NA,NA,NA,NA,No,NA,NA,NA,No,NA,0
2025,060608,CAJAMARCA,CUTERVO,SAN ANDRES DE CUTERVO,Distrital,No,No,NA,NA,NA,No,NA,NA,NA,No,NA,NA,NA,No,NA,NA,NA,NA,No,NA,NA,NA,No,NA,1
2025,060609,CAJAMARCA,CUTERVO,SAN JUAN DE CUTERVO,Distrital,No,No,NA,NA,NA,No,NA,NA,NA,No,NA,NA,NA,No,NA,NA,NA,NA,No,NA,NA,NA,No,NA,0
2025,060610,CAJAMARCA,CUTERVO,SAN LUIS DE LUCMA,Distrital,Sí,Sí,6,0,6,No,NA,NA,NA,No,NA,NA,NA,No,NA,NA,NA,NA,No,NA,NA,NA,No,NA,1
2025,060611,CAJAMARCA,CUTERVO,SANTA CRUZ,Distrital,No,No,NA,NA,NA,No,NA,NA,NA,No,NA,NA,NA,No,NA,NA,NA,NA,No,NA,NA,NA,No,NA,3
2025,060612,CAJAMARCA,CUTERVO,SANTO DOMINGO DE LA CAPILLA,Distrital,Sí,No,NA,NA,NA,No,NA,NA,NA,No,NA,NA,NA,Sí,6,1,5,0,Sí,1,1,0,No,NA,5
2025,060613,CAJAMARCA,CUTERVO,SANTO TOMAS,Distrital,No,No,NA,NA,NA,No,NA,NA,NA,No,NA,NA,NA,No,NA,NA,NA,NA,No,NA,NA,NA,No,NA,0
2025,060614,CAJAMARCA,CUTERVO,SOCOTA,Distrital,No,No,NA,NA,NA,No,NA,NA,NA,No,NA,NA,NA,No,NA,NA,NA,NA,No,NA,NA,NA,No,NA,0
2025,060615,CAJAMARCA,CUTERVO,TORIBIO CASANOVA,Distrital,No,No,NA,NA,NA,No,NA,NA,NA,No,NA,NA,NA,No,NA,NA,NA,NA,No,NA,NA,NA,No,NA,0
2025,060701,CAJAMARCA,HUALGAYOC,BAMBAMARCA,Provincial,Sí,Sí,33,1,32,Sí,2,2,0,Sí,12,12,0,No,NA,NA,NA,NA,No,NA,NA,NA,Sí,12,601
2025,060702,CAJAMARCA,HUALGAYOC,CHUGUR,Distrital,No,No,NA,NA,NA,No,NA,NA,NA,No,NA,NA,NA,No,NA,NA,NA,NA,No,NA,NA,NA,No,NA,0
2025,060703,CAJAMARCA,HUALGAYOC,HUALGAYOC,Distrital,Sí,Sí,11,0,11,Sí,4,4,0,No,NA,NA,NA,No,NA,NA,NA,NA,No,NA,NA,NA,No,NA,31
2025,060801,CAJAMARCA,JAEN,JAEN,Provincial,Sí,Sí,85,20,65,Sí,5,5,0,Sí,34,34,0,Sí,75,75,0,0,Sí,1,1,0,No,NA,1506
2025,060802,CAJAMARCA,JAEN,BELLAVISTA,Distrital,Sí,Sí,6,3,3,Sí,1,1,0,Sí,4,4,0,Sí,12,12,0,0,Sí,1,1,0,No,NA,39
2025,060803,CAJAMARCA,JAEN,CHONTALI,Distrital,No,No,NA,NA,NA,No,NA,NA,NA,No,NA,NA,NA,No,NA,NA,NA,NA,No,NA,NA,NA,No,NA,0
2025,060804,CAJAMARCA,JAEN,COLASAY,Distrital,No,No,NA,NA,NA,No,NA,NA,NA,No,NA,NA,NA,No,NA,NA,NA,NA,No,NA,NA,NA,No,NA,0
2025,060805,CAJAMARCA,JAEN,HUABAL,Distrital,No,No,NA,NA,NA,No,NA,NA,NA,No,NA,NA,NA,No,NA,NA,NA,NA,No,NA,NA,NA,No,NA,0
2025,060806,CAJAMARCA,JAEN,LAS PIRIAS,Distrital,No,No,NA,NA,NA,No,NA,NA,NA,No,NA,NA,NA,No,NA,NA,NA,NA,No,NA,NA,NA,No,NA,0
2025,060807,CAJAMARCA,JAEN,POMAHUACA,Distrital,Sí,Sí,4,0,4,No,NA,NA,NA,No,NA,NA,NA,Sí,4,4,0,0,No,NA,NA,NA,No,NA,1
2025,060808,CAJAMARCA,JAEN,PUCARA,Distrital,Sí,Sí,2,0,2,No,NA,NA,NA,Sí,3,3,0,Sí,5,5,0,0,Sí,1,1,0,No,NA,10
2025,060809,CAJAMARCA,JAEN,SALLIQUE,Distrital,No,No,NA,NA,NA,No,NA,NA,NA,No,NA,NA,NA,No,NA,NA,NA,NA,No,NA,NA,NA,No,NA,0
2025,060810,CAJAMARCA,JAEN,SAN FELIPE,Distrital,No,No,NA,NA,NA,No,NA,NA,NA,No,NA,NA,NA,No,NA,NA,NA,NA,No,NA,NA,NA,No,NA,0
2025,060811,CAJAMARCA,JAEN,SAN JOSE DEL ALTO,Distrital,No,No,NA,NA,NA,Sí,1,1,0,No,NA,NA,NA,Sí,4,4,0,0,No,NA,NA,NA,No,NA,0
2025,060812,CAJAMARCA,JAEN,SANTA ROSA,Distrital,Sí,Sí,1,0,1,No,NA,NA,NA,No,NA,NA,NA,No,NA,NA,NA,NA,No,NA,NA,NA,No,NA,1
2025,060901,CAJAMARCA,SAN IGNACIO,SAN IGNACIO,Provincial,Sí,Sí,16,0,16,Sí,1,1,0,Sí,4,4,0,Sí,23,23,0,0,No,NA,NA,NA,No,NA,192
2025,060902,CAJAMARCA,SAN IGNACIO,CHIRINOS,Distrital,Sí,Sí,11,2,9,Sí,1,1,0,No,NA,NA,NA,No,NA,NA,NA,NA,No,NA,NA,NA,No,NA,52
2025,060903,CAJAMARCA,SAN IGNACIO,HUARANGO,Distrital,Sí,Sí,7,2,5,No,NA,NA,NA,No,NA,NA,NA,No,NA,NA,NA,NA,No,NA,NA,NA,No,NA,18
2025,060904,CAJAMARCA,SAN IGNACIO,LA COIPA,Distrital,Sí,Sí,20,10,10,Sí,1,1,0,No,NA,NA,NA,Sí,9,9,0,0,Sí,1,1,0,No,NA,23
2025,060905,CAJAMARCA,SAN IGNACIO,NAMBALLE,Distrital,Sí,Sí,4,1,3,No,NA,NA,NA,No,NA,NA,NA,No,NA,NA,NA,NA,No,NA,NA,NA,No,NA,8
2025,060906,CAJAMARCA,SAN IGNACIO,SAN JOSE DE LOURDES,Distrital,Sí,Sí,5,0,5,No,NA,NA,NA,No,NA,NA,NA,Sí,5,5,0,2,Sí,1,1,0,No,NA,15
2025,060907,CAJAMARCA,SAN IGNACIO,TABACONAS,Distrital,Sí,Sí,7,0,7,Sí,1,1,0,Sí,2,2,0,No,NA,NA,NA,NA,No,NA,NA,NA,No,NA,100
2025,061001,CAJAMARCA,SAN MARCOS,PEDRO GALVEZ,Provincial,Sí,Sí,9,1,8,Sí,1,1,0,No,NA,NA,NA,No,NA,NA,NA,NA,No,NA,NA,NA,No,NA,63
2025,061002,CAJAMARCA,SAN MARCOS,CHANCAY,Distrital,No,No,NA,NA,NA,No,NA,NA,NA,No,NA,NA,NA,No,NA,NA,NA,NA,No,NA,NA,NA,No,NA,0
2025,061003,CAJAMARCA,SAN MARCOS,EDUARDO VILLANUEVA,Distrital,No,No,NA,NA,NA,Sí,1,0,1,No,NA,NA,NA,Sí,6,6,0,0,No,NA,NA,NA,No,NA,0
2025,061004,CAJAMARCA,SAN MARCOS,GREGORIO PITA,Distrital,No,No,NA,NA,NA,No,NA,NA,NA,No,NA,NA,NA,No,NA,NA,NA,NA,No,NA,NA,NA,No,NA,0
2025,061005,CAJAMARCA,SAN MARCOS,ICHOCAN,Distrital,No,No,NA,NA,NA,No,NA,NA,NA,No,NA,NA,NA,No,NA,NA,NA,NA,No,NA,NA,NA,No,NA,0
2025,061006,CAJAMARCA,SAN MARCOS,JOSE MANUEL QUIROZ,Distrital,No,No,NA,NA,NA,No,NA,NA,NA,No,NA,NA,NA,No,NA,NA,NA,NA,No,NA,NA,NA,No,NA,0
2025,061007,CAJAMARCA,SAN MARCOS,JOSE SABOGAL,Distrital,Sí,Sí,4,1,3,No,NA,NA,NA,No,NA,NA,NA,No,NA,NA,NA,NA,No,NA,NA,NA,No,NA,6
2025,061101,CAJAMARCA,SAN MIGUEL,SAN MIGUEL,Provincial,Sí,Sí,28,1,27,Sí,2,2,0,Sí,1,1,0,Sí,23,18,5,0,Sí,1,1,0,No,NA,426
2025,061102,CAJAMARCA,SAN MIGUEL,BOLIVAR,Distrital,Sí,Sí,1,0,1,No,NA,NA,NA,No,NA,NA,NA,No,NA,NA,NA,NA,No,NA,NA,NA,No,NA,0
2025,061103,CAJAMARCA,SAN MIGUEL,CALQUIS,Distrital,Sí,Sí,4,0,4,No,NA,NA,NA,No,NA,NA,NA,No,NA,NA,NA,NA,No,NA,NA,NA,No,NA,0
2025,061104,CAJAMARCA,SAN MIGUEL,CATILLUC,Distrital,No,No,NA,NA,NA,No,NA,NA,NA,No,NA,NA,NA,No,NA,NA,NA,NA,No,NA,NA,NA,No,NA,0
2025,061105,CAJAMARCA,SAN MIGUEL,EL PRADO,Distrital,No,No,NA,NA,NA,No,NA,NA,NA,No,NA,NA,NA,No,NA,NA,NA,NA,No,NA,NA,NA,No,NA,0
2025,061106,CAJAMARCA,SAN MIGUEL,LA FLORIDA,Distrital,No,No,NA,NA,NA,No,NA,NA,NA,No,NA,NA,NA,No,NA,NA,NA,NA,No,NA,NA,NA,No,NA,0
2025,061107,CAJAMARCA,SAN MIGUEL,LLAPA,Distrital,Sí,Sí,2,0,2,No,NA,NA,NA,No,NA,NA,NA,Sí,4,4,0,0,No,NA,NA,NA,Sí,12,1
2025,061108,CAJAMARCA,SAN MIGUEL,NANCHOC,Distrital,No,No,NA,NA,NA,No,NA,NA,NA,No,NA,NA,NA,No,NA,NA,NA,NA,No,NA,NA,NA,No,NA,0
2025,061109,CAJAMARCA,SAN MIGUEL,NIEPOS,Distrital,No,No,NA,NA,NA,No,NA,NA,NA,No,NA,NA,NA,No,NA,NA,NA,NA,No,NA,NA,NA,No,NA,0
2025,061110,CAJAMARCA,SAN MIGUEL,SAN GREGORIO,Distrital,Sí,Sí,5,1,4,No,NA,NA,NA,No,NA,NA,NA,No,NA,NA,NA,NA,No,NA,NA,NA,No,NA,1
2025,061111,CAJAMARCA,SAN MIGUEL,SAN SILVESTRE DE COCHAN,Distrital,No,No,NA,NA,NA,No,NA,NA,NA,No,NA,NA,NA,No,NA,NA,NA,NA,No,NA,NA,NA,No,NA,0
2025,061112,CAJAMARCA,SAN MIGUEL,TONGOD,Distrital,Sí,Sí,1,0,1,No,NA,NA,NA,No,NA,NA,NA,Sí,1,1,0,0,Sí,1,1,0,No,NA,0
2025,061113,CAJAMARCA,SAN MIGUEL,UNION AGUA BLANCA,Distrital,No,No,NA,NA,NA,No,NA,NA,NA,No,NA,NA,NA,No,NA,NA,NA,NA,No,NA,NA,NA,No,NA,0
2025,061201,CAJAMARCA,SAN PABLO,SAN PABLO,Provincial,Sí,Sí,5,1,4,No,NA,NA,NA,No,NA,NA,NA,Sí,3,3,0,1,Sí,1,1,0,No,NA,174
2025,061202,CAJAMARCA,SAN PABLO,SAN BERNARDINO,Distrital,No,No,NA,NA,NA,No,NA,NA,NA,No,NA,NA,NA,No,NA,NA,NA,NA,No,NA,NA,NA,No,NA,0
2025,061203,CAJAMARCA,SAN PABLO,SAN LUIS,Distrital,No,No,NA,NA,NA,No,NA,NA,NA,No,NA,NA,NA,No,NA,NA,NA,NA,No,NA,NA,NA,No,NA,0
2025,061204,CAJAMARCA,SAN PABLO,TUMBADEN,Distrital,No,No,NA,NA,NA,No,NA,NA,NA,No,NA,NA,NA,No,NA,NA,NA,NA,No,NA,NA,NA,No,NA,0
2025,061301,CAJAMARCA,SANTA CRUZ,SANTA CRUZ,Provincial,Sí,Sí,8,0,8,Sí,1,1,0,No,NA,NA,NA,No,NA,NA,NA,NA,No,NA,NA,NA,No,NA,47
2025,061302,CAJAMARCA,SANTA CRUZ,ANDABAMBA,Distrital,No,No,NA,NA,NA,No,NA,NA,NA,No,NA,NA,NA,Sí,5,3,2,0,No,NA,NA,NA,No,NA,0
2025,061303,CAJAMARCA,SANTA CRUZ,CATACHE,Distrital,No,No,NA,NA,NA,No,NA,NA,NA,No,NA,NA,NA,No,NA,NA,NA,NA,No,NA,NA,NA,No,NA,0
2025,061304,CAJAMARCA,SANTA CRUZ,CHANCAYBAÑOS,Distrital,No,No,NA,NA,NA,No,NA,NA,NA,No,NA,NA,NA,No,NA,NA,NA,NA,No,NA,NA,NA,No,NA,0
2025,061305,CAJAMARCA,SANTA CRUZ,LA ESPERANZA,Distrital,Sí,Sí,4,0,4,No,NA,NA,NA,No,NA,NA,NA,No,NA,NA,NA,NA,No,NA,NA,NA,No,NA,3
2025,061306,CAJAMARCA,SANTA CRUZ,NINABAMBA,Distrital,No,No,NA,NA,NA,No,NA,NA,NA,No,NA,NA,NA,No,NA,NA,NA,NA,No,NA,NA,NA,No,NA,0
2025,061307,CAJAMARCA,SANTA CRUZ,PULAN,Distrital,No,No,NA,NA,NA,No,NA,NA,NA,No,NA,NA,NA,No,NA,NA,NA,NA,No,NA,NA,NA,No,NA,0
2025,061308,CAJAMARCA,SANTA CRUZ,SAUCEPAMPA,Distrital,No,No,NA,NA,NA,No,NA,NA,NA,No,NA,NA,NA,No,NA,NA,NA,NA,No,NA,NA,NA,No,NA,0
2025,061309,CAJAMARCA,SANTA CRUZ,SEXI,Distrital,No,No,NA,NA,NA,No,NA,NA,NA,No,NA,NA,NA,No,NA,NA,NA,NA,No,NA,NA,NA,No,NA,0
2025,061310,CAJAMARCA,SANTA CRUZ,UTICYACU,Distrital,No,No,NA,NA,NA,Sí,1,1,0,No,NA,NA,NA,No,NA,NA,NA,NA,No,NA,NA,NA,No,NA,0
2025,061311,CAJAMARCA,SANTA CRUZ,YAUYUCAN,Distrital,No,No,NA,NA,NA,Sí,1,1,0,No,NA,NA,NA,No,NA,NA,NA,NA,No,NA,NA,NA,No,NA,0
2025,070101,CALLAO,CALLAO,CALLAO,Provincial,Sí,Sí,590,145,445,Sí,71,53,18,Sí,206,199,7,Sí,30,30,0,0,Sí,1,1,0,Sí,200,14242
2025,070102,CALLAO,CALLAO,BELLAVISTA,Distrital,Sí,Sí,190,79,111,Sí,8,6,2,Sí,80,78,2,Sí,210,157,53,0,Sí,1,1,0,No,NA,513
2025,070103,CALLAO,CALLAO,CARMEN DE LA LEGUA REYNOSO,Distrital,Sí,Sí,102,24,78,Sí,9,5,4,Sí,80,80,0,Sí,40,26,14,0,Sí,1,1,0,No,NA,9180
2025,070104,CALLAO,CALLAO,LA PERLA,Distrital,Sí,Sí,226,66,160,Sí,11,10,1,Sí,50,50,0,Sí,132,94,38,0,Sí,1,1,0,Sí,10,697
2025,070105,CALLAO,CALLAO,LA PUNTA,Distrital,Sí,Sí,72,17,55,Sí,3,3,0,Sí,77,72,5,Sí,24,21,3,0,Sí,1,1,0,Sí,6,284
2025,070106,CALLAO,CALLAO,VENTANILLA,Distrital,Sí,Sí,448,124,324,Sí,44,42,2,Sí,83,69,14,Sí,701,501,200,0,Sí,3,3,0,Sí,449,71413
2025,070107,CALLAO,CALLAO,MI PERÚ,Distrital,Sí,Sí,146,86,60,Sí,7,7,0,Sí,30,30,0,Sí,55,55,0,55,Sí,1,1,0,No,NA,6243
2025,080101,CUSCO,CUSCO,CUSCO,Provincial,Sí,Sí,190,74,116,Sí,20,19,1,Sí,120,120,0,Sí,158,151,7,64,Sí,1,1,0,Sí,55,2619
2025,080102,CUSCO,CUSCO,CCORCA,Distrital,Sí,Sí,2,0,2,Sí,1,1,0,No,NA,NA,NA,No,NA,NA,NA,NA,No,NA,NA,NA,No,NA,20
2025,080103,CUSCO,CUSCO,POROY,Distrital,Sí,Sí,18,5,13,Sí,2,2,0,No,NA,NA,NA,Sí,35,35,0,0,Sí,1,1,0,No,NA,104
2025,080104,CUSCO,CUSCO,SAN JERONIMO,Distrital,Sí,Sí,51,7,44,Sí,7,6,1,Sí,27,22,5,Sí,28,24,4,0,Sí,1,1,0,No,NA,835
2025,080105,CUSCO,CUSCO,SAN SEBASTIAN,Distrital,Sí,Sí,140,25,115,Sí,10,10,0,Sí,210,210,0,Sí,13,13,0,13,Sí,1,1,0,Sí,100,189
2025,080106,CUSCO,CUSCO,SANTIAGO,Distrital,Sí,Sí,69,5,64,Sí,10,8,2,Sí,15,14,1,Sí,129,109,20,0,Sí,1,1,0,No,NA,158
2025,080107,CUSCO,CUSCO,SAYLLA,Distrital,Sí,Sí,7,1,6,Sí,1,1,0,No,NA,NA,NA,Sí,17,17,0,0,Sí,1,1,0,No,NA,146
2025,080108,CUSCO,CUSCO,WANCHAQ,Distrital,Sí,Sí,54,9,45,Sí,10,10,0,Sí,30,30,0,No,NA,NA,NA,NA,No,NA,NA,NA,No,NA,5192
2025,080201,CUSCO,ACOMAYO,ACOMAYO,Provincial,Sí,Sí,4,0,4,Sí,1,1,0,No,NA,NA,NA,No,NA,NA,NA,NA,No,NA,NA,NA,No,NA,4
2025,080202,CUSCO,ACOMAYO,ACOPIA,Distrital,Sí,Sí,5,2,3,No,NA,NA,NA,No,NA,NA,NA,No,NA,NA,NA,NA,No,NA,NA,NA,No,NA,10
2025,080203,CUSCO,ACOMAYO,ACOS,Distrital,Sí,Sí,3,2,1,No,NA,NA,NA,No,NA,NA,NA,No,NA,NA,NA,NA,No,NA,NA,NA,No,NA,7
2025,080204,CUSCO,ACOMAYO,MOSOC LLACTA,Distrital,Sí,Sí,11,2,9,Sí,1,1,0,Sí,1,0,1,No,NA,NA,NA,NA,No,NA,NA,NA,No,NA,4
2025,080205,CUSCO,ACOMAYO,POMACANCHI,Distrital,Sí,Sí,10,0,10,Sí,1,1,0,No,NA,NA,NA,No,NA,NA,NA,NA,No,NA,NA,NA,No,NA,32
2025,080206,CUSCO,ACOMAYO,RONDOCAN,Distrital,Sí,Sí,3,0,3,No,NA,NA,NA,No,NA,NA,NA,No,NA,NA,NA,NA,No,NA,NA,NA,No,NA,19
2025,080207,CUSCO,ACOMAYO,SANGARARA,Distrital,Sí,No,NA,NA,NA,Sí,1,1,0,No,NA,NA,NA,No,NA,NA,NA,NA,No,NA,NA,NA,No,NA,51
2025,080301,CUSCO,ANTA,ANTA,Provincial,Sí,Sí,35,12,23,Sí,2,2,0,No,NA,NA,NA,Sí,21,17,4,0,Sí,1,1,0,No,NA,133
2025,080302,CUSCO,ANTA,ANCAHUASI,Distrital,Sí,Sí,8,1,7,Sí,1,1,0,No,NA,NA,NA,No,NA,NA,NA,NA,No,NA,NA,NA,No,NA,19
2025,080303,CUSCO,ANTA,CACHIMAYO,Distrital,Sí,Sí,3,0,3,Sí,2,1,1,No,NA,NA,NA,Sí,8,4,4,0,Sí,1,1,0,No,NA,5
2025,080304,CUSCO,ANTA,CHINCHAYPUJIO,Distrital,Sí,Sí,7,1,6,Sí,1,1,0,Sí,4,4,0,No,NA,NA,NA,NA,No,NA,NA,NA,No,NA,11
2025,080305,CUSCO,ANTA,HUAROCONDO,Distrital,Sí,Sí,7,1,6,Sí,4,3,1,Sí,4,0,4,Sí,9,2,7,0,Sí,1,1,0,No,NA,44
2025,080306,CUSCO,ANTA,LIMATAMBO,Distrital,Sí,Sí,6,1,5,No,NA,NA,NA,Sí,9,7,2,Sí,21,17,4,0,Sí,1,1,0,No,NA,42
2025,080307,CUSCO,ANTA,MOLLEPATA,Distrital,Sí,Sí,4,1,3,Sí,2,1,1,No,NA,NA,NA,No,NA,NA,NA,NA,No,NA,NA,NA,No,NA,73
2025,080308,CUSCO,ANTA,PUCYURA,Distrital,Sí,Sí,4,0,4,Sí,2,2,0,No,NA,NA,NA,Sí,3,3,0,0,No,NA,NA,NA,No,NA,9
2025,080309,CUSCO,ANTA,ZURITE,Distrital,Sí,Sí,7,2,5,Sí,1,1,0,No,NA,NA,NA,No,NA,NA,NA,NA,No,NA,NA,NA,No,NA,39
2025,080401,CUSCO,CALCA,CALCA,Provincial,Sí,Sí,33,14,19,Sí,2,1,1,Sí,20,19,1,Sí,16,5,11,0,Sí,1,1,0,Sí,1,1326
2025,080402,CUSCO,CALCA,COYA,Distrital,Sí,Sí,9,1,8,Sí,1,1,0,No,NA,NA,NA,Sí,6,6,0,0,Sí,1,1,0,No,NA,85
2025,080403,CUSCO,CALCA,LAMAY,Distrital,Sí,Sí,6,1,5,Sí,1,1,0,Sí,3,3,0,No,NA,NA,NA,NA,No,NA,NA,NA,No,NA,36
2025,080404,CUSCO,CALCA,LARES,Distrital,Sí,Sí,10,1,9,Sí,1,1,0,No,NA,NA,NA,Sí,4,4,0,0,No,NA,NA,NA,No,NA,16
2025,080405,CUSCO,CALCA,PISAC,Distrital,Sí,Sí,23,2,21,Sí,2,2,0,Sí,35,35,0,Sí,23,23,0,0,Sí,1,1,0,No,NA,57
2025,080406,CUSCO,CALCA,SAN SALVADOR,Distrital,Sí,Sí,3,1,2,Sí,1,1,0,No,NA,NA,NA,Sí,10,8,2,0,Sí,1,1,0,No,NA,16
2025,080407,CUSCO,CALCA,TARAY,Distrital,Sí,Sí,7,1,6,Sí,1,1,0,No,NA,NA,NA,Sí,7,7,0,0,Sí,1,1,0,No,NA,12
2025,080408,CUSCO,CALCA,YANATILE,Distrital,Sí,Sí,6,4,2,Sí,2,1,1,Sí,5,5,0,Sí,16,8,8,8,No,NA,NA,NA,No,NA,44
2025,080501,CUSCO,CANAS,YANAOCA,Provincial,Sí,Sí,10,1,9,Sí,2,1,1,No,NA,NA,NA,No,NA,NA,NA,NA,No,NA,NA,NA,No,NA,37
2025,080502,CUSCO,CANAS,CHECCA,Distrital,Sí,Sí,10,0,10,Sí,1,1,0,Sí,4,2,2,No,NA,NA,NA,NA,No,NA,NA,NA,No,NA,56
2025,080503,CUSCO,CANAS,KUNTURKANKI,Distrital,No,No,NA,NA,NA,No,NA,NA,NA,No,NA,NA,NA,No,NA,NA,NA,NA,No,NA,NA,NA,No,NA,10
2025,080504,CUSCO,CANAS,LANGUI,Distrital,Sí,Sí,2,0,2,Sí,1,1,0,No,NA,NA,NA,No,NA,NA,NA,NA,No,NA,NA,NA,No,NA,10
2025,080505,CUSCO,CANAS,LAYO,Distrital,Sí,Sí,11,1,10,Sí,1,1,0,No,NA,NA,NA,No,NA,NA,NA,NA,No,NA,NA,NA,No,NA,1
2025,080506,CUSCO,CANAS,PAMPAMARCA,Distrital,Sí,Sí,11,3,8,Sí,1,1,0,No,NA,NA,NA,No,NA,NA,NA,NA,No,NA,NA,NA,No,NA,5
2025,080507,CUSCO,CANAS,QUEHUE,Distrital,Sí,Sí,5,1,4,Sí,1,1,0,No,NA,NA,NA,No,NA,NA,NA,NA,No,NA,NA,NA,No,NA,63
2025,080508,CUSCO,CANAS,TUPAC AMARU,Distrital,Sí,Sí,3,0,3,Sí,1,1,0,No,NA,NA,NA,No,NA,NA,NA,NA,No,NA,NA,NA,Sí,6,2
2025,080601,CUSCO,CANCHIS,SICUANI,Provincial,Sí,Sí,60,15,45,Sí,5,5,0,Sí,20,20,0,Sí,36,36,0,36,Sí,1,1,0,Sí,4,480
2025,080602,CUSCO,CANCHIS,CHECACUPE,Distrital,Sí,Sí,16,4,12,Sí,2,1,1,Sí,8,4,4,No,NA,NA,NA,NA,No,NA,NA,NA,Sí,20,18
2025,080603,CUSCO,CANCHIS,COMBAPATA,Distrital,Sí,Sí,10,0,10,No,NA,NA,NA,Sí,8,6,2,Sí,8,6,2,0,Sí,1,1,0,No,NA,66
2025,080604,CUSCO,CANCHIS,MARANGANI,Distrital,Sí,Sí,13,4,9,Sí,1,1,0,Sí,1,0,1,No,NA,NA,NA,NA,No,NA,NA,NA,No,NA,127
2025,080605,CUSCO,CANCHIS,PITUMARCA,Distrital,Sí,Sí,16,2,14,Sí,2,1,1,No,NA,NA,NA,No,NA,NA,NA,NA,No,NA,NA,NA,No,NA,102
2025,080606,CUSCO,CANCHIS,SAN PABLO,Distrital,Sí,Sí,12,4,8,Sí,1,1,0,No,NA,NA,NA,Sí,5,5,0,0,Sí,1,1,0,No,NA,15
2025,080607,CUSCO,CANCHIS,SAN PEDRO,Distrital,Sí,Sí,6,1,5,Sí,1,1,0,Sí,6,6,0,Sí,12,12,0,0,Sí,1,1,0,No,NA,18
2025,080608,CUSCO,CANCHIS,TINTA,Distrital,Sí,Sí,9,0,9,Sí,1,1,0,No,NA,NA,NA,Sí,20,17,3,0,No,NA,NA,NA,No,NA,3
2025,080701,CUSCO,CHUMBIVILCAS,SANTO TOMAS,Provincial,Sí,Sí,28,3,25,Sí,2,2,0,No,NA,NA,NA,Sí,18,14,4,0,Sí,1,1,0,Sí,10,258
2025,080702,CUSCO,CHUMBIVILCAS,CAPACMARCA,Distrital,Sí,Sí,8,1,7,No,NA,NA,NA,Sí,4,4,0,No,NA,NA,NA,NA,No,NA,NA,NA,No,NA,189
2025,080703,CUSCO,CHUMBIVILCAS,CHAMACA,Distrital,Sí,Sí,10,2,8,Sí,1,1,0,No,NA,NA,NA,No,NA,NA,NA,NA,No,NA,NA,NA,No,NA,66
2025,080704,CUSCO,CHUMBIVILCAS,COLQUEMARCA,Distrital,Sí,Sí,18,6,12,Sí,1,1,0,No,NA,NA,NA,Sí,3,3,0,0,Sí,1,1,0,No,NA,36
2025,080705,CUSCO,CHUMBIVILCAS,LIVITACA,Distrital,Sí,Sí,13,4,9,Sí,1,1,0,No,NA,NA,NA,Sí,9,7,2,0,Sí,1,1,0,No,NA,122
2025,080706,CUSCO,CHUMBIVILCAS,LLUSCO,Distrital,Sí,Sí,13,4,9,Sí,1,1,0,No,NA,NA,NA,No,NA,NA,NA,NA,No,NA,NA,NA,No,NA,4
2025,080707,CUSCO,CHUMBIVILCAS,QUIÑOTA,Distrital,Sí,Sí,5,0,5,Sí,1,1,0,No,NA,NA,NA,No,NA,NA,NA,NA,No,NA,NA,NA,No,NA,3
2025,080708,CUSCO,CHUMBIVILCAS,VELILLE,Distrital,Sí,Sí,12,4,8,Sí,2,1,1,Sí,3,3,0,No,NA,NA,NA,NA,No,NA,NA,NA,No,NA,41
2025,080801,CUSCO,ESPINAR,ESPINAR,Provincial,Sí,Sí,90,35,55,Sí,6,4,2,Sí,12,4,8,Sí,57,43,14,43,Sí,1,1,0,Sí,12,415
2025,080802,CUSCO,ESPINAR,CONDOROMA,Distrital,Sí,Sí,5,0,5,Sí,1,1,0,No,NA,NA,NA,No,NA,NA,NA,NA,No,NA,NA,NA,No,NA,29
2025,080803,CUSCO,ESPINAR,COPORAQUE,Distrital,Sí,Sí,21,2,19,Sí,1,1,0,No,NA,NA,NA,No,NA,NA,NA,NA,No,NA,NA,NA,No,NA,43
2025,080804,CUSCO,ESPINAR,OCORURO,Distrital,Sí,Sí,6,0,6,Sí,1,1,0,No,NA,NA,NA,No,NA,NA,NA,NA,No,NA,NA,NA,No,NA,16
2025,080805,CUSCO,ESPINAR,PALLPATA,Distrital,Sí,Sí,15,3,12,No,NA,NA,NA,No,NA,NA,NA,No,NA,NA,NA,NA,No,NA,NA,NA,No,NA,25
2025,080806,CUSCO,ESPINAR,PICHIGUA,Distrital,No,No,NA,NA,NA,Sí,1,1,0,No,NA,NA,NA,No,NA,NA,NA,NA,No,NA,NA,NA,No,NA,42
2025,080807,CUSCO,ESPINAR,SUYCKUTAMBO,Distrital,Sí,Sí,2,1,1,Sí,1,1,0,No,NA,NA,NA,Sí,6,3,3,0,Sí,1,1,0,No,NA,3
2025,080808,CUSCO,ESPINAR,ALTO PICHIGUA,Distrital,Sí,Sí,3,0,3,No,NA,NA,NA,No,NA,NA,NA,No,NA,NA,NA,NA,No,NA,NA,NA,No,NA,7
2025,080901,CUSCO,LA CONVENCION,SANTA ANA,Provincial,Sí,Sí,30,5,25,Sí,3,2,1,Sí,15,15,0,Sí,30,6,24,0,Sí,1,1,0,No,NA,1570
2025,080902,CUSCO,LA CONVENCION,ECHARATE,Distrital,Sí,Sí,35,7,28,Sí,4,4,0,Sí,16,16,0,Sí,20,20,0,0,Sí,4,4,0,Sí,10,176
2025,080903,CUSCO,LA CONVENCION,HUAYOPATA,Distrital,Sí,Sí,3,1,2,Sí,1,1,0,No,NA,NA,NA,No,NA,NA,NA,NA,No,NA,NA,NA,No,NA,11
2025,080904,CUSCO,LA CONVENCION,MARANURA,Distrital,Sí,Sí,4,0,4,Sí,1,1,0,Sí,8,8,0,No,NA,NA,NA,NA,No,NA,NA,NA,No,NA,39
2025,080905,CUSCO,LA CONVENCION,OCOBAMBA,Distrital,Sí,Sí,6,0,6,Sí,3,3,0,No,NA,NA,NA,No,NA,NA,NA,NA,No,NA,NA,NA,No,NA,7
2025,080906,CUSCO,LA CONVENCION,QUELLOUNO,Distrital,Sí,Sí,47,4,43,Sí,1,1,0,Sí,90,90,0,Sí,6,6,0,0,Sí,1,1,0,No,NA,82
2025,080907,CUSCO,LA CONVENCION,KIMBIRI,Distrital,Sí,Sí,12,3,9,Sí,2,2,0,Sí,10,8,2,Sí,20,18,2,0,Sí,2,1,1,Sí,5,254
2025,080908,CUSCO,LA CONVENCION,SANTA TERESA,Distrital,Sí,Sí,12,2,10,Sí,1,1,0,Sí,12,12,0,Sí,27,27,0,0,Sí,1,1,0,No,NA,38
2025,080909,CUSCO,LA CONVENCION,VILCABAMBA,Distrital,Sí,Sí,16,1,15,Sí,2,2,0,Sí,20,10,10,No,NA,NA,NA,NA,No,NA,NA,NA,No,NA,17
2025,080910,CUSCO,LA CONVENCION,PICHARI,Distrital,Sí,Sí,48,9,39,Sí,3,3,0,Sí,15,15,0,Sí,42,42,0,0,Sí,1,1,0,No,NA,1085
2025,080911,CUSCO,LA CONVENCION,INKAWASI,Distrital,Sí,Sí,4,0,4,Sí,1,1,0,No,NA,NA,NA,No,NA,NA,NA,NA,No,NA,NA,NA,No,NA,166
2025,080912,CUSCO,LA CONVENCION,VILLA VIRGEN,Distrital,Sí,Sí,6,0,6,Sí,1,1,0,No,NA,NA,NA,No,NA,NA,NA,NA,No,NA,NA,NA,No,NA,13
2025,080913,CUSCO,LA CONVENCION,VILLA KINTIARINA,Distrital,Sí,Sí,10,1,9,Sí,1,1,0,Sí,7,4,3,No,NA,NA,NA,NA,No,NA,NA,NA,Sí,3,177
2025,080914,CUSCO,LA CONVENCION,MEGANTONI,Distrital,Sí,Sí,55,5,50,No,NA,NA,NA,No,NA,NA,NA,No,NA,NA,NA,NA,No,NA,NA,NA,No,NA,126
2025,080915,CUSCO,LA CONVENCION,KUMPIRUSHIATO,Distrital,Sí,Sí,12,2,10,Sí,2,2,0,No,NA,NA,NA,Sí,7,7,0,0,Sí,1,1,0,No,NA,114
2025,080916,CUSCO,LA CONVENCION,CIELO PUNCO,Distrital,Sí,Sí,9,4,5,Sí,1,1,0,No,NA,NA,NA,Sí,3,3,0,0,Sí,1,1,0,No,NA,55
2025,080917,CUSCO,LA CONVENCION,MANITEA,Distrital,Sí,Sí,12,3,9,No,NA,NA,NA,No,NA,NA,NA,No,NA,NA,NA,NA,No,NA,NA,NA,Sí,12,129
2025,080918,CUSCO,LA CONVENCION,UNION ASHANINKA,Distrital,Sí,Sí,43,6,37,Sí,1,1,0,Sí,10,10,0,No,NA,NA,NA,NA,No,NA,NA,NA,Sí,8,27
2025,081001,CUSCO,PARURO,PARURO,Provincial,No,Sí,1,0,1,No,NA,NA,NA,No,NA,NA,NA,Sí,8,8,0,0,No,NA,NA,NA,No,NA,0
2025,081002,CUSCO,PARURO,ACCHA,Distrital,Sí,Sí,3,0,3,No,NA,NA,NA,No,NA,NA,NA,Sí,10,6,4,0,Sí,2,1,1,Sí,2,92
2025,081003,CUSCO,PARURO,CCAPI,Distrital,Sí,Sí,1,0,1,No,NA,NA,NA,No,NA,NA,NA,No,NA,NA,NA,NA,No,NA,NA,NA,No,NA,0
2025,081004,CUSCO,PARURO,COLCHA,Distrital,No,No,NA,NA,NA,No,NA,NA,NA,No,NA,NA,NA,No,NA,NA,NA,NA,No,NA,NA,NA,No,NA,0
2025,081005,CUSCO,PARURO,HUANOQUITE,Distrital,Sí,Sí,14,2,12,Sí,1,1,0,No,NA,NA,NA,Sí,16,9,7,9,Sí,1,1,0,No,NA,90
2025,081006,CUSCO,PARURO,OMACHA,Distrital,Sí,Sí,4,0,4,Sí,1,1,0,Sí,2,2,0,Sí,7,6,1,0,No,NA,NA,NA,No,NA,36
2025,081007,CUSCO,PARURO,PACCARITAMBO,Distrital,No,No,NA,NA,NA,No,NA,NA,NA,No,NA,NA,NA,No,NA,NA,NA,NA,No,NA,NA,NA,No,NA,0
2025,081008,CUSCO,PARURO,PILLPINTO,Distrital,Sí,Sí,2,0,2,Sí,2,2,0,No,NA,NA,NA,No,NA,NA,NA,NA,No,NA,NA,NA,No,NA,7
2025,081009,CUSCO,PARURO,YAURISQUE,Distrital,No,No,NA,NA,NA,Sí,1,1,0,No,NA,NA,NA,Sí,2,1,1,1,No,NA,NA,NA,No,NA,0
2025,081101,CUSCO,PAUCARTAMBO,PAUCARTAMBO,Provincial,Sí,Sí,17,2,15,Sí,1,1,0,Sí,6,6,0,Sí,23,21,2,0,Sí,1,1,0,Sí,10,423
2025,081102,CUSCO,PAUCARTAMBO,CAICAY,Distrital,Sí,Sí,6,3,3,Sí,1,1,0,Sí,6,6,0,Sí,7,7,0,0,Sí,1,1,0,No,NA,7
2025,081103,CUSCO,PAUCARTAMBO,CHALLABAMBA,Distrital,Sí,Sí,6,2,4,No,NA,NA,NA,Sí,4,3,1,No,NA,NA,NA,NA,No,NA,NA,NA,No,NA,21
2025,081104,CUSCO,PAUCARTAMBO,COLQUEPATA,Distrital,Sí,Sí,6,0,6,Sí,2,1,1,No,NA,NA,NA,No,NA,NA,NA,NA,No,NA,NA,NA,Sí,1,89
2025,081105,CUSCO,PAUCARTAMBO,HUANCARANI,Distrital,Sí,Sí,22,1,21,Sí,1,1,0,Sí,3,3,0,Sí,4,4,0,2,Sí,1,1,0,No,NA,31
2025,081106,CUSCO,PAUCARTAMBO,KOSÑIPATA,Distrital,Sí,Sí,18,2,16,Sí,4,2,2,Sí,8,4,4,No,NA,NA,NA,NA,No,NA,NA,NA,Sí,1,137
2025,081201,CUSCO,QUISPICANCHI,URCOS,Provincial,Sí,Sí,32,6,26,Sí,1,1,0,No,NA,NA,NA,Sí,10,10,0,0,Sí,1,1,0,No,NA,185
2025,081202,CUSCO,QUISPICANCHI,ANDAHUAYLILLAS,Distrital,Sí,Sí,13,1,12,Sí,1,1,0,Sí,6,6,0,Sí,15,15,0,0,Sí,1,1,0,No,NA,165
2025,081203,CUSCO,QUISPICANCHI,CAMANTI,Distrital,Sí,Sí,12,4,8,Sí,1,1,0,Sí,5,5,0,Sí,10,9,1,0,Sí,1,1,0,No,NA,45
2025,081204,CUSCO,QUISPICANCHI,CCARHUAYO,Distrital,Sí,Sí,7,0,7,Sí,1,1,0,No,NA,NA,NA,Sí,1,1,0,1,Sí,1,1,0,No,NA,5
2025,081205,CUSCO,QUISPICANCHI,CCATCA,Distrital,Sí,Sí,28,6,22,Sí,1,1,0,No,NA,NA,NA,Sí,9,9,0,0,Sí,1,1,0,No,NA,52
2025,081206,CUSCO,QUISPICANCHI,CUSIPATA,Distrital,Sí,Sí,8,2,6,Sí,1,1,0,Sí,2,2,0,Sí,53,53,0,32,Sí,1,1,0,No,NA,32
2025,081207,CUSCO,QUISPICANCHI,HUARO,Distrital,Sí,Sí,11,2,9,Sí,1,1,0,No,NA,NA,NA,Sí,3,0,3,0,No,NA,NA,NA,No,NA,52
2025,081208,CUSCO,QUISPICANCHI,LUCRE,Distrital,Sí,Sí,12,4,8,Sí,1,1,0,Sí,5,1,4,Sí,9,8,1,0,Sí,1,1,0,No,NA,36
2025,081209,CUSCO,QUISPICANCHI,MARCAPATA,Distrital,Sí,Sí,15,2,13,Sí,1,1,0,No,NA,NA,NA,Sí,5,5,0,0,Sí,1,1,0,Sí,15,72
2025,081210,CUSCO,QUISPICANCHI,OCONGATE,Distrital,Sí,Sí,20,5,15,Sí,2,1,1,Sí,6,6,0,Sí,16,0,16,0,Sí,1,0,1,No,NA,415
2025,081211,CUSCO,QUISPICANCHI,OROPESA,Distrital,Sí,Sí,21,4,17,Sí,1,1,0,No,NA,NA,NA,Sí,34,34,0,0,Sí,3,3,0,No,NA,185
2025,081212,CUSCO,QUISPICANCHI,QUIQUIJANA,Distrital,Sí,Sí,18,2,16,Sí,2,1,1,Sí,4,4,0,No,NA,NA,NA,NA,No,NA,NA,NA,No,NA,196
2025,081301,CUSCO,URUBAMBA,URUBAMBA,Provincial,Sí,Sí,32,6,26,Sí,3,3,0,Sí,25,10,15,No,NA,NA,NA,NA,No,NA,NA,NA,Sí,5,122
2025,081302,CUSCO,URUBAMBA,CHINCHERO,Distrital,Sí,Sí,12,3,9,Sí,2,2,0,Sí,10,10,0,Sí,10,10,0,0,Sí,1,1,0,No,NA,104
2025,081303,CUSCO,URUBAMBA,HUAYLLABAMBA,Distrital,Sí,Sí,10,1,9,Sí,2,1,1,Sí,3,0,3,No,NA,NA,NA,NA,No,NA,NA,NA,No,NA,34
2025,081304,CUSCO,URUBAMBA,MACHUPICCHU,Distrital,Sí,Sí,67,12,55,Sí,1,0,1,Sí,153,118,35,Sí,19,19,0,0,Sí,2,1,1,No,NA,21
2025,081305,CUSCO,URUBAMBA,MARAS,Distrital,Sí,Sí,2,0,2,Sí,1,1,0,Sí,20,20,0,Sí,22,4,18,0,Sí,1,1,0,No,NA,49
2025,081306,CUSCO,URUBAMBA,OLLANTAYTAMBO,Distrital,Sí,Sí,44,7,37,Sí,2,2,0,Sí,8,8,0,Sí,19,15,4,0,Sí,2,1,1,No,NA,16
2025,081307,CUSCO,URUBAMBA,YUCAY,Distrital,No,No,NA,NA,NA,No,NA,NA,NA,No,NA,NA,NA,No,NA,NA,NA,NA,No,NA,NA,NA,No,NA,0
2025,090101,HUANCAVELICA,HUANCAVELICA,HUANCAVELICA,Provincial,Sí,Sí,41,13,28,Sí,2,2,0,Sí,14,14,0,Sí,41,41,0,1,No,NA,NA,NA,No,NA,110
2025,090102,HUANCAVELICA,HUANCAVELICA,ACOBAMBILLA,Distrital,No,No,NA,NA,NA,No,NA,NA,NA,No,NA,NA,NA,No,NA,NA,NA,NA,No,NA,NA,NA,No,NA,0
2025,090103,HUANCAVELICA,HUANCAVELICA,ACORIA,Distrital,Sí,Sí,7,0,7,Sí,2,1,1,Sí,10,6,4,No,NA,NA,NA,NA,No,NA,NA,NA,No,NA,33
2025,090104,HUANCAVELICA,HUANCAVELICA,CONAYCA,Distrital,Sí,Sí,1,1,0,No,NA,NA,NA,No,NA,NA,NA,No,NA,NA,NA,NA,No,NA,NA,NA,No,NA,0
2025,090105,HUANCAVELICA,HUANCAVELICA,CUENCA,Distrital,No,No,NA,NA,NA,No,NA,NA,NA,No,NA,NA,NA,No,NA,NA,NA,NA,No,NA,NA,NA,No,NA,0
2025,090106,HUANCAVELICA,HUANCAVELICA,HUACHOCOLPA,Distrital,Sí,Sí,3,2,1,No,NA,NA,NA,Sí,4,2,2,No,NA,NA,NA,NA,No,NA,NA,NA,No,NA,5
2025,090107,HUANCAVELICA,HUANCAVELICA,HUAYLLAHUARA,Distrital,No,No,NA,NA,NA,No,NA,NA,NA,No,NA,NA,NA,No,NA,NA,NA,NA,No,NA,NA,NA,No,NA,1
2025,090108,HUANCAVELICA,HUANCAVELICA,IZCUCHACA,Distrital,Sí,Sí,1,0,1,No,NA,NA,NA,No,NA,NA,NA,Sí,5,5,0,0,No,NA,NA,NA,No,NA,60
2025,090109,HUANCAVELICA,HUANCAVELICA,LARIA,Distrital,No,No,NA,NA,NA,No,NA,NA,NA,No,NA,NA,NA,No,NA,NA,NA,NA,No,NA,NA,NA,No,NA,0
2025,090110,HUANCAVELICA,HUANCAVELICA,MANTA,Distrital,Sí,Sí,1,0,1,No,NA,NA,NA,No,NA,NA,NA,No,NA,NA,NA,NA,No,NA,NA,NA,No,NA,0
2025,090111,HUANCAVELICA,HUANCAVELICA,MARISCAL CACERES,Distrital,Sí,Sí,3,1,2,No,NA,NA,NA,No,NA,NA,NA,Sí,5,4,1,1,Sí,4,3,1,No,NA,11
2025,090112,HUANCAVELICA,HUANCAVELICA,MOYA,Distrital,No,No,NA,NA,NA,No,NA,NA,NA,No,NA,NA,NA,No,NA,NA,NA,NA,No,NA,NA,NA,No,NA,0
2025,090113,HUANCAVELICA,HUANCAVELICA,NUEVO OCCORO,Distrital,No,No,NA,NA,NA,No,NA,NA,NA,No,NA,NA,NA,No,NA,NA,NA,NA,No,NA,NA,NA,No,NA,0
2025,090114,HUANCAVELICA,HUANCAVELICA,PALCA,Distrital,No,No,NA,NA,NA,No,NA,NA,NA,No,NA,NA,NA,No,NA,NA,NA,NA,No,NA,NA,NA,No,NA,0
2025,090115,HUANCAVELICA,HUANCAVELICA,PILCHACA,Distrital,No,No,NA,NA,NA,No,NA,NA,NA,No,NA,NA,NA,No,NA,NA,NA,NA,No,NA,NA,NA,No,NA,0
2025,090116,HUANCAVELICA,HUANCAVELICA,VILCA,Distrital,No,No,NA,NA,NA,No,NA,NA,NA,No,NA,NA,NA,No,NA,NA,NA,NA,No,NA,NA,NA,No,NA,5
2025,090117,HUANCAVELICA,HUANCAVELICA,YAULI,Distrital,Sí,Sí,9,1,8,Sí,2,2,0,Sí,10,10,0,Sí,20,18,2,0,Sí,1,1,0,Sí,10,23
2025,090118,HUANCAVELICA,HUANCAVELICA,ASCENSION,Distrital,Sí,Sí,12,3,9,Sí,1,1,0,Sí,2,1,1,Sí,36,36,0,0,Sí,1,1,0,No,NA,2326
2025,090119,HUANCAVELICA,HUANCAVELICA,HUANDO,Distrital,Sí,Sí,4,1,3,No,NA,NA,NA,Sí,4,4,0,No,NA,NA,NA,NA,No,NA,NA,NA,No,NA,2
2025,090201,HUANCAVELICA,ACOBAMBA,ACOBAMBA,Provincial,Sí,Sí,16,6,10,Sí,1,1,0,Sí,13,13,0,Sí,24,23,1,0,Sí,1,1,0,Sí,10,154
2025,090202,HUANCAVELICA,ACOBAMBA,ANDABAMBA,Distrital,No,No,NA,NA,NA,No,NA,NA,NA,No,NA,NA,NA,No,NA,NA,NA,NA,No,NA,NA,NA,No,NA,5
2025,090203,HUANCAVELICA,ACOBAMBA,ANTA,Distrital,Sí,Sí,3,1,2,Sí,1,1,0,No,NA,NA,NA,No,NA,NA,NA,NA,No,NA,NA,NA,No,NA,23
2025,090204,HUANCAVELICA,ACOBAMBA,CAJA,Distrital,No,No,NA,NA,NA,No,NA,NA,NA,No,NA,NA,NA,No,NA,NA,NA,NA,No,NA,NA,NA,No,NA,0
2025,090205,HUANCAVELICA,ACOBAMBA,MARCAS,Distrital,No,No,NA,NA,NA,No,NA,NA,NA,No,NA,NA,NA,No,NA,NA,NA,NA,No,NA,NA,NA,No,NA,0
2025,090206,HUANCAVELICA,ACOBAMBA,PAUCARA,Distrital,Sí,Sí,12,2,10,Sí,1,1,0,No,NA,NA,NA,No,NA,NA,NA,NA,No,NA,NA,NA,No,NA,20
2025,090207,HUANCAVELICA,ACOBAMBA,POMACOCHA,Distrital,No,No,NA,NA,NA,Sí,2,2,0,No,NA,NA,NA,No,NA,NA,NA,NA,No,NA,NA,NA,No,NA,0
2025,090208,HUANCAVELICA,ACOBAMBA,ROSARIO,Distrital,No,Sí,4,2,2,No,NA,NA,NA,No,NA,NA,NA,No,NA,NA,NA,NA,No,NA,NA,NA,No,NA,10
2025,090301,HUANCAVELICA,ANGARAES,LIRCAY,Provincial,Sí,Sí,20,3,17,Sí,2,2,0,Sí,16,16,0,Sí,67,62,5,0,Sí,1,1,0,Sí,30,119
2025,090302,HUANCAVELICA,ANGARAES,ANCHONGA,Distrital,No,No,NA,NA,NA,No,NA,NA,NA,No,NA,NA,NA,No,NA,NA,NA,NA,No,NA,NA,NA,No,NA,82
2025,090303,HUANCAVELICA,ANGARAES,CALLANMARCA,Distrital,No,No,NA,NA,NA,No,NA,NA,NA,No,NA,NA,NA,No,NA,NA,NA,NA,No,NA,NA,NA,No,NA,7
2025,090304,HUANCAVELICA,ANGARAES,CCOCHACCASA,Distrital,Sí,Sí,5,0,5,No,NA,NA,NA,No,NA,NA,NA,Sí,2,1,1,1,Sí,2,1,1,Sí,5,3
2025,090305,HUANCAVELICA,ANGARAES,CHINCHO,Distrital,No,No,NA,NA,NA,No,NA,NA,NA,No,NA,NA,NA,No,NA,NA,NA,NA,No,NA,NA,NA,No,NA,0
2025,090306,HUANCAVELICA,ANGARAES,CONGALLA,Distrital,No,No,NA,NA,NA,No,NA,NA,NA,No,NA,NA,NA,No,NA,NA,NA,NA,No,NA,NA,NA,No,NA,0
2025,090307,HUANCAVELICA,ANGARAES,HUANCA-HUANCA,Distrital,No,No,NA,NA,NA,No,NA,NA,NA,No,NA,NA,NA,No,NA,NA,NA,NA,No,NA,NA,NA,No,NA,0
2025,090308,HUANCAVELICA,ANGARAES,HUAYLLAY GRANDE,Distrital,No,No,NA,NA,NA,No,NA,NA,NA,No,NA,NA,NA,No,NA,NA,NA,NA,No,NA,NA,NA,No,NA,0
2025,090309,HUANCAVELICA,ANGARAES,JULCAMARCA,Distrital,No,No,NA,NA,NA,Sí,1,1,0,Sí,7,7,0,Sí,5,5,0,0,Sí,5,5,0,No,NA,0
2025,090310,HUANCAVELICA,ANGARAES,SAN ANTONIO DE ANTAPARCO,Distrital,Sí,Sí,1,0,1,No,NA,NA,NA,No,NA,NA,NA,No,NA,NA,NA,NA,No,NA,NA,NA,No,NA,18
2025,090311,HUANCAVELICA,ANGARAES,SANTO TOMAS DE PATA,Distrital,No,No,NA,NA,NA,No,NA,NA,NA,No,NA,NA,NA,No,NA,NA,NA,NA,No,NA,NA,NA,No,NA,0
2025,090312,HUANCAVELICA,ANGARAES,SECCLLA,Distrital,No,No,NA,NA,NA,No,NA,NA,NA,No,NA,NA,NA,No,NA,NA,NA,NA,No,NA,NA,NA,No,NA,0
2025,090401,HUANCAVELICA,CASTROVIRREYNA,CASTROVIRREYNA,Provincial,Sí,Sí,1,0,1,Sí,1,1,0,No,NA,NA,NA,No,NA,NA,NA,NA,No,NA,NA,NA,No,NA,51
2025,090402,HUANCAVELICA,CASTROVIRREYNA,ARMA,Distrital,No,No,NA,NA,NA,No,NA,NA,NA,No,NA,NA,NA,No,NA,NA,NA,NA,No,NA,NA,NA,No,NA,9
2025,090403,HUANCAVELICA,CASTROVIRREYNA,AURAHUA,Distrital,No,No,NA,NA,NA,No,NA,NA,NA,No,NA,NA,NA,No,NA,NA,NA,NA,No,NA,NA,NA,No,NA,0
2025,090404,HUANCAVELICA,CASTROVIRREYNA,CAPILLAS,Distrital,No,No,NA,NA,NA,No,NA,NA,NA,No,NA,NA,NA,No,NA,NA,NA,NA,No,NA,NA,NA,No,NA,0
2025,090405,HUANCAVELICA,CASTROVIRREYNA,CHUPAMARCA,Distrital,No,No,NA,NA,NA,No,NA,NA,NA,No,NA,NA,NA,No,NA,NA,NA,NA,No,NA,NA,NA,No,NA,0
2025,090406,HUANCAVELICA,CASTROVIRREYNA,COCAS,Distrital,No,No,NA,NA,NA,Sí,1,1,0,No,NA,NA,NA,No,NA,NA,NA,NA,No,NA,NA,NA,No,NA,3
2025,090407,HUANCAVELICA,CASTROVIRREYNA,HUACHOS,Distrital,No,No,NA,NA,NA,No,NA,NA,NA,No,NA,NA,NA,No,NA,NA,NA,NA,No,NA,NA,NA,No,NA,0
2025,090408,HUANCAVELICA,CASTROVIRREYNA,HUAMATAMBO,Distrital,No,No,NA,NA,NA,No,NA,NA,NA,No,NA,NA,NA,No,NA,NA,NA,NA,No,NA,NA,NA,No,NA,0
2025,090409,HUANCAVELICA,CASTROVIRREYNA,MOLLEPAMPA,Distrital,No,No,NA,NA,NA,Sí,1,1,0,No,NA,NA,NA,Sí,4,4,0,0,Sí,1,1,0,No,NA,0
2025,090410,HUANCAVELICA,CASTROVIRREYNA,SAN JUAN,Distrital,No,No,NA,NA,NA,No,NA,NA,NA,No,NA,NA,NA,No,NA,NA,NA,NA,No,NA,NA,NA,No,NA,0
2025,090411,HUANCAVELICA,CASTROVIRREYNA,SANTA ANA,Distrital,No,No,NA,NA,NA,No,NA,NA,NA,No,NA,NA,NA,No,NA,NA,NA,NA,No,NA,NA,NA,No,NA,1
2025,090412,HUANCAVELICA,CASTROVIRREYNA,TANTARA,Distrital,No,No,NA,NA,NA,No,NA,NA,NA,No,NA,NA,NA,No,NA,NA,NA,NA,No,NA,NA,NA,No,NA,0
2025,090413,HUANCAVELICA,CASTROVIRREYNA,TICRAPO,Distrital,No,No,NA,NA,NA,No,NA,NA,NA,No,NA,NA,NA,No,NA,NA,NA,NA,No,NA,NA,NA,No,NA,0
2025,090501,HUANCAVELICA,CHURCAMPA,CHURCAMPA,Provincial,Sí,Sí,7,1,6,Sí,1,1,0,Sí,22,22,0,Sí,10,10,0,0,Sí,1,1,0,No,NA,20
2025,090502,HUANCAVELICA,CHURCAMPA,ANCO,Distrital,Sí,Sí,1,0,1,No,NA,NA,NA,Sí,1,1,0,No,NA,NA,NA,NA,No,NA,NA,NA,Sí,6,4
2025,090503,HUANCAVELICA,CHURCAMPA,CHINCHIHUASI,Distrital,No,No,NA,NA,NA,No,NA,NA,NA,No,NA,NA,NA,No,NA,NA,NA,NA,No,NA,NA,NA,No,NA,0
2025,090504,HUANCAVELICA,CHURCAMPA,EL CARMEN,Distrital,Sí,Sí,10,4,6,No,NA,NA,NA,No,NA,NA,NA,No,NA,NA,NA,NA,No,NA,NA,NA,No,NA,0
2025,090505,HUANCAVELICA,CHURCAMPA,LA MERCED,Distrital,Sí,Sí,2,1,1,Sí,1,1,0,Sí,7,7,0,No,NA,NA,NA,NA,No,NA,NA,NA,No,NA,6
2025,090506,HUANCAVELICA,CHURCAMPA,LOCROJA,Distrital,Sí,Sí,3,1,2,No,NA,NA,NA,No,NA,NA,NA,No,NA,NA,NA,NA,No,NA,NA,NA,No,NA,18
2025,090507,HUANCAVELICA,CHURCAMPA,PAUCARBAMBA,Distrital,Sí,Sí,2,0,2,No,NA,NA,NA,No,NA,NA,NA,Sí,5,5,0,1,Sí,1,0,1,No,NA,12
2025,090508,HUANCAVELICA,CHURCAMPA,SAN MIGUEL DE MAYOCC,Distrital,No,No,NA,NA,NA,Sí,1,1,0,Sí,5,5,0,No,NA,NA,NA,NA,No,NA,NA,NA,No,NA,1
2025,090509,HUANCAVELICA,CHURCAMPA,SAN PEDRO DE CORIS,Distrital,No,No,NA,NA,NA,No,NA,NA,NA,No,NA,NA,NA,No,NA,NA,NA,NA,No,NA,NA,NA,No,NA,0
2025,090510,HUANCAVELICA,CHURCAMPA,PACHAMARCA,Distrital,No,No,NA,NA,NA,No,NA,NA,NA,No,NA,NA,NA,No,NA,NA,NA,NA,No,NA,NA,NA,No,NA,0
2025,090511,HUANCAVELICA,CHURCAMPA,COSME,Distrital,No,No,NA,NA,NA,No,NA,NA,NA,No,NA,NA,NA,No,NA,NA,NA,NA,No,NA,NA,NA,No,NA,0
2025,090601,HUANCAVELICA,HUAYTARA,HUAYTARA,Provincial,Sí,Sí,3,0,3,Sí,1,1,0,No,NA,NA,NA,Sí,12,12,0,0,Sí,1,1,0,No,NA,53
2025,090602,HUANCAVELICA,HUAYTARA,AYAVI,Distrital,No,No,NA,NA,NA,No,NA,NA,NA,No,NA,NA,NA,No,NA,NA,NA,NA,No,NA,NA,NA,No,NA,0
2025,090603,HUANCAVELICA,HUAYTARA,CORDOVA,Distrital,No,No,NA,NA,NA,No,NA,NA,NA,No,NA,NA,NA,No,NA,NA,NA,NA,No,NA,NA,NA,No,NA,0
2025,090604,HUANCAVELICA,HUAYTARA,HUAYACUNDO ARMA,Distrital,No,No,NA,NA,NA,No,NA,NA,NA,No,NA,NA,NA,No,NA,NA,NA,NA,No,NA,NA,NA,No,NA,0
2025,090605,HUANCAVELICA,HUAYTARA,LARAMARCA,Distrital,No,No,NA,NA,NA,No,NA,NA,NA,No,NA,NA,NA,No,NA,NA,NA,NA,No,NA,NA,NA,No,NA,0
2025,090606,HUANCAVELICA,HUAYTARA,OCOYO,Distrital,No,No,NA,NA,NA,Sí,1,1,0,No,NA,NA,NA,No,NA,NA,NA,NA,No,NA,NA,NA,No,NA,0
2025,090607,HUANCAVELICA,HUAYTARA,PILPICHACA,Distrital,No,No,NA,NA,NA,No,NA,NA,NA,No,NA,NA,NA,No,NA,NA,NA,NA,No,NA,NA,NA,No,NA,0
2025,090608,HUANCAVELICA,HUAYTARA,QUERCO,Distrital,No,No,NA,NA,NA,No,NA,NA,NA,No,NA,NA,NA,No,NA,NA,NA,NA,No,NA,NA,NA,No,NA,0
2025,090609,HUANCAVELICA,HUAYTARA,QUITO-ARMA,Distrital,No,No,NA,NA,NA,No,NA,NA,NA,No,NA,NA,NA,No,NA,NA,NA,NA,No,NA,NA,NA,No,NA,0
2025,090610,HUANCAVELICA,HUAYTARA,SAN ANTONIO DE CUSICANCHA,Distrital,No,No,NA,NA,NA,No,NA,NA,NA,No,NA,NA,NA,No,NA,NA,NA,NA,No,NA,NA,NA,No,NA,0
2025,090611,HUANCAVELICA,HUAYTARA,SAN FRANCISCO DE SANGAYAICO,Distrital,No,No,NA,NA,NA,No,NA,NA,NA,No,NA,NA,NA,No,NA,NA,NA,NA,No,NA,NA,NA,No,NA,0
2025,090612,HUANCAVELICA,HUAYTARA,SAN ISIDRO,Distrital,Sí,Sí,1,0,1,No,NA,NA,NA,No,NA,NA,NA,No,NA,NA,NA,NA,No,NA,NA,NA,No,NA,0
2025,090613,HUANCAVELICA,HUAYTARA,SANTIAGO DE CHOCORVOS,Distrital,No,No,NA,NA,NA,No,NA,NA,NA,No,NA,NA,NA,No,NA,NA,NA,NA,No,NA,NA,NA,No,NA,0
2025,090614,HUANCAVELICA,HUAYTARA,SANTIAGO DE QUIRAHUARA,Distrital,No,No,NA,NA,NA,Sí,1,1,0,No,NA,NA,NA,No,NA,NA,NA,NA,No,NA,NA,NA,No,NA,0
2025,090615,HUANCAVELICA,HUAYTARA,SANTO DOMINGO DE CAPILLAS,Distrital,No,No,NA,NA,NA,No,NA,NA,NA,No,NA,NA,NA,No,NA,NA,NA,NA,No,NA,NA,NA,No,NA,0
2025,090616,HUANCAVELICA,HUAYTARA,TAMBO,Distrital,Sí,Sí,1,0,1,No,NA,NA,NA,No,NA,NA,NA,No,NA,NA,NA,NA,No,NA,NA,NA,No,NA,0
2025,090701,HUANCAVELICA,TAYACAJA,PAMPAS,Provincial,Sí,Sí,10,1,9,Sí,1,1,0,Sí,7,7,0,No,NA,NA,NA,NA,No,NA,NA,NA,No,NA,259
2025,090702,HUANCAVELICA,TAYACAJA,ACOSTAMBO,Distrital,Sí,Sí,2,0,2,Sí,2,2,0,No,NA,NA,NA,No,NA,NA,NA,NA,No,NA,NA,NA,No,NA,17
2025,090703,HUANCAVELICA,TAYACAJA,ACRAQUIA,Distrital,Sí,Sí,4,0,4,Sí,1,1,0,No,NA,NA,NA,No,NA,NA,NA,NA,No,NA,NA,NA,Sí,4,28
2025,090704,HUANCAVELICA,TAYACAJA,AHUAYCHA,Distrital,Sí,Sí,4,0,4,No,NA,NA,NA,No,NA,NA,NA,No,NA,NA,NA,NA,No,NA,NA,NA,No,NA,13
2025,090705,HUANCAVELICA,TAYACAJA,COLCABAMBA,Distrital,Sí,Sí,6,1,5,Sí,1,1,0,Sí,40,20,20,Sí,32,16,16,0,Sí,2,1,1,Sí,40,29
2025,090706,HUANCAVELICA,TAYACAJA,DANIEL HERNANDEZ,Distrital,Sí,Sí,10,0,10,Sí,1,1,0,Sí,8,4,4,Sí,9,9,0,0,Sí,1,1,0,No,NA,97
2025,090707,HUANCAVELICA,TAYACAJA,HUACHOCOLPA,Distrital,Sí,Sí,6,2,4,No,NA,NA,NA,Sí,6,6,0,No,NA,NA,NA,NA,No,NA,NA,NA,No,NA,39
2025,090709,HUANCAVELICA,TAYACAJA,HUARIBAMBA,Distrital,Sí,Sí,1,0,1,No,NA,NA,NA,No,NA,NA,NA,No,NA,NA,NA,NA,No,NA,NA,NA,No,NA,9
2025,090710,HUANCAVELICA,TAYACAJA,ÑAHUIMPUQUIO,Distrital,Sí,Sí,2,0,2,No,NA,NA,NA,No,NA,NA,NA,No,NA,NA,NA,NA,No,NA,NA,NA,No,NA,7
2025,090711,HUANCAVELICA,TAYACAJA,PAZOS,Distrital,No,No,NA,NA,NA,No,NA,NA,NA,No,NA,NA,NA,No,NA,NA,NA,NA,No,NA,NA,NA,No,NA,1
2025,090713,HUANCAVELICA,TAYACAJA,QUISHUAR,Distrital,No,No,NA,NA,NA,No,NA,NA,NA,No,NA,NA,NA,No,NA,NA,NA,NA,No,NA,NA,NA,No,NA,0
2025,090714,HUANCAVELICA,TAYACAJA,SALCABAMBA,Distrital,Sí,Sí,3,0,3,Sí,1,1,0,No,NA,NA,NA,Sí,8,3,5,0,No,NA,NA,NA,No,NA,9
2025,090715,HUANCAVELICA,TAYACAJA,SALCAHUASI,Distrital,Sí,Sí,3,1,2,No,NA,NA,NA,No,NA,NA,NA,No,NA,NA,NA,NA,No,NA,NA,NA,No,NA,8
2025,090716,HUANCAVELICA,TAYACAJA,SAN MARCOS DE ROCCHAC,Distrital,No,No,NA,NA,NA,No,NA,NA,NA,No,NA,NA,NA,No,NA,NA,NA,NA,No,NA,NA,NA,No,NA,0
2025,090717,HUANCAVELICA,TAYACAJA,SURCUBAMBA,Distrital,Sí,Sí,6,1,5,Sí,1,1,0,No,NA,NA,NA,No,NA,NA,NA,NA,No,NA,NA,NA,Sí,6,32
2025,090718,HUANCAVELICA,TAYACAJA,TINTAY PUNCU,Distrital,Sí,Sí,9,1,8,No,NA,NA,NA,No,NA,NA,NA,No,NA,NA,NA,NA,No,NA,NA,NA,No,NA,15
2025,090719,HUANCAVELICA,TAYACAJA,QUICHUAS,Distrital,Sí,Sí,3,0,3,No,NA,NA,NA,Sí,3,3,0,Sí,4,2,2,0,Sí,1,1,0,No,NA,303
2025,090720,HUANCAVELICA,TAYACAJA,ANDAYMARCA,Distrital,Sí,Sí,2,0,2,Sí,2,1,1,No,NA,NA,NA,No,NA,NA,NA,NA,No,NA,NA,NA,No,NA,0
2025,090721,HUANCAVELICA,TAYACAJA,ROBLE,Distrital,Sí,Sí,3,2,1,No,NA,NA,NA,No,NA,NA,NA,No,NA,NA,NA,NA,No,NA,NA,NA,Sí,4,5
2025,090722,HUANCAVELICA,TAYACAJA,PICHOS,Distrital,No,No,NA,NA,NA,No,NA,NA,NA,No,NA,NA,NA,Sí,3,3,0,0,Sí,1,1,0,No,NA,5
2025,090723,HUANCAVELICA,TAYACAJA,SANTIAGO DE TUCUMA,Distrital,Sí,Sí,2,0,2,No,NA,NA,NA,Sí,2,2,0,No,NA,NA,NA,NA,No,NA,NA,NA,No,NA,11
2025,090724,HUANCAVELICA,TAYACAJA,LAMBRAS,Distrital,No,No,NA,NA,NA,No,NA,NA,NA,No,NA,NA,NA,No,NA,NA,NA,NA,No,NA,NA,NA,No,NA,0
2025,090725,HUANCAVELICA,TAYACAJA,COCHABAMBA,Distrital,Sí,Sí,2,2,0,No,NA,NA,NA,Sí,3,3,0,No,NA,NA,NA,NA,No,NA,NA,NA,No,NA,7
2025,100101,HUANUCO,HUANUCO,HUANUCO,Provincial,Sí,Sí,123,24,99,Sí,11,10,1,Sí,100,50,50,Sí,159,90,69,21,Sí,2,1,1,No,NA,5120
2025,100102,HUANUCO,HUANUCO,AMARILIS,Distrital,Sí,Sí,33,5,28,Sí,6,6,0,No,NA,NA,NA,No,NA,NA,NA,NA,No,NA,NA,NA,Sí,23,6949
2025,100103,HUANUCO,HUANUCO,CHINCHAO,Distrital,Sí,Sí,12,2,10,Sí,1,0,1,No,NA,NA,NA,No,NA,NA,NA,NA,No,NA,NA,NA,No,NA,26
2025,100104,HUANUCO,HUANUCO,CHURUBAMBA,Distrital,Sí,Sí,18,2,16,No,NA,NA,NA,No,NA,NA,NA,Sí,8,8,0,0,No,NA,NA,NA,No,NA,3
2025,100105,HUANUCO,HUANUCO,MARGOS,Distrital,Sí,Sí,5,1,4,Sí,1,1,0,Sí,2,1,1,No,NA,NA,NA,NA,No,NA,NA,NA,Sí,6,0
2025,100106,HUANUCO,HUANUCO,QUISQUI,Distrital,Sí,Sí,2,1,1,Sí,1,0,1,No,NA,NA,NA,No,NA,NA,NA,NA,No,NA,NA,NA,Sí,2,6
2025,100107,HUANUCO,HUANUCO,SAN FRANCISCO DE CAYRAN,Distrital,Sí,Sí,3,0,3,No,NA,NA,NA,No,NA,NA,NA,No,NA,NA,NA,NA,No,NA,NA,NA,No,NA,6
2025,100108,HUANUCO,HUANUCO,SAN PEDRO DE CHAULAN,Distrital,Sí,Sí,4,0,4,No,NA,NA,NA,No,NA,NA,NA,No,NA,NA,NA,NA,No,NA,NA,NA,No,NA,6
2025,100109,HUANUCO,HUANUCO,SANTA MARIA DEL VALLE,Distrital,Sí,Sí,18,5,13,Sí,1,1,0,No,NA,NA,NA,No,NA,NA,NA,NA,No,NA,NA,NA,No,NA,60
2025,100110,HUANUCO,HUANUCO,YARUMAYO,Distrital,Sí,No,NA,NA,NA,No,NA,NA,NA,No,NA,NA,NA,No,NA,NA,NA,NA,No,NA,NA,NA,No,NA,0
2025,100111,HUANUCO,HUANUCO,PILLCO MARCA,Distrital,Sí,Sí,45,4,41,Sí,3,3,0,Sí,20,10,10,Sí,84,42,42,0,Sí,2,1,1,No,NA,1341
2025,100112,HUANUCO,HUANUCO,YACUS,Distrital,No,No,NA,NA,NA,No,NA,NA,NA,No,NA,NA,NA,No,NA,NA,NA,NA,No,NA,NA,NA,No,NA,0
2025,100113,HUANUCO,HUANUCO,SAN PABLO DE PILLAO,Distrital,Sí,Sí,4,1,3,No,NA,NA,NA,No,NA,NA,NA,No,NA,NA,NA,NA,No,NA,NA,NA,No,NA,1
2025,100201,HUANUCO,AMBO,AMBO,Provincial,Sí,Sí,24,1,23,Sí,3,3,0,Sí,10,6,4,Sí,22,17,5,5,Sí,1,1,0,No,NA,441
2025,100202,HUANUCO,AMBO,CAYNA,Distrital,Sí,Sí,4,0,4,No,NA,NA,NA,No,NA,NA,NA,No,NA,NA,NA,NA,No,NA,NA,NA,No,NA,0
2025,100203,HUANUCO,AMBO,COLPAS,Distrital,Sí,Sí,3,0,3,No,NA,NA,NA,No,NA,NA,NA,No,NA,NA,NA,NA,No,NA,NA,NA,No,NA,8
2025,100204,HUANUCO,AMBO,CONCHAMARCA,Distrital,Sí,Sí,4,2,2,Sí,1,1,0,No,NA,NA,NA,Sí,1,1,0,1,No,NA,NA,NA,No,NA,31
2025,100205,HUANUCO,AMBO,HUACAR,Distrital,Sí,Sí,8,1,7,Sí,1,1,0,No,NA,NA,NA,No,NA,NA,NA,NA,No,NA,NA,NA,No,NA,39
2025,100206,HUANUCO,AMBO,SAN FRANCISCO,Distrital,Sí,Sí,3,1,2,No,NA,NA,NA,No,NA,NA,NA,No,NA,NA,NA,NA,No,NA,NA,NA,No,NA,14
2025,100207,HUANUCO,AMBO,SAN RAFAEL,Distrital,Sí,Sí,14,7,7,No,NA,NA,NA,Sí,6,4,2,No,NA,NA,NA,NA,No,NA,NA,NA,No,NA,31
2025,100208,HUANUCO,AMBO,TOMAY KICHWA,Distrital,Sí,Sí,4,0,4,Sí,1,1,0,Sí,2,2,0,Sí,2,2,0,2,No,NA,NA,NA,No,NA,43
2025,100301,HUANUCO,DOS DE MAYO,LA UNION,Provincial,Sí,Sí,8,3,5,No,NA,NA,NA,No,NA,NA,NA,No,NA,NA,NA,NA,No,NA,NA,NA,No,NA,30
2025,100307,HUANUCO,DOS DE MAYO,CHUQUIS,Distrital,Sí,Sí,2,1,1,No,NA,NA,NA,No,NA,NA,NA,No,NA,NA,NA,NA,No,NA,NA,NA,No,NA,4
2025,100311,HUANUCO,DOS DE MAYO,MARIAS,Distrital,Sí,Sí,2,0,2,No,NA,NA,NA,No,NA,NA,NA,Sí,4,4,0,0,Sí,1,1,0,No,NA,7
2025,100313,HUANUCO,DOS DE MAYO,PACHAS,Distrital,Sí,Sí,15,8,7,No,NA,NA,NA,No,NA,NA,NA,No,NA,NA,NA,NA,No,NA,NA,NA,Sí,12,30
2025,100316,HUANUCO,DOS DE MAYO,QUIVILLA,Distrital,Sí,Sí,2,0,2,No,NA,NA,NA,No,NA,NA,NA,No,NA,NA,NA,NA,No,NA,NA,NA,No,NA,1
2025,100317,HUANUCO,DOS DE MAYO,RIPAN,Distrital,Sí,Sí,7,0,7,No,NA,NA,NA,No,NA,NA,NA,No,NA,NA,NA,NA,No,NA,NA,NA,No,NA,4
2025,100321,HUANUCO,DOS DE MAYO,SHUNQUI,Distrital,Sí,Sí,2,2,0,No,NA,NA,NA,No,NA,NA,NA,No,NA,NA,NA,NA,No,NA,NA,NA,No,NA,6
2025,100322,HUANUCO,DOS DE MAYO,SILLAPATA,Distrital,Sí,Sí,2,0,2,No,NA,NA,NA,Sí,3,3,0,Sí,12,8,4,0,No,NA,NA,NA,No,NA,6
2025,100323,HUANUCO,DOS DE MAYO,YANAS,Distrital,Sí,Sí,1,0,1,No,NA,NA,NA,No,NA,NA,NA,No,NA,NA,NA,NA,No,NA,NA,NA,No,NA,5
2025,100401,HUANUCO,HUACAYBAMBA,HUACAYBAMBA,Provincial,Sí,Sí,9,0,9,Sí,1,1,0,No,NA,NA,NA,Sí,19,14,5,0,No,NA,NA,NA,No,NA,162
2025,100402,HUANUCO,HUACAYBAMBA,CANCHABAMBA,Distrital,Sí,Sí,4,2,2,No,NA,NA,NA,No,NA,NA,NA,Sí,2,2,0,1,No,NA,NA,NA,No,NA,8
2025,100403,HUANUCO,HUACAYBAMBA,COCHABAMBA,Distrital,Sí,Sí,2,0,2,No,NA,NA,NA,No,NA,NA,NA,No,NA,NA,NA,NA,No,NA,NA,NA,No,NA,0
2025,100404,HUANUCO,HUACAYBAMBA,PINRA,Distrital,Sí,Sí,4,0,4,Sí,2,1,1,No,NA,NA,NA,Sí,6,6,0,0,Sí,1,1,0,No,NA,5
2025,100501,HUANUCO,HUAMALIES,LLATA,Provincial,Sí,Sí,14,2,12,Sí,1,1,0,No,NA,NA,NA,No,NA,NA,NA,NA,No,NA,NA,NA,No,NA,62
2025,100502,HUANUCO,HUAMALIES,ARANCAY,Distrital,Sí,Sí,1,0,1,No,NA,NA,NA,Sí,1,1,0,No,NA,NA,NA,NA,No,NA,NA,NA,No,NA,4
2025,100503,HUANUCO,HUAMALIES,CHAVIN DE PARIARCA,Distrital,Sí,No,NA,NA,NA,No,NA,NA,NA,No,NA,NA,NA,No,NA,NA,NA,NA,No,NA,NA,NA,No,NA,0
2025,100504,HUANUCO,HUAMALIES,JACAS GRANDE,Distrital,No,No,NA,NA,NA,No,NA,NA,NA,No,NA,NA,NA,No,NA,NA,NA,NA,No,NA,NA,NA,No,NA,0
2025,100505,HUANUCO,HUAMALIES,JIRCAN,Distrital,No,No,NA,NA,NA,Sí,2,0,2,No,NA,NA,NA,No,NA,NA,NA,NA,No,NA,NA,NA,No,NA,0
2025,100506,HUANUCO,HUAMALIES,MIRAFLORES,Distrital,Sí,No,NA,NA,NA,No,NA,NA,NA,No,NA,NA,NA,No,NA,NA,NA,NA,No,NA,NA,NA,No,NA,12
2025,100507,HUANUCO,HUAMALIES,MONZON,Distrital,Sí,Sí,7,0,7,Sí,1,1,0,No,NA,NA,NA,No,NA,NA,NA,NA,No,NA,NA,NA,No,NA,83
2025,100508,HUANUCO,HUAMALIES,PUNCHAO,Distrital,Sí,Sí,1,0,1,No,NA,NA,NA,No,NA,NA,NA,No,NA,NA,NA,NA,No,NA,NA,NA,No,NA,3
2025,100509,HUANUCO,HUAMALIES,PUÑOS,Distrital,Sí,Sí,3,0,3,No,NA,NA,NA,No,NA,NA,NA,No,NA,NA,NA,NA,No,NA,NA,NA,No,NA,258
2025,100510,HUANUCO,HUAMALIES,SINGA,Distrital,Sí,Sí,1,0,1,No,NA,NA,NA,No,NA,NA,NA,No,NA,NA,NA,NA,No,NA,NA,NA,No,NA,16
2025,100511,HUANUCO,HUAMALIES,TANTAMAYO,Distrital,Sí,Sí,2,0,2,No,NA,NA,NA,No,NA,NA,NA,No,NA,NA,NA,NA,No,NA,NA,NA,No,NA,3
2025,100601,HUANUCO,LEONCIO PRADO,RUPA-RUPA,Provincial,Sí,Sí,57,10,47,Sí,3,3,0,Sí,11,10,1,Sí,45,42,3,0,Sí,1,1,0,Sí,15,1216
2025,100602,HUANUCO,LEONCIO PRADO,DANIEL ALOMIA ROBLES,Distrital,Sí,Sí,6,1,5,Sí,1,1,0,No,NA,NA,NA,No,NA,NA,NA,NA,No,NA,NA,NA,No,NA,3
2025,100603,HUANUCO,LEONCIO PRADO,HERMILIO VALDIZAN,Distrital,Sí,Sí,2,0,2,Sí,1,1,0,No,NA,NA,NA,No,NA,NA,NA,NA,No,NA,NA,NA,No,NA,0
2025,100604,HUANUCO,LEONCIO PRADO,JOSE CRESPO Y CASTILLO,Distrital,Sí,Sí,27,3,24,Sí,4,4,0,No,NA,NA,NA,No,NA,NA,NA,NA,No,NA,NA,NA,No,NA,743
2025,100605,HUANUCO,LEONCIO PRADO,LUYANDO,Distrital,Sí,Sí,6,0,6,Sí,1,1,0,No,NA,NA,NA,No,NA,NA,NA,NA,No,NA,NA,NA,No,NA,227
2025,100606,HUANUCO,LEONCIO PRADO,MARIANO DAMASO BERAUN,Distrital,Sí,Sí,8,0,8,Sí,1,1,0,Sí,4,3,1,No,NA,NA,NA,NA,No,NA,NA,NA,Sí,1,50
2025,100607,HUANUCO,LEONCIO PRADO,PUCAYACU,Distrital,Sí,Sí,3,0,3,No,NA,NA,NA,No,NA,NA,NA,No,NA,NA,NA,NA,No,NA,NA,NA,No,NA,9
2025,100608,HUANUCO,LEONCIO PRADO,CASTILLO GRANDE,Distrital,Sí,Sí,12,1,11,Sí,1,1,0,No,NA,NA,NA,No,NA,NA,NA,NA,No,NA,NA,NA,No,NA,44
2025,100609,HUANUCO,LEONCIO PRADO,PUEBLO NUEVO,Distrital,Sí,Sí,3,0,3,No,NA,NA,NA,No,NA,NA,NA,No,NA,NA,NA,NA,No,NA,NA,NA,No,NA,17
2025,100610,HUANUCO,LEONCIO PRADO,SANTO DOMINGO DE ANDA,Distrital,Sí,Sí,2,0,2,No,NA,NA,NA,Sí,3,3,0,No,NA,NA,NA,NA,No,NA,NA,NA,No,NA,18
2025,100701,HUANUCO,MARAÑON,HUACRACHUCO,Provincial,Sí,Sí,23,5,18,No,NA,NA,NA,Sí,6,6,0,No,NA,NA,NA,NA,No,NA,NA,NA,No,NA,26
2025,100702,HUANUCO,MARAÑON,CHOLON,Distrital,Sí,Sí,7,3,4,No,NA,NA,NA,No,NA,NA,NA,No,NA,NA,NA,NA,No,NA,NA,NA,No,NA,66
2025,100703,HUANUCO,MARAÑON,SAN BUENAVENTURA,Distrital,Sí,Sí,4,1,3,No,NA,NA,NA,No,NA,NA,NA,No,NA,NA,NA,NA,No,NA,NA,NA,No,NA,10
2025,100704,HUANUCO,MARAÑON,LA MORADA,Distrital,Sí,Sí,4,1,3,No,NA,NA,NA,No,NA,NA,NA,No,NA,NA,NA,NA,No,NA,NA,NA,No,NA,7
2025,100705,HUANUCO,MARAÑON,SANTA ROSA DE ALTO YANAJANCA,Distrital,Sí,Sí,2,0,2,No,NA,NA,NA,No,NA,NA,NA,No,NA,NA,NA,NA,No,NA,NA,NA,No,NA,0
2025,100801,HUANUCO,PACHITEA,PANAO,Provincial,Sí,Sí,20,10,10,Sí,1,1,0,Sí,20,20,0,No,NA,NA,NA,NA,No,NA,NA,NA,No,NA,45
2025,100802,HUANUCO,PACHITEA,CHAGLLA,Distrital,Sí,Sí,10,2,8,No,NA,NA,NA,No,NA,NA,NA,Sí,8,8,0,0,No,NA,NA,NA,No,NA,71
2025,100803,HUANUCO,PACHITEA,MOLINO,Distrital,Sí,Sí,10,0,10,Sí,1,1,0,No,NA,NA,NA,No,NA,NA,NA,NA,No,NA,NA,NA,No,NA,121
2025,100804,HUANUCO,PACHITEA,UMARI,Distrital,Sí,Sí,5,0,5,Sí,1,1,0,No,NA,NA,NA,Sí,16,16,0,16,No,NA,NA,NA,No,NA,31
2025,100901,HUANUCO,PUERTO INCA,PUERTO INCA,Provincial,Sí,Sí,18,5,13,Sí,1,1,0,No,NA,NA,NA,No,NA,NA,NA,NA,No,NA,NA,NA,Sí,6,121
2025,100902,HUANUCO,PUERTO INCA,CODO DEL POZUZO,Distrital,Sí,Sí,7,2,5,Sí,1,1,0,Sí,2,2,0,Sí,10,10,0,0,Sí,1,1,0,No,NA,17
2025,100903,HUANUCO,PUERTO INCA,HONORIA,Distrital,Sí,Sí,3,1,2,No,NA,NA,NA,No,NA,NA,NA,No,NA,NA,NA,NA,No,NA,NA,NA,Sí,3,0
2025,100904,HUANUCO,PUERTO INCA,TOURNAVISTA,Distrital,Sí,Sí,3,0,3,Sí,1,1,0,Sí,3,3,0,No,NA,NA,NA,NA,No,NA,NA,NA,No,NA,9
2025,100905,HUANUCO,PUERTO INCA,YUYAPICHIS,Distrital,Sí,Sí,7,4,3,Sí,1,1,0,No,NA,NA,NA,Sí,2,1,1,1,Sí,2,1,1,No,NA,21
2025,101001,HUANUCO,LAURICOCHA,JESUS,Provincial,Sí,Sí,6,3,3,Sí,2,2,0,No,NA,NA,NA,No,NA,NA,NA,NA,No,NA,NA,NA,No,NA,2
2025,101002,HUANUCO,LAURICOCHA,BAÑOS,Distrital,Sí,Sí,1,0,1,No,NA,NA,NA,No,NA,NA,NA,No,NA,NA,NA,NA,No,NA,NA,NA,No,NA,8
2025,101003,HUANUCO,LAURICOCHA,JIVIA,Distrital,Sí,Sí,2,1,1,No,NA,NA,NA,No,NA,NA,NA,No,NA,NA,NA,NA,No,NA,NA,NA,Sí,6,21
2025,101004,HUANUCO,LAURICOCHA,QUEROPALCA,Distrital,Sí,Sí,3,0,3,No,NA,NA,NA,No,NA,NA,NA,No,NA,NA,NA,NA,No,NA,NA,NA,No,NA,20
2025,101005,HUANUCO,LAURICOCHA,RONDOS,Distrital,Sí,Sí,2,0,2,No,NA,NA,NA,No,NA,NA,NA,No,NA,NA,NA,NA,No,NA,NA,NA,No,NA,6
2025,101006,HUANUCO,LAURICOCHA,SAN FRANCISCO DE ASIS,Distrital,Sí,No,NA,NA,NA,No,NA,NA,NA,No,NA,NA,NA,No,NA,NA,NA,NA,No,NA,NA,NA,No,NA,1
2025,101007,HUANUCO,LAURICOCHA,SAN MIGUEL DE CAURI,Distrital,Sí,Sí,4,1,3,No,NA,NA,NA,No,NA,NA,NA,No,NA,NA,NA,NA,No,NA,NA,NA,No,NA,5
2025,101101,HUANUCO,YAROWILCA,CHAVINILLO,Provincial,Sí,Sí,9,0,9,No,NA,NA,NA,No,NA,NA,NA,No,NA,NA,NA,NA,No,NA,NA,NA,No,NA,6
2025,101102,HUANUCO,YAROWILCA,CAHUAC,Distrital,Sí,Sí,1,0,1,No,NA,NA,NA,No,NA,NA,NA,Sí,1,1,0,0,No,NA,NA,NA,No,NA,0
2025,101103,HUANUCO,YAROWILCA,CHACABAMBA,Distrital,Sí,Sí,2,0,2,No,NA,NA,NA,No,NA,NA,NA,No,NA,NA,NA,NA,No,NA,NA,NA,No,NA,1
2025,101104,HUANUCO,YAROWILCA,APARICIO POMARES,Distrital,Sí,Sí,4,0,4,No,NA,NA,NA,No,NA,NA,NA,No,NA,NA,NA,NA,No,NA,NA,NA,No,NA,6
2025,101105,HUANUCO,YAROWILCA,JACAS CHICO,Distrital,Sí,No,NA,NA,NA,No,NA,NA,NA,No,NA,NA,NA,No,NA,NA,NA,NA,No,NA,NA,NA,No,NA,5
2025,101106,HUANUCO,YAROWILCA,OBAS,Distrital,Sí,Sí,2,0,2,No,NA,NA,NA,No,NA,NA,NA,No,NA,NA,NA,NA,No,NA,NA,NA,Sí,4,9
2025,101107,HUANUCO,YAROWILCA,PAMPAMARCA,Distrital,Sí,Sí,3,0,3,No,NA,NA,NA,No,NA,NA,NA,No,NA,NA,NA,NA,No,NA,NA,NA,No,NA,4
2025,101108,HUANUCO,YAROWILCA,CHORAS,Distrital,No,No,NA,NA,NA,No,NA,NA,NA,No,NA,NA,NA,No,NA,NA,NA,NA,No,NA,NA,NA,No,NA,0
2025,110101,ICA,ICA,ICA,Provincial,Sí,Sí,167,46,121,Sí,10,5,5,Sí,76,42,34,No,NA,NA,NA,NA,No,NA,NA,NA,Sí,20,1572
2025,110102,ICA,ICA,LA TINGUIÑA,Distrital,Sí,Sí,49,4,45,Sí,7,7,0,Sí,23,21,2,Sí,20,19,1,0,Sí,1,1,0,No,NA,238
2025,110103,ICA,ICA,LOS AQUIJES,Distrital,Sí,Sí,19,3,16,Sí,3,3,0,Sí,10,10,0,Sí,19,5,14,0,Sí,1,1,0,No,NA,108
2025,110104,ICA,ICA,OCUCAJE,Distrital,Sí,Sí,8,0,8,Sí,1,0,1,No,NA,NA,NA,No,NA,NA,NA,NA,No,NA,NA,NA,No,NA,0
2025,110105,ICA,ICA,PACHACUTEC,Distrital,Sí,Sí,8,2,6,Sí,1,1,0,No,NA,NA,NA,Sí,27,27,0,0,Sí,1,1,0,No,NA,70
2025,110106,ICA,ICA,PARCONA,Distrital,Sí,Sí,38,14,24,Sí,12,12,0,Sí,17,13,4,Sí,58,50,8,0,Sí,1,1,0,No,NA,1063
2025,110107,ICA,ICA,PUEBLO NUEVO,Distrital,Sí,Sí,11,1,10,Sí,1,1,0,Sí,4,4,0,Sí,4,4,0,4,Sí,1,1,0,Sí,12,25
2025,110108,ICA,ICA,SALAS,Distrital,Sí,Sí,60,11,49,Sí,7,4,3,Sí,32,16,16,No,NA,NA,NA,NA,No,NA,NA,NA,Sí,22,448
2025,110109,ICA,ICA,SAN JOSE DE LOS MOLINOS,Distrital,Sí,Sí,5,0,5,Sí,1,1,0,No,NA,NA,NA,Sí,12,12,0,12,Sí,1,1,0,No,NA,35
2025,110110,ICA,ICA,SAN JUAN BAUTISTA,Distrital,Sí,Sí,19,7,12,Sí,2,2,0,No,NA,NA,NA,No,NA,NA,NA,NA,No,NA,NA,NA,No,NA,60
2025,110111,ICA,ICA,SANTIAGO,Distrital,Sí,Sí,23,5,18,Sí,4,4,0,No,NA,NA,NA,No,NA,NA,NA,NA,No,NA,NA,NA,Sí,6,343
2025,110112,ICA,ICA,SUBTANJALLA,Distrital,Sí,Sí,32,10,22,Sí,2,2,0,No,NA,NA,NA,Sí,10,10,0,0,Sí,1,1,0,Sí,4,406
2025,110113,ICA,ICA,TATE,Distrital,Sí,Sí,3,1,2,Sí,1,1,0,Sí,1,1,0,No,NA,NA,NA,NA,No,NA,NA,NA,No,NA,110
2025,110114,ICA,ICA,YAUCA DEL ROSARIO,Distrital,Sí,Sí,5,0,5,Sí,1,1,0,No,NA,NA,NA,No,NA,NA,NA,NA,No,NA,NA,NA,No,NA,5
2025,110201,ICA,CHINCHA,CHINCHA ALTA,Provincial,Sí,Sí,43,1,42,Sí,10,5,5,No,NA,NA,NA,Sí,32,26,6,26,Sí,1,1,0,No,NA,333
2025,110202,ICA,CHINCHA,ALTO LARAN,Distrital,Sí,Sí,18,4,14,Sí,3,2,1,No,NA,NA,NA,Sí,14,8,6,0,Sí,1,1,0,No,NA,7
2025,110203,ICA,CHINCHA,CHAVIN,Distrital,Sí,Sí,1,1,0,No,NA,NA,NA,No,NA,NA,NA,No,NA,NA,NA,NA,No,NA,NA,NA,No,NA,6
2025,110204,ICA,CHINCHA,CHINCHA BAJA,Distrital,Sí,Sí,12,2,10,Sí,2,1,1,Sí,4,4,0,Sí,18,11,7,0,Sí,1,1,0,Sí,4,100
2025,110205,ICA,CHINCHA,EL CARMEN,Distrital,Sí,Sí,18,5,13,Sí,2,2,0,Sí,11,9,2,Sí,28,28,0,0,Sí,1,1,0,Sí,4,33
2025,110206,ICA,CHINCHA,GROCIO PRADO,Distrital,Sí,Sí,32,6,26,Sí,4,4,0,No,NA,NA,NA,Sí,19,19,0,0,Sí,1,1,0,No,NA,167
2025,110207,ICA,CHINCHA,PUEBLO NUEVO,Distrital,Sí,Sí,43,3,40,Sí,5,5,0,Sí,38,29,9,Sí,33,33,0,0,Sí,1,1,0,Sí,18,542
2025,110208,ICA,CHINCHA,SAN JUAN DE YANAC,Distrital,Sí,Sí,2,0,2,No,NA,NA,NA,No,NA,NA,NA,No,NA,NA,NA,NA,No,NA,NA,NA,No,NA,0
2025,110209,ICA,CHINCHA,SAN PEDRO DE HUACARPANA,Distrital,Sí,Sí,1,0,1,No,NA,NA,NA,No,NA,NA,NA,No,NA,NA,NA,NA,No,NA,NA,NA,No,NA,5
2025,110210,ICA,CHINCHA,SUNAMPE,Distrital,Sí,Sí,32,4,28,Sí,6,5,1,Sí,8,0,8,Sí,20,20,0,0,Sí,1,1,0,Sí,10,224
2025,110211,ICA,CHINCHA,TAMBO DE MORA,Distrital,Sí,Sí,3,0,3,Sí,2,1,1,Sí,1,1,0,Sí,20,20,0,0,Sí,1,1,0,Sí,3,37
2025,110301,ICA,NASCA,NASCA,Provincial,Sí,Sí,90,20,70,Sí,8,8,0,Sí,90,45,45,Sí,48,48,0,10,Sí,2,1,1,Sí,22,28
2025,110302,ICA,NASCA,CHANGUILLO,Distrital,Sí,Sí,3,0,3,Sí,1,1,0,No,NA,NA,NA,No,NA,NA,NA,NA,No,NA,NA,NA,No,NA,4
2025,110303,ICA,NASCA,EL INGENIO,Distrital,Sí,Sí,18,9,9,Sí,1,1,0,Sí,14,14,0,No,NA,NA,NA,NA,No,NA,NA,NA,No,NA,53
2025,110304,ICA,NASCA,MARCONA,Distrital,Sí,Sí,43,8,35,Sí,3,3,0,Sí,14,0,14,Sí,26,24,2,0,Sí,1,1,0,No,NA,233
2025,110305,ICA,NASCA,VISTA ALEGRE,Distrital,Sí,Sí,35,4,31,Sí,5,5,0,Sí,15,15,0,Sí,10,10,0,0,Sí,1,1,0,Sí,15,333
2025,110401,ICA,PALPA,PALPA,Provincial,Sí,Sí,4,0,4,Sí,3,2,1,Sí,2,2,0,No,NA,NA,NA,NA,No,NA,NA,NA,No,NA,230
2025,110402,ICA,PALPA,LLIPATA,Distrital,No,Sí,2,0,2,Sí,2,1,1,No,NA,NA,NA,No,NA,NA,NA,NA,No,NA,NA,NA,No,NA,0
2025,110403,ICA,PALPA,RIO GRANDE,Distrital,Sí,Sí,2,2,0,Sí,1,1,0,No,NA,NA,NA,No,NA,NA,NA,NA,No,NA,NA,NA,No,NA,6
2025,110404,ICA,PALPA,SANTA CRUZ,Distrital,No,No,NA,NA,NA,No,NA,NA,NA,No,NA,NA,NA,No,NA,NA,NA,NA,No,NA,NA,NA,No,NA,0
2025,110405,ICA,PALPA,TIBILLO,Distrital,No,No,NA,NA,NA,No,NA,NA,NA,No,NA,NA,NA,No,NA,NA,NA,NA,No,NA,NA,NA,No,NA,0
2025,110501,ICA,PISCO,PISCO,Provincial,Sí,Sí,77,17,60,Sí,8,6,2,Sí,29,21,8,Sí,90,90,0,82,Sí,1,1,0,Sí,9,3299
2025,110502,ICA,PISCO,HUANCANO,Distrital,Sí,Sí,11,3,8,Sí,1,1,0,Sí,8,0,8,Sí,14,4,10,0,No,NA,NA,NA,No,NA,11
2025,110503,ICA,PISCO,HUMAY,Distrital,Sí,Sí,29,4,25,Sí,1,1,0,Sí,2,2,0,Sí,2,2,0,0,Sí,1,1,0,No,NA,55
2025,110504,ICA,PISCO,INDEPENDENCIA,Distrital,Sí,Sí,7,0,7,Sí,5,2,3,No,NA,NA,NA,Sí,25,25,0,0,Sí,1,1,0,Sí,10,57
2025,110505,ICA,PISCO,PARACAS,Distrital,Sí,Sí,47,7,40,Sí,5,5,0,Sí,6,6,0,Sí,32,32,0,0,Sí,1,1,0,No,NA,98
2025,110506,ICA,PISCO,SAN ANDRES,Distrital,Sí,Sí,20,5,15,Sí,6,4,2,Sí,22,21,1,Sí,14,12,2,2,Sí,2,1,1,Sí,30,1431
2025,110507,ICA,PISCO,SAN CLEMENTE,Distrital,Sí,Sí,48,18,30,Sí,3,3,0,Sí,28,28,0,Sí,50,50,0,1,Sí,1,1,0,No,NA,480
2025,110508,ICA,PISCO,TUPAC AMARU INCA,Distrital,Sí,Sí,14,1,13,Sí,4,2,2,Sí,10,5,5,Sí,34,0,34,0,Sí,1,0,1,Sí,4,22
2025,120101,JUNIN,HUANCAYO,HUANCAYO,Provincial,Sí,Sí,133,31,102,Sí,10,8,2,Sí,56,36,20,Sí,54,38,16,38,Sí,1,1,0,No,NA,10107
2025,120104,JUNIN,HUANCAYO,CARHUACALLANGA,Distrital,Sí,Sí,2,0,2,Sí,1,1,0,No,NA,NA,NA,No,NA,NA,NA,NA,No,NA,NA,NA,No,NA,0
2025,120105,JUNIN,HUANCAYO,CHACAPAMPA,Distrital,No,No,NA,NA,NA,No,NA,NA,NA,No,NA,NA,NA,No,NA,NA,NA,NA,No,NA,NA,NA,No,NA,0
2025,120106,JUNIN,HUANCAYO,CHICCHE,Distrital,No,No,NA,NA,NA,Sí,1,0,1,No,NA,NA,NA,No,NA,NA,NA,NA,No,NA,NA,NA,Sí,5,0
2025,120107,JUNIN,HUANCAYO,CHILCA,Distrital,Sí,Sí,59,16,43,Sí,9,9,0,Sí,18,18,0,Sí,18,18,0,18,Sí,1,1,0,No,NA,2160
2025,120108,JUNIN,HUANCAYO,CHONGOS ALTO,Distrital,No,No,NA,NA,NA,Sí,1,1,0,No,NA,NA,NA,No,NA,NA,NA,NA,No,NA,NA,NA,No,NA,0
2025,120111,JUNIN,HUANCAYO,CHUPURO,Distrital,Sí,Sí,1,0,1,No,NA,NA,NA,No,NA,NA,NA,No,NA,NA,NA,NA,No,NA,NA,NA,No,NA,6
2025,120112,JUNIN,HUANCAYO,COLCA,Distrital,Sí,No,NA,NA,NA,Sí,2,1,1,No,NA,NA,NA,No,NA,NA,NA,NA,No,NA,NA,NA,No,NA,1
2025,120113,JUNIN,HUANCAYO,CULLHUAS,Distrital,No,No,NA,NA,NA,No,NA,NA,NA,No,NA,NA,NA,No,NA,NA,NA,NA,No,NA,NA,NA,No,NA,0
2025,120114,JUNIN,HUANCAYO,EL TAMBO,Distrital,Sí,Sí,155,33,122,Sí,9,8,1,Sí,91,84,7,Sí,26,25,1,25,Sí,2,1,1,No,NA,18460
2025,120116,JUNIN,HUANCAYO,HUACRAPUQUIO,Distrital,No,No,NA,NA,NA,No,NA,NA,NA,No,NA,NA,NA,No,NA,NA,NA,NA,No,NA,NA,NA,No,NA,0
2025,120117,JUNIN,HUANCAYO,HUALHUAS,Distrital,Sí,Sí,6,0,6,Sí,2,1,1,No,NA,NA,NA,No,NA,NA,NA,NA,No,NA,NA,NA,No,NA,253
2025,120119,JUNIN,HUANCAYO,HUANCAN,Distrital,Sí,Sí,14,3,11,Sí,1,1,0,No,NA,NA,NA,No,NA,NA,NA,NA,No,NA,NA,NA,No,NA,226
2025,120120,JUNIN,HUANCAYO,HUASICANCHA,Distrital,No,No,NA,NA,NA,No,NA,NA,NA,No,NA,NA,NA,No,NA,NA,NA,NA,No,NA,NA,NA,No,NA,0
2025,120121,JUNIN,HUANCAYO,HUAYUCACHI,Distrital,Sí,Sí,6,0,6,Sí,1,1,0,No,NA,NA,NA,Sí,1,1,0,0,No,NA,NA,NA,No,NA,22
2025,120122,JUNIN,HUANCAYO,INGENIO,Distrital,Sí,Sí,1,0,1,No,NA,NA,NA,No,NA,NA,NA,Sí,7,3,4,0,Sí,1,1,0,No,NA,13
2025,120124,JUNIN,HUANCAYO,PARIAHUANCA,Distrital,No,No,NA,NA,NA,No,NA,NA,NA,No,NA,NA,NA,No,NA,NA,NA,NA,No,NA,NA,NA,No,NA,0
2025,120125,JUNIN,HUANCAYO,PILCOMAYO,Distrital,Sí,Sí,21,2,19,Sí,2,2,0,No,NA,NA,NA,No,NA,NA,NA,NA,No,NA,NA,NA,Sí,4,269
2025,120126,JUNIN,HUANCAYO,PUCARA,Distrital,No,No,NA,NA,NA,No,NA,NA,NA,No,NA,NA,NA,No,NA,NA,NA,NA,No,NA,NA,NA,No,NA,2
2025,120127,JUNIN,HUANCAYO,QUICHUAY,Distrital,Sí,Sí,3,0,3,No,NA,NA,NA,No,NA,NA,NA,Sí,6,6,0,0,No,NA,NA,NA,No,NA,0
2025,120128,JUNIN,HUANCAYO,QUILCAS,Distrital,No,No,NA,NA,NA,Sí,2,1,1,No,NA,NA,NA,No,NA,NA,NA,NA,No,NA,NA,NA,No,NA,0
2025,120129,JUNIN,HUANCAYO,SAN AGUSTIN,Distrital,Sí,Sí,13,2,11,Sí,3,3,0,Sí,12,12,0,Sí,25,23,2,0,Sí,1,1,0,Sí,10,368
2025,120130,JUNIN,HUANCAYO,SAN JERONIMO DE TUNAN,Distrital,Sí,Sí,10,2,8,Sí,1,1,0,No,NA,NA,NA,No,NA,NA,NA,NA,No,NA,NA,NA,No,NA,112
2025,120132,JUNIN,HUANCAYO,SAÑO,Distrital,Sí,Sí,2,0,2,Sí,1,1,0,No,NA,NA,NA,No,NA,NA,NA,NA,No,NA,NA,NA,No,NA,2
2025,120133,JUNIN,HUANCAYO,SAPALLANGA,Distrital,Sí,Sí,11,2,9,Sí,4,2,2,No,NA,NA,NA,Sí,3,3,0,1,Sí,1,0,1,No,NA,101
2025,120134,JUNIN,HUANCAYO,SICAYA,Distrital,Sí,Sí,4,0,4,Sí,3,1,2,No,NA,NA,NA,Sí,27,14,13,1,Sí,2,1,1,No,NA,54
2025,120135,JUNIN,HUANCAYO,SANTO DOMINGO DE ACOBAMBA,Distrital,No,No,NA,NA,NA,No,NA,NA,NA,No,NA,NA,NA,No,NA,NA,NA,NA,No,NA,NA,NA,No,NA,4
2025,120136,JUNIN,HUANCAYO,VIQUES,Distrital,No,No,NA,NA,NA,No,NA,NA,NA,No,NA,NA,NA,No,NA,NA,NA,NA,No,NA,NA,NA,No,NA,0
2025,120201,JUNIN,CONCEPCION,CONCEPCION,Provincial,Sí,Sí,21,5,16,Sí,2,2,0,Sí,10,5,5,Sí,16,16,0,0,Sí,1,1,0,Sí,9,1253
2025,120202,JUNIN,CONCEPCION,ACO,Distrital,Sí,Sí,1,0,1,No,NA,NA,NA,No,NA,NA,NA,No,NA,NA,NA,NA,No,NA,NA,NA,No,NA,4
2025,120203,JUNIN,CONCEPCION,ANDAMARCA,Distrital,No,No,NA,NA,NA,No,NA,NA,NA,No,NA,NA,NA,No,NA,NA,NA,NA,No,NA,NA,NA,No,NA,0
2025,120204,JUNIN,CONCEPCION,CHAMBARA,Distrital,Sí,Sí,4,0,4,No,NA,NA,NA,No,NA,NA,NA,No,NA,NA,NA,NA,No,NA,NA,NA,No,NA,21
2025,120205,JUNIN,CONCEPCION,COCHAS,Distrital,No,No,NA,NA,NA,No,NA,NA,NA,No,NA,NA,NA,No,NA,NA,NA,NA,No,NA,NA,NA,No,NA,0
2025,120206,JUNIN,CONCEPCION,COMAS,Distrital,No,No,NA,NA,NA,No,NA,NA,NA,No,NA,NA,NA,No,NA,NA,NA,NA,No,NA,NA,NA,No,NA,0
2025,120207,JUNIN,CONCEPCION,HEROINAS TOLEDO,Distrital,Sí,Sí,4,2,2,No,NA,NA,NA,No,NA,NA,NA,No,NA,NA,NA,NA,No,NA,NA,NA,No,NA,4
2025,120208,JUNIN,CONCEPCION,MANZANARES,Distrital,Sí,Sí,2,0,2,No,NA,NA,NA,No,NA,NA,NA,No,NA,NA,NA,NA,No,NA,NA,NA,No,NA,5
2025,120209,JUNIN,CONCEPCION,MARISCAL CASTILLA,Distrital,No,No,NA,NA,NA,No,NA,NA,NA,No,NA,NA,NA,Sí,2,2,0,0,No,NA,NA,NA,No,NA,0
2025,120210,JUNIN,CONCEPCION,MATAHUASI,Distrital,Sí,Sí,3,0,3,Sí,1,1,0,No,NA,NA,NA,No,NA,NA,NA,NA,No,NA,NA,NA,No,NA,94
2025,120211,JUNIN,CONCEPCION,MITO,Distrital,Sí,Sí,2,0,2,Sí,1,1,0,No,NA,NA,NA,No,NA,NA,NA,NA,No,NA,NA,NA,No,NA,3
2025,120212,JUNIN,CONCEPCION,NUEVE DE JULIO,Distrital,Sí,Sí,4,0,4,Sí,2,1,1,No,NA,NA,NA,Sí,16,16,0,0,Sí,1,1,0,No,NA,87
2025,120213,JUNIN,CONCEPCION,ORCOTUNA,Distrital,Sí,Sí,1,0,1,Sí,1,1,0,No,NA,NA,NA,Sí,10,4,6,0,Sí,1,1,0,No,NA,27
2025,120214,JUNIN,CONCEPCION,SAN JOSE DE QUERO,Distrital,Sí,Sí,1,0,1,No,NA,NA,NA,No,NA,NA,NA,Sí,7,0,7,0,No,NA,NA,NA,No,NA,15
2025,120215,JUNIN,CONCEPCION,SANTA ROSA DE OCOPA,Distrital,Sí,Sí,1,0,1,Sí,1,1,0,No,NA,NA,NA,No,NA,NA,NA,NA,No,NA,NA,NA,No,NA,6
2025,120301,JUNIN,CHANCHAMAYO,CHANCHAMAYO,Provincial,Sí,Sí,38,7,31,Sí,4,3,1,Sí,12,12,0,Sí,36,36,0,0,Sí,2,2,0,Sí,14,3096
2025,120302,JUNIN,CHANCHAMAYO,PERENE,Distrital,Sí,Sí,45,7,38,Sí,5,3,2,Sí,15,10,5,Sí,15,13,2,0,Sí,2,1,1,No,NA,1424
2025,120303,JUNIN,CHANCHAMAYO,PICHANAQUI,Distrital,Sí,Sí,40,1,39,Sí,3,3,0,Sí,30,13,17,Sí,18,17,1,0,Sí,1,1,0,No,NA,4624
2025,120304,JUNIN,CHANCHAMAYO,SAN LUIS DE SHUARO,Distrital,Sí,Sí,7,0,7,Sí,1,1,0,No,NA,NA,NA,No,NA,NA,NA,NA,No,NA,NA,NA,No,NA,57
2025,120305,JUNIN,CHANCHAMAYO,SAN RAMON,Distrital,Sí,Sí,16,0,16,Sí,2,0,2,No,NA,NA,NA,Sí,13,5,8,1,Sí,1,1,0,No,NA,323
2025,120306,JUNIN,CHANCHAMAYO,VITOC,Distrital,Sí,Sí,6,0,6,Sí,2,1,1,No,NA,NA,NA,Sí,4,4,0,4,Sí,1,1,0,No,NA,30
2025,120401,JUNIN,JAUJA,JAUJA,Provincial,Sí,Sí,21,0,21,Sí,3,2,1,Sí,9,9,0,Sí,40,28,12,0,Sí,1,1,0,No,NA,498
2025,120402,JUNIN,JAUJA,ACOLLA,Distrital,Sí,Sí,2,0,2,Sí,1,1,0,No,NA,NA,NA,No,NA,NA,NA,NA,No,NA,NA,NA,Sí,2,0
2025,120403,JUNIN,JAUJA,APATA,Distrital,Sí,Sí,4,0,4,Sí,3,1,2,Sí,5,4,1,Sí,11,0,11,0,Sí,1,1,0,No,NA,28
2025,120404,JUNIN,JAUJA,ATAURA,Distrital,Sí,Sí,4,0,4,No,NA,NA,NA,No,NA,NA,NA,No,NA,NA,NA,NA,No,NA,NA,NA,No,NA,8
2025,120405,JUNIN,JAUJA,CANCHAYLLO,Distrital,Sí,Sí,1,0,1,No,NA,NA,NA,No,NA,NA,NA,No,NA,NA,NA,NA,No,NA,NA,NA,No,NA,4
2025,120406,JUNIN,JAUJA,CURICACA,Distrital,Sí,Sí,2,0,2,No,NA,NA,NA,No,NA,NA,NA,No,NA,NA,NA,NA,No,NA,NA,NA,No,NA,7
2025,120407,JUNIN,JAUJA,EL MANTARO,Distrital,Sí,Sí,3,0,3,Sí,1,1,0,No,NA,NA,NA,No,NA,NA,NA,NA,No,NA,NA,NA,No,NA,17
2025,120408,JUNIN,JAUJA,HUAMALI,Distrital,Sí,Sí,2,0,2,Sí,1,1,0,No,NA,NA,NA,No,NA,NA,NA,NA,No,NA,NA,NA,No,NA,6
2025,120409,JUNIN,JAUJA,HUARIPAMPA,Distrital,Sí,Sí,2,0,2,Sí,2,2,0,No,NA,NA,NA,No,NA,NA,NA,NA,No,NA,NA,NA,No,NA,17
2025,120410,JUNIN,JAUJA,HUERTAS,Distrital,Sí,Sí,1,0,1,Sí,1,1,0,No,NA,NA,NA,No,NA,NA,NA,NA,No,NA,NA,NA,No,NA,5
2025,120411,JUNIN,JAUJA,JANJAILLO,Distrital,Sí,Sí,1,0,1,Sí,1,1,0,No,NA,NA,NA,No,NA,NA,NA,NA,No,NA,NA,NA,No,NA,0
2025,120412,JUNIN,JAUJA,JULCAN,Distrital,No,No,NA,NA,NA,Sí,1,1,0,No,NA,NA,NA,Sí,4,4,0,0,Sí,1,1,0,No,NA,7
2025,120413,JUNIN,JAUJA,LEONOR ORDOÑEZ,Distrital,Sí,Sí,1,1,0,No,NA,NA,NA,No,NA,NA,NA,No,NA,NA,NA,NA,No,NA,NA,NA,No,NA,11
2025,120414,JUNIN,JAUJA,LLOCLLAPAMPA,Distrital,Sí,Sí,2,0,2,Sí,3,1,2,No,NA,NA,NA,Sí,8,4,4,0,No,NA,NA,NA,No,NA,14
2025,120415,JUNIN,JAUJA,MARCO,Distrital,Sí,Sí,1,0,1,Sí,1,1,0,No,NA,NA,NA,No,NA,NA,NA,NA,No,NA,NA,NA,No,NA,2
2025,120416,JUNIN,JAUJA,MASMA,Distrital,Sí,Sí,4,2,2,Sí,1,1,0,No,NA,NA,NA,Sí,4,4,0,4,No,NA,NA,NA,No,NA,2
2025,120417,JUNIN,JAUJA,MASMA CHICCHE,Distrital,Sí,Sí,2,0,2,No,NA,NA,NA,No,NA,NA,NA,No,NA,NA,NA,NA,No,NA,NA,NA,No,NA,11
2025,120418,JUNIN,JAUJA,MOLINOS,Distrital,Sí,Sí,1,0,1,Sí,1,1,0,No,NA,NA,NA,No,NA,NA,NA,NA,No,NA,NA,NA,No,NA,3
2025,120419,JUNIN,JAUJA,MONOBAMBA,Distrital,Sí,Sí,1,0,1,No,NA,NA,NA,No,NA,NA,NA,No,NA,NA,NA,NA,No,NA,NA,NA,No,NA,9
2025,120420,JUNIN,JAUJA,MUQUI,Distrital,No,No,NA,NA,NA,No,NA,NA,NA,No,NA,NA,NA,No,NA,NA,NA,NA,No,NA,NA,NA,No,NA,0
2025,120421,JUNIN,JAUJA,MUQUIYAUYO,Distrital,Sí,Sí,2,0,2,Sí,1,0,1,No,NA,NA,NA,No,NA,NA,NA,NA,No,NA,NA,NA,No,NA,16
2025,120422,JUNIN,JAUJA,PACA,Distrital,Sí,Sí,1,0,1,Sí,1,1,0,No,NA,NA,NA,No,NA,NA,NA,NA,No,NA,NA,NA,No,NA,3
2025,120423,JUNIN,JAUJA,PACCHA,Distrital,Sí,Sí,1,0,1,Sí,1,1,0,No,NA,NA,NA,Sí,3,3,0,0,Sí,1,1,0,No,NA,3
2025,120424,JUNIN,JAUJA,PANCAN,Distrital,Sí,Sí,2,0,2,Sí,1,1,0,No,NA,NA,NA,Sí,4,4,0,4,Sí,4,3,1,No,NA,8
2025,120425,JUNIN,JAUJA,PARCO,Distrital,No,No,NA,NA,NA,Sí,4,1,3,No,NA,NA,NA,No,NA,NA,NA,NA,No,NA,NA,NA,No,NA,2
2025,120426,JUNIN,JAUJA,POMACANCHA,Distrital,No,No,NA,NA,NA,No,NA,NA,NA,No,NA,NA,NA,No,NA,NA,NA,NA,No,NA,NA,NA,No,NA,0
2025,120427,JUNIN,JAUJA,RICRAN,Distrital,Sí,Sí,1,0,1,Sí,1,0,1,No,NA,NA,NA,No,NA,NA,NA,NA,No,NA,NA,NA,No,NA,7
2025,120428,JUNIN,JAUJA,SAN LORENZO,Distrital,Sí,Sí,2,0,2,Sí,1,1,0,No,NA,NA,NA,No,NA,NA,NA,NA,No,NA,NA,NA,No,NA,15
2025,120429,JUNIN,JAUJA,SAN PEDRO DE CHUNAN,Distrital,Sí,Sí,2,0,2,Sí,1,1,0,No,NA,NA,NA,No,NA,NA,NA,NA,No,NA,NA,NA,No,NA,0
2025,120430,JUNIN,JAUJA,SAUSA,Distrital,Sí,Sí,2,0,2,Sí,1,1,0,No,NA,NA,NA,No,NA,NA,NA,NA,No,NA,NA,NA,No,NA,231
2025,120431,JUNIN,JAUJA,SINCOS,Distrital,Sí,Sí,2,0,2,Sí,2,1,1,No,NA,NA,NA,Sí,3,3,0,0,No,NA,NA,NA,No,NA,4
2025,120432,JUNIN,JAUJA,TUNAN MARCA,Distrital,No,No,NA,NA,NA,No,NA,NA,NA,No,NA,NA,NA,No,NA,NA,NA,NA,No,NA,NA,NA,No,NA,0
2025,120433,JUNIN,JAUJA,YAULI,Distrital,Sí,Sí,2,1,1,No,NA,NA,NA,No,NA,NA,NA,No,NA,NA,NA,NA,No,NA,NA,NA,No,NA,3
2025,120434,JUNIN,JAUJA,YAUYOS,Distrital,Sí,Sí,17,0,17,Sí,2,1,1,No,NA,NA,NA,Sí,14,7,7,0,Sí,1,1,0,No,NA,137
2025,120501,JUNIN,JUNIN,JUNIN,Provincial,Sí,Sí,10,2,8,Sí,1,1,0,No,NA,NA,NA,Sí,12,6,6,0,Sí,1,1,0,No,NA,81
2025,120502,JUNIN,JUNIN,CARHUAMAYO,Distrital,Sí,Sí,4,0,4,Sí,2,2,0,Sí,4,4,0,No,NA,NA,NA,NA,No,NA,NA,NA,No,NA,9
2025,120503,JUNIN,JUNIN,ONDORES,Distrital,Sí,Sí,2,0,2,No,NA,NA,NA,Sí,2,2,0,No,NA,NA,NA,NA,No,NA,NA,NA,No,NA,8
2025,120504,JUNIN,JUNIN,ULCUMAYO,Distrital,Sí,Sí,4,0,4,Sí,1,1,0,No,NA,NA,NA,No,NA,NA,NA,NA,No,NA,NA,NA,No,NA,0
2025,120601,JUNIN,SATIPO,SATIPO,Provincial,Sí,Sí,56,8,48,Sí,20,16,4,Sí,45,30,15,Sí,45,45,0,45,Sí,1,1,0,No,NA,1049
2025,120602,JUNIN,SATIPO,COVIRIALI,Distrital,Sí,Sí,12,4,8,Sí,2,1,1,No,NA,NA,NA,Sí,10,5,5,5,Sí,2,1,1,No,NA,64
2025,120603,JUNIN,SATIPO,LLAYLLA,Distrital,Sí,Sí,10,2,8,Sí,2,1,1,No,NA,NA,NA,No,NA,NA,NA,NA,No,NA,NA,NA,No,NA,18
2025,120604,JUNIN,SATIPO,MAZAMARI,Distrital,Sí,Sí,34,3,31,Sí,2,2,0,Sí,30,30,0,Sí,26,26,0,0,Sí,1,1,0,Sí,23,1046
2025,120605,JUNIN,SATIPO,PAMPA HERMOSA,Distrital,Sí,Sí,5,0,5,No,NA,NA,NA,Sí,10,10,0,Sí,5,4,1,0,Sí,2,2,0,No,NA,11
2025,120606,JUNIN,SATIPO,PANGOA,Distrital,Sí,Sí,28,1,27,Sí,4,3,1,Sí,36,20,16,Sí,8,8,0,0,No,NA,NA,NA,Sí,20,198
2025,120607,JUNIN,SATIPO,RIO NEGRO,Distrital,Sí,Sí,16,2,14,Sí,1,1,0,Sí,11,11,0,Sí,13,9,4,0,Sí,2,1,1,Sí,26,571
2025,120608,JUNIN,SATIPO,RIO TAMBO,Distrital,Sí,Sí,9,1,8,Sí,1,1,0,Sí,10,4,6,No,NA,NA,NA,NA,No,NA,NA,NA,No,NA,32
2025,120609,JUNIN,SATIPO,VIZCATÁN DEL ENE,Distrital,Sí,Sí,2,0,2,No,NA,NA,NA,No,NA,NA,NA,No,NA,NA,NA,NA,No,NA,NA,NA,No,NA,8
2025,120701,JUNIN,TARMA,TARMA,Provincial,Sí,Sí,38,17,21,Sí,3,2,1,Sí,39,23,16,Sí,22,13,9,0,Sí,1,1,0,No,NA,367
2025,120702,JUNIN,TARMA,ACOBAMBA,Distrital,Sí,Sí,6,0,6,Sí,2,2,0,No,NA,NA,NA,Sí,8,4,4,0,No,NA,NA,NA,No,NA,29
2025,120703,JUNIN,TARMA,HUARICOLCA,Distrital,No,No,NA,NA,NA,No,NA,NA,NA,No,NA,NA,NA,No,NA,NA,NA,NA,No,NA,NA,NA,No,NA,0
2025,120704,JUNIN,TARMA,HUASAHUASI,Distrital,Sí,Sí,5,0,5,Sí,1,1,0,No,NA,NA,NA,No,NA,NA,NA,NA,No,NA,NA,NA,Sí,6,44
2025,120705,JUNIN,TARMA,LA UNION,Distrital,Sí,Sí,2,0,2,No,NA,NA,NA,Sí,3,3,0,No,NA,NA,NA,NA,No,NA,NA,NA,Sí,4,4
2025,120706,JUNIN,TARMA,PALCA,Distrital,Sí,Sí,3,0,3,Sí,1,1,0,No,NA,NA,NA,Sí,4,2,2,2,No,NA,NA,NA,No,NA,13
2025,120707,JUNIN,TARMA,PALCAMAYO,Distrital,Sí,Sí,3,0,3,Sí,1,1,0,No,NA,NA,NA,No,NA,NA,NA,NA,No,NA,NA,NA,No,NA,17
2025,120708,JUNIN,TARMA,SAN PEDRO DE CAJAS,Distrital,Sí,Sí,2,0,2,No,NA,NA,NA,Sí,3,1,2,Sí,6,5,1,0,No,NA,NA,NA,No,NA,14
2025,120709,JUNIN,TARMA,TAPO,Distrital,No,No,NA,NA,NA,No,NA,NA,NA,No,NA,NA,NA,No,NA,NA,NA,NA,No,NA,NA,NA,No,NA,3
2025,120801,JUNIN,YAULI,LA OROYA,Provincial,Sí,Sí,20,3,17,Sí,3,3,0,Sí,20,20,0,Sí,12,12,0,12,Sí,1,1,0,No,NA,607
2025,120802,JUNIN,YAULI,CHACAPALPA,Distrital,Sí,Sí,2,1,1,Sí,1,1,0,No,NA,NA,NA,Sí,3,2,1,0,Sí,1,1,0,No,NA,31
2025,120803,JUNIN,YAULI,HUAY-HUAY,Distrital,Sí,Sí,8,2,6,Sí,1,1,0,Sí,4,4,0,Sí,13,13,0,0,Sí,1,1,0,No,NA,18
2025,120804,JUNIN,YAULI,MARCAPOMACOCHA,Distrital,Sí,Sí,8,3,5,Sí,4,2,2,No,NA,NA,NA,Sí,3,3,0,0,No,NA,NA,NA,No,NA,39
2025,120805,JUNIN,YAULI,MOROCOCHA,Distrital,Sí,Sí,19,3,16,Sí,2,2,0,Sí,10,10,0,Sí,24,16,8,0,Sí,1,1,0,No,NA,33
2025,120806,JUNIN,YAULI,PACCHA,Distrital,Sí,Sí,4,0,4,Sí,1,1,0,No,NA,NA,NA,Sí,4,3,1,0,Sí,1,1,0,No,NA,62
2025,120807,JUNIN,YAULI,SANTA BARBARA DE CARHUACAYAN,Distrital,Sí,Sí,8,1,7,Sí,1,1,0,No,NA,NA,NA,Sí,17,13,4,0,Sí,1,1,0,No,NA,2
2025,120808,JUNIN,YAULI,SANTA ROSA DE SACCO,Distrital,Sí,Sí,15,2,13,Sí,5,5,0,No,NA,NA,NA,Sí,12,8,4,0,Sí,2,1,1,No,NA,361
2025,120809,JUNIN,YAULI,SUITUCANCHA,Distrital,Sí,Sí,4,0,4,Sí,2,1,1,No,NA,NA,NA,Sí,4,4,0,0,Sí,1,1,0,No,NA,5
2025,120810,JUNIN,YAULI,YAULI,Distrital,Sí,Sí,21,5,16,Sí,2,2,0,Sí,2,2,0,Sí,24,18,6,0,Sí,1,1,0,No,NA,34
2025,120901,JUNIN,CHUPACA,CHUPACA,Provincial,Sí,Sí,33,1,32,Sí,3,3,0,No,NA,NA,NA,No,NA,NA,NA,NA,No,NA,NA,NA,No,NA,106
2025,120902,JUNIN,CHUPACA,AHUAC,Distrital,Sí,Sí,3,0,3,Sí,1,1,0,No,NA,NA,NA,No,NA,NA,NA,NA,No,NA,NA,NA,No,NA,27
2025,120903,JUNIN,CHUPACA,CHONGOS BAJO,Distrital,Sí,Sí,1,0,1,Sí,1,1,0,No,NA,NA,NA,No,NA,NA,NA,NA,No,NA,NA,NA,No,NA,20
2025,120904,JUNIN,CHUPACA,HUACHAC,Distrital,Sí,Sí,4,0,4,Sí,1,1,0,No,NA,NA,NA,No,NA,NA,NA,NA,No,NA,NA,NA,No,NA,17
2025,120905,JUNIN,CHUPACA,HUAMANCACA CHICO,Distrital,Sí,Sí,7,1,6,Sí,1,1,0,No,NA,NA,NA,No,NA,NA,NA,NA,No,NA,NA,NA,Sí,6,21
2025,120906,JUNIN,CHUPACA,SAN JUAN DE ISCOS,Distrital,Sí,Sí,2,0,2,Sí,1,1,0,No,NA,NA,NA,Sí,5,3,2,0,No,NA,NA,NA,No,NA,3
2025,120907,JUNIN,CHUPACA,SAN JUAN DE JARPA,Distrital,No,No,NA,NA,NA,No,NA,NA,NA,No,NA,NA,NA,No,NA,NA,NA,NA,No,NA,NA,NA,No,NA,0
2025,120908,JUNIN,CHUPACA,TRES DE DICIEMBRE,Distrital,Sí,Sí,2,0,2,Sí,1,1,0,No,NA,NA,NA,No,NA,NA,NA,NA,No,NA,NA,NA,No,NA,16
2025,120909,JUNIN,CHUPACA,YANACANCHA,Distrital,Sí,Sí,2,0,2,No,NA,NA,NA,No,NA,NA,NA,Sí,2,2,0,0,No,NA,NA,NA,No,NA,3
2025,130101,LA LIBERTAD,TRUJILLO,TRUJILLO,Provincial,Sí,Sí,740,162,578,Sí,79,47,32,Sí,92,86,6,Sí,65,46,19,0,Sí,1,1,0,No,NA,15173
2025,130102,LA LIBERTAD,TRUJILLO,EL PORVENIR,Distrital,Sí,Sí,68,0,68,Sí,8,6,2,Sí,40,25,15,Sí,75,65,10,0,Sí,1,1,0,Sí,68,410
2025,130103,LA LIBERTAD,TRUJILLO,FLORENCIA DE MORA,Distrital,Sí,Sí,6,0,6,Sí,2,2,0,No,NA,NA,NA,Sí,12,12,0,0,Sí,1,1,0,No,NA,639
2025,130104,LA LIBERTAD,TRUJILLO,HUANCHACO,Distrital,Sí,Sí,106,28,78,Sí,5,3,2,Sí,21,18,3,Sí,55,22,33,0,Sí,2,1,1,No,NA,1668
2025,130105,LA LIBERTAD,TRUJILLO,LA ESPERANZA,Distrital,Sí,Sí,81,12,69,Sí,19,18,1,Sí,5,4,1,Sí,121,57,64,0,Sí,2,1,1,Sí,35,1200
2025,130106,LA LIBERTAD,TRUJILLO,LAREDO,Distrital,Sí,Sí,25,3,22,Sí,6,2,4,Sí,9,8,1,Sí,22,13,9,0,Sí,1,1,0,Sí,9,234
2025,130107,LA LIBERTAD,TRUJILLO,MOCHE,Distrital,Sí,Sí,57,7,50,Sí,6,6,0,Sí,12,9,3,Sí,31,16,15,0,Sí,2,1,1,Sí,12,12
2025,130108,LA LIBERTAD,TRUJILLO,POROTO,Distrital,Sí,Sí,9,1,8,Sí,1,1,0,Sí,2,0,2,No,NA,NA,NA,NA,No,NA,NA,NA,No,NA,146
2025,130109,LA LIBERTAD,TRUJILLO,SALAVERRY,Distrital,Sí,Sí,26,5,21,Sí,5,3,2,Sí,1,1,0,No,NA,NA,NA,NA,No,NA,NA,NA,Sí,4,78
2025,130110,LA LIBERTAD,TRUJILLO,SIMBAL,Distrital,Sí,Sí,4,0,4,Sí,1,1,0,No,NA,NA,NA,Sí,6,6,0,0,Sí,1,1,0,No,NA,16
2025,130111,LA LIBERTAD,TRUJILLO,VICTOR LARCO HERRERA,Distrital,Sí,Sí,143,40,103,Sí,11,10,1,Sí,70,60,10,Sí,248,226,22,0,Sí,1,1,0,Sí,43,18841
2025,130112,LA LIBERTAD,TRUJILLO,ALTO TRUJILLO,Distrital,Sí,Sí,18,1,17,Sí,5,4,1,No,NA,NA,NA,No,NA,NA,NA,NA,No,NA,NA,NA,No,NA,590
2025,130201,LA LIBERTAD,ASCOPE,ASCOPE,Provincial,Sí,Sí,12,0,12,Sí,1,1,0,No,NA,NA,NA,Sí,2,2,0,0,No,NA,NA,NA,No,NA,0
2025,130202,LA LIBERTAD,ASCOPE,CHICAMA,Distrital,Sí,Sí,24,3,21,Sí,4,3,1,Sí,10,10,0,Sí,25,0,25,0,Sí,1,1,0,Sí,3,320
2025,130203,LA LIBERTAD,ASCOPE,CHOCOPE,Distrital,Sí,Sí,9,1,8,Sí,1,1,0,No,NA,NA,NA,Sí,21,21,0,0,Sí,1,1,0,No,NA,0
2025,130204,LA LIBERTAD,ASCOPE,MAGDALENA DE CAO,Distrital,Sí,Sí,1,0,1,No,NA,NA,NA,No,NA,NA,NA,Sí,4,4,0,4,No,NA,NA,NA,No,NA,1
2025,130205,LA LIBERTAD,ASCOPE,PAIJAN,Distrital,Sí,Sí,16,0,16,Sí,3,3,0,Sí,14,1,13,No,NA,NA,NA,NA,No,NA,NA,NA,Sí,4,81
2025,130206,LA LIBERTAD,ASCOPE,RAZURI,Distrital,Sí,Sí,12,1,11,No,NA,NA,NA,Sí,6,5,1,Sí,15,10,5,0,Sí,1,1,0,No,NA,95
2025,130207,LA LIBERTAD,ASCOPE,SANTIAGO DE CAO,Distrital,Sí,Sí,21,7,14,Sí,3,1,2,Sí,32,10,22,Sí,40,13,27,0,Sí,1,1,0,Sí,1,183
2025,130208,LA LIBERTAD,ASCOPE,CASA GRANDE,Distrital,Sí,Sí,18,3,15,Sí,2,2,0,Sí,9,5,4,Sí,44,24,20,0,Sí,2,1,1,Sí,4,30
2025,130301,LA LIBERTAD,BOLIVAR,BOLIVAR,Provincial,Sí,Sí,3,0,3,Sí,1,1,0,No,NA,NA,NA,Sí,12,12,0,0,Sí,1,1,0,No,NA,19
2025,130302,LA LIBERTAD,BOLIVAR,BAMBAMARCA,Distrital,No,No,NA,NA,NA,Sí,3,2,1,Sí,2,1,1,No,NA,NA,NA,NA,No,NA,NA,NA,Sí,1,0
2025,130303,LA LIBERTAD,BOLIVAR,CONDORMARCA,Distrital,No,No,NA,NA,NA,Sí,2,2,0,Sí,1,0,1,No,NA,NA,NA,NA,No,NA,NA,NA,No,NA,0
2025,130304,LA LIBERTAD,BOLIVAR,LONGOTEA,Distrital,No,No,NA,NA,NA,Sí,1,1,0,No,NA,NA,NA,No,NA,NA,NA,NA,No,NA,NA,NA,No,NA,0
2025,130305,LA LIBERTAD,BOLIVAR,UCHUMARCA,Distrital,No,No,NA,NA,NA,No,NA,NA,NA,No,NA,NA,NA,No,NA,NA,NA,NA,No,NA,NA,NA,No,NA,0
2025,130306,LA LIBERTAD,BOLIVAR,UCUNCHA,Distrital,Sí,Sí,1,0,1,Sí,1,1,0,No,NA,NA,NA,No,NA,NA,NA,NA,No,NA,NA,NA,No,NA,2
2025,130401,LA LIBERTAD,CHEPEN,CHEPEN,Provincial,Sí,Sí,40,2,38,Sí,7,5,2,Sí,28,28,0,Sí,52,34,18,0,Sí,1,1,0,No,NA,844
2025,130402,LA LIBERTAD,CHEPEN,PACANGA,Distrital,Sí,Sí,24,3,21,Sí,1,1,0,No,NA,NA,NA,No,NA,NA,NA,NA,No,NA,NA,NA,No,NA,114
2025,130403,LA LIBERTAD,CHEPEN,PUEBLO NUEVO,Distrital,Sí,Sí,24,0,24,Sí,2,1,1,No,NA,NA,NA,No,NA,NA,NA,NA,No,NA,NA,NA,No,NA,72
2025,130501,LA LIBERTAD,JULCAN,JULCAN,Provincial,Sí,Sí,13,4,9,Sí,1,1,0,No,NA,NA,NA,No,NA,NA,NA,NA,No,NA,NA,NA,No,NA,10
2025,130502,LA LIBERTAD,JULCAN,CALAMARCA,Distrital,Sí,Sí,7,0,7,Sí,2,1,1,No,NA,NA,NA,No,NA,NA,NA,NA,No,NA,NA,NA,No,NA,87
2025,130503,LA LIBERTAD,JULCAN,CARABAMBA,Distrital,Sí,Sí,10,2,8,No,NA,NA,NA,No,NA,NA,NA,No,NA,NA,NA,NA,No,NA,NA,NA,No,NA,3
2025,130504,LA LIBERTAD,JULCAN,HUASO,Distrital,Sí,Sí,3,0,3,Sí,1,1,0,No,NA,NA,NA,No,NA,NA,NA,NA,No,NA,NA,NA,No,NA,12
2025,130601,LA LIBERTAD,OTUZCO,OTUZCO,Provincial,Sí,Sí,23,7,16,Sí,3,3,0,Sí,12,0,12,Sí,20,20,0,0,Sí,1,1,0,No,NA,147
2025,130602,LA LIBERTAD,OTUZCO,AGALLPAMPA,Distrital,No,No,NA,NA,NA,No,NA,NA,NA,No,NA,NA,NA,No,NA,NA,NA,NA,No,NA,NA,NA,No,NA,0
2025,130604,LA LIBERTAD,OTUZCO,CHARAT,Distrital,Sí,Sí,2,0,2,No,NA,NA,NA,No,NA,NA,NA,No,NA,NA,NA,NA,No,NA,NA,NA,No,NA,11
2025,130605,LA LIBERTAD,OTUZCO,HUARANCHAL,Distrital,No,No,NA,NA,NA,No,NA,NA,NA,No,NA,NA,NA,No,NA,NA,NA,NA,No,NA,NA,NA,No,NA,52
2025,130606,LA LIBERTAD,OTUZCO,LA CUESTA,Distrital,No,No,NA,NA,NA,No,NA,NA,NA,No,NA,NA,NA,No,NA,NA,NA,NA,No,NA,NA,NA,No,NA,0
2025,130608,LA LIBERTAD,OTUZCO,MACHE,Distrital,No,No,NA,NA,NA,Sí,1,1,0,No,NA,NA,NA,No,NA,NA,NA,NA,No,NA,NA,NA,No,NA,0
2025,130610,LA LIBERTAD,OTUZCO,PARANDAY,Distrital,No,No,NA,NA,NA,No,NA,NA,NA,No,NA,NA,NA,No,NA,NA,NA,NA,No,NA,NA,NA,No,NA,0
2025,130611,LA LIBERTAD,OTUZCO,SALPO,Distrital,No,No,NA,NA,NA,Sí,1,1,0,No,NA,NA,NA,No,NA,NA,NA,NA,No,NA,NA,NA,No,NA,0
2025,130613,LA LIBERTAD,OTUZCO,SINSICAP,Distrital,No,No,NA,NA,NA,Sí,1,1,0,Sí,1,1,0,No,NA,NA,NA,NA,No,NA,NA,NA,No,NA,88
2025,130614,LA LIBERTAD,OTUZCO,USQUIL,Distrital,Sí,Sí,9,2,7,Sí,1,1,0,Sí,10,10,0,No,NA,NA,NA,NA,No,NA,NA,NA,No,NA,210
2025,130701,LA LIBERTAD,PACASMAYO,SAN PEDRO DE LLOC,Provincial,Sí,Sí,28,3,25,Sí,2,2,0,Sí,9,9,0,No,NA,NA,NA,NA,No,NA,NA,NA,No,NA,66
2025,130702,LA LIBERTAD,PACASMAYO,GUADALUPE,Distrital,Sí,Sí,40,5,35,Sí,6,2,4,Sí,6,6,0,Sí,28,0,28,0,Sí,1,0,1,No,NA,234
2025,130703,LA LIBERTAD,PACASMAYO,JEQUETEPEQUE,Distrital,Sí,Sí,4,0,4,Sí,1,1,0,No,NA,NA,NA,Sí,5,3,2,0,No,NA,NA,NA,No,NA,5
2025,130704,LA LIBERTAD,PACASMAYO,PACASMAYO,Distrital,Sí,Sí,33,5,28,Sí,4,3,1,Sí,8,7,1,Sí,22,22,0,0,Sí,1,1,0,Sí,6,43
2025,130705,LA LIBERTAD,PACASMAYO,SAN JOSE,Distrital,Sí,Sí,7,0,7,Sí,1,1,0,No,NA,NA,NA,Sí,10,10,0,0,No,NA,NA,NA,Sí,6,197
2025,130801,LA LIBERTAD,PATAZ,TAYABAMBA,Provincial,Sí,Sí,27,6,21,Sí,1,1,0,Sí,20,15,5,Sí,3,2,1,2,No,NA,NA,NA,Sí,8,116
2025,130802,LA LIBERTAD,PATAZ,BULDIBUYO,Distrital,No,No,NA,NA,NA,No,NA,NA,NA,No,NA,NA,NA,No,NA,NA,NA,NA,No,NA,NA,NA,No,NA,5
2025,130803,LA LIBERTAD,PATAZ,CHILLIA,Distrital,Sí,Sí,15,6,9,No,NA,NA,NA,No,NA,NA,NA,No,NA,NA,NA,NA,No,NA,NA,NA,No,NA,38
2025,130804,LA LIBERTAD,PATAZ,HUANCASPATA,Distrital,No,Sí,1,0,1,Sí,1,1,0,Sí,2,1,1,No,NA,NA,NA,NA,No,NA,NA,NA,No,NA,4
2025,130805,LA LIBERTAD,PATAZ,HUAYLILLAS,Distrital,No,No,NA,NA,NA,Sí,1,1,0,No,NA,NA,NA,No,NA,NA,NA,NA,No,NA,NA,NA,No,NA,0
2025,130806,LA LIBERTAD,PATAZ,HUAYO,Distrital,No,No,NA,NA,NA,Sí,1,1,0,No,NA,NA,NA,No,NA,NA,NA,NA,No,NA,NA,NA,No,NA,0
2025,130807,LA LIBERTAD,PATAZ,ONGON,Distrital,No,No,NA,NA,NA,No,NA,NA,NA,No,NA,NA,NA,No,NA,NA,NA,NA,No,NA,NA,NA,No,NA,0
2025,130808,LA LIBERTAD,PATAZ,PARCOY,Distrital,Sí,Sí,18,10,8,No,NA,NA,NA,Sí,20,18,2,No,NA,NA,NA,NA,No,NA,NA,NA,No,NA,22
2025,130809,LA LIBERTAD,PATAZ,PATAZ,Distrital,Sí,Sí,14,3,11,Sí,1,1,0,No,NA,NA,NA,No,NA,NA,NA,NA,No,NA,NA,NA,No,NA,24
2025,130810,LA LIBERTAD,PATAZ,PIAS,Distrital,No,Sí,1,1,0,Sí,1,1,0,Sí,2,2,0,No,NA,NA,NA,NA,No,NA,NA,NA,No,NA,4
2025,130811,LA LIBERTAD,PATAZ,SANTIAGO DE CHALLAS,Distrital,No,No,NA,NA,NA,Sí,1,1,0,No,NA,NA,NA,No,NA,NA,NA,NA,No,NA,NA,NA,No,NA,0
2025,130812,LA LIBERTAD,PATAZ,TAURIJA,Distrital,No,No,NA,NA,NA,No,NA,NA,NA,No,NA,NA,NA,No,NA,NA,NA,NA,No,NA,NA,NA,No,NA,0
2025,130813,LA LIBERTAD,PATAZ,URPAY,Distrital,Sí,Sí,1,0,1,Sí,1,1,0,No,NA,NA,NA,No,NA,NA,NA,NA,No,NA,NA,NA,No,NA,0
2025,130901,LA LIBERTAD,SANCHEZ CARRION,HUAMACHUCO,Provincial,Sí,Sí,68,16,52,Sí,7,4,3,Sí,44,33,11,Sí,110,55,55,0,Sí,1,1,0,Sí,11,6387
2025,130902,LA LIBERTAD,SANCHEZ CARRION,CHUGAY,Distrital,Sí,Sí,8,3,5,No,NA,NA,NA,No,NA,NA,NA,Sí,15,5,10,0,Sí,1,1,0,No,NA,42
2025,130903,LA LIBERTAD,SANCHEZ CARRION,COCHORCO,Distrital,No,No,NA,NA,NA,Sí,1,1,0,No,NA,NA,NA,No,NA,NA,NA,NA,No,NA,NA,NA,No,NA,0
2025,130904,LA LIBERTAD,SANCHEZ CARRION,CURGOS,Distrital,Sí,Sí,5,0,5,Sí,2,2,0,No,NA,NA,NA,No,NA,NA,NA,NA,No,NA,NA,NA,No,NA,9
2025,130905,LA LIBERTAD,SANCHEZ CARRION,MARCABAL,Distrital,No,No,NA,NA,NA,Sí,2,2,0,Sí,1,1,0,Sí,2,2,0,0,No,NA,NA,NA,Sí,12,44
2025,130906,LA LIBERTAD,SANCHEZ CARRION,SANAGORAN,Distrital,No,No,NA,NA,NA,No,NA,NA,NA,No,NA,NA,NA,Sí,2,1,1,1,No,NA,NA,NA,No,NA,0
2025,130907,LA LIBERTAD,SANCHEZ CARRION,SARIN,Distrital,No,No,NA,NA,NA,No,NA,NA,NA,No,NA,NA,NA,No,NA,NA,NA,NA,No,NA,NA,NA,No,NA,0
2025,130908,LA LIBERTAD,SANCHEZ CARRION,SARTIMBAMBA,Distrital,Sí,Sí,12,1,11,No,NA,NA,NA,Sí,12,6,6,No,NA,NA,NA,NA,No,NA,NA,NA,No,NA,32
2025,131001,LA LIBERTAD,SANTIAGO DE CHUCO,SANTIAGO DE CHUCO,Provincial,Sí,Sí,5,0,5,Sí,1,1,0,Sí,3,3,0,No,NA,NA,NA,NA,No,NA,NA,NA,No,NA,17
2025,131002,LA LIBERTAD,SANTIAGO DE CHUCO,ANGASMARCA,Distrital,Sí,No,NA,NA,NA,No,NA,NA,NA,No,NA,NA,NA,Sí,16,8,8,0,No,NA,NA,NA,Sí,7,0
2025,131003,LA LIBERTAD,SANTIAGO DE CHUCO,CACHICADAN,Distrital,Sí,Sí,10,1,9,Sí,1,1,0,Sí,2,2,0,Sí,3,3,0,0,No,NA,NA,NA,No,NA,9
2025,131004,LA LIBERTAD,SANTIAGO DE CHUCO,MOLLEBAMBA,Distrital,Sí,Sí,2,0,2,Sí,1,1,0,No,NA,NA,NA,No,NA,NA,NA,NA,No,NA,NA,NA,No,NA,0
2025,131005,LA LIBERTAD,SANTIAGO DE CHUCO,MOLLEPATA,Distrital,Sí,Sí,4,0,4,Sí,1,1,0,No,NA,NA,NA,No,NA,NA,NA,NA,No,NA,NA,NA,No,NA,6
2025,131006,LA LIBERTAD,SANTIAGO DE CHUCO,QUIRUVILCA,Distrital,Sí,Sí,17,9,8,Sí,4,2,2,Sí,18,1,17,Sí,10,5,5,0,Sí,2,1,1,Sí,20,138
2025,131007,LA LIBERTAD,SANTIAGO DE CHUCO,SANTA CRUZ DE CHUCA,Distrital,Sí,Sí,1,0,1,Sí,1,1,0,No,NA,NA,NA,No,NA,NA,NA,NA,No,NA,NA,NA,No,NA,0
2025,131008,LA LIBERTAD,SANTIAGO DE CHUCO,SITABAMBA,Distrital,Sí,Sí,2,0,2,Sí,1,1,0,No,NA,NA,NA,No,NA,NA,NA,NA,No,NA,NA,NA,No,NA,15
2025,131101,LA LIBERTAD,GRAN CHIMU,CASCAS,Provincial,No,No,NA,NA,NA,Sí,1,1,0,No,NA,NA,NA,Sí,2,2,0,2,No,NA,NA,NA,No,NA,0
2025,131102,LA LIBERTAD,GRAN CHIMU,LUCMA,Distrital,No,No,NA,NA,NA,No,NA,NA,NA,No,NA,NA,NA,No,NA,NA,NA,NA,No,NA,NA,NA,No,NA,0
2025,131103,LA LIBERTAD,GRAN CHIMU,MARMOT,Distrital,No,No,NA,NA,NA,No,NA,NA,NA,No,NA,NA,NA,No,NA,NA,NA,NA,No,NA,NA,NA,No,NA,0
2025,131104,LA LIBERTAD,GRAN CHIMU,SAYAPULLO,Distrital,Sí,Sí,2,0,2,Sí,1,1,0,Sí,2,2,0,Sí,8,8,0,0,Sí,1,1,0,No,NA,7
2025,131201,LA LIBERTAD,VIRU,VIRU,Provincial,Sí,Sí,65,2,63,Sí,4,3,1,Sí,19,12,7,No,NA,NA,NA,NA,No,NA,NA,NA,Sí,35,250
2025,131202,LA LIBERTAD,VIRU,CHAO,Distrital,Sí,Sí,61,0,61,Sí,5,4,1,Sí,13,6,7,Sí,40,6,34,0,Sí,1,1,0,Sí,10,249
2025,131203,LA LIBERTAD,VIRU,GUADALUPITO,Distrital,Sí,Sí,9,1,8,Sí,1,1,0,Sí,8,2,6,Sí,7,1,6,0,Sí,1,1,0,No,NA,52
2025,140101,LAMBAYEQUE,CHICLAYO,CHICLAYO,Provincial,Sí,Sí,291,78,213,Sí,29,29,0,Sí,140,70,70,Sí,32,30,2,0,Sí,1,1,0,No,NA,2188
2025,140102,LAMBAYEQUE,CHICLAYO,CHONGOYAPE,Distrital,No,No,NA,NA,NA,No,NA,NA,NA,No,NA,NA,NA,No,NA,NA,NA,NA,No,NA,NA,NA,No,NA,0
2025,140103,LAMBAYEQUE,CHICLAYO,ETEN,Distrital,No,No,NA,NA,NA,No,NA,NA,NA,No,NA,NA,NA,Sí,3,3,0,0,No,NA,NA,NA,No,NA,0
2025,140104,LAMBAYEQUE,CHICLAYO,ETEN PUERTO,Distrital,Sí,Sí,11,0,11,Sí,2,0,2,Sí,8,6,2,No,NA,NA,NA,NA,No,NA,NA,NA,No,NA,21
2025,140105,LAMBAYEQUE,CHICLAYO,JOSE LEONARDO ORTIZ,Distrital,Sí,Sí,136,34,102,Sí,11,11,0,Sí,20,20,0,Sí,51,50,1,0,Sí,1,1,0,Sí,15,1799
2025,140106,LAMBAYEQUE,CHICLAYO,LA VICTORIA,Distrital,Sí,Sí,55,6,49,Sí,7,6,1,Sí,10,10,0,Sí,15,4,11,0,No,NA,NA,NA,Sí,50,321
2025,140107,LAMBAYEQUE,CHICLAYO,LAGUNAS,Distrital,Sí,Sí,12,6,6,Sí,1,1,0,No,NA,NA,NA,No,NA,NA,NA,NA,No,NA,NA,NA,No,NA,12
2025,140108,LAMBAYEQUE,CHICLAYO,MONSEFU,Distrital,Sí,Sí,11,0,11,Sí,2,2,0,No,NA,NA,NA,No,NA,NA,NA,NA,No,NA,NA,NA,No,NA,572
2025,140109,LAMBAYEQUE,CHICLAYO,NUEVA ARICA,Distrital,No,No,NA,NA,NA,No,NA,NA,NA,No,NA,NA,NA,No,NA,NA,NA,NA,No,NA,NA,NA,No,NA,0
2025,140110,LAMBAYEQUE,CHICLAYO,OYOTUN,Distrital,Sí,Sí,2,0,2,Sí,1,1,0,No,NA,NA,NA,No,NA,NA,NA,NA,No,NA,NA,NA,No,NA,25
2025,140111,LAMBAYEQUE,CHICLAYO,PICSI,Distrital,No,No,NA,NA,NA,No,NA,NA,NA,No,NA,NA,NA,No,NA,NA,NA,NA,No,NA,NA,NA,No,NA,0
2025,140112,LAMBAYEQUE,CHICLAYO,PIMENTEL,Distrital,Sí,Sí,86,24,62,Sí,6,4,2,Sí,32,30,2,Sí,15,13,2,0,Sí,1,1,0,No,NA,16
2025,140113,LAMBAYEQUE,CHICLAYO,REQUE,Distrital,Sí,Sí,9,1,8,Sí,2,2,0,No,NA,NA,NA,Sí,23,23,0,23,Sí,1,1,0,Sí,3,112
2025,140114,LAMBAYEQUE,CHICLAYO,SANTA ROSA,Distrital,No,No,NA,NA,NA,No,NA,NA,NA,No,NA,NA,NA,No,NA,NA,NA,NA,No,NA,NA,NA,No,NA,0
2025,140115,LAMBAYEQUE,CHICLAYO,SAÑA,Distrital,Sí,Sí,2,0,2,Sí,1,1,0,No,NA,NA,NA,No,NA,NA,NA,NA,No,NA,NA,NA,No,NA,36
2025,140116,LAMBAYEQUE,CHICLAYO,CAYALTI,Distrital,Sí,Sí,6,0,6,Sí,1,1,0,Sí,17,17,0,No,NA,NA,NA,NA,No,NA,NA,NA,No,NA,38
2025,140117,LAMBAYEQUE,CHICLAYO,PATAPO,Distrital,Sí,Sí,9,0,9,Sí,1,1,0,No,NA,NA,NA,No,NA,NA,NA,NA,No,NA,NA,NA,No,NA,29
2025,140118,LAMBAYEQUE,CHICLAYO,POMALCA,Distrital,Sí,Sí,12,0,12,Sí,3,1,2,Sí,13,13,0,Sí,11,7,4,0,Sí,1,1,0,No,NA,0
2025,140119,LAMBAYEQUE,CHICLAYO,PUCALA,Distrital,No,No,NA,NA,NA,No,NA,NA,NA,No,NA,NA,NA,No,NA,NA,NA,NA,No,NA,NA,NA,No,NA,0
2025,140120,LAMBAYEQUE,CHICLAYO,TUMAN,Distrital,Sí,Sí,9,2,7,Sí,2,2,0,Sí,8,4,4,Sí,12,2,10,0,Sí,1,0,1,No,NA,66
2025,140201,LAMBAYEQUE,FERREÑAFE,FERREÑAFE,Provincial,Sí,Sí,21,0,21,Sí,3,3,0,Sí,5,5,0,No,NA,NA,NA,NA,No,NA,NA,NA,No,NA,163
2025,140202,LAMBAYEQUE,FERREÑAFE,CAÑARIS,Distrital,No,No,NA,NA,NA,No,NA,NA,NA,No,NA,NA,NA,No,NA,NA,NA,NA,No,NA,NA,NA,No,NA,0
2025,140203,LAMBAYEQUE,FERREÑAFE,INCAHUASI,Distrital,No,No,NA,NA,NA,No,NA,NA,NA,No,NA,NA,NA,No,NA,NA,NA,NA,No,NA,NA,NA,No,NA,0
2025,140204,LAMBAYEQUE,FERREÑAFE,MANUEL ANTONIO MESONES MURO,Distrital,No,No,NA,NA,NA,No,NA,NA,NA,No,NA,NA,NA,No,NA,NA,NA,NA,No,NA,NA,NA,No,NA,0
2025,140205,LAMBAYEQUE,FERREÑAFE,PITIPO,Distrital,No,No,NA,NA,NA,No,NA,NA,NA,No,NA,NA,NA,No,NA,NA,NA,NA,No,NA,NA,NA,No,NA,0
2025,140206,LAMBAYEQUE,FERREÑAFE,PUEBLO NUEVO,Distrital,Sí,Sí,8,0,8,Sí,1,1,0,No,NA,NA,NA,No,NA,NA,NA,NA,No,NA,NA,NA,No,NA,208
2025,140301,LAMBAYEQUE,LAMBAYEQUE,LAMBAYEQUE,Provincial,Sí,Sí,103,24,79,Sí,17,12,5,Sí,12,12,0,Sí,134,134,0,0,No,NA,NA,NA,No,NA,150
2025,140302,LAMBAYEQUE,LAMBAYEQUE,CHOCHOPE,Distrital,No,No,NA,NA,NA,No,NA,NA,NA,No,NA,NA,NA,No,NA,NA,NA,NA,No,NA,NA,NA,No,NA,0
2025,140303,LAMBAYEQUE,LAMBAYEQUE,ILLIMO,Distrital,No,No,NA,NA,NA,No,NA,NA,NA,No,NA,NA,NA,No,NA,NA,NA,NA,No,NA,NA,NA,No,NA,0
2025,140304,LAMBAYEQUE,LAMBAYEQUE,JAYANCA,Distrital,Sí,Sí,7,1,6,Sí,1,1,0,No,NA,NA,NA,No,NA,NA,NA,NA,No,NA,NA,NA,No,NA,301
2025,140305,LAMBAYEQUE,LAMBAYEQUE,MOCHUMI,Distrital,No,No,NA,NA,NA,Sí,1,1,0,Sí,9,9,0,Sí,20,20,0,0,Sí,1,1,0,No,NA,0
2025,140306,LAMBAYEQUE,LAMBAYEQUE,MORROPE,Distrital,Sí,Sí,15,0,15,Sí,3,1,2,No,NA,NA,NA,No,NA,NA,NA,NA,No,NA,NA,NA,No,NA,72
2025,140307,LAMBAYEQUE,LAMBAYEQUE,MOTUPE,Distrital,Sí,Sí,17,0,17,No,NA,NA,NA,Sí,6,5,1,No,NA,NA,NA,NA,No,NA,NA,NA,Sí,3,395
2025,140308,LAMBAYEQUE,LAMBAYEQUE,OLMOS,Distrital,Sí,Sí,21,5,16,Sí,1,1,0,Sí,10,10,0,Sí,23,5,18,0,Sí,1,1,0,Sí,30,144
2025,140309,LAMBAYEQUE,LAMBAYEQUE,PACORA,Distrital,Sí,Sí,2,0,2,No,NA,NA,NA,No,NA,NA,NA,No,NA,NA,NA,NA,No,NA,NA,NA,No,NA,23
2025,140310,LAMBAYEQUE,LAMBAYEQUE,SALAS,Distrital,Sí,Sí,5,1,4,No,NA,NA,NA,No,NA,NA,NA,Sí,6,6,0,0,Sí,1,1,0,No,NA,0
2025,140311,LAMBAYEQUE,LAMBAYEQUE,SAN JOSE,Distrital,Sí,Sí,7,1,6,Sí,1,1,0,No,NA,NA,NA,Sí,5,3,2,0,No,NA,NA,NA,Sí,11,171
2025,140312,LAMBAYEQUE,LAMBAYEQUE,TUCUME,Distrital,Sí,Sí,12,0,12,Sí,2,2,0,No,NA,NA,NA,No,NA,NA,NA,NA,No,NA,NA,NA,Sí,5,370
2025,150101,LIMA,LIMA,LIMA,Provincial,Sí,Sí,989,200,789,Sí,92,73,19,Sí,610,605,5,Sí,196,174,22,0,Sí,1,1,0,Sí,200,53259
2025,150102,LIMA,LIMA,ANCON,Distrital,Sí,Sí,60,10,50,Sí,4,4,0,Sí,30,30,0,Sí,34,24,10,0,Sí,2,1,1,Sí,24,258
2025,150103,LIMA,LIMA,ATE,Distrital,Sí,Sí,600,158,442,Sí,50,50,0,Sí,290,290,0,Sí,291,291,0,0,Sí,1,1,0,Sí,350,4485
2025,150104,LIMA,LIMA,BARRANCO,Distrital,Sí,Sí,199,59,140,Sí,10,10,0,Sí,144,72,72,Sí,172,88,84,60,No,NA,NA,NA,Sí,80,9651
2025,150105,LIMA,LIMA,BREÑA,Distrital,Sí,Sí,104,8,96,Sí,8,8,0,Sí,50,50,0,Sí,12,12,0,0,Sí,1,1,0,No,NA,3495
2025,150106,LIMA,LIMA,CARABAYLLO,Distrital,Sí,Sí,266,47,219,Sí,42,42,0,Sí,100,100,0,Sí,72,57,15,0,Sí,1,1,0,Sí,150,37386
2025,150107,LIMA,LIMA,CHACLACAYO,Distrital,Sí,Sí,42,9,33,Sí,5,2,3,Sí,10,10,0,Sí,60,40,20,5,Sí,1,1,0,No,NA,569
2025,150108,LIMA,LIMA,CHORRILLOS,Distrital,Sí,Sí,495,181,314,Sí,25,13,12,Sí,280,280,0,Sí,211,157,54,0,Sí,2,2,0,Sí,59,4358
2025,150109,LIMA,LIMA,CIENEGUILLA,Distrital,Sí,Sí,88,24,64,Sí,19,12,7,Sí,50,50,0,Sí,40,40,0,0,Sí,1,1,0,No,NA,830
2025,150110,LIMA,LIMA,COMAS,Distrital,Sí,Sí,601,126,475,Sí,43,40,3,Sí,63,50,13,Sí,379,205,174,0,Sí,1,1,0,Sí,169,36753
2025,150111,LIMA,LIMA,EL AGUSTINO,Distrital,Sí,Sí,236,65,171,Sí,14,14,0,Sí,70,52,18,Sí,200,172,28,1,Sí,1,1,0,Sí,50,2925
2025,150112,LIMA,LIMA,INDEPENDENCIA,Distrital,Sí,Sí,402,80,322,Sí,18,16,2,Sí,100,100,0,Sí,108,108,0,108,Sí,1,1,0,Sí,150,3594
2025,150113,LIMA,LIMA,JESUS MARIA,Distrital,Sí,Sí,723,162,561,Sí,29,12,17,Sí,110,104,6,Sí,340,324,16,225,Sí,1,1,0,Sí,99,3224
2025,150114,LIMA,LIMA,LA MOLINA,Distrital,Sí,Sí,348,77,271,Sí,23,23,0,Sí,147,147,0,Sí,535,495,40,0,Sí,2,1,1,Sí,28,58456
2025,150115,LIMA,LIMA,LA VICTORIA,Distrital,Sí,Sí,357,87,270,Sí,9,9,0,Sí,200,200,0,Sí,179,160,19,0,Sí,2,2,0,No,NA,40041
2025,150116,LIMA,LIMA,LINCE,Distrital,Sí,Sí,271,71,200,Sí,15,12,3,Sí,91,91,0,Sí,203,203,0,91,Sí,1,1,0,Sí,200,14354
2025,150117,LIMA,LIMA,LOS OLIVOS,Distrital,Sí,Sí,417,107,310,Sí,45,45,0,Sí,3,3,0,Sí,302,302,0,0,Sí,1,1,0,Sí,210,42286
2025,150118,LIMA,LIMA,LURIGANCHO,Distrital,Sí,Sí,512,130,382,Sí,32,21,11,Sí,175,170,5,Sí,33,33,0,0,Sí,1,1,0,Sí,16,3109
2025,150119,LIMA,LIMA,LURIN,Distrital,Sí,Sí,655,191,464,Sí,32,23,9,Sí,198,191,7,Sí,111,111,0,0,Sí,1,1,0,No,NA,4463
2025,150120,LIMA,LIMA,MAGDALENA DEL MAR,Distrital,Sí,Sí,312,68,244,Sí,21,21,0,Sí,91,91,0,Sí,248,248,0,0,Sí,1,1,0,Sí,52,2715
2025,150121,LIMA,LIMA,PUEBLO LIBRE,Distrital,Sí,Sí,339,70,269,Sí,23,23,0,Sí,95,95,0,Sí,230,139,91,0,Sí,1,1,0,No,NA,10526
2025,150122,LIMA,LIMA,MIRAFLORES,Distrital,Sí,Sí,997,207,790,Sí,77,62,15,Sí,655,654,1,Sí,712,712,0,215,Sí,2,2,0,Sí,72,8835
2025,150123,LIMA,LIMA,PACHACAMAC,Distrital,Sí,Sí,129,12,117,Sí,43,29,14,Sí,2,2,0,Sí,139,125,14,0,Sí,1,1,0,Sí,2,7576
2025,150124,LIMA,LIMA,PUCUSANA,Distrital,Sí,Sí,66,27,39,Sí,4,4,0,No,NA,NA,NA,Sí,20,20,0,0,Sí,1,1,0,No,NA,4233
2025,150125,LIMA,LIMA,PUENTE PIEDRA,Distrital,Sí,Sí,761,121,640,Sí,40,34,6,Sí,4,4,0,Sí,540,451,89,28,Sí,4,4,0,Sí,465,5808
2025,150126,LIMA,LIMA,PUNTA HERMOSA,Distrital,Sí,Sí,78,27,51,Sí,3,3,0,Sí,61,60,1,Sí,81,75,6,0,Sí,1,1,0,No,NA,497
2025,150127,LIMA,LIMA,PUNTA NEGRA,Distrital,Sí,Sí,62,18,44,Sí,4,4,0,Sí,24,10,14,Sí,5,5,0,0,Sí,1,1,0,No,NA,187
2025,150128,LIMA,LIMA,RIMAC,Distrital,Sí,Sí,247,82,165,Sí,4,4,0,Sí,3,3,0,Sí,74,74,0,0,Sí,1,1,0,No,NA,7479
2025,150129,LIMA,LIMA,SAN BARTOLO,Distrital,Sí,Sí,18,14,4,Sí,4,2,2,Sí,1,1,0,Sí,12,12,0,0,Sí,1,1,0,No,NA,36
2025,150130,LIMA,LIMA,SAN BORJA,Distrital,Sí,Sí,900,226,674,Sí,32,27,5,Sí,435,309,126,Sí,309,309,0,309,Sí,1,1,0,Sí,203,12006
2025,150131,LIMA,LIMA,SAN ISIDRO,Distrital,Sí,Sí,960,264,696,Sí,57,45,12,Sí,373,373,0,Sí,664,654,10,165,Sí,1,1,0,Sí,250,8141
2025,150132,LIMA,LIMA,SAN JUAN DE LURIGANCHO,Distrital,Sí,Sí,1427,281,1146,Sí,78,72,6,Sí,600,600,0,Sí,610,610,0,0,Sí,1,1,0,Sí,500,79929
2025,150133,LIMA,LIMA,SAN JUAN DE MIRAFLORES,Distrital,Sí,Sí,346,105,241,Sí,19,15,4,Sí,85,85,0,Sí,122,122,0,0,Sí,1,1,0,Sí,170,10995
2025,150134,LIMA,LIMA,SAN LUIS,Distrital,Sí,Sí,117,17,100,Sí,4,4,0,Sí,30,30,0,Sí,55,55,0,0,Sí,1,1,0,Sí,30,14489
2025,150135,LIMA,LIMA,SAN MARTIN DE PORRES,Distrital,Sí,Sí,514,163,351,Sí,30,25,5,Sí,150,112,38,Sí,264,241,23,0,Sí,1,1,0,Sí,90,54635
2025,150136,LIMA,LIMA,SAN MIGUEL,Distrital,Sí,Sí,406,90,316,Sí,36,36,0,Sí,160,160,0,Sí,425,425,0,0,Sí,1,1,0,Sí,19,8977
2025,150137,LIMA,LIMA,SANTA ANITA,Distrital,Sí,Sí,242,50,192,Sí,21,15,6,Sí,26,23,3,Sí,160,121,39,0,Sí,1,1,0,No,NA,19939
2025,150138,LIMA,LIMA,SANTA MARIA DEL MAR,Distrital,Sí,Sí,55,17,38,Sí,2,2,0,Sí,12,12,0,Sí,21,21,0,0,Sí,1,1,0,No,NA,124
2025,150139,LIMA,LIMA,SANTA ROSA,Distrital,Sí,Sí,49,11,38,Sí,7,6,1,Sí,25,25,0,No,NA,NA,NA,NA,No,NA,NA,NA,Sí,17,146
2025,150140,LIMA,LIMA,SANTIAGO DE SURCO,Distrital,Sí,Sí,1534,321,1213,Sí,100,100,0,Sí,465,465,0,Sí,673,628,45,400,Sí,1,1,0,Sí,290,84082
2025,150141,LIMA,LIMA,SURQUILLO,Distrital,Sí,Sí,276,82,194,Sí,13,13,0,Sí,100,100,0,Sí,215,215,0,215,Sí,1,1,0,Sí,47,18904
2025,150142,LIMA,LIMA,VILLA EL SALVADOR,Distrital,Sí,Sí,477,121,356,Sí,43,40,3,Sí,137,137,0,Sí,401,357,44,4,Sí,1,1,0,Sí,117,19077
2025,150143,LIMA,LIMA,VILLA MARIA DEL TRIUNFO,Distrital,Sí,Sí,285,55,230,Sí,60,45,15,Sí,1231,1223,8,Sí,41,7,34,0,Sí,1,1,0,No,NA,11271
2025,150201,LIMA,BARRANCA,BARRANCA,Provincial,Sí,Sí,36,13,23,Sí,15,13,2,Sí,20,20,0,Sí,60,60,0,0,Sí,1,1,0,Sí,15,141
2025,150202,LIMA,BARRANCA,PARAMONGA,Distrital,Sí,Sí,18,1,17,Sí,4,3,1,No,NA,NA,NA,Sí,23,13,10,13,Sí,1,1,0,Sí,10,106
2025,150203,LIMA,BARRANCA,PATIVILCA,Distrital,Sí,Sí,18,1,17,Sí,2,2,0,No,NA,NA,NA,Sí,7,7,0,0,Sí,1,1,0,No,NA,49
2025,150204,LIMA,BARRANCA,SUPE,Distrital,Sí,Sí,34,2,32,Sí,11,7,4,Sí,9,4,5,Sí,7,6,1,1,Sí,1,1,0,No,NA,223
2025,150205,LIMA,BARRANCA,SUPE PUERTO,Distrital,Sí,Sí,4,0,4,Sí,2,1,1,No,NA,NA,NA,Sí,15,10,5,0,Sí,1,1,0,Sí,5,155
2025,150301,LIMA,CAJATAMBO,CAJATAMBO,Provincial,Sí,Sí,2,0,2,Sí,2,2,0,No,NA,NA,NA,No,NA,NA,NA,NA,No,NA,NA,NA,No,NA,0
2025,150302,LIMA,CAJATAMBO,COPA,Distrital,No,No,NA,NA,NA,Sí,1,1,0,No,NA,NA,NA,No,NA,NA,NA,NA,No,NA,NA,NA,No,NA,8
2025,150303,LIMA,CAJATAMBO,GORGOR,Distrital,No,No,NA,NA,NA,Sí,1,1,0,No,NA,NA,NA,No,NA,NA,NA,NA,No,NA,NA,NA,No,NA,4
2025,150304,LIMA,CAJATAMBO,HUANCAPON,Distrital,No,No,NA,NA,NA,No,NA,NA,NA,No,NA,NA,NA,No,NA,NA,NA,NA,No,NA,NA,NA,No,NA,0
2025,150305,LIMA,CAJATAMBO,MANAS,Distrital,No,No,NA,NA,NA,Sí,1,1,0,No,NA,NA,NA,No,NA,NA,NA,NA,No,NA,NA,NA,No,NA,0
2025,150401,LIMA,CANTA,CANTA,Provincial,Sí,Sí,7,1,6,No,NA,NA,NA,No,NA,NA,NA,No,NA,NA,NA,NA,No,NA,NA,NA,No,NA,18
2025,150402,LIMA,CANTA,ARAHUAY,Distrital,No,No,NA,NA,NA,Sí,2,2,0,No,NA,NA,NA,No,NA,NA,NA,NA,No,NA,NA,NA,No,NA,0
2025,150403,LIMA,CANTA,HUAMANTANGA,Distrital,No,No,NA,NA,NA,No,NA,NA,NA,Sí,1,1,0,Sí,7,7,0,0,No,NA,NA,NA,No,NA,3
2025,150404,LIMA,CANTA,HUAROS,Distrital,Sí,Sí,1,0,1,Sí,1,1,0,Sí,1,1,0,Sí,8,6,2,0,Sí,1,1,0,No,NA,48
2025,150405,LIMA,CANTA,LACHAQUI,Distrital,No,No,NA,NA,NA,Sí,1,1,0,No,NA,NA,NA,No,NA,NA,NA,NA,No,NA,NA,NA,No,NA,22
2025,150406,LIMA,CANTA,SAN BUENAVENTURA,Distrital,Sí,Sí,2,0,2,Sí,1,1,0,No,NA,NA,NA,Sí,7,7,0,0,No,NA,NA,NA,No,NA,0
2025,150407,LIMA,CANTA,SANTA ROSA DE QUIVES,Distrital,Sí,Sí,7,0,7,Sí,1,1,0,Sí,2,2,0,No,NA,NA,NA,NA,No,NA,NA,NA,Sí,2,27
2025,150501,LIMA,CAÑETE,SAN VICENTE DE CAÑETE,Provincial,Sí,Sí,106,4,102,Sí,8,8,0,Sí,30,30,0,Sí,113,113,0,0,Sí,1,1,0,Sí,30,402
2025,150502,LIMA,CAÑETE,ASIA,Distrital,Sí,Sí,181,57,124,Sí,7,7,0,Sí,13,13,0,Sí,25,25,0,0,Sí,1,1,0,No,NA,67
2025,150503,LIMA,CAÑETE,CALANGO,Distrital,Sí,Sí,3,0,3,Sí,2,1,1,No,NA,NA,NA,No,NA,NA,NA,NA,No,NA,NA,NA,No,NA,8
2025,150504,LIMA,CAÑETE,CERRO AZUL,Distrital,Sí,Sí,31,4,27,Sí,4,2,2,No,NA,NA,NA,Sí,15,15,0,0,Sí,1,1,0,No,NA,86
2025,150505,LIMA,CAÑETE,CHILCA,Distrital,Sí,Sí,70,20,50,Sí,8,4,4,Sí,35,35,0,Sí,16,16,0,0,Sí,2,2,0,Sí,30,1248
2025,150506,LIMA,CAÑETE,COAYLLO,Distrital,No,No,NA,NA,NA,No,NA,NA,NA,No,NA,NA,NA,No,NA,NA,NA,NA,No,NA,NA,NA,No,NA,0
2025,150507,LIMA,CAÑETE,IMPERIAL,Distrital,Sí,Sí,44,6,38,Sí,4,3,1,Sí,18,5,13,Sí,31,22,9,0,Sí,1,1,0,Sí,11,2020
2025,150508,LIMA,CAÑETE,LUNAHUANA,Distrital,Sí,Sí,9,1,8,Sí,3,1,2,Sí,4,4,0,Sí,5,5,0,0,Sí,1,1,0,No,NA,100
2025,150509,LIMA,CAÑETE,MALA,Distrital,Sí,Sí,29,2,27,Sí,7,3,4,Sí,40,40,0,Sí,33,28,5,0,Sí,1,1,0,No,NA,597
2025,150510,LIMA,CAÑETE,NUEVO IMPERIAL,Distrital,Sí,Sí,53,5,48,Sí,6,4,2,Sí,16,16,0,Sí,15,15,0,0,Sí,1,1,0,Sí,15,91
2025,150511,LIMA,CAÑETE,PACARAN,Distrital,Sí,Sí,5,0,5,Sí,2,2,0,No,NA,NA,NA,No,NA,NA,NA,NA,No,NA,NA,NA,No,NA,24
2025,150512,LIMA,CAÑETE,QUILMANA,Distrital,Sí,Sí,31,6,25,Sí,4,3,1,No,NA,NA,NA,Sí,15,15,0,0,Sí,1,1,0,No,NA,101
2025,150513,LIMA,CAÑETE,SAN ANTONIO,Distrital,Sí,Sí,30,4,26,Sí,4,2,2,Sí,9,6,3,Sí,13,13,0,0,Sí,1,1,0,Sí,15,33
2025,150514,LIMA,CAÑETE,SAN LUIS,Distrital,Sí,Sí,19,1,18,Sí,5,3,2,Sí,4,4,0,Sí,20,20,0,20,Sí,1,1,0,Sí,5,40
2025,150515,LIMA,CAÑETE,SANTA CRUZ DE FLORES,Distrital,Sí,Sí,16,2,14,Sí,3,3,0,No,NA,NA,NA,No,NA,NA,NA,NA,No,NA,NA,NA,No,NA,60
2025,150516,LIMA,CAÑETE,ZUÑIGA,Distrital,Sí,Sí,2,0,2,No,NA,NA,NA,No,NA,NA,NA,No,NA,NA,NA,NA,No,NA,NA,NA,No,NA,9
2025,150601,LIMA,HUARAL,HUARAL,Provincial,Sí,Sí,123,31,92,Sí,10,10,0,Sí,37,37,0,Sí,24,24,0,0,Sí,2,2,0,Sí,25,736
2025,150602,LIMA,HUARAL,ATAVILLOS ALTO,Distrital,Sí,No,NA,NA,NA,Sí,2,2,0,No,NA,NA,NA,No,NA,NA,NA,NA,No,NA,NA,NA,No,NA,11
2025,150603,LIMA,HUARAL,ATAVILLOS BAJO,Distrital,No,No,NA,NA,NA,Sí,2,1,1,No,NA,NA,NA,No,NA,NA,NA,NA,No,NA,NA,NA,Sí,2,0
2025,150604,LIMA,HUARAL,AUCALLAMA,Distrital,Sí,Sí,40,3,37,Sí,6,3,3,Sí,24,19,5,Sí,6,2,4,0,Sí,2,1,1,Sí,13,302
2025,150605,LIMA,HUARAL,CHANCAY,Distrital,Sí,Sí,56,5,51,Sí,5,3,2,Sí,1,1,0,Sí,18,18,0,0,Sí,1,1,0,Sí,11,1294
2025,150606,LIMA,HUARAL,IHUARI,Distrital,No,No,NA,NA,NA,Sí,2,1,1,No,NA,NA,NA,No,NA,NA,NA,NA,No,NA,NA,NA,No,NA,2
2025,150607,LIMA,HUARAL,LAMPIAN,Distrital,No,No,NA,NA,NA,Sí,1,1,0,No,NA,NA,NA,No,NA,NA,NA,NA,No,NA,NA,NA,No,NA,0
2025,150608,LIMA,HUARAL,PACARAOS,Distrital,No,No,NA,NA,NA,Sí,2,2,0,No,NA,NA,NA,Sí,3,3,0,0,No,NA,NA,NA,No,NA,0
2025,150609,LIMA,HUARAL,SAN MIGUEL DE ACOS,Distrital,No,No,NA,NA,NA,Sí,1,1,0,No,NA,NA,NA,No,NA,NA,NA,NA,No,NA,NA,NA,No,NA,0
2025,150610,LIMA,HUARAL,SANTA CRUZ DE ANDAMARCA,Distrital,Sí,Sí,1,0,1,Sí,2,1,1,Sí,3,0,3,Sí,2,0,2,0,Sí,1,0,1,No,NA,14
2025,150611,LIMA,HUARAL,SUMBILCA,Distrital,No,No,NA,NA,NA,Sí,2,2,0,No,NA,NA,NA,No,NA,NA,NA,NA,No,NA,NA,NA,No,NA,0
2025,150612,LIMA,HUARAL,VEINTISIETE DE NOVIEMBRE,Distrital,Sí,Sí,1,0,1,Sí,2,2,0,Sí,4,4,0,No,NA,NA,NA,NA,No,NA,NA,NA,No,NA,2
2025,150701,LIMA,HUAROCHIRI,MATUCANA,Provincial,Sí,Sí,27,6,21,Sí,5,3,2,Sí,32,16,16,Sí,24,12,12,0,Sí,2,1,1,No,NA,120
2025,150702,LIMA,HUAROCHIRI,ANTIOQUIA,Distrital,Sí,Sí,1,1,0,No,NA,NA,NA,No,NA,NA,NA,No,NA,NA,NA,NA,No,NA,NA,NA,No,NA,3
2025,150703,LIMA,HUAROCHIRI,CALLAHUANCA,Distrital,Sí,Sí,13,0,13,No,NA,NA,NA,Sí,13,13,0,No,NA,NA,NA,NA,No,NA,NA,NA,No,NA,14
2025,150704,LIMA,HUAROCHIRI,CARAMPOMA,Distrital,Sí,Sí,3,1,2,No,NA,NA,NA,No,NA,NA,NA,No,NA,NA,NA,NA,No,NA,NA,NA,No,NA,4
2025,150705,LIMA,HUAROCHIRI,CHICLA,Distrital,Sí,Sí,8,7,1,Sí,1,1,0,No,NA,NA,NA,No,NA,NA,NA,NA,No,NA,NA,NA,No,NA,41
2025,150706,LIMA,HUAROCHIRI,CUENCA,Distrital,No,No,NA,NA,NA,Sí,2,2,0,No,NA,NA,NA,No,NA,NA,NA,NA,No,NA,NA,NA,No,NA,0
2025,150707,LIMA,HUAROCHIRI,HUACHUPAMPA,Distrital,Sí,Sí,1,0,1,No,NA,NA,NA,Sí,4,4,0,Sí,23,23,0,0,Sí,2,2,0,No,NA,5
2025,150708,LIMA,HUAROCHIRI,HUANZA,Distrital,Sí,Sí,3,0,3,Sí,1,1,0,No,NA,NA,NA,No,NA,NA,NA,NA,No,NA,NA,NA,No,NA,9
2025,150709,LIMA,HUAROCHIRI,HUAROCHIRI,Distrital,Sí,Sí,2,0,2,Sí,2,2,0,No,NA,NA,NA,Sí,5,4,1,0,No,NA,NA,NA,No,NA,5
2025,150710,LIMA,HUAROCHIRI,LAHUAYTAMBO,Distrital,No,No,NA,NA,NA,No,NA,NA,NA,No,NA,NA,NA,No,NA,NA,NA,NA,No,NA,NA,NA,No,NA,0
2025,150711,LIMA,HUAROCHIRI,LANGA,Distrital,No,No,NA,NA,NA,No,NA,NA,NA,No,NA,NA,NA,No,NA,NA,NA,NA,No,NA,NA,NA,No,NA,0
2025,150712,LIMA,HUAROCHIRI,SAN PEDRO DE LARAOS,Distrital,Sí,Sí,4,2,2,No,NA,NA,NA,No,NA,NA,NA,Sí,8,8,0,0,No,NA,NA,NA,No,NA,2
2025,150713,LIMA,HUAROCHIRI,MARIATANA,Distrital,No,No,NA,NA,NA,No,NA,NA,NA,No,NA,NA,NA,No,NA,NA,NA,NA,No,NA,NA,NA,No,NA,0
2025,150714,LIMA,HUAROCHIRI,RICARDO PALMA,Distrital,Sí,Sí,20,5,15,Sí,5,2,3,Sí,10,6,4,Sí,38,20,18,0,Sí,1,1,0,No,NA,252
2025,150715,LIMA,HUAROCHIRI,SAN ANDRES DE TUPICOCHA,Distrital,No,No,NA,NA,NA,No,NA,NA,NA,No,NA,NA,NA,No,NA,NA,NA,NA,No,NA,NA,NA,No,NA,0
2025,150716,LIMA,HUAROCHIRI,SAN ANTONIO,Distrital,Sí,Sí,74,18,56,Sí,9,4,5,No,NA,NA,NA,Sí,37,27,10,0,Sí,4,4,0,No,NA,110
2025,150717,LIMA,HUAROCHIRI,SAN BARTOLOME,Distrital,Sí,Sí,4,0,4,Sí,1,1,0,No,NA,NA,NA,Sí,4,4,0,0,No,NA,NA,NA,No,NA,0
2025,150718,LIMA,HUAROCHIRI,SAN DAMIAN,Distrital,No,No,NA,NA,NA,No,NA,NA,NA,No,NA,NA,NA,No,NA,NA,NA,NA,No,NA,NA,NA,No,NA,0
2025,150719,LIMA,HUAROCHIRI,SAN JUAN DE IRIS,Distrital,Sí,No,NA,NA,NA,No,NA,NA,NA,No,NA,NA,NA,Sí,9,9,0,0,No,NA,NA,NA,No,NA,0
2025,150720,LIMA,HUAROCHIRI,SAN JUAN DE TANTARANCHE,Distrital,Sí,Sí,1,0,1,No,NA,NA,NA,No,NA,NA,NA,Sí,16,8,8,0,No,NA,NA,NA,No,NA,2
2025,150721,LIMA,HUAROCHIRI,SAN LORENZO DE QUINTI,Distrital,No,No,NA,NA,NA,No,NA,NA,NA,No,NA,NA,NA,No,NA,NA,NA,NA,No,NA,NA,NA,No,NA,0
2025,150722,LIMA,HUAROCHIRI,SAN MATEO,Distrital,Sí,Sí,7,1,6,Sí,2,2,0,No,NA,NA,NA,Sí,8,8,0,0,Sí,1,1,0,No,NA,11
2025,150723,LIMA,HUAROCHIRI,SAN MATEO DE OTAO,Distrital,Sí,Sí,7,3,4,Sí,2,2,0,No,NA,NA,NA,No,NA,NA,NA,NA,No,NA,NA,NA,No,NA,10
2025,150724,LIMA,HUAROCHIRI,SAN PEDRO DE CASTA,Distrital,Sí,Sí,7,4,3,Sí,1,1,0,Sí,8,8,0,No,NA,NA,NA,NA,No,NA,NA,NA,No,NA,3
2025,150725,LIMA,HUAROCHIRI,SAN PEDRO DE HUANCAYRE,Distrital,No,No,NA,NA,NA,No,NA,NA,NA,No,NA,NA,NA,No,NA,NA,NA,NA,No,NA,NA,NA,No,NA,0
2025,150726,LIMA,HUAROCHIRI,SANGALLAYA,Distrital,Sí,Sí,1,0,1,Sí,1,1,0,No,NA,NA,NA,No,NA,NA,NA,NA,No,NA,NA,NA,No,NA,4
2025,150727,LIMA,HUAROCHIRI,SANTA CRUZ DE COCACHACRA,Distrital,Sí,Sí,5,0,5,Sí,3,3,0,No,NA,NA,NA,No,NA,NA,NA,NA,No,NA,NA,NA,No,NA,13
2025,150728,LIMA,HUAROCHIRI,SANTA EULALIA,Distrital,Sí,Sí,22,3,19,Sí,2,2,0,No,NA,NA,NA,Sí,12,12,0,0,Sí,1,1,0,No,NA,129
2025,150729,LIMA,HUAROCHIRI,SANTIAGO DE ANCHUCAYA,Distrital,Sí,Sí,1,0,1,No,NA,NA,NA,No,NA,NA,NA,No,NA,NA,NA,NA,No,NA,NA,NA,No,NA,4
2025,150730,LIMA,HUAROCHIRI,SANTIAGO DE TUNA,Distrital,No,No,NA,NA,NA,Sí,1,1,0,No,NA,NA,NA,No,NA,NA,NA,NA,No,NA,NA,NA,No,NA,0
2025,150731,LIMA,HUAROCHIRI,SANTO DOMINGO DE LOS OLLEROS,Distrital,Sí,Sí,31,4,27,Sí,5,3,2,No,NA,NA,NA,No,NA,NA,NA,NA,No,NA,NA,NA,No,NA,37
2025,150732,LIMA,HUAROCHIRI,SURCO,Distrital,Sí,Sí,6,2,4,Sí,2,2,0,Sí,4,2,2,No,NA,NA,NA,NA,No,NA,NA,NA,No,NA,13
2025,150801,LIMA,HUAURA,HUACHO,Provincial,Sí,Sí,123,22,101,Sí,11,9,2,Sí,36,36,0,Sí,92,92,0,0,Sí,1,1,0,Sí,20,1451
2025,150802,LIMA,HUAURA,AMBAR,Distrital,No,No,NA,NA,NA,Sí,1,1,0,Sí,9,9,0,No,NA,NA,NA,NA,No,NA,NA,NA,No,NA,0
2025,150803,LIMA,HUAURA,CALETA DE CARQUIN,Distrital,Sí,Sí,10,1,9,Sí,4,2,2,No,NA,NA,NA,No,NA,NA,NA,NA,No,NA,NA,NA,Sí,10,56
2025,150804,LIMA,HUAURA,CHECRAS,Distrital,No,No,NA,NA,NA,No,NA,NA,NA,No,NA,NA,NA,No,NA,NA,NA,NA,No,NA,NA,NA,No,NA,0
2025,150805,LIMA,HUAURA,HUALMAY,Distrital,Sí,Sí,22,2,20,Sí,3,3,0,Sí,20,20,0,Sí,25,25,0,0,Sí,1,1,0,Sí,7,660
2025,150806,LIMA,HUAURA,HUAURA,Distrital,Sí,Sí,26,1,25,Sí,8,4,4,Sí,20,20,0,Sí,55,49,6,0,Sí,1,1,0,No,NA,261
2025,150807,LIMA,HUAURA,LEONCIO PRADO,Distrital,Sí,Sí,1,0,1,Sí,2,1,1,Sí,1,1,0,No,NA,NA,NA,NA,No,NA,NA,NA,No,NA,0
2025,150808,LIMA,HUAURA,PACCHO,Distrital,No,No,NA,NA,NA,No,NA,NA,NA,No,NA,NA,NA,No,NA,NA,NA,NA,No,NA,NA,NA,No,NA,2
2025,150809,LIMA,HUAURA,SANTA LEONOR,Distrital,No,No,NA,NA,NA,Sí,1,1,0,Sí,8,8,0,No,NA,NA,NA,NA,No,NA,NA,NA,No,NA,7
2025,150810,LIMA,HUAURA,SANTA MARIA,Distrital,Sí,Sí,23,3,20,Sí,4,3,1,Sí,10,10,0,Sí,34,34,0,34,Sí,1,1,0,Sí,8,1108
2025,150811,LIMA,HUAURA,SAYAN,Distrital,Sí,Sí,45,12,33,Sí,3,2,1,Sí,7,7,0,Sí,14,14,0,0,Sí,1,1,0,Sí,29,116
2025,150812,LIMA,HUAURA,VEGUETA,Distrital,Sí,Sí,18,2,16,Sí,4,4,0,Sí,18,0,18,Sí,16,16,0,0,Sí,1,1,0,Sí,2,170
2025,150901,LIMA,OYON,OYON,Provincial,Sí,Sí,6,0,6,Sí,2,2,0,No,NA,NA,NA,Sí,29,21,8,0,No,NA,NA,NA,No,NA,28
2025,150902,LIMA,OYON,ANDAJES,Distrital,No,No,NA,NA,NA,Sí,2,1,1,No,NA,NA,NA,Sí,9,5,4,0,No,NA,NA,NA,No,NA,14
2025,150903,LIMA,OYON,CAUJUL,Distrital,Sí,Sí,1,1,0,No,NA,NA,NA,No,NA,NA,NA,Sí,8,4,4,4,Sí,2,1,1,No,NA,4
2025,150904,LIMA,OYON,COCHAMARCA,Distrital,No,No,NA,NA,NA,Sí,1,1,0,No,NA,NA,NA,No,NA,NA,NA,NA,No,NA,NA,NA,No,NA,0
2025,150905,LIMA,OYON,NAVAN,Distrital,No,No,NA,NA,NA,No,NA,NA,NA,No,NA,NA,NA,No,NA,NA,NA,NA,No,NA,NA,NA,No,NA,0
2025,150906,LIMA,OYON,PACHANGARA,Distrital,Sí,Sí,3,0,3,Sí,1,1,0,Sí,3,3,0,Sí,8,6,2,0,Sí,1,1,0,No,NA,28
2025,151001,LIMA,YAUYOS,YAUYOS,Provincial,Sí,Sí,1,0,1,Sí,3,1,2,No,NA,NA,NA,No,NA,NA,NA,NA,No,NA,NA,NA,No,NA,5
2025,151002,LIMA,YAUYOS,ALIS,Distrital,Sí,Sí,1,0,1,Sí,1,1,0,No,NA,NA,NA,Sí,5,5,0,0,Sí,1,1,0,No,NA,1
2025,151003,LIMA,YAUYOS,ALLAUCA,Distrital,No,No,NA,NA,NA,Sí,1,1,0,No,NA,NA,NA,No,NA,NA,NA,NA,No,NA,NA,NA,No,NA,0
2025,151004,LIMA,YAUYOS,AYAVIRI,Distrital,Sí,Sí,2,0,2,No,NA,NA,NA,No,NA,NA,NA,No,NA,NA,NA,NA,No,NA,NA,NA,No,NA,1
2025,151005,LIMA,YAUYOS,AZANGARO,Distrital,No,No,NA,NA,NA,No,NA,NA,NA,No,NA,NA,NA,No,NA,NA,NA,NA,No,NA,NA,NA,No,NA,0
2025,151006,LIMA,YAUYOS,CACRA,Distrital,No,No,NA,NA,NA,Sí,1,1,0,No,NA,NA,NA,No,NA,NA,NA,NA,No,NA,NA,NA,No,NA,2
2025,151007,LIMA,YAUYOS,CARANIA,Distrital,Sí,Sí,1,0,1,No,NA,NA,NA,No,NA,NA,NA,No,NA,NA,NA,NA,No,NA,NA,NA,Sí,1,1
2025,151008,LIMA,YAUYOS,CATAHUASI,Distrital,Sí,Sí,4,0,4,Sí,1,1,0,No,NA,NA,NA,Sí,2,2,0,0,No,NA,NA,NA,No,NA,7
2025,151009,LIMA,YAUYOS,CHOCOS,Distrital,No,No,NA,NA,NA,No,NA,NA,NA,No,NA,NA,NA,No,NA,NA,NA,NA,No,NA,NA,NA,No,NA,0
2025,151010,LIMA,YAUYOS,COCHAS,Distrital,Sí,Sí,1,0,1,Sí,1,1,0,No,NA,NA,NA,No,NA,NA,NA,NA,No,NA,NA,NA,No,NA,0
2025,151011,LIMA,YAUYOS,COLONIA,Distrital,No,No,NA,NA,NA,No,NA,NA,NA,No,NA,NA,NA,No,NA,NA,NA,NA,No,NA,NA,NA,No,NA,0
2025,151012,LIMA,YAUYOS,HONGOS,Distrital,Sí,Sí,1,1,0,No,NA,NA,NA,No,NA,NA,NA,No,NA,NA,NA,NA,No,NA,NA,NA,No,NA,3
2025,151013,LIMA,YAUYOS,HUAMPARA,Distrital,Sí,No,NA,NA,NA,No,NA,NA,NA,No,NA,NA,NA,No,NA,NA,NA,NA,No,NA,NA,NA,No,NA,1
2025,151014,LIMA,YAUYOS,HUANCAYA,Distrital,Sí,Sí,1,0,1,Sí,1,1,0,No,NA,NA,NA,No,NA,NA,NA,NA,No,NA,NA,NA,No,NA,1
2025,151015,LIMA,YAUYOS,HUANGASCAR,Distrital,No,No,NA,NA,NA,No,NA,NA,NA,No,NA,NA,NA,No,NA,NA,NA,NA,No,NA,NA,NA,No,NA,0
2025,151016,LIMA,YAUYOS,HUANTAN,Distrital,No,No,NA,NA,NA,No,NA,NA,NA,No,NA,NA,NA,No,NA,NA,NA,NA,No,NA,NA,NA,No,NA,0
2025,151017,LIMA,YAUYOS,HUAÑEC,Distrital,No,No,NA,NA,NA,Sí,1,1,0,No,NA,NA,NA,No,NA,NA,NA,NA,No,NA,NA,NA,No,NA,0
2025,151018,LIMA,YAUYOS,LARAOS,Distrital,Sí,Sí,2,1,1,No,NA,NA,NA,No,NA,NA,NA,Sí,7,4,3,0,Sí,1,1,0,No,NA,22
2025,151019,LIMA,YAUYOS,LINCHA,Distrital,No,No,NA,NA,NA,No,NA,NA,NA,No,NA,NA,NA,No,NA,NA,NA,NA,No,NA,NA,NA,No,NA,0
2025,151020,LIMA,YAUYOS,MADEAN,Distrital,No,No,NA,NA,NA,No,NA,NA,NA,No,NA,NA,NA,No,NA,NA,NA,NA,No,NA,NA,NA,No,NA,8
2025,151021,LIMA,YAUYOS,MIRAFLORES,Distrital,Sí,Sí,1,0,1,No,NA,NA,NA,No,NA,NA,NA,No,NA,NA,NA,NA,No,NA,NA,NA,No,NA,4
2025,151022,LIMA,YAUYOS,OMAS,Distrital,No,No,NA,NA,NA,No,NA,NA,NA,No,NA,NA,NA,No,NA,NA,NA,NA,No,NA,NA,NA,No,NA,0
2025,151023,LIMA,YAUYOS,PUTINZA,Distrital,No,No,NA,NA,NA,No,NA,NA,NA,No,NA,NA,NA,No,NA,NA,NA,NA,No,NA,NA,NA,No,NA,0
2025,151024,LIMA,YAUYOS,QUINCHES,Distrital,No,No,NA,NA,NA,No,NA,NA,NA,No,NA,NA,NA,No,NA,NA,NA,NA,No,NA,NA,NA,No,NA,0
2025,151025,LIMA,YAUYOS,QUINOCAY,Distrital,Sí,Sí,2,0,2,Sí,2,1,1,No,NA,NA,NA,No,NA,NA,NA,NA,No,NA,NA,NA,No,NA,0
2025,151026,LIMA,YAUYOS,SAN JOAQUIN,Distrital,No,No,NA,NA,NA,Sí,1,1,0,No,NA,NA,NA,No,NA,NA,NA,NA,No,NA,NA,NA,No,NA,1
2025,151027,LIMA,YAUYOS,SAN PEDRO DE PILAS,Distrital,Sí,Sí,2,0,2,No,NA,NA,NA,No,NA,NA,NA,No,NA,NA,NA,NA,No,NA,NA,NA,No,NA,2
2025,151028,LIMA,YAUYOS,TANTA,Distrital,Sí,Sí,1,0,1,Sí,1,1,0,No,NA,NA,NA,No,NA,NA,NA,NA,No,NA,NA,NA,No,NA,2
2025,151029,LIMA,YAUYOS,TAURIPAMPA,Distrital,Sí,No,NA,NA,NA,No,NA,NA,NA,No,NA,NA,NA,No,NA,NA,NA,NA,No,NA,NA,NA,Sí,1,0
2025,151030,LIMA,YAUYOS,TOMAS,Distrital,No,No,NA,NA,NA,No,NA,NA,NA,No,NA,NA,NA,No,NA,NA,NA,NA,No,NA,NA,NA,No,NA,0
2025,151031,LIMA,YAUYOS,TUPE,Distrital,No,No,NA,NA,NA,No,NA,NA,NA,No,NA,NA,NA,No,NA,NA,NA,NA,No,NA,NA,NA,No,NA,0
2025,151032,LIMA,YAUYOS,VIÑAC,Distrital,No,No,NA,NA,NA,Sí,1,1,0,No,NA,NA,NA,No,NA,NA,NA,NA,No,NA,NA,NA,No,NA,0
2025,151033,LIMA,YAUYOS,VITIS,Distrital,Sí,Sí,1,0,1,Sí,1,1,0,No,NA,NA,NA,No,NA,NA,NA,NA,No,NA,NA,NA,No,NA,0
2025,160101,LORETO,MAYNAS,IQUITOS,Provincial,Sí,Sí,286,24,262,Sí,11,9,2,Sí,50,50,0,Sí,60,46,14,46,Sí,1,1,0,Sí,17,449
2025,160102,LORETO,MAYNAS,ALTO NANAY,Distrital,Sí,Sí,12,0,12,No,NA,NA,NA,No,NA,NA,NA,No,NA,NA,NA,NA,No,NA,NA,NA,No,NA,7
2025,160103,LORETO,MAYNAS,FERNANDO LORES,Distrital,Sí,Sí,10,0,10,No,NA,NA,NA,Sí,10,10,0,No,NA,NA,NA,NA,No,NA,NA,NA,No,NA,22
2025,160104,LORETO,MAYNAS,INDIANA,Distrital,Sí,Sí,9,2,7,No,NA,NA,NA,Sí,1,1,0,No,NA,NA,NA,NA,No,NA,NA,NA,No,NA,3
2025,160105,LORETO,MAYNAS,LAS AMAZONAS,Distrital,No,No,NA,NA,NA,No,NA,NA,NA,No,NA,NA,NA,No,NA,NA,NA,NA,No,NA,NA,NA,No,NA,0
2025,160106,LORETO,MAYNAS,MAZAN,Distrital,Sí,Sí,11,0,11,No,NA,NA,NA,No,NA,NA,NA,No,NA,NA,NA,NA,No,NA,NA,NA,No,NA,16
2025,160107,LORETO,MAYNAS,NAPO,Distrital,Sí,Sí,12,0,12,No,NA,NA,NA,No,NA,NA,NA,No,NA,NA,NA,NA,No,NA,NA,NA,No,NA,8
2025,160108,LORETO,MAYNAS,PUNCHANA,Distrital,Sí,Sí,146,25,121,Sí,7,7,0,Sí,16,16,0,No,NA,NA,NA,NA,No,NA,NA,NA,No,NA,225
2025,160110,LORETO,MAYNAS,TORRES CAUSANA,Distrital,Sí,Sí,6,3,3,No,NA,NA,NA,No,NA,NA,NA,No,NA,NA,NA,NA,No,NA,NA,NA,No,NA,15
2025,160112,LORETO,MAYNAS,BELEN,Distrital,Sí,Sí,92,14,78,Sí,5,3,2,Sí,10,10,0,No,NA,NA,NA,NA,No,NA,NA,NA,No,NA,169
2025,160113,LORETO,MAYNAS,SAN JUAN BAUTISTA,Distrital,Sí,Sí,195,45,150,Sí,8,8,0,Sí,89,89,0,Sí,62,62,0,0,Sí,1,1,0,Sí,15,942
2025,160201,LORETO,ALTO AMAZONAS,YURIMAGUAS,Provincial,Sí,Sí,22,5,17,Sí,2,2,0,No,NA,NA,NA,No,NA,NA,NA,NA,No,NA,NA,NA,No,NA,152
2025,160202,LORETO,ALTO AMAZONAS,BALSAPUERTO,Distrital,Sí,Sí,9,0,9,No,NA,NA,NA,No,NA,NA,NA,No,NA,NA,NA,NA,No,NA,NA,NA,No,NA,20
2025,160205,LORETO,ALTO AMAZONAS,JEBEROS,Distrital,Sí,Sí,6,0,6,No,NA,NA,NA,No,NA,NA,NA,No,NA,NA,NA,NA,No,NA,NA,NA,No,NA,10
2025,160206,LORETO,ALTO AMAZONAS,LAGUNAS,Distrital,Sí,Sí,11,2,9,No,NA,NA,NA,No,NA,NA,NA,No,NA,NA,NA,NA,No,NA,NA,NA,No,NA,16
2025,160210,LORETO,ALTO AMAZONAS,SANTA CRUZ,Distrital,No,No,NA,NA,NA,No,NA,NA,NA,No,NA,NA,NA,No,NA,NA,NA,NA,No,NA,NA,NA,No,NA,0
2025,160211,LORETO,ALTO AMAZONAS,TENIENTE CESAR LOPEZ ROJAS,Distrital,Sí,Sí,6,1,5,No,NA,NA,NA,No,NA,NA,NA,No,NA,NA,NA,NA,No,NA,NA,NA,No,NA,12
2025,160301,LORETO,LORETO,NAUTA,Provincial,Sí,Sí,35,2,33,Sí,3,1,2,No,NA,NA,NA,No,NA,NA,NA,NA,No,NA,NA,NA,No,NA,183
2025,160302,LORETO,LORETO,PARINARI,Distrital,Sí,Sí,10,1,9,No,NA,NA,NA,No,NA,NA,NA,No,NA,NA,NA,NA,No,NA,NA,NA,No,NA,360
2025,160303,LORETO,LORETO,TIGRE,Distrital,Sí,Sí,12,2,10,No,NA,NA,NA,Sí,3,3,0,No,NA,NA,NA,NA,No,NA,NA,NA,No,NA,6
2025,160304,LORETO,LORETO,TROMPETEROS,Distrital,Sí,Sí,1,0,1,No,NA,NA,NA,Sí,12,12,0,No,NA,NA,NA,NA,No,NA,NA,NA,No,NA,110
2025,160305,LORETO,LORETO,URARINAS,Distrital,Sí,Sí,5,2,3,No,NA,NA,NA,No,NA,NA,NA,No,NA,NA,NA,NA,No,NA,NA,NA,No,NA,4
2025,160401,LORETO,MARISCAL RAMON CASTILLA,RAMON CASTILLA,Provincial,Sí,Sí,51,8,43,Sí,2,2,0,Sí,10,10,0,No,NA,NA,NA,NA,No,NA,NA,NA,No,NA,130
2025,160402,LORETO,MARISCAL RAMON CASTILLA,PEBAS,Distrital,Sí,Sí,11,1,10,No,NA,NA,NA,No,NA,NA,NA,No,NA,NA,NA,NA,No,NA,NA,NA,No,NA,2
2025,160403,LORETO,MARISCAL RAMON CASTILLA,YAVARI,Distrital,Sí,Sí,10,4,6,No,NA,NA,NA,No,NA,NA,NA,No,NA,NA,NA,NA,No,NA,NA,NA,No,NA,6
2025,160404,LORETO,MARISCAL RAMON CASTILLA,SAN PABLO,Distrital,Sí,Sí,16,2,14,No,NA,NA,NA,Sí,13,13,0,No,NA,NA,NA,NA,No,NA,NA,NA,No,NA,10
2025,160501,LORETO,REQUENA,REQUENA,Provincial,Sí,Sí,38,5,33,Sí,3,2,1,No,NA,NA,NA,No,NA,NA,NA,NA,No,NA,NA,NA,No,NA,345
2025,160502,LORETO,REQUENA,ALTO TAPICHE,Distrital,Sí,Sí,6,0,6,No,NA,NA,NA,No,NA,NA,NA,No,NA,NA,NA,NA,No,NA,NA,NA,No,NA,0
2025,160503,LORETO,REQUENA,CAPELO,Distrital,No,No,NA,NA,NA,No,NA,NA,NA,No,NA,NA,NA,No,NA,NA,NA,NA,No,NA,NA,NA,No,NA,0
2025,160504,LORETO,REQUENA,EMILIO SAN MARTIN,Distrital,No,No,NA,NA,NA,No,NA,NA,NA,No,NA,NA,NA,No,NA,NA,NA,NA,No,NA,NA,NA,No,NA,0
2025,160505,LORETO,REQUENA,MAQUIA,Distrital,No,No,NA,NA,NA,No,NA,NA,NA,No,NA,NA,NA,No,NA,NA,NA,NA,No,NA,NA,NA,No,NA,0
2025,160506,LORETO,REQUENA,PUINAHUA,Distrital,Sí,Sí,7,2,5,No,NA,NA,NA,No,NA,NA,NA,No,NA,NA,NA,NA,No,NA,NA,NA,No,NA,18
2025,160507,LORETO,REQUENA,SAQUENA,Distrital,Sí,Sí,1,0,1,No,NA,NA,NA,No,NA,NA,NA,No,NA,NA,NA,NA,No,NA,NA,NA,No,NA,9
2025,160508,LORETO,REQUENA,SOPLIN,Distrital,No,No,NA,NA,NA,No,NA,NA,NA,No,NA,NA,NA,No,NA,NA,NA,NA,No,NA,NA,NA,No,NA,0
2025,160509,LORETO,REQUENA,TAPICHE,Distrital,No,No,NA,NA,NA,No,NA,NA,NA,No,NA,NA,NA,No,NA,NA,NA,NA,No,NA,NA,NA,No,NA,0
2025,160510,LORETO,REQUENA,JENARO HERRERA,Distrital,No,No,NA,NA,NA,No,NA,NA,NA,No,NA,NA,NA,No,NA,NA,NA,NA,No,NA,NA,NA,No,NA,0
2025,160511,LORETO,REQUENA,YAQUERANA,Distrital,No,No,NA,NA,NA,No,NA,NA,NA,No,NA,NA,NA,No,NA,NA,NA,NA,No,NA,NA,NA,No,NA,0
2025,160601,LORETO,UCAYALI,CONTAMANA,Provincial,Sí,Sí,17,2,15,Sí,1,1,0,No,NA,NA,NA,Sí,9,9,0,7,Sí,2,1,1,No,NA,295
2025,160602,LORETO,UCAYALI,INAHUAYA,Distrital,No,No,NA,NA,NA,No,NA,NA,NA,No,NA,NA,NA,No,NA,NA,NA,NA,No,NA,NA,NA,No,NA,0
2025,160603,LORETO,UCAYALI,PADRE MARQUEZ,Distrital,Sí,Sí,6,0,6,No,NA,NA,NA,No,NA,NA,NA,No,NA,NA,NA,NA,No,NA,NA,NA,No,NA,0
2025,160604,LORETO,UCAYALI,PAMPA HERMOSA,Distrital,Sí,Sí,8,1,7,No,NA,NA,NA,No,NA,NA,NA,No,NA,NA,NA,NA,No,NA,NA,NA,Sí,5,26
2025,160605,LORETO,UCAYALI,SARAYACU,Distrital,Sí,Sí,17,0,17,No,NA,NA,NA,No,NA,NA,NA,No,NA,NA,NA,NA,No,NA,NA,NA,No,NA,24
2025,160606,LORETO,UCAYALI,VARGAS GUERRA,Distrital,Sí,Sí,8,1,7,No,NA,NA,NA,Sí,6,6,0,Sí,8,8,0,8,Sí,1,1,0,No,NA,1
2025,160701,LORETO,DATEM DEL MARAÑON,BARRANCA,Provincial,Sí,Sí,30,4,26,Sí,2,2,0,Sí,11,10,1,Sí,8,5,3,0,Sí,1,1,0,No,NA,0
2025,160702,LORETO,DATEM DEL MARAÑON,CAHUAPANAS,Distrital,Sí,Sí,5,0,5,No,NA,NA,NA,No,NA,NA,NA,No,NA,NA,NA,NA,No,NA,NA,NA,Sí,5,0
2025,160703,LORETO,DATEM DEL MARAÑON,MANSERICHE,Distrital,Sí,Sí,4,1,3,No,NA,NA,NA,No,NA,NA,NA,No,NA,NA,NA,NA,No,NA,NA,NA,No,NA,14
2025,160704,LORETO,DATEM DEL MARAÑON,MORONA,Distrital,No,No,NA,NA,NA,No,NA,NA,NA,No,NA,NA,NA,No,NA,NA,NA,NA,No,NA,NA,NA,No,NA,0
2025,160705,LORETO,DATEM DEL MARAÑON,PASTAZA,Distrital,Sí,Sí,7,2,5,No,NA,NA,NA,Sí,5,3,2,No,NA,NA,NA,NA,No,NA,NA,NA,No,NA,10
2025,160706,LORETO,DATEM DEL MARAÑON,ANDOAS,Distrital,Sí,Sí,8,1,7,No,NA,NA,NA,Sí,2,2,0,No,NA,NA,NA,NA,No,NA,NA,NA,No,NA,27
2025,160801,LORETO,PUTUMAYO,PUTUMAYO,Provincial,Sí,Sí,22,12,10,Sí,1,1,0,No,NA,NA,NA,No,NA,NA,NA,NA,No,NA,NA,NA,No,NA,65
2025,160802,LORETO,PUTUMAYO,ROSA PANDURO,Distrital,No,No,NA,NA,NA,No,NA,NA,NA,No,NA,NA,NA,No,NA,NA,NA,NA,No,NA,NA,NA,No,NA,0
2025,160803,LORETO,PUTUMAYO,TENIENTE MANUEL CLAVERO,Distrital,Sí,Sí,9,6,3,No,NA,NA,NA,No,NA,NA,NA,No,NA,NA,NA,NA,No,NA,NA,NA,No,NA,26
2025,160804,LORETO,PUTUMAYO,YAGUAS,Distrital,No,No,NA,NA,NA,No,NA,NA,NA,No,NA,NA,NA,No,NA,NA,NA,NA,No,NA,NA,NA,No,NA,0
2025,170101,MADRE DE DIOS,TAMBOPATA,TAMBOPATA,Provincial,Sí,Sí,63,0,63,Sí,6,4,2,Sí,30,30,0,No,NA,NA,NA,NA,No,NA,NA,NA,Sí,30,687
2025,170102,MADRE DE DIOS,TAMBOPATA,INAMBARI,Distrital,Sí,Sí,28,14,14,Sí,2,2,0,Sí,11,10,1,Sí,14,10,4,0,Sí,1,1,0,Sí,20,960
2025,170103,MADRE DE DIOS,TAMBOPATA,LAS PIEDRAS,Distrital,Sí,Sí,8,0,8,Sí,4,2,2,No,NA,NA,NA,No,NA,NA,NA,NA,No,NA,NA,NA,Sí,8,213
2025,170104,MADRE DE DIOS,TAMBOPATA,LABERINTO,Distrital,Sí,Sí,11,1,10,Sí,1,1,0,Sí,4,4,0,No,NA,NA,NA,NA,No,NA,NA,NA,Sí,5,324
2025,170201,MADRE DE DIOS,MANU,MANU,Provincial,Sí,Sí,2,0,2,Sí,2,1,1,No,NA,NA,NA,No,NA,NA,NA,NA,No,NA,NA,NA,No,NA,22
2025,170202,MADRE DE DIOS,MANU,FITZCARRALD,Distrital,No,No,NA,NA,NA,No,NA,NA,NA,No,NA,NA,NA,No,NA,NA,NA,NA,No,NA,NA,NA,No,NA,0
2025,170203,MADRE DE DIOS,MANU,MADRE DE DIOS,Distrital,Sí,Sí,5,0,5,No,NA,NA,NA,Sí,2,2,0,No,NA,NA,NA,NA,No,NA,NA,NA,No,NA,42
2025,170204,MADRE DE DIOS,MANU,HUEPETUHE,Distrital,Sí,Sí,8,1,7,Sí,1,1,0,No,NA,NA,NA,No,NA,NA,NA,NA,No,NA,NA,NA,No,NA,41
2025,170301,MADRE DE DIOS,TAHUAMANU,IÑAPARI,Provincial,Sí,Sí,7,1,6,Sí,1,1,0,No,NA,NA,NA,No,NA,NA,NA,NA,No,NA,NA,NA,No,NA,40
2025,170302,MADRE DE DIOS,TAHUAMANU,IBERIA,Distrital,Sí,Sí,7,1,6,Sí,2,2,0,No,NA,NA,NA,No,NA,NA,NA,NA,No,NA,NA,NA,Sí,8,68
2025,170303,MADRE DE DIOS,TAHUAMANU,TAHUAMANU,Distrital,Sí,Sí,1,0,1,No,NA,NA,NA,No,NA,NA,NA,No,NA,NA,NA,NA,No,NA,NA,NA,Sí,2,23
2025,180101,MOQUEGUA,MARISCAL NIETO,MOQUEGUA,Provincial,Sí,Sí,42,7,35,Sí,6,6,0,Sí,13,11,2,Sí,19,17,2,0,Sí,1,1,0,No,NA,2595
2025,180102,MOQUEGUA,MARISCAL NIETO,CARUMAS,Distrital,No,No,NA,NA,NA,No,NA,NA,NA,No,NA,NA,NA,Sí,4,4,0,0,No,NA,NA,NA,No,NA,0
2025,180103,MOQUEGUA,MARISCAL NIETO,CUCHUMBAYA,Distrital,No,No,NA,NA,NA,No,NA,NA,NA,No,NA,NA,NA,No,NA,NA,NA,NA,No,NA,NA,NA,No,NA,0
2025,180104,MOQUEGUA,MARISCAL NIETO,SAMEGUA,Distrital,Sí,Sí,13,1,12,Sí,2,2,0,Sí,10,10,0,Sí,22,22,0,0,Sí,1,1,0,No,NA,241
2025,180105,MOQUEGUA,MARISCAL NIETO,SAN CRISTOBAL,Distrital,No,No,NA,NA,NA,No,NA,NA,NA,No,NA,NA,NA,No,NA,NA,NA,NA,No,NA,NA,NA,No,NA,0
2025,180106,MOQUEGUA,MARISCAL NIETO,TORATA,Distrital,Sí,Sí,18,0,18,Sí,3,3,0,No,NA,NA,NA,No,NA,NA,NA,NA,No,NA,NA,NA,No,NA,25
2025,180107,MOQUEGUA,MARISCAL NIETO,SAN ANTONIO,Distrital,Sí,Sí,36,8,28,Sí,5,5,0,No,NA,NA,NA,Sí,8,8,0,0,Sí,1,1,0,No,NA,794
2025,180201,MOQUEGUA,GENERAL SANCHEZ CERRO,OMATE,Provincial,Sí,Sí,2,0,2,Sí,6,2,4,Sí,1,0,1,No,NA,NA,NA,NA,No,NA,NA,NA,Sí,5,25
2025,180202,MOQUEGUA,GENERAL SANCHEZ CERRO,CHOJATA,Distrital,No,No,NA,NA,NA,No,NA,NA,NA,No,NA,NA,NA,No,NA,NA,NA,NA,No,NA,NA,NA,No,NA,0
2025,180203,MOQUEGUA,GENERAL SANCHEZ CERRO,COALAQUE,Distrital,No,No,NA,NA,NA,No,NA,NA,NA,Sí,1,0,1,No,NA,NA,NA,NA,No,NA,NA,NA,No,NA,6
2025,180204,MOQUEGUA,GENERAL SANCHEZ CERRO,ICHUÑA,Distrital,Sí,Sí,7,0,7,Sí,1,1,0,No,NA,NA,NA,No,NA,NA,NA,NA,No,NA,NA,NA,No,NA,24
2025,180205,MOQUEGUA,GENERAL SANCHEZ CERRO,LA CAPILLA,Distrital,No,No,NA,NA,NA,No,NA,NA,NA,No,NA,NA,NA,No,NA,NA,NA,NA,No,NA,NA,NA,No,NA,0
2025,180206,MOQUEGUA,GENERAL SANCHEZ CERRO,LLOQUE,Distrital,No,No,NA,NA,NA,No,NA,NA,NA,No,NA,NA,NA,No,NA,NA,NA,NA,No,NA,NA,NA,No,NA,0
2025,180207,MOQUEGUA,GENERAL SANCHEZ CERRO,MATALAQUE,Distrital,No,No,NA,NA,NA,No,NA,NA,NA,No,NA,NA,NA,No,NA,NA,NA,NA,No,NA,NA,NA,No,NA,0
2025,180208,MOQUEGUA,GENERAL SANCHEZ CERRO,PUQUINA,Distrital,No,No,NA,NA,NA,No,NA,NA,NA,No,NA,NA,NA,No,NA,NA,NA,NA,No,NA,NA,NA,No,NA,0
2025,180209,MOQUEGUA,GENERAL SANCHEZ CERRO,QUINISTAQUILLAS,Distrital,No,No,NA,NA,NA,No,NA,NA,NA,No,NA,NA,NA,No,NA,NA,NA,NA,No,NA,NA,NA,No,NA,0
2025,180210,MOQUEGUA,GENERAL SANCHEZ CERRO,UBINAS,Distrital,No,No,NA,NA,NA,No,NA,NA,NA,No,NA,NA,NA,No,NA,NA,NA,NA,No,NA,NA,NA,No,NA,0
2025,180211,MOQUEGUA,GENERAL SANCHEZ CERRO,YUNGA,Distrital,No,No,NA,NA,NA,No,NA,NA,NA,No,NA,NA,NA,No,NA,NA,NA,NA,No,NA,NA,NA,No,NA,0
2025,180301,MOQUEGUA,ILO,ILO,Provincial,Sí,Sí,48,7,41,Sí,4,3,1,Sí,52,26,26,No,NA,NA,NA,NA,No,NA,NA,NA,Sí,5,4157
2025,180302,MOQUEGUA,ILO,EL ALGARROBAL,Distrital,Sí,Sí,12,1,11,Sí,1,1,0,No,NA,NA,NA,No,NA,NA,NA,NA,No,NA,NA,NA,No,NA,60
2025,180303,MOQUEGUA,ILO,PACOCHA,Distrital,Sí,Sí,15,1,14,Sí,3,2,1,Sí,10,10,0,Sí,24,19,5,0,Sí,1,1,0,Sí,5,50
2025,190101,PASCO,PASCO,CHAUPIMARCA,Provincial,Sí,Sí,35,8,27,Sí,4,2,2,No,NA,NA,NA,Sí,49,45,4,0,Sí,1,1,0,No,NA,899
2025,190102,PASCO,PASCO,HUACHON,Distrital,Sí,Sí,7,0,7,Sí,1,0,1,No,NA,NA,NA,No,NA,NA,NA,NA,No,NA,NA,NA,No,NA,11
2025,190103,PASCO,PASCO,HUARIACA,Distrital,Sí,Sí,7,1,6,No,NA,NA,NA,No,NA,NA,NA,No,NA,NA,NA,NA,No,NA,NA,NA,No,NA,8
2025,190104,PASCO,PASCO,HUAYLLAY,Distrital,Sí,Sí,9,2,7,Sí,2,2,0,Sí,11,11,0,Sí,15,15,0,0,Sí,5,4,1,Sí,10,140
2025,190105,PASCO,PASCO,NINACACA,Distrital,Sí,Sí,4,0,4,Sí,1,1,0,No,NA,NA,NA,No,NA,NA,NA,NA,No,NA,NA,NA,No,NA,4
2025,190106,PASCO,PASCO,PALLANCHACRA,Distrital,Sí,Sí,3,0,3,No,NA,NA,NA,No,NA,NA,NA,No,NA,NA,NA,NA,No,NA,NA,NA,No,NA,78
2025,190107,PASCO,PASCO,PAUCARTAMBO,Distrital,Sí,Sí,6,1,5,Sí,1,1,0,No,NA,NA,NA,No,NA,NA,NA,NA,No,NA,NA,NA,No,NA,31
2025,190108,PASCO,PASCO,SAN FRANCISCO DE ASIS DE YARUSYACAN,Distrital,Sí,Sí,2,0,2,No,NA,NA,NA,No,NA,NA,NA,No,NA,NA,NA,NA,No,NA,NA,NA,Sí,4,6
2025,190109,PASCO,PASCO,SIMON BOLIVAR,Distrital,Sí,Sí,6,0,6,Sí,1,1,0,No,NA,NA,NA,No,NA,NA,NA,NA,No,NA,NA,NA,No,NA,76
2025,190110,PASCO,PASCO,TICLACAYAN,Distrital,Sí,Sí,7,0,7,Sí,1,1,0,Sí,4,4,0,No,NA,NA,NA,NA,No,NA,NA,NA,Sí,54,23
2025,190111,PASCO,PASCO,TINYAHUARCO,Distrital,No,No,NA,NA,NA,No,NA,NA,NA,No,NA,NA,NA,No,NA,NA,NA,NA,No,NA,NA,NA,No,NA,0
2025,190112,PASCO,PASCO,VICCO,Distrital,No,No,NA,NA,NA,No,NA,NA,NA,No,NA,NA,NA,No,NA,NA,NA,NA,No,NA,NA,NA,No,NA,0
2025,190113,PASCO,PASCO,YANACANCHA,Distrital,Sí,Sí,16,5,11,Sí,5,5,0,No,NA,NA,NA,Sí,13,13,0,0,Sí,1,1,0,No,NA,495
2025,190201,PASCO,DANIEL ALCIDES CARRION,YANAHUANCA,Provincial,Sí,Sí,9,0,9,Sí,5,3,2,Sí,18,18,0,Sí,40,32,8,32,Sí,40,32,8,No,NA,26
2025,190202,PASCO,DANIEL ALCIDES CARRION,CHACAYAN,Distrital,Sí,Sí,1,0,1,Sí,2,1,1,No,NA,NA,NA,No,NA,NA,NA,NA,No,NA,NA,NA,No,NA,2
2025,190203,PASCO,DANIEL ALCIDES CARRION,GOYLLARISQUIZGA,Distrital,Sí,Sí,2,0,2,No,NA,NA,NA,No,NA,NA,NA,No,NA,NA,NA,NA,No,NA,NA,NA,No,NA,7
2025,190204,PASCO,DANIEL ALCIDES CARRION,PAUCAR,Distrital,Sí,Sí,2,1,1,Sí,1,1,0,No,NA,NA,NA,No,NA,NA,NA,NA,No,NA,NA,NA,No,NA,7
2025,190205,PASCO,DANIEL ALCIDES CARRION,SAN PEDRO DE PILLAO,Distrital,No,No,NA,NA,NA,Sí,1,0,1,No,NA,NA,NA,Sí,4,4,0,0,No,NA,NA,NA,No,NA,2
2025,190206,PASCO,DANIEL ALCIDES CARRION,SANTA ANA DE TUSI,Distrital,Sí,Sí,10,4,6,Sí,1,1,0,No,NA,NA,NA,No,NA,NA,NA,NA,No,NA,NA,NA,No,NA,12
2025,190207,PASCO,DANIEL ALCIDES CARRION,TAPUC,Distrital,Sí,Sí,3,1,2,Sí,1,1,0,No,NA,NA,NA,No,NA,NA,NA,NA,No,NA,NA,NA,No,NA,10
2025,190208,PASCO,DANIEL ALCIDES CARRION,VILCABAMBA,Distrital,No,No,NA,NA,NA,No,NA,NA,NA,No,NA,NA,NA,No,NA,NA,NA,NA,No,NA,NA,NA,No,NA,0
2025,190301,PASCO,OXAPAMPA,OXAPAMPA,Provincial,Sí,Sí,29,3,26,Sí,4,3,1,Sí,12,12,0,Sí,58,57,1,0,Sí,1,1,0,Sí,8,6660
2025,190302,PASCO,OXAPAMPA,CHONTABAMBA,Distrital,Sí,Sí,10,0,10,Sí,1,1,0,No,NA,NA,NA,Sí,20,20,0,0,Sí,1,1,0,Sí,4,182
2025,190303,PASCO,OXAPAMPA,HUANCABAMBA,Distrital,Sí,Sí,9,1,8,No,NA,NA,NA,No,NA,NA,NA,No,NA,NA,NA,NA,No,NA,NA,NA,No,NA,21
2025,190304,PASCO,OXAPAMPA,PALCAZU,Distrital,Sí,Sí,6,2,4,No,NA,NA,NA,No,NA,NA,NA,No,NA,NA,NA,NA,No,NA,NA,NA,No,NA,8
2025,190305,PASCO,OXAPAMPA,POZUZO,Distrital,Sí,Sí,5,2,3,Sí,4,1,3,No,NA,NA,NA,No,NA,NA,NA,NA,No,NA,NA,NA,No,NA,9
2025,190306,PASCO,OXAPAMPA,PUERTO BERMUDEZ,Distrital,Sí,Sí,16,4,12,Sí,1,1,0,No,NA,NA,NA,Sí,10,10,0,0,Sí,1,1,0,No,NA,453
2025,190307,PASCO,OXAPAMPA,VILLA RICA,Distrital,Sí,Sí,13,3,10,Sí,2,2,0,Sí,28,28,0,Sí,27,27,0,27,Sí,1,1,0,Sí,10,272
2025,190308,PASCO,OXAPAMPA,CONSTITUCIÓN,Distrital,Sí,Sí,7,2,5,Sí,1,1,0,Sí,6,6,0,Sí,12,9,3,0,Sí,1,1,0,Sí,8,75
2025,200101,PIURA,PIURA,PIURA,Provincial,Sí,Sí,132,5,127,Sí,13,12,1,Sí,55,47,8,Sí,95,30,65,0,Sí,2,2,0,Sí,85,4351
2025,200104,PIURA,PIURA,CASTILLA,Distrital,Sí,Sí,192,62,130,Sí,15,11,4,No,NA,NA,NA,Sí,22,14,8,0,Sí,1,1,0,Sí,29,1212
2025,200105,PIURA,PIURA,CATACAOS,Distrital,Sí,Sí,125,35,90,Sí,8,6,2,Sí,5,5,0,No,NA,NA,NA,NA,No,NA,NA,NA,No,NA,298
2025,200107,PIURA,PIURA,CURA MORI,Distrital,Sí,Sí,20,0,20,Sí,4,3,1,No,NA,NA,NA,No,NA,NA,NA,NA,No,NA,NA,NA,No,NA,6
2025,200108,PIURA,PIURA,EL TALLAN,Distrital,Sí,Sí,12,0,12,Sí,1,1,0,No,NA,NA,NA,No,NA,NA,NA,NA,No,NA,NA,NA,No,NA,278
2025,200109,PIURA,PIURA,LA ARENA,Distrital,Sí,Sí,30,7,23,Sí,2,1,1,No,NA,NA,NA,Sí,7,5,2,5,Sí,1,1,0,Sí,3,566
2025,200110,PIURA,PIURA,LA UNION,Distrital,Sí,Sí,26,1,25,Sí,3,3,0,Sí,36,36,0,Sí,23,23,0,0,Sí,1,1,0,Sí,25,278
2025,200111,PIURA,PIURA,LAS LOMAS,Distrital,Sí,Sí,30,3,27,Sí,2,2,0,Sí,15,15,0,Sí,20,20,0,0,Sí,1,1,0,Sí,20,400
2025,200114,PIURA,PIURA,TAMBO GRANDE,Distrital,Sí,Sí,78,9,69,Sí,12,10,2,No,NA,NA,NA,Sí,80,44,36,8,Sí,2,1,1,No,NA,3604
2025,200115,PIURA,PIURA,VEINTISÉIS DE OCTUBRE,Distrital,Sí,Sí,155,30,125,Sí,6,5,1,Sí,5,5,0,Sí,3,3,0,0,Sí,1,1,0,Sí,105,2350
2025,200201,PIURA,AYABACA,AYABACA,Provincial,Sí,Sí,24,6,18,Sí,1,1,0,No,NA,NA,NA,No,NA,NA,NA,NA,No,NA,NA,NA,No,NA,64
2025,200202,PIURA,AYABACA,FRIAS,Distrital,No,Sí,6,2,4,Sí,1,1,0,Sí,30,30,0,No,NA,NA,NA,NA,No,NA,NA,NA,No,NA,79
2025,200203,PIURA,AYABACA,JILILI,Distrital,No,No,NA,NA,NA,No,NA,NA,NA,No,NA,NA,NA,No,NA,NA,NA,NA,No,NA,NA,NA,No,NA,0
2025,200204,PIURA,AYABACA,LAGUNAS,Distrital,Sí,Sí,14,2,12,No,NA,NA,NA,Sí,5,5,0,No,NA,NA,NA,NA,No,NA,NA,NA,No,NA,9
2025,200205,PIURA,AYABACA,MONTERO,Distrital,No,No,NA,NA,NA,No,NA,NA,NA,No,NA,NA,NA,No,NA,NA,NA,NA,No,NA,NA,NA,No,NA,0
2025,200206,PIURA,AYABACA,PACAIPAMPA,Distrital,Sí,Sí,50,2,48,Sí,1,1,0,Sí,20,20,0,No,NA,NA,NA,NA,No,NA,NA,NA,No,NA,24
2025,200207,PIURA,AYABACA,PAIMAS,Distrital,Sí,Sí,8,0,8,Sí,1,1,0,Sí,5,5,0,Sí,4,4,0,0,No,NA,NA,NA,No,NA,19
2025,200208,PIURA,AYABACA,SAPILLICA,Distrital,Sí,Sí,7,3,4,Sí,1,0,1,Sí,4,0,4,Sí,5,5,0,0,Sí,1,1,0,No,NA,19
2025,200209,PIURA,AYABACA,SICCHEZ,Distrital,Sí,Sí,6,1,5,No,NA,NA,NA,Sí,2,1,1,No,NA,NA,NA,NA,No,NA,NA,NA,No,NA,6
2025,200210,PIURA,AYABACA,SUYO,Distrital,Sí,Sí,14,0,14,No,NA,NA,NA,No,NA,NA,NA,No,NA,NA,NA,NA,No,NA,NA,NA,No,NA,11
2025,200301,PIURA,HUANCABAMBA,HUANCABAMBA,Provincial,Sí,Sí,12,1,11,Sí,1,1,0,No,NA,NA,NA,Sí,1,1,0,1,Sí,1,1,0,Sí,15,66
2025,200302,PIURA,HUANCABAMBA,CANCHAQUE,Distrital,No,No,NA,NA,NA,No,NA,NA,NA,Sí,203,203,0,No,NA,NA,NA,NA,No,NA,NA,NA,No,NA,0
2025,200303,PIURA,HUANCABAMBA,EL CARMEN DE LA FRONTERA,Distrital,No,No,NA,NA,NA,No,NA,NA,NA,No,NA,NA,NA,No,NA,NA,NA,NA,No,NA,NA,NA,No,NA,0
2025,200304,PIURA,HUANCABAMBA,HUARMACA,Distrital,No,No,NA,NA,NA,No,NA,NA,NA,No,NA,NA,NA,No,NA,NA,NA,NA,No,NA,NA,NA,No,NA,0
2025,200305,PIURA,HUANCABAMBA,LALAQUIZ,Distrital,No,No,NA,NA,NA,No,NA,NA,NA,Sí,4,4,0,No,NA,NA,NA,NA,No,NA,NA,NA,No,NA,0
2025,200306,PIURA,HUANCABAMBA,SAN MIGUEL DE EL FAIQUE,Distrital,No,No,NA,NA,NA,No,NA,NA,NA,Sí,4,4,0,No,NA,NA,NA,NA,No,NA,NA,NA,No,NA,20
2025,200307,PIURA,HUANCABAMBA,SONDOR,Distrital,No,No,NA,NA,NA,No,NA,NA,NA,Sí,8,8,0,No,NA,NA,NA,NA,No,NA,NA,NA,No,NA,7
2025,200308,PIURA,HUANCABAMBA,SONDORILLO,Distrital,No,No,NA,NA,NA,No,NA,NA,NA,Sí,5,5,0,No,NA,NA,NA,NA,No,NA,NA,NA,No,NA,0
2025,200401,PIURA,MORROPON,CHULUCANAS,Provincial,Sí,Sí,75,15,60,Sí,6,6,0,No,NA,NA,NA,Sí,8,8,0,0,No,NA,NA,NA,Sí,8,113
2025,200402,PIURA,MORROPON,BUENOS AIRES,Distrital,Sí,Sí,4,1,3,No,NA,NA,NA,Sí,5,5,0,Sí,7,7,0,0,Sí,1,1,0,No,NA,20
2025,200403,PIURA,MORROPON,CHALACO,Distrital,Sí,Sí,6,0,6,Sí,1,1,0,No,NA,NA,NA,No,NA,NA,NA,NA,No,NA,NA,NA,No,NA,0
2025,200404,PIURA,MORROPON,LA MATANZA,Distrital,Sí,Sí,12,0,12,Sí,1,1,0,No,NA,NA,NA,No,NA,NA,NA,NA,No,NA,NA,NA,No,NA,42
2025,200405,PIURA,MORROPON,MORROPON,Distrital,Sí,Sí,8,0,8,Sí,1,1,0,No,NA,NA,NA,No,NA,NA,NA,NA,No,NA,NA,NA,No,NA,10
2025,200406,PIURA,MORROPON,SALITRAL,Distrital,Sí,Sí,2,0,2,Sí,13,12,1,No,NA,NA,NA,No,NA,NA,NA,NA,No,NA,NA,NA,No,NA,0
2025,200407,PIURA,MORROPON,SAN JUAN DE BIGOTE,Distrital,No,No,NA,NA,NA,Sí,3,1,2,No,NA,NA,NA,No,NA,NA,NA,NA,No,NA,NA,NA,No,NA,0
2025,200408,PIURA,MORROPON,SANTA CATALINA DE MOSSA,Distrital,Sí,Sí,3,0,3,Sí,1,1,0,No,NA,NA,NA,No,NA,NA,NA,NA,No,NA,NA,NA,No,NA,2
2025,200409,PIURA,MORROPON,SANTO DOMINGO,Distrital,No,No,NA,NA,NA,No,NA,NA,NA,No,NA,NA,NA,No,NA,NA,NA,NA,No,NA,NA,NA,No,NA,2
2025,200410,PIURA,MORROPON,YAMANGO,Distrital,Sí,Sí,1,0,1,Sí,1,1,0,No,NA,NA,NA,No,NA,NA,NA,NA,No,NA,NA,NA,No,NA,0
2025,200501,PIURA,PAITA,PAITA,Provincial,Sí,Sí,50,8,42,Sí,5,5,0,Sí,12,0,12,Sí,67,45,22,0,Sí,1,1,0,No,NA,1123
2025,200502,PIURA,PAITA,AMOTAPE,Distrital,Sí,Sí,4,0,4,No,NA,NA,NA,No,NA,NA,NA,No,NA,NA,NA,NA,No,NA,NA,NA,No,NA,5
2025,200503,PIURA,PAITA,ARENAL,Distrital,Sí,Sí,5,1,4,Sí,1,1,0,No,NA,NA,NA,No,NA,NA,NA,NA,No,NA,NA,NA,No,NA,0
2025,200504,PIURA,PAITA,COLAN,Distrital,Sí,Sí,30,6,24,Sí,1,1,0,No,NA,NA,NA,No,NA,NA,NA,NA,No,NA,NA,NA,No,NA,238
2025,200505,PIURA,PAITA,LA HUACA,Distrital,Sí,Sí,9,3,6,Sí,1,1,0,No,NA,NA,NA,No,NA,NA,NA,NA,No,NA,NA,NA,No,NA,45
2025,200506,PIURA,PAITA,TAMARINDO,Distrital,Sí,Sí,7,0,7,Sí,1,1,0,Sí,3,3,0,No,NA,NA,NA,NA,No,NA,NA,NA,No,NA,7
2025,200507,PIURA,PAITA,VICHAYAL,Distrital,Sí,Sí,10,0,10,Sí,1,1,0,No,NA,NA,NA,No,NA,NA,NA,NA,No,NA,NA,NA,No,NA,15
2025,200601,PIURA,SULLANA,SULLANA,Provincial,Sí,Sí,211,34,177,Sí,8,8,0,Sí,16,10,6,Sí,53,37,16,0,Sí,1,1,0,Sí,29,601
2025,200602,PIURA,SULLANA,BELLAVISTA,Distrital,Sí,Sí,25,2,23,Sí,2,2,0,Sí,36,35,1,Sí,39,35,4,26,Sí,36,35,1,No,NA,164
2025,200603,PIURA,SULLANA,IGNACIO ESCUDERO,Distrital,Sí,Sí,25,1,24,Sí,2,1,1,No,NA,NA,NA,No,NA,NA,NA,NA,No,NA,NA,NA,No,NA,68
2025,200604,PIURA,SULLANA,LANCONES,Distrital,No,No,NA,NA,NA,No,NA,NA,NA,No,NA,NA,NA,No,NA,NA,NA,NA,No,NA,NA,NA,No,NA,0
2025,200605,PIURA,SULLANA,MARCAVELICA,Distrital,Sí,Sí,12,0,12,Sí,1,1,0,No,NA,NA,NA,No,NA,NA,NA,NA,No,NA,NA,NA,No,NA,239
2025,200606,PIURA,SULLANA,MIGUEL CHECA,Distrital,Sí,Sí,7,2,5,Sí,1,1,0,No,NA,NA,NA,No,NA,NA,NA,NA,No,NA,NA,NA,No,NA,33
2025,200607,PIURA,SULLANA,QUERECOTILLO,Distrital,Sí,Sí,19,3,16,Sí,4,2,2,Sí,40,20,20,Sí,36,24,12,0,Sí,1,1,0,No,NA,89
2025,200608,PIURA,SULLANA,SALITRAL,Distrital,Sí,Sí,6,0,6,Sí,1,1,0,No,NA,NA,NA,No,NA,NA,NA,NA,No,NA,NA,NA,No,NA,9
2025,200701,PIURA,TALARA,PARIÑAS,Provincial,Sí,Sí,170,37,133,Sí,13,12,1,Sí,235,105,130,Sí,80,73,7,0,Sí,1,1,0,Sí,32,1081
2025,200702,PIURA,TALARA,EL ALTO,Distrital,Sí,Sí,39,7,32,Sí,5,4,1,Sí,15,15,0,Sí,35,35,0,0,Sí,1,1,0,No,NA,69
2025,200703,PIURA,TALARA,LA BREA,Distrital,Sí,Sí,60,30,30,Sí,3,3,0,No,NA,NA,NA,No,NA,NA,NA,NA,No,NA,NA,NA,No,NA,98
2025,200704,PIURA,TALARA,LOBITOS,Distrital,Sí,Sí,43,10,33,Sí,1,1,0,Sí,10,10,0,No,NA,NA,NA,NA,No,NA,NA,NA,No,NA,8
2025,200705,PIURA,TALARA,LOS ORGANOS,Distrital,Sí,Sí,30,6,24,Sí,13,12,1,No,NA,NA,NA,No,NA,NA,NA,NA,No,NA,NA,NA,No,NA,611
2025,200706,PIURA,TALARA,MANCORA,Distrital,Sí,Sí,17,6,11,Sí,1,1,0,Sí,19,12,7,No,NA,NA,NA,NA,No,NA,NA,NA,No,NA,32
2025,200801,PIURA,SECHURA,SECHURA,Provincial,Sí,Sí,68,14,54,Sí,4,4,0,Sí,18,18,0,Sí,12,9,3,0,Sí,1,1,0,Sí,40,199
2025,200802,PIURA,SECHURA,BELLAVISTA DE LA UNION,Distrital,No,No,NA,NA,NA,No,NA,NA,NA,No,NA,NA,NA,No,NA,NA,NA,NA,No,NA,NA,NA,No,NA,0
2025,200803,PIURA,SECHURA,BERNAL,Distrital,Sí,Sí,9,1,8,Sí,3,3,0,Sí,3,3,0,Sí,22,22,0,0,Sí,1,1,0,No,NA,29
2025,200804,PIURA,SECHURA,CRISTO NOS VALGA,Distrital,Sí,Sí,7,0,7,Sí,1,1,0,No,NA,NA,NA,No,NA,NA,NA,NA,No,NA,NA,NA,No,NA,62
2025,200805,PIURA,SECHURA,VICE,Distrital,Sí,Sí,14,2,12,Sí,3,2,1,No,NA,NA,NA,No,NA,NA,NA,NA,No,NA,NA,NA,Sí,3,362
2025,200806,PIURA,SECHURA,RINCONADA LLICUAR,Distrital,Sí,Sí,4,0,4,No,NA,NA,NA,No,NA,NA,NA,No,NA,NA,NA,NA,No,NA,NA,NA,No,NA,14
2025,210101,PUNO,PUNO,PUNO,Provincial,Sí,Sí,235,55,180,Sí,15,15,0,Sí,36,34,2,Sí,50,33,17,33,Sí,1,1,0,Sí,7,1746
2025,210102,PUNO,PUNO,ACORA,Distrital,Sí,Sí,12,4,8,No,NA,NA,NA,No,NA,NA,NA,Sí,1,1,0,0,Sí,2,1,1,No,NA,49
2025,210103,PUNO,PUNO,AMANTANI,Distrital,Sí,Sí,6,1,5,No,NA,NA,NA,No,NA,NA,NA,No,NA,NA,NA,NA,No,NA,NA,NA,Sí,24,8
2025,210104,PUNO,PUNO,ATUNCOLLA,Distrital,Sí,Sí,4,0,4,Sí,1,1,0,No,NA,NA,NA,Sí,8,5,3,4,Sí,1,1,0,No,NA,8
2025,210105,PUNO,PUNO,CAPACHICA,Distrital,Sí,Sí,2,0,2,No,NA,NA,NA,No,NA,NA,NA,No,NA,NA,NA,NA,No,NA,NA,NA,No,NA,5
2025,210106,PUNO,PUNO,CHUCUITO,Distrital,Sí,Sí,4,1,3,No,NA,NA,NA,No,NA,NA,NA,No,NA,NA,NA,NA,No,NA,NA,NA,Sí,2,11
2025,210107,PUNO,PUNO,COATA,Distrital,Sí,Sí,6,0,6,Sí,2,2,0,Sí,2,2,0,No,NA,NA,NA,NA,No,NA,NA,NA,No,NA,17
2025,210108,PUNO,PUNO,HUATA,Distrital,Sí,Sí,4,0,4,No,NA,NA,NA,No,NA,NA,NA,Sí,7,7,0,7,No,NA,NA,NA,Sí,2,10
2025,210109,PUNO,PUNO,MAÑAZO,Distrital,Sí,Sí,5,1,4,No,NA,NA,NA,No,NA,NA,NA,Sí,3,3,0,0,Sí,1,1,0,No,NA,11
2025,210110,PUNO,PUNO,PAUCARCOLLA,Distrital,Sí,Sí,1,0,1,No,NA,NA,NA,No,NA,NA,NA,Sí,12,6,6,0,Sí,1,1,0,No,NA,17
2025,210111,PUNO,PUNO,PICHACANI,Distrital,Sí,Sí,3,0,3,Sí,1,1,0,Sí,2,0,2,No,NA,NA,NA,NA,No,NA,NA,NA,No,NA,84
2025,210112,PUNO,PUNO,PLATERIA,Distrital,Sí,Sí,2,0,2,Sí,1,1,0,No,NA,NA,NA,No,NA,NA,NA,NA,No,NA,NA,NA,No,NA,0
2025,210113,PUNO,PUNO,SAN ANTONIO,Distrital,Sí,Sí,3,0,3,No,NA,NA,NA,No,NA,NA,NA,No,NA,NA,NA,NA,No,NA,NA,NA,No,NA,11
2025,210114,PUNO,PUNO,TIQUILLACA,Distrital,Sí,Sí,1,0,1,No,NA,NA,NA,No,NA,NA,NA,No,NA,NA,NA,NA,No,NA,NA,NA,No,NA,3
2025,210115,PUNO,PUNO,VILQUE,Distrital,No,Sí,2,0,2,Sí,1,1,0,No,NA,NA,NA,Sí,3,3,0,0,Sí,1,1,0,No,NA,1
2025,210201,PUNO,AZANGARO,AZANGARO,Provincial,Sí,Sí,26,8,18,Sí,3,2,1,Sí,8,7,1,No,NA,NA,NA,NA,No,NA,NA,NA,Sí,10,1997
2025,210202,PUNO,AZANGARO,ACHAYA,Distrital,Sí,Sí,2,0,2,No,NA,NA,NA,No,NA,NA,NA,No,NA,NA,NA,NA,No,NA,NA,NA,No,NA,66
2025,210203,PUNO,AZANGARO,ARAPA,Distrital,Sí,Sí,2,0,2,No,NA,NA,NA,No,NA,NA,NA,No,NA,NA,NA,NA,No,NA,NA,NA,No,NA,0
2025,210204,PUNO,AZANGARO,ASILLO,Distrital,Sí,Sí,8,1,7,No,NA,NA,NA,Sí,4,4,0,No,NA,NA,NA,NA,No,NA,NA,NA,No,NA,40
2025,210205,PUNO,AZANGARO,CAMINACA,Distrital,Sí,Sí,3,0,3,Sí,1,0,1,No,NA,NA,NA,Sí,2,2,0,0,Sí,1,1,0,No,NA,45
2025,210206,PUNO,AZANGARO,CHUPA,Distrital,Sí,Sí,3,2,1,Sí,1,1,0,No,NA,NA,NA,No,NA,NA,NA,NA,No,NA,NA,NA,No,NA,11
2025,210207,PUNO,AZANGARO,JOSE DOMINGO CHOQUEHUANCA,Distrital,Sí,Sí,4,1,3,Sí,1,0,1,No,NA,NA,NA,No,NA,NA,NA,NA,No,NA,NA,NA,No,NA,55
2025,210208,PUNO,AZANGARO,MUÑANI,Distrital,No,Sí,10,3,7,No,NA,NA,NA,No,NA,NA,NA,No,NA,NA,NA,NA,No,NA,NA,NA,No,NA,46
2025,210209,PUNO,AZANGARO,POTONI,Distrital,Sí,Sí,3,1,2,Sí,1,1,0,No,NA,NA,NA,Sí,3,2,1,0,No,NA,NA,NA,No,NA,23
2025,210210,PUNO,AZANGARO,SAMAN,Distrital,Sí,Sí,3,0,3,No,NA,NA,NA,No,NA,NA,NA,Sí,6,6,0,0,Sí,1,1,0,No,NA,36
2025,210211,PUNO,AZANGARO,SAN ANTON,Distrital,Sí,Sí,4,1,3,No,NA,NA,NA,No,NA,NA,NA,No,NA,NA,NA,NA,No,NA,NA,NA,No,NA,7
2025,210212,PUNO,AZANGARO,SAN JOSE,Distrital,Sí,Sí,5,0,5,No,NA,NA,NA,No,NA,NA,NA,No,NA,NA,NA,NA,No,NA,NA,NA,Sí,8,30
2025,210213,PUNO,AZANGARO,SAN JUAN DE SALINAS,Distrital,Sí,Sí,4,0,4,No,NA,NA,NA,No,NA,NA,NA,No,NA,NA,NA,NA,No,NA,NA,NA,No,NA,0
2025,210214,PUNO,AZANGARO,SANTIAGO DE PUPUJA,Distrital,Sí,Sí,4,0,4,Sí,1,1,0,No,NA,NA,NA,No,NA,NA,NA,NA,No,NA,NA,NA,Sí,6,17
2025,210215,PUNO,AZANGARO,TIRAPATA,Distrital,Sí,Sí,1,0,1,Sí,1,1,0,No,NA,NA,NA,Sí,5,3,2,0,Sí,1,1,0,No,NA,9
2025,210301,PUNO,CARABAYA,MACUSANI,Provincial,Sí,Sí,24,4,20,Sí,2,2,0,No,NA,NA,NA,Sí,12,12,0,0,Sí,1,1,0,Sí,5,462
2025,210302,PUNO,CARABAYA,AJOYANI,Distrital,Sí,Sí,9,0,9,No,NA,NA,NA,Sí,5,4,1,No,NA,NA,NA,NA,No,NA,NA,NA,No,NA,19
2025,210303,PUNO,CARABAYA,AYAPATA,Distrital,Sí,Sí,17,3,14,Sí,1,1,0,Sí,4,0,4,Sí,6,6,0,0,Sí,1,1,0,No,NA,28
2025,210304,PUNO,CARABAYA,COASA,Distrital,Sí,Sí,16,7,9,No,NA,NA,NA,No,NA,NA,NA,Sí,11,11,0,0,Sí,1,1,0,No,NA,29
2025,210305,PUNO,CARABAYA,CORANI,Distrital,Sí,Sí,18,6,12,No,NA,NA,NA,No,NA,NA,NA,Sí,5,5,0,0,No,NA,NA,NA,No,NA,13
2025,210306,PUNO,CARABAYA,CRUCERO,Distrital,Sí,Sí,6,2,4,Sí,1,0,1,No,NA,NA,NA,Sí,6,6,0,0,No,NA,NA,NA,No,NA,10
2025,210307,PUNO,CARABAYA,ITUATA,Distrital,Sí,Sí,21,2,19,No,NA,NA,NA,Sí,2,2,0,Sí,4,2,2,0,No,NA,NA,NA,No,NA,2
2025,210308,PUNO,CARABAYA,OLLACHEA,Distrital,Sí,Sí,9,1,8,Sí,1,1,0,No,NA,NA,NA,Sí,10,6,4,6,Sí,1,0,1,No,NA,41
2025,210309,PUNO,CARABAYA,SAN GABAN,Distrital,Sí,Sí,13,0,13,No,NA,NA,NA,No,NA,NA,NA,No,NA,NA,NA,NA,No,NA,NA,NA,Sí,4,13
2025,210310,PUNO,CARABAYA,USICAYOS,Distrital,Sí,Sí,30,4,26,Sí,1,1,0,No,NA,NA,NA,No,NA,NA,NA,NA,No,NA,NA,NA,No,NA,84
2025,210401,PUNO,CHUCUITO,JULI,Provincial,Sí,Sí,19,5,14,Sí,3,3,0,No,NA,NA,NA,Sí,11,10,1,10,Sí,1,1,0,Sí,20,14
2025,210402,PUNO,CHUCUITO,DESAGUADERO,Distrital,Sí,Sí,15,2,13,Sí,1,1,0,No,NA,NA,NA,Sí,43,13,30,0,Sí,2,1,1,Sí,5,8
2025,210403,PUNO,CHUCUITO,HUACULLANI,Distrital,Sí,Sí,8,1,7,Sí,1,1,0,No,NA,NA,NA,Sí,4,4,0,0,No,NA,NA,NA,Sí,1,1
2025,210404,PUNO,CHUCUITO,KELLUYO,Distrital,Sí,Sí,7,1,6,No,NA,NA,NA,No,NA,NA,NA,No,NA,NA,NA,NA,No,NA,NA,NA,No,NA,5
2025,210405,PUNO,CHUCUITO,PISACOMA,Distrital,Sí,Sí,7,1,6,Sí,1,1,0,No,NA,NA,NA,No,NA,NA,NA,NA,No,NA,NA,NA,No,NA,7
2025,210406,PUNO,CHUCUITO,POMATA,Distrital,Sí,Sí,6,1,5,Sí,1,1,0,No,NA,NA,NA,No,NA,NA,NA,NA,No,NA,NA,NA,No,NA,416
2025,210407,PUNO,CHUCUITO,ZEPITA,Distrital,Sí,Sí,31,0,31,No,NA,NA,NA,No,NA,NA,NA,No,NA,NA,NA,NA,No,NA,NA,NA,No,NA,97
2025,210501,PUNO,EL COLLAO,ILAVE,Provincial,Sí,Sí,40,8,32,Sí,3,3,0,No,NA,NA,NA,Sí,18,18,0,0,Sí,1,1,0,No,NA,565
2025,210502,PUNO,EL COLLAO,CAPAZO,Distrital,Sí,Sí,2,0,2,No,NA,NA,NA,No,NA,NA,NA,No,NA,NA,NA,NA,No,NA,NA,NA,Sí,2,5
2025,210503,PUNO,EL COLLAO,PILCUYO,Distrital,No,Sí,30,7,23,No,NA,NA,NA,No,NA,NA,NA,No,NA,NA,NA,NA,No,NA,NA,NA,No,NA,6
2025,210504,PUNO,EL COLLAO,SANTA ROSA,Distrital,Sí,Sí,6,1,5,No,NA,NA,NA,No,NA,NA,NA,No,NA,NA,NA,NA,No,NA,NA,NA,No,NA,18
2025,210505,PUNO,EL COLLAO,CONDURIRI,Distrital,Sí,Sí,5,2,3,Sí,1,0,1,No,NA,NA,NA,Sí,4,4,0,0,No,NA,NA,NA,No,NA,6
2025,210601,PUNO,HUANCANE,HUANCANE,Provincial,Sí,Sí,18,4,14,Sí,1,1,0,No,NA,NA,NA,Sí,6,6,0,6,Sí,1,1,0,No,NA,48
2025,210602,PUNO,HUANCANE,COJATA,Distrital,Sí,Sí,4,0,4,Sí,1,1,0,No,NA,NA,NA,No,NA,NA,NA,NA,No,NA,NA,NA,No,NA,2
2025,210603,PUNO,HUANCANE,HUATASANI,Distrital,Sí,Sí,3,0,3,No,NA,NA,NA,No,NA,NA,NA,Sí,5,5,0,0,Sí,1,1,0,No,NA,33
2025,210604,PUNO,HUANCANE,INCHUPALLA,Distrital,Sí,Sí,4,0,4,No,NA,NA,NA,No,NA,NA,NA,No,NA,NA,NA,NA,No,NA,NA,NA,No,NA,2
2025,210605,PUNO,HUANCANE,PUSI,Distrital,No,No,NA,NA,NA,No,NA,NA,NA,No,NA,NA,NA,No,NA,NA,NA,NA,No,NA,NA,NA,No,NA,0
2025,210606,PUNO,HUANCANE,ROSASPATA,Distrital,Sí,Sí,2,1,1,No,NA,NA,NA,No,NA,NA,NA,Sí,1,1,0,0,Sí,1,1,0,No,NA,3
2025,210607,PUNO,HUANCANE,TARACO,Distrital,Sí,Sí,8,0,8,Sí,1,1,0,No,NA,NA,NA,No,NA,NA,NA,NA,No,NA,NA,NA,No,NA,24
2025,210608,PUNO,HUANCANE,VILQUE CHICO,Distrital,Sí,Sí,2,0,2,Sí,1,1,0,No,NA,NA,NA,No,NA,NA,NA,NA,No,NA,NA,NA,No,NA,15
2025,210701,PUNO,LAMPA,LAMPA,Provincial,Sí,Sí,12,1,11,Sí,1,1,0,No,NA,NA,NA,No,NA,NA,NA,NA,No,NA,NA,NA,Sí,4,21
2025,210702,PUNO,LAMPA,CABANILLA,Distrital,Sí,Sí,4,0,4,Sí,1,1,0,No,NA,NA,NA,No,NA,NA,NA,NA,No,NA,NA,NA,No,NA,9
2025,210703,PUNO,LAMPA,CALAPUJA,Distrital,Sí,Sí,2,0,2,Sí,1,1,0,No,NA,NA,NA,No,NA,NA,NA,NA,No,NA,NA,NA,No,NA,6
2025,210704,PUNO,LAMPA,NICASIO,Distrital,Sí,Sí,2,0,2,No,NA,NA,NA,No,NA,NA,NA,No,NA,NA,NA,NA,No,NA,NA,NA,No,NA,2
2025,210705,PUNO,LAMPA,OCUVIRI,Distrital,Sí,Sí,3,0,3,No,NA,NA,NA,No,NA,NA,NA,No,NA,NA,NA,NA,No,NA,NA,NA,No,NA,9
2025,210706,PUNO,LAMPA,PALCA,Distrital,Sí,Sí,2,0,2,No,NA,NA,NA,No,NA,NA,NA,No,NA,NA,NA,NA,No,NA,NA,NA,No,NA,0
2025,210707,PUNO,LAMPA,PARATIA,Distrital,Sí,Sí,4,0,4,No,NA,NA,NA,No,NA,NA,NA,No,NA,NA,NA,NA,No,NA,NA,NA,No,NA,34
2025,210708,PUNO,LAMPA,PUCARA,Distrital,Sí,Sí,8,2,6,No,NA,NA,NA,No,NA,NA,NA,Sí,4,3,1,0,Sí,1,1,0,No,NA,46
2025,210709,PUNO,LAMPA,SANTA LUCIA,Distrital,Sí,Sí,6,0,6,Sí,1,1,0,No,NA,NA,NA,No,NA,NA,NA,NA,No,NA,NA,NA,No,NA,132
2025,210710,PUNO,LAMPA,VILAVILA,Distrital,Sí,Sí,2,0,2,Sí,2,1,1,No,NA,NA,NA,No,NA,NA,NA,NA,No,NA,NA,NA,Sí,2,8
2025,210801,PUNO,MELGAR,AYAVIRI,Provincial,Sí,Sí,18,3,15,Sí,2,2,0,Sí,15,10,5,Sí,22,11,11,11,Sí,1,1,0,Sí,10,109
2025,210802,PUNO,MELGAR,ANTAUTA,Distrital,Sí,Sí,10,4,6,Sí,12,2,10,No,NA,NA,NA,Sí,23,8,15,0,Sí,1,1,0,No,NA,102
2025,210803,PUNO,MELGAR,CUPI,Distrital,Sí,Sí,2,0,2,Sí,1,1,0,No,NA,NA,NA,No,NA,NA,NA,NA,No,NA,NA,NA,No,NA,8
2025,210804,PUNO,MELGAR,LLALLI,Distrital,No,No,NA,NA,NA,Sí,1,1,0,Sí,1,1,0,Sí,1,1,0,0,No,NA,NA,NA,No,NA,0
2025,210805,PUNO,MELGAR,MACARI,Distrital,Sí,Sí,5,1,4,Sí,2,2,0,No,NA,NA,NA,Sí,7,7,0,0,Sí,1,1,0,No,NA,45
2025,210806,PUNO,MELGAR,NUÑOA,Distrital,Sí,Sí,11,2,9,Sí,1,1,0,No,NA,NA,NA,No,NA,NA,NA,NA,No,NA,NA,NA,No,NA,184
2025,210807,PUNO,MELGAR,ORURILLO,Distrital,Sí,Sí,2,0,2,Sí,1,1,0,No,NA,NA,NA,No,NA,NA,NA,NA,No,NA,NA,NA,No,NA,9
2025,210808,PUNO,MELGAR,SANTA ROSA,Distrital,Sí,Sí,8,0,8,No,NA,NA,NA,No,NA,NA,NA,No,NA,NA,NA,NA,No,NA,NA,NA,No,NA,119
2025,210809,PUNO,MELGAR,UMACHIRI,Distrital,Sí,Sí,4,3,1,Sí,1,1,0,No,NA,NA,NA,No,NA,NA,NA,NA,No,NA,NA,NA,No,NA,42
2025,210901,PUNO,MOHO,MOHO,Provincial,Sí,Sí,11,1,10,No,NA,NA,NA,No,NA,NA,NA,No,NA,NA,NA,NA,No,NA,NA,NA,No,NA,20
2025,210902,PUNO,MOHO,CONIMA,Distrital,Sí,Sí,1,0,1,No,NA,NA,NA,No,NA,NA,NA,No,NA,NA,NA,NA,No,NA,NA,NA,No,NA,0
2025,210903,PUNO,MOHO,HUAYRAPATA,Distrital,Sí,Sí,3,0,3,No,NA,NA,NA,No,NA,NA,NA,No,NA,NA,NA,NA,No,NA,NA,NA,No,NA,1
2025,210904,PUNO,MOHO,TILALI,Distrital,Sí,Sí,2,0,2,No,NA,NA,NA,No,NA,NA,NA,No,NA,NA,NA,NA,No,NA,NA,NA,No,NA,5
2025,211001,PUNO,SAN ANTONIO DE PUTINA,PUTINA,Provincial,Sí,Sí,22,8,14,Sí,2,1,1,No,NA,NA,NA,No,NA,NA,NA,NA,No,NA,NA,NA,No,NA,231
2025,211002,PUNO,SAN ANTONIO DE PUTINA,ANANEA,Distrital,Sí,Sí,37,7,30,Sí,1,1,0,No,NA,NA,NA,Sí,17,17,0,0,Sí,1,1,0,No,NA,130
2025,211003,PUNO,SAN ANTONIO DE PUTINA,PEDRO VILCA APAZA,Distrital,Sí,Sí,4,0,4,No,NA,NA,NA,No,NA,NA,NA,No,NA,NA,NA,NA,No,NA,NA,NA,No,NA,3
2025,211004,PUNO,SAN ANTONIO DE PUTINA,QUILCAPUNCU,Distrital,Sí,Sí,7,1,6,Sí,1,1,0,Sí,1,1,0,Sí,6,6,0,6,Sí,1,1,0,No,NA,18
2025,211005,PUNO,SAN ANTONIO DE PUTINA,SINA,Distrital,Sí,Sí,1,0,1,No,NA,NA,NA,No,NA,NA,NA,Sí,6,6,0,6,No,NA,NA,NA,No,NA,3
2025,211101,PUNO,SAN ROMAN,JULIACA,Provincial,Sí,Sí,283,46,237,Sí,22,22,0,Sí,10,9,1,Sí,40,32,8,32,Sí,1,1,0,Sí,77,2518
2025,211102,PUNO,SAN ROMAN,CABANA,Distrital,Sí,Sí,2,0,2,Sí,1,1,0,No,NA,NA,NA,No,NA,NA,NA,NA,No,NA,NA,NA,No,NA,2
2025,211103,PUNO,SAN ROMAN,CABANILLAS,Distrital,Sí,Sí,4,0,4,Sí,1,0,1,No,NA,NA,NA,Sí,6,4,2,4,No,NA,NA,NA,No,NA,55
2025,211104,PUNO,SAN ROMAN,CARACOTO,Distrital,Sí,Sí,4,0,4,Sí,2,2,0,No,NA,NA,NA,No,NA,NA,NA,NA,No,NA,NA,NA,Sí,2,57
2025,211105,PUNO,SAN ROMAN,SAN MIGUEL,Distrital,Sí,Sí,56,7,49,Sí,5,5,0,Sí,15,15,0,Sí,8,8,0,0,Sí,1,1,0,Sí,4,330
2025,211201,PUNO,SANDIA,SANDIA,Provincial,Sí,Sí,11,5,6,Sí,1,1,0,No,NA,NA,NA,Sí,6,6,0,0,Sí,1,1,0,No,NA,108
2025,211202,PUNO,SANDIA,CUYOCUYO,Distrital,Sí,Sí,1,0,1,No,NA,NA,NA,No,NA,NA,NA,No,NA,NA,NA,NA,No,NA,NA,NA,No,NA,10
2025,211203,PUNO,SANDIA,LIMBANI,Distrital,Sí,Sí,3,2,1,No,NA,NA,NA,No,NA,NA,NA,No,NA,NA,NA,NA,No,NA,NA,NA,No,NA,12
2025,211204,PUNO,SANDIA,PATAMBUCO,Distrital,Sí,Sí,2,1,1,No,NA,NA,NA,No,NA,NA,NA,Sí,7,0,7,0,No,NA,NA,NA,No,NA,16
2025,211205,PUNO,SANDIA,PHARA,Distrital,Sí,Sí,1,0,1,Sí,1,1,0,No,NA,NA,NA,Sí,4,3,1,0,Sí,1,1,0,No,NA,4
2025,211206,PUNO,SANDIA,QUIACA,Distrital,Sí,Sí,2,0,2,No,NA,NA,NA,No,NA,NA,NA,No,NA,NA,NA,NA,No,NA,NA,NA,No,NA,0
2025,211207,PUNO,SANDIA,SAN JUAN DEL ORO,Distrital,Sí,Sí,3,1,2,No,NA,NA,NA,No,NA,NA,NA,No,NA,NA,NA,NA,No,NA,NA,NA,No,NA,3
2025,211208,PUNO,SANDIA,YANAHUAYA,Distrital,Sí,Sí,1,0,1,No,NA,NA,NA,No,NA,NA,NA,Sí,6,6,0,0,No,NA,NA,NA,No,NA,17
2025,211209,PUNO,SANDIA,ALTO INAMBARI,Distrital,Sí,Sí,3,1,2,No,NA,NA,NA,No,NA,NA,NA,Sí,7,5,2,0,Sí,1,1,0,No,NA,56
2025,211210,PUNO,SANDIA,SAN PEDRO DE PUTINA PUNCO,Distrital,Sí,Sí,10,1,9,Sí,1,1,0,Sí,2,0,2,No,NA,NA,NA,NA,No,NA,NA,NA,No,NA,21
2025,211301,PUNO,YUNGUYO,YUNGUYO,Provincial,Sí,Sí,30,0,30,Sí,1,1,0,Sí,8,7,1,No,NA,NA,NA,NA,No,NA,NA,NA,No,NA,342
2025,211302,PUNO,YUNGUYO,ANAPIA,Distrital,Sí,Sí,8,2,6,No,NA,NA,NA,Sí,2,2,0,No,NA,NA,NA,NA,No,NA,NA,NA,No,NA,10
2025,211303,PUNO,YUNGUYO,COPANI,Distrital,Sí,Sí,2,0,2,No,NA,NA,NA,No,NA,NA,NA,No,NA,NA,NA,NA,No,NA,NA,NA,No,NA,3
2025,211304,PUNO,YUNGUYO,CUTURAPI,Distrital,Sí,Sí,3,0,3,Sí,1,1,0,No,NA,NA,NA,No,NA,NA,NA,NA,No,NA,NA,NA,No,NA,0
2025,211305,PUNO,YUNGUYO,OLLARAYA,Distrital,Sí,Sí,3,0,3,Sí,5,2,3,No,NA,NA,NA,Sí,1,1,0,0,Sí,1,1,0,No,NA,7
2025,211306,PUNO,YUNGUYO,TINICACHI,Distrital,Sí,Sí,2,1,1,No,NA,NA,NA,No,NA,NA,NA,No,NA,NA,NA,NA,No,NA,NA,NA,No,NA,0
2025,211307,PUNO,YUNGUYO,UNICACHI,Distrital,Sí,Sí,2,0,2,No,NA,NA,NA,No,NA,NA,NA,Sí,2,2,0,0,No,NA,NA,NA,No,NA,0
2025,220101,SAN MARTIN,MOYOBAMBA,MOYOBAMBA,Provincial,Sí,Sí,47,8,39,Sí,3,3,0,No,NA,NA,NA,Sí,10,8,2,0,Sí,2,1,1,No,NA,112
2025,220102,SAN MARTIN,MOYOBAMBA,CALZADA,Distrital,No,No,NA,NA,NA,No,NA,NA,NA,No,NA,NA,NA,No,NA,NA,NA,NA,No,NA,NA,NA,No,NA,0
2025,220103,SAN MARTIN,MOYOBAMBA,HABANA,Distrital,No,No,NA,NA,NA,No,NA,NA,NA,No,NA,NA,NA,No,NA,NA,NA,NA,No,NA,NA,NA,No,NA,0
2025,220104,SAN MARTIN,MOYOBAMBA,JEPELACIO,Distrital,No,No,NA,NA,NA,No,NA,NA,NA,No,NA,NA,NA,No,NA,NA,NA,NA,No,NA,NA,NA,No,NA,0
2025,220105,SAN MARTIN,MOYOBAMBA,SORITOR,Distrital,Sí,Sí,21,4,17,Sí,1,1,0,No,NA,NA,NA,No,NA,NA,NA,NA,No,NA,NA,NA,Sí,11,170
2025,220106,SAN MARTIN,MOYOBAMBA,YANTALO,Distrital,No,No,NA,NA,NA,No,NA,NA,NA,No,NA,NA,NA,No,NA,NA,NA,NA,No,NA,NA,NA,No,NA,0
2025,220201,SAN MARTIN,BELLAVISTA,BELLAVISTA,Provincial,No,No,NA,NA,NA,No,NA,NA,NA,No,NA,NA,NA,No,NA,NA,NA,NA,No,NA,NA,NA,No,NA,0
2025,220202,SAN MARTIN,BELLAVISTA,ALTO BIAVO,Distrital,Sí,Sí,25,15,10,No,NA,NA,NA,No,NA,NA,NA,No,NA,NA,NA,NA,No,NA,NA,NA,No,NA,40
2025,220203,SAN MARTIN,BELLAVISTA,BAJO BIAVO,Distrital,No,No,NA,NA,NA,No,NA,NA,NA,No,NA,NA,NA,No,NA,NA,NA,NA,No,NA,NA,NA,No,NA,0
2025,220204,SAN MARTIN,BELLAVISTA,HUALLAGA,Distrital,No,No,NA,NA,NA,Sí,1,1,0,No,NA,NA,NA,No,NA,NA,NA,NA,No,NA,NA,NA,No,NA,0
2025,220205,SAN MARTIN,BELLAVISTA,SAN PABLO,Distrital,No,No,NA,NA,NA,No,NA,NA,NA,No,NA,NA,NA,No,NA,NA,NA,NA,No,NA,NA,NA,No,NA,0
2025,220206,SAN MARTIN,BELLAVISTA,SAN RAFAEL,Distrital,No,No,NA,NA,NA,No,NA,NA,NA,No,NA,NA,NA,No,NA,NA,NA,NA,No,NA,NA,NA,No,NA,0
2025,220301,SAN MARTIN,EL DORADO,SAN JOSE DE SISA,Provincial,Sí,Sí,9,0,9,Sí,1,1,0,Sí,4,4,0,No,NA,NA,NA,NA,No,NA,NA,NA,No,NA,4
2025,220302,SAN MARTIN,EL DORADO,AGUA BLANCA,Distrital,No,No,NA,NA,NA,No,NA,NA,NA,No,NA,NA,NA,No,NA,NA,NA,NA,No,NA,NA,NA,No,NA,0
2025,220303,SAN MARTIN,EL DORADO,SAN MARTIN,Distrital,No,No,NA,NA,NA,No,NA,NA,NA,No,NA,NA,NA,No,NA,NA,NA,NA,No,NA,NA,NA,No,NA,0
2025,220304,SAN MARTIN,EL DORADO,SANTA ROSA,Distrital,Sí,Sí,8,3,5,No,NA,NA,NA,No,NA,NA,NA,No,NA,NA,NA,NA,No,NA,NA,NA,No,NA,0
2025,220305,SAN MARTIN,EL DORADO,SHATOJA,Distrital,Sí,Sí,2,1,1,Sí,1,1,0,No,NA,NA,NA,No,NA,NA,NA,NA,No,NA,NA,NA,No,NA,14
2025,220401,SAN MARTIN,HUALLAGA,SAPOSOA,Provincial,Sí,Sí,6,0,6,Sí,2,1,1,Sí,10,5,5,No,NA,NA,NA,NA,No,NA,NA,NA,Sí,2,192
2025,220402,SAN MARTIN,HUALLAGA,ALTO SAPOSOA,Distrital,No,No,NA,NA,NA,No,NA,NA,NA,No,NA,NA,NA,No,NA,NA,NA,NA,No,NA,NA,NA,No,NA,0
2025,220403,SAN MARTIN,HUALLAGA,EL ESLABON,Distrital,No,No,NA,NA,NA,No,NA,NA,NA,No,NA,NA,NA,No,NA,NA,NA,NA,No,NA,NA,NA,No,NA,0
2025,220404,SAN MARTIN,HUALLAGA,PISCOYACU,Distrital,No,No,NA,NA,NA,No,NA,NA,NA,No,NA,NA,NA,No,NA,NA,NA,NA,No,NA,NA,NA,No,NA,0
2025,220405,SAN MARTIN,HUALLAGA,SACANCHE,Distrital,No,No,NA,NA,NA,No,NA,NA,NA,No,NA,NA,NA,No,NA,NA,NA,NA,No,NA,NA,NA,No,NA,0
2025,220406,SAN MARTIN,HUALLAGA,TINGO DE SAPOSOA,Distrital,No,No,NA,NA,NA,No,NA,NA,NA,Sí,2,2,0,Sí,2,2,0,0,No,NA,NA,NA,No,NA,0
2025,220501,SAN MARTIN,LAMAS,LAMAS,Provincial,No,No,NA,NA,NA,No,NA,NA,NA,No,NA,NA,NA,Sí,25,21,4,0,No,NA,NA,NA,No,NA,0
2025,220502,SAN MARTIN,LAMAS,ALONSO DE ALVARADO,Distrital,No,No,NA,NA,NA,Sí,4,3,1,No,NA,NA,NA,No,NA,NA,NA,NA,No,NA,NA,NA,No,NA,2
2025,220503,SAN MARTIN,LAMAS,BARRANQUITA,Distrital,Sí,Sí,3,0,3,No,NA,NA,NA,No,NA,NA,NA,No,NA,NA,NA,NA,No,NA,NA,NA,No,NA,42
2025,220504,SAN MARTIN,LAMAS,CAYNARACHI,Distrital,No,No,NA,NA,NA,No,NA,NA,NA,No,NA,NA,NA,No,NA,NA,NA,NA,No,NA,NA,NA,No,NA,0
2025,220505,SAN MARTIN,LAMAS,CUÑUMBUQUI,Distrital,No,No,NA,NA,NA,No,NA,NA,NA,No,NA,NA,NA,No,NA,NA,NA,NA,No,NA,NA,NA,No,NA,0
2025,220506,SAN MARTIN,LAMAS,PINTO RECODO,Distrital,No,No,NA,NA,NA,No,NA,NA,NA,No,NA,NA,NA,No,NA,NA,NA,NA,No,NA,NA,NA,No,NA,0
2025,220507,SAN MARTIN,LAMAS,RUMISAPA,Distrital,No,No,NA,NA,NA,No,NA,NA,NA,No,NA,NA,NA,No,NA,NA,NA,NA,No,NA,NA,NA,No,NA,7
2025,220508,SAN MARTIN,LAMAS,SAN ROQUE DE CUMBAZA,Distrital,No,No,NA,NA,NA,No,NA,NA,NA,No,NA,NA,NA,No,NA,NA,NA,NA,No,NA,NA,NA,No,NA,0
2025,220509,SAN MARTIN,LAMAS,SHANAO,Distrital,No,No,NA,NA,NA,No,NA,NA,NA,No,NA,NA,NA,No,NA,NA,NA,NA,No,NA,NA,NA,No,NA,0
2025,220510,SAN MARTIN,LAMAS,TABALOSOS,Distrital,Sí,Sí,6,0,6,Sí,1,1,0,No,NA,NA,NA,No,NA,NA,NA,NA,No,NA,NA,NA,No,NA,5
2025,220511,SAN MARTIN,LAMAS,ZAPATERO,Distrital,No,No,NA,NA,NA,No,NA,NA,NA,No,NA,NA,NA,No,NA,NA,NA,NA,No,NA,NA,NA,No,NA,0
2025,220601,SAN MARTIN,MARISCAL CACERES,JUANJUI,Provincial,Sí,Sí,20,1,19,Sí,2,2,0,No,NA,NA,NA,No,NA,NA,NA,NA,No,NA,NA,NA,No,NA,40
2025,220602,SAN MARTIN,MARISCAL CACERES,CAMPANILLA,Distrital,No,No,NA,NA,NA,No,NA,NA,NA,No,NA,NA,NA,No,NA,NA,NA,NA,No,NA,NA,NA,No,NA,0
2025,220603,SAN MARTIN,MARISCAL CACERES,HUICUNGO,Distrital,No,No,NA,NA,NA,No,NA,NA,NA,Sí,10,10,0,Sí,8,8,0,0,Sí,1,1,0,No,NA,0
2025,220604,SAN MARTIN,MARISCAL CACERES,PACHIZA,Distrital,No,No,NA,NA,NA,No,NA,NA,NA,No,NA,NA,NA,No,NA,NA,NA,NA,No,NA,NA,NA,No,NA,0
2025,220605,SAN MARTIN,MARISCAL CACERES,PAJARILLO,Distrital,No,No,NA,NA,NA,No,NA,NA,NA,No,NA,NA,NA,No,NA,NA,NA,NA,No,NA,NA,NA,No,NA,0
2025,220701,SAN MARTIN,PICOTA,PICOTA,Provincial,Sí,Sí,12,0,12,Sí,1,1,0,No,NA,NA,NA,No,NA,NA,NA,NA,No,NA,NA,NA,No,NA,66
2025,220702,SAN MARTIN,PICOTA,BUENOS AIRES,Distrital,No,No,NA,NA,NA,No,NA,NA,NA,No,NA,NA,NA,No,NA,NA,NA,NA,No,NA,NA,NA,No,NA,0
2025,220703,SAN MARTIN,PICOTA,CASPISAPA,Distrital,No,No,NA,NA,NA,No,NA,NA,NA,No,NA,NA,NA,No,NA,NA,NA,NA,No,NA,NA,NA,No,NA,0
2025,220704,SAN MARTIN,PICOTA,PILLUANA,Distrital,No,No,NA,NA,NA,No,NA,NA,NA,No,NA,NA,NA,No,NA,NA,NA,NA,No,NA,NA,NA,No,NA,9
2025,220705,SAN MARTIN,PICOTA,PUCACACA,Distrital,No,No,NA,NA,NA,No,NA,NA,NA,No,NA,NA,NA,No,NA,NA,NA,NA,No,NA,NA,NA,No,NA,5
2025,220706,SAN MARTIN,PICOTA,SAN CRISTOBAL,Distrital,No,No,NA,NA,NA,No,NA,NA,NA,No,NA,NA,NA,No,NA,NA,NA,NA,No,NA,NA,NA,No,NA,0
2025,220707,SAN MARTIN,PICOTA,SAN HILARION,Distrital,No,No,NA,NA,NA,No,NA,NA,NA,No,NA,NA,NA,No,NA,NA,NA,NA,No,NA,NA,NA,No,NA,0
2025,220708,SAN MARTIN,PICOTA,SHAMBOYACU,Distrital,Sí,Sí,8,0,8,No,NA,NA,NA,Sí,4,4,0,No,NA,NA,NA,NA,No,NA,NA,NA,No,NA,54
2025,220709,SAN MARTIN,PICOTA,TINGO DE PONASA,Distrital,No,No,NA,NA,NA,No,NA,NA,NA,No,NA,NA,NA,No,NA,NA,NA,NA,No,NA,NA,NA,No,NA,0
2025,220710,SAN MARTIN,PICOTA,TRES UNIDOS,Distrital,No,No,NA,NA,NA,No,NA,NA,NA,No,NA,NA,NA,No,NA,NA,NA,NA,No,NA,NA,NA,No,NA,11
2025,220801,SAN MARTIN,RIOJA,RIOJA,Provincial,Sí,Sí,40,7,33,Sí,3,3,0,Sí,10,10,0,Sí,38,28,10,0,Sí,1,1,0,No,NA,1190
2025,220802,SAN MARTIN,RIOJA,AWAJUN,Distrital,Sí,Sí,10,1,9,Sí,1,1,0,No,NA,NA,NA,No,NA,NA,NA,NA,No,NA,NA,NA,No,NA,78
2025,220803,SAN MARTIN,RIOJA,ELIAS SOPLIN VARGAS,Distrital,Sí,Sí,12,0,12,Sí,1,1,0,Sí,6,6,0,No,NA,NA,NA,NA,No,NA,NA,NA,Sí,13,137
2025,220804,SAN MARTIN,RIOJA,NUEVA CAJAMARCA,Distrital,Sí,Sí,36,0,36,Sí,1,1,0,Sí,14,5,9,Sí,28,26,2,0,Sí,1,1,0,Sí,12,2648
2025,220805,SAN MARTIN,RIOJA,PARDO MIGUEL,Distrital,Sí,Sí,15,1,14,Sí,2,2,0,Sí,3,3,0,Sí,8,8,0,0,No,NA,NA,NA,Sí,10,17
2025,220806,SAN MARTIN,RIOJA,POSIC,Distrital,No,No,NA,NA,NA,Sí,1,1,0,No,NA,NA,NA,No,NA,NA,NA,NA,No,NA,NA,NA,No,NA,0
2025,220807,SAN MARTIN,RIOJA,SAN FERNANDO,Distrital,No,No,NA,NA,NA,No,NA,NA,NA,No,NA,NA,NA,No,NA,NA,NA,NA,No,NA,NA,NA,No,NA,0
2025,220808,SAN MARTIN,RIOJA,YORONGOS,Distrital,No,No,NA,NA,NA,No,NA,NA,NA,No,NA,NA,NA,No,NA,NA,NA,NA,No,NA,NA,NA,No,NA,0
2025,220809,SAN MARTIN,RIOJA,YURACYACU,Distrital,Sí,Sí,7,0,7,Sí,1,1,0,Sí,3,0,3,No,NA,NA,NA,NA,No,NA,NA,NA,No,NA,20
2025,220901,SAN MARTIN,SAN MARTIN,TARAPOTO,Provincial,Sí,Sí,84,1,83,Sí,12,12,0,Sí,60,30,30,Sí,208,183,25,0,Sí,2,1,1,Sí,84,153
2025,220902,SAN MARTIN,SAN MARTIN,ALBERTO LEVEAU,Distrital,No,No,NA,NA,NA,No,NA,NA,NA,No,NA,NA,NA,No,NA,NA,NA,NA,No,NA,NA,NA,No,NA,0
2025,220903,SAN MARTIN,SAN MARTIN,CACATACHI,Distrital,No,No,NA,NA,NA,No,NA,NA,NA,No,NA,NA,NA,No,NA,NA,NA,NA,No,NA,NA,NA,No,NA,5
2025,220904,SAN MARTIN,SAN MARTIN,CHAZUTA,Distrital,No,No,NA,NA,NA,No,NA,NA,NA,No,NA,NA,NA,No,NA,NA,NA,NA,No,NA,NA,NA,No,NA,0
2025,220905,SAN MARTIN,SAN MARTIN,CHIPURANA,Distrital,No,No,NA,NA,NA,No,NA,NA,NA,No,NA,NA,NA,No,NA,NA,NA,NA,No,NA,NA,NA,No,NA,12
2025,220906,SAN MARTIN,SAN MARTIN,EL PORVENIR,Distrital,No,No,NA,NA,NA,No,NA,NA,NA,No,NA,NA,NA,No,NA,NA,NA,NA,No,NA,NA,NA,No,NA,4
2025,220907,SAN MARTIN,SAN MARTIN,HUIMBAYOC,Distrital,Sí,Sí,4,0,4,No,NA,NA,NA,No,NA,NA,NA,No,NA,NA,NA,NA,No,NA,NA,NA,Sí,4,8
2025,220908,SAN MARTIN,SAN MARTIN,JUAN GUERRA,Distrital,No,No,NA,NA,NA,No,NA,NA,NA,No,NA,NA,NA,No,NA,NA,NA,NA,No,NA,NA,NA,No,NA,0
2025,220909,SAN MARTIN,SAN MARTIN,LA BANDA DE SHILCAYO,Distrital,Sí,Sí,24,1,23,Sí,4,4,0,No,NA,NA,NA,Sí,5,5,0,5,Sí,1,1,0,No,NA,166
2025,220910,SAN MARTIN,SAN MARTIN,MORALES,Distrital,Sí,Sí,32,7,25,No,NA,NA,NA,Sí,14,14,0,Sí,41,39,2,39,Sí,2,1,1,No,NA,477
2025,220911,SAN MARTIN,SAN MARTIN,PAPAPLAYA,Distrital,No,No,NA,NA,NA,No,NA,NA,NA,No,NA,NA,NA,No,NA,NA,NA,NA,No,NA,NA,NA,No,NA,1
2025,220912,SAN MARTIN,SAN MARTIN,SAN ANTONIO,Distrital,No,No,NA,NA,NA,No,NA,NA,NA,No,NA,NA,NA,No,NA,NA,NA,NA,No,NA,NA,NA,No,NA,2
2025,220913,SAN MARTIN,SAN MARTIN,SAUCE,Distrital,No,No,NA,NA,NA,No,NA,NA,NA,No,NA,NA,NA,No,NA,NA,NA,NA,No,NA,NA,NA,No,NA,0
2025,220914,SAN MARTIN,SAN MARTIN,SHAPAJA,Distrital,No,No,NA,NA,NA,No,NA,NA,NA,No,NA,NA,NA,No,NA,NA,NA,NA,No,NA,NA,NA,No,NA,0
2025,221001,SAN MARTIN,TOCACHE,TOCACHE,Provincial,Sí,Sí,29,2,27,Sí,2,2,0,Sí,12,12,0,No,NA,NA,NA,NA,No,NA,NA,NA,Sí,35,440
2025,221002,SAN MARTIN,TOCACHE,NUEVO PROGRESO,Distrital,Sí,Sí,10,3,7,Sí,1,1,0,No,NA,NA,NA,No,NA,NA,NA,NA,No,NA,NA,NA,No,NA,25
2025,221003,SAN MARTIN,TOCACHE,POLVORA,Distrital,No,No,NA,NA,NA,No,NA,NA,NA,No,NA,NA,NA,No,NA,NA,NA,NA,No,NA,NA,NA,No,NA,0
2025,221004,SAN MARTIN,TOCACHE,SHUNTE,Distrital,No,No,NA,NA,NA,No,NA,NA,NA,No,NA,NA,NA,No,NA,NA,NA,NA,No,NA,NA,NA,No,NA,10
2025,221005,SAN MARTIN,TOCACHE,UCHIZA,Distrital,Sí,Sí,6,2,4,Sí,1,1,0,No,NA,NA,NA,No,NA,NA,NA,NA,No,NA,NA,NA,No,NA,68
2025,221006,SAN MARTIN,TOCACHE,SANTA LUCIA,Distrital,Sí,Sí,2,0,2,No,NA,NA,NA,No,NA,NA,NA,No,NA,NA,NA,NA,No,NA,NA,NA,No,NA,26
2025,230101,TACNA,TACNA,TACNA,Provincial,Sí,Sí,625,270,355,Sí,15,15,0,Sí,34,30,4,Sí,95,81,14,0,Sí,1,1,0,Sí,20,9406
2025,230102,TACNA,TACNA,ALTO DE LA ALIANZA,Distrital,Sí,Sí,60,20,40,Sí,4,3,1,Sí,26,20,6,Sí,70,60,10,30,Sí,1,1,0,Sí,30,5120
2025,230103,TACNA,TACNA,CALANA,Distrital,Sí,Sí,11,0,11,Sí,2,1,1,Sí,5,5,0,Sí,8,8,0,0,Sí,1,1,0,Sí,2,39
2025,230104,TACNA,TACNA,CIUDAD NUEVA,Distrital,Sí,Sí,53,21,32,Sí,5,5,0,Sí,10,10,0,Sí,117,117,0,117,Sí,1,1,0,Sí,50,102
2025,230105,TACNA,TACNA,INCLAN,Distrital,Sí,Sí,8,1,7,Sí,3,3,0,No,NA,NA,NA,No,NA,NA,NA,NA,No,NA,NA,NA,No,NA,15
2025,230106,TACNA,TACNA,PACHIA,Distrital,Sí,Sí,8,0,8,Sí,1,1,0,No,NA,NA,NA,Sí,6,6,0,0,Sí,1,1,0,No,NA,0
2025,230107,TACNA,TACNA,PALCA,Distrital,Sí,Sí,9,4,5,Sí,1,1,0,No,NA,NA,NA,No,NA,NA,NA,NA,No,NA,NA,NA,No,NA,16
2025,230108,TACNA,TACNA,POCOLLAY,Distrital,Sí,Sí,34,5,29,Sí,7,4,3,Sí,10,10,0,Sí,32,7,25,0,Sí,1,1,0,Sí,10,61
2025,230109,TACNA,TACNA,SAMA,Distrital,Sí,Sí,25,5,20,Sí,3,2,1,Sí,10,10,0,Sí,12,12,0,0,Sí,1,1,0,No,NA,64
2025,230110,TACNA,TACNA,CORONEL GREGORIO ALBARRACIN LANCHIPA,Distrital,Sí,Sí,410,164,246,Sí,7,7,0,Sí,75,75,0,Sí,39,34,5,0,Sí,1,1,0,Sí,10,2522
2025,230111,TACNA,TACNA,LA YARADA LOS PALOS,Distrital,Sí,Sí,32,1,31,Sí,4,4,0,Sí,7,7,0,No,NA,NA,NA,NA,No,NA,NA,NA,No,NA,101
2025,230201,TACNA,CANDARAVE,CANDARAVE,Provincial,Sí,Sí,12,0,12,Sí,1,1,0,No,NA,NA,NA,Sí,6,6,0,0,Sí,1,1,0,No,NA,2
2025,230202,TACNA,CANDARAVE,CAIRANI,Distrital,Sí,Sí,4,2,2,Sí,1,1,0,No,NA,NA,NA,No,NA,NA,NA,NA,No,NA,NA,NA,Sí,6,5
2025,230203,TACNA,CANDARAVE,CAMILACA,Distrital,Sí,Sí,5,0,5,No,NA,NA,NA,No,NA,NA,NA,No,NA,NA,NA,NA,No,NA,NA,NA,No,NA,0
2025,230204,TACNA,CANDARAVE,CURIBAYA,Distrital,Sí,Sí,1,0,1,Sí,1,1,0,No,NA,NA,NA,No,NA,NA,NA,NA,No,NA,NA,NA,Sí,1,2
2025,230205,TACNA,CANDARAVE,HUANUARA,Distrital,No,No,NA,NA,NA,No,NA,NA,NA,No,NA,NA,NA,No,NA,NA,NA,NA,No,NA,NA,NA,No,NA,0
2025,230206,TACNA,CANDARAVE,QUILAHUANI,Distrital,No,No,NA,NA,NA,No,NA,NA,NA,No,NA,NA,NA,No,NA,NA,NA,NA,No,NA,NA,NA,No,NA,0
2025,230301,TACNA,JORGE BASADRE,LOCUMBA,Provincial,Sí,Sí,37,10,27,Sí,2,2,0,No,NA,NA,NA,No,NA,NA,NA,NA,No,NA,NA,NA,No,NA,8
2025,230302,TACNA,JORGE BASADRE,ILABAYA,Distrital,Sí,Sí,16,9,7,Sí,2,2,0,Sí,21,21,0,Sí,8,8,0,0,Sí,1,1,0,No,NA,30
2025,230303,TACNA,JORGE BASADRE,ITE,Distrital,Sí,Sí,15,0,15,Sí,2,2,0,Sí,10,10,0,Sí,19,11,8,0,Sí,1,1,0,Sí,13,31
2025,230401,TACNA,TARATA,TARATA,Provincial,Sí,Sí,4,1,3,Sí,1,1,0,No,NA,NA,NA,Sí,12,7,5,0,No,NA,NA,NA,No,NA,38
2025,230402,TACNA,TARATA,HEROES ALBARRACIN,Distrital,No,No,NA,NA,NA,No,NA,NA,NA,No,NA,NA,NA,No,NA,NA,NA,NA,No,NA,NA,NA,No,NA,0
2025,230403,TACNA,TARATA,ESTIQUE,Distrital,Sí,Sí,2,1,1,Sí,1,1,0,No,NA,NA,NA,Sí,4,4,0,0,No,NA,NA,NA,No,NA,3
2025,230404,TACNA,TARATA,ESTIQUE-PAMPA,Distrital,Sí,Sí,1,0,1,No,NA,NA,NA,No,NA,NA,NA,No,NA,NA,NA,NA,No,NA,NA,NA,No,NA,4
2025,230405,TACNA,TARATA,SITAJARA,Distrital,Sí,Sí,1,0,1,Sí,1,1,0,No,NA,NA,NA,No,NA,NA,NA,NA,No,NA,NA,NA,Sí,1,2
2025,230406,TACNA,TARATA,SUSAPAYA,Distrital,No,No,NA,NA,NA,No,NA,NA,NA,No,NA,NA,NA,No,NA,NA,NA,NA,No,NA,NA,NA,No,NA,0
2025,230407,TACNA,TARATA,TARUCACHI,Distrital,Sí,Sí,4,2,2,Sí,4,4,0,No,NA,NA,NA,Sí,6,3,3,0,No,NA,NA,NA,No,NA,24
2025,230408,TACNA,TARATA,TICACO,Distrital,Sí,Sí,4,1,3,Sí,1,1,0,No,NA,NA,NA,No,NA,NA,NA,NA,No,NA,NA,NA,No,NA,0
2025,240101,TUMBES,TUMBES,TUMBES,Provincial,Sí,Sí,64,2,62,Sí,4,4,0,No,NA,NA,NA,Sí,10,10,0,0,Sí,1,1,0,Sí,25,96
2025,240102,TUMBES,TUMBES,CORRALES,Distrital,Sí,Sí,21,5,16,Sí,4,2,2,Sí,22,11,11,Sí,71,36,35,1,Sí,2,1,1,Sí,30,136
2025,240103,TUMBES,TUMBES,LA CRUZ,Distrital,Sí,Sí,12,1,11,Sí,1,1,0,No,NA,NA,NA,No,NA,NA,NA,NA,No,NA,NA,NA,Sí,2,30
2025,240104,TUMBES,TUMBES,PAMPAS DE HOSPITAL,Distrital,Sí,Sí,13,3,10,No,NA,NA,NA,No,NA,NA,NA,No,NA,NA,NA,NA,No,NA,NA,NA,No,NA,17
2025,240105,TUMBES,TUMBES,SAN JACINTO,Distrital,No,No,NA,NA,NA,No,NA,NA,NA,Sí,8,4,4,Sí,8,8,0,8,Sí,1,1,0,No,NA,0
2025,240106,TUMBES,TUMBES,SAN JUAN DE LA VIRGEN,Distrital,Sí,Sí,7,2,5,Sí,1,1,0,No,NA,NA,NA,Sí,7,5,2,0,No,NA,NA,NA,No,NA,7
2025,240201,TUMBES,CONTRALMIRANTE VILLAR,ZORRITOS,Provincial,Sí,Sí,30,6,24,Sí,8,4,4,No,NA,NA,NA,No,NA,NA,NA,NA,No,NA,NA,NA,No,NA,33
2025,240202,TUMBES,CONTRALMIRANTE VILLAR,CASITAS,Distrital,Sí,Sí,8,0,8,Sí,2,2,0,No,NA,NA,NA,No,NA,NA,NA,NA,No,NA,NA,NA,No,NA,0
2025,240203,TUMBES,CONTRALMIRANTE VILLAR,CANOAS DE PUNTA SAL,Distrital,Sí,Sí,32,9,23,Sí,2,1,1,No,NA,NA,NA,Sí,10,10,0,0,Sí,1,1,0,No,NA,480
2025,240301,TUMBES,ZARUMILLA,ZARUMILLA,Provincial,Sí,Sí,37,12,25,Sí,10,8,2,No,NA,NA,NA,No,NA,NA,NA,NA,No,NA,NA,NA,No,NA,123
2025,240302,TUMBES,ZARUMILLA,AGUAS VERDES,Distrital,Sí,Sí,40,25,15,Sí,1,1,0,No,NA,NA,NA,Sí,9,9,0,0,No,NA,NA,NA,Sí,25,170
2025,240303,TUMBES,ZARUMILLA,MATAPALO,Distrital,Sí,Sí,12,0,12,No,NA,NA,NA,No,NA,NA,NA,Sí,11,10,1,0,Sí,1,1,0,No,NA,7
2025,240304,TUMBES,ZARUMILLA,PAPAYAL,Distrital,Sí,No,NA,NA,NA,No,NA,NA,NA,No,NA,NA,NA,No,NA,NA,NA,NA,No,NA,NA,NA,No,NA,15
2025,250101,UCAYALI,CORONEL PORTILLO,CALLERIA,Provincial,Sí,Sí,206,27,179,Sí,13,11,2,Sí,71,58,13,Sí,83,56,27,0,Sí,2,2,0,Sí,26,6503
2025,250102,UCAYALI,CORONEL PORTILLO,CAMPOVERDE,Distrital,Sí,Sí,14,1,13,Sí,2,1,1,No,NA,NA,NA,Sí,10,7,3,0,Sí,1,1,0,No,NA,2341
2025,250103,UCAYALI,CORONEL PORTILLO,IPARIA,Distrital,Sí,Sí,13,0,13,No,NA,NA,NA,Sí,5,2,3,No,NA,NA,NA,NA,No,NA,NA,NA,No,NA,63
2025,250104,UCAYALI,CORONEL PORTILLO,MASISEA,Distrital,Sí,Sí,8,1,7,No,NA,NA,NA,No,NA,NA,NA,No,NA,NA,NA,NA,No,NA,NA,NA,No,NA,3
2025,250105,UCAYALI,CORONEL PORTILLO,YARINACOCHA,Distrital,Sí,Sí,68,8,60,Sí,7,3,4,Sí,10,10,0,Sí,28,28,0,0,Sí,1,1,0,No,NA,1805
2025,250106,UCAYALI,CORONEL PORTILLO,NUEVA REQUENA,Distrital,Sí,Sí,5,2,3,No,NA,NA,NA,No,NA,NA,NA,Sí,3,0,3,0,Sí,1,1,0,No,NA,2
2025,250107,UCAYALI,CORONEL PORTILLO,MANANTAY,Distrital,Sí,Sí,98,12,86,Sí,5,5,0,No,NA,NA,NA,No,NA,NA,NA,NA,No,NA,NA,NA,No,NA,2296
2025,250201,UCAYALI,ATALAYA,RAIMONDI,Provincial,Sí,Sí,61,8,53,Sí,1,1,0,Sí,22,22,0,Sí,22,16,6,16,Sí,1,1,0,Sí,53,832
2025,250202,UCAYALI,ATALAYA,SEPAHUA,Distrital,Sí,Sí,19,3,16,Sí,2,2,0,Sí,4,4,0,Sí,21,12,9,0,Sí,1,1,0,No,NA,23
2025,250203,UCAYALI,ATALAYA,TAHUANIA,Distrital,Sí,Sí,10,1,9,Sí,1,1,0,No,NA,NA,NA,No,NA,NA,NA,NA,No,NA,NA,NA,No,NA,33
2025,250204,UCAYALI,ATALAYA,YURUA,Distrital,Sí,Sí,20,5,15,No,NA,NA,NA,Sí,8,4,4,No,NA,NA,NA,NA,No,NA,NA,NA,Sí,20,102
2025,250301,UCAYALI,PADRE ABAD,PADRE ABAD,Provincial,Sí,Sí,20,4,16,Sí,2,1,1,No,NA,NA,NA,No,NA,NA,NA,NA,No,NA,NA,NA,No,NA,629
2025,250302,UCAYALI,PADRE ABAD,IRAZOLA,Distrital,Sí,Sí,6,1,5,Sí,1,0,1,No,NA,NA,NA,Sí,6,3,3,0,Sí,1,1,0,Sí,10,14
2025,250303,UCAYALI,PADRE ABAD,CURIMANA,Distrital,Sí,Sí,4,0,4,Sí,1,1,0,Sí,5,5,0,No,NA,NA,NA,NA,No,NA,NA,NA,Sí,6,86
2025,250304,UCAYALI,PADRE ABAD,NESHUYA,Distrital,Sí,Sí,7,2,5,Sí,3,1,2,Sí,10,10,0,Sí,5,0,5,0,Sí,1,1,0,No,NA,227
2025,250305,UCAYALI,PADRE ABAD,ALEXANDER VON HUMBOLDT,Distrital,Sí,Sí,9,1,8,No,NA,NA,NA,Sí,3,3,0,No,NA,NA,NA,NA,No,NA,NA,NA,No,NA,138
2025,250306,UCAYALI,PADRE ABAD,HUIPOCA,Distrital,Sí,Sí,3,1,2,No,NA,NA,NA,No,NA,NA,NA,No,NA,NA,NA,NA,No,NA,NA,NA,No,NA,38
2025,250307,UCAYALI,PADRE ABAD,BOQUERON,Distrital,Sí,Sí,6,0,6,No,NA,NA,NA,No,NA,NA,NA,No,NA,NA,NA,NA,No,NA,NA,NA,No,NA,6
2025,250401,UCAYALI,PURUS,PURUS,Provincial,Sí,Sí,1,0,1,No,NA,NA,NA,Sí,1,1,0,No,NA,NA,NA,NA,No,NA,NA,NA,No,NA,5
