ubigeo,llave_distrito,dpto_hecho_new,prov_hecho,dist_hecho,denuncias_2024_2026,vehiculos_pnp,vehiculos_operativos,comisarias
010101,AMAZONAS|CHACHAPOYAS|CHACHAPOYAS,AMAZONAS,CHACHAPOYAS,CHACHAPOYAS,3775,65,30,1
010102,AMAZONAS|CHACHAPOYAS|ASUNCION,AMAZONAS,CHACHAPOYAS,ASUNCION,14,0,0,0
010103,AMAZONAS|CHACHAPOYAS|BALSAS,AMAZONAS,CHACHAPOYAS,BALSAS,74,0,0,1
010104,AMAZONAS|CHACHAPOYAS|CHETO,AMAZONAS,CHACHAPOYAS,CHETO,8,0,0,0
010105,AMAZONAS|CHACHAPOYAS|CHILIQUIN,AMAZONAS,CHACHAPOYAS,CHILIQUIN,8,0,0,0
010106,AMAZONAS|CHACHAPOYAS|CHUQUIBAMBA,AMAZONAS,CHACHAPOYAS,CHUQUIBAMBA,33,0,0,1
010107,AMAZONAS|CHACHAPOYAS|GRANADA,AMAZONAS,CHACHAPOYAS,GRANADA,3,0,0,1
010108,AMAZONAS|CHACHAPOYAS|HUANCAS,AMAZONAS,CHACHAPOYAS,HUANCAS,13,0,0,0
010109,AMAZONAS|CHACHAPOYAS|LA JALCA,AMAZONAS,CHACHAPOYAS,LA JALCA,162,0,0,1
010110,AMAZONAS|CHACHAPOYAS|LEIMEBAMBA,AMAZONAS,CHACHAPOYAS,LEIMEBAMBA,110,0,0,1
010111,AMAZONAS|CHACHAPOYAS|LEVANTO,AMAZONAS,CHACHAPOYAS,LEVANTO,5,0,0,0
010112,AMAZONAS|CHACHAPOYAS|MAGDALENA,AMAZONAS,CHACHAPOYAS,MAGDALENA,30,0,0,0
010113,AMAZONAS|CHACHAPOYAS|MARISCAL CASTILLA,AMAZONAS,CHACHAPOYAS,MARISCAL CASTILLA,16,0,0,1
010114,AMAZONAS|CHACHAPOYAS|MOLINOPAMPA,AMAZONAS,CHACHAPOYAS,MOLINOPAMPA,70,0,0,1
010115,AMAZONAS|CHACHAPOYAS|MONTEVIDEO,AMAZONAS,CHACHAPOYAS,MONTEVIDEO,2,0,0,0
010116,AMAZONAS|CHACHAPOYAS|OLLEROS,AMAZONAS,CHACHAPOYAS,OLLEROS,2,0,0,0
010117,AMAZONAS|CHACHAPOYAS|QUINJALCA,AMAZONAS,CHACHAPOYAS,QUINJALCA,12,0,0,1
010118,AMAZONAS|CHACHAPOYAS|SAN FRANCISCO DE DAGUAS,AMAZONAS,CHACHAPOYAS,SAN FRANCISCO DE DAGUAS,39,0,0,1
010119,AMAZONAS|CHACHAPOYAS|SAN ISIDRO DE MAINO,AMAZONAS,CHACHAPOYAS,SAN ISIDRO DE MAINO,11,0,0,0
010120,AMAZONAS|CHACHAPOYAS|SOLOCO,AMAZONAS,CHACHAPOYAS,SOLOCO,12,0,0,0
010121,AMAZONAS|CHACHAPOYAS|SONCHE,AMAZONAS,CHACHAPOYAS,SONCHE,4,0,0,0
010201,AMAZONAS|BAGUA|BAGUA,AMAZONAS,BAGUA,BAGUA,2711,10,6,1
010202,AMAZONAS|BAGUA|ARAMANGO,AMAZONAS,BAGUA,ARAMANGO,166,2,1,2
010203,AMAZONAS|BAGUA|COPALLIN,AMAZONAS,BAGUA,COPALLIN,89,2,1,1
010204,AMAZONAS|BAGUA|EL PARCO,AMAZONAS,BAGUA,EL PARCO,15,0,0,0
010205,AMAZONAS|BAGUA|IMAZA,AMAZONAS,BAGUA,IMAZA,261,1,1,2
010206,AMAZONAS|BAGUA|LA PECA,AMAZONAS,BAGUA,LA PECA,300,0,0,1
010301,AMAZONAS|BONGARA|JUMBILLA,AMAZONAS,BONGARA,JUMBILLA,139,2,1,1
010302,AMAZONAS|BONGARA|CHISQUILLA,AMAZONAS,BONGARA,CHISQUILLA,7,0,0,0
010303,AMAZONAS|BONGARA|CHURUJA,AMAZONAS,BONGARA,CHURUJA,12,0,0,1
010304,AMAZONAS|BONGARA|COROSHA,AMAZONAS,BONGARA,COROSHA,2,0,0,0
010305,AMAZONAS|BONGARA|CUISPES,AMAZONAS,BONGARA,CUISPES,7,0,0,0
010306,AMAZONAS|BONGARA|FLORIDA,AMAZONAS,BONGARA,FLORIDA,205,4,2,1
010307,AMAZONAS|BONGARA|JAZAN,AMAZONAS,BONGARA,JAZAN,608,12,9,1
010308,AMAZONAS|BONGARA|RECTA,AMAZONAS,BONGARA,RECTA,2,0,0,0
010309,AMAZONAS|BONGARA|SAN CARLOS,AMAZONAS,BONGARA,SAN CARLOS,13,0,0,0
010310,AMAZONAS|BONGARA|SHIPASBAMBA,AMAZONAS,BONGARA,SHIPASBAMBA,5,0,0,0
010311,AMAZONAS|BONGARA|VALERA,AMAZONAS,BONGARA,VALERA,31,1,0,1
010312,AMAZONAS|BONGARA|YAMBRASBAMBA,AMAZONAS,BONGARA,YAMBRASBAMBA,133,0,0,1
010401,AMAZONAS|CONDORCANQUI|NIEVA,AMAZONAS,CONDORCANQUI,NIEVA,708,3,3,1
010402,AMAZONAS|CONDORCANQUI|EL CENEPA,AMAZONAS,CONDORCANQUI,EL CENEPA,12,0,0,0
010403,AMAZONAS|CONDORCANQUI|RIO SANTIAGO,AMAZONAS,CONDORCANQUI,RIO SANTIAGO,13,0,0,0
010501,AMAZONAS|LUYA|LAMUD,AMAZONAS,LUYA,LAMUD,233,3,1,1
010502,AMAZONAS|LUYA|CAMPORREDONDO,AMAZONAS,LUYA,CAMPORREDONDO,191,1,1,1
010503,AMAZONAS|LUYA|COCABAMBA,AMAZONAS,LUYA,COCABAMBA,16,0,0,1
010504,AMAZONAS|LUYA|COLCAMAR,AMAZONAS,LUYA,COLCAMAR,81,1,1,1
010505,AMAZONAS|LUYA|CONILA,AMAZONAS,LUYA,CONILA,26,0,0,0
010506,AMAZONAS|LUYA|INGUILPATA,AMAZONAS,LUYA,INGUILPATA,13,1,0,1
010507,AMAZONAS|LUYA|LONGUITA,AMAZONAS,LUYA,LONGUITA,10,0,0,0
010508,AMAZONAS|LUYA|LONYA CHICO,AMAZONAS,LUYA,LONYA CHICO,6,0,0,0
010509,AMAZONAS|LUYA|LUYA,AMAZONAS,LUYA,LUYA,245,4,0,1
010510,AMAZONAS|LUYA|LUYA VIEJO,AMAZONAS,LUYA,LUYA VIEJO,14,0,0,0
010511,AMAZONAS|LUYA|MARIA,AMAZONAS,LUYA,MARIA,14,0,0,0
010512,AMAZONAS|LUYA|OCALLI,AMAZONAS,LUYA,OCALLI,102,1,1,1
010513,AMAZONAS|LUYA|OCUMAL,AMAZONAS,LUYA,OCUMAL,99,0,0,2
010514,AMAZONAS|LUYA|PISUQUIA,AMAZONAS,LUYA,PISUQUIA,34,0,0,0
010515,AMAZONAS|LUYA|PROVIDENCIA,AMAZONAS,LUYA,PROVIDENCIA,37,0,0,0
010516,AMAZONAS|LUYA|SAN CRISTOBAL,AMAZONAS,LUYA,SAN CRISTOBAL,14,0,0,0
010517,AMAZONAS|LUYA|SAN FRANCISCO DEL YESO,AMAZONAS,LUYA,SAN FRANCISCO DEL YESO,9,0,0,0
010518,AMAZONAS|LUYA|SAN JERONIMO,AMAZONAS,LUYA,SAN JERONIMO,13,0,0,0
010520,AMAZONAS|LUYA|SANTA CATALINA,AMAZONAS,LUYA,SANTA CATALINA,18,0,0,0
010521,AMAZONAS|LUYA|SANTO TOMAS,AMAZONAS,LUYA,SANTO TOMAS,46,1,1,1
010522,AMAZONAS|LUYA|TINGO,AMAZONAS,LUYA,TINGO,101,2,0,1
010523,AMAZONAS|LUYA|TRITA,AMAZONAS,LUYA,TRITA,17,0,0,0
010601,AMAZONAS|RODRIGUEZ DE MENDOZA|SAN NICOLAS,AMAZONAS,RODRIGUEZ DE MENDOZA,SAN NICOLAS,605,3,3,1
010602,AMAZONAS|RODRIGUEZ DE MENDOZA|CHIRIMOTO,AMAZONAS,RODRIGUEZ DE MENDOZA,CHIRIMOTO,35,2,1,0
010603,AMAZONAS|RODRIGUEZ DE MENDOZA|COCHAMAL,AMAZONAS,RODRIGUEZ DE MENDOZA,COCHAMAL,11,0,0,0
010604,AMAZONAS|RODRIGUEZ DE MENDOZA|HUAMBO,AMAZONAS,RODRIGUEZ DE MENDOZA,HUAMBO,108,2,0,1
010605,AMAZONAS|RODRIGUEZ DE MENDOZA|LIMABAMBA,AMAZONAS,RODRIGUEZ DE MENDOZA,LIMABAMBA,78,0,0,1
010606,AMAZONAS|RODRIGUEZ DE MENDOZA|LONGAR,AMAZONAS,RODRIGUEZ DE MENDOZA,LONGAR,103,1,1,1
010607,AMAZONAS|RODRIGUEZ DE MENDOZA|MARISCAL BENAVIDES,AMAZONAS,RODRIGUEZ DE MENDOZA,MARISCAL BENAVIDES,37,0,0,0
010608,AMAZONAS|RODRIGUEZ DE MENDOZA|MILPUC,AMAZONAS,RODRIGUEZ DE MENDOZA,MILPUC,4,0,0,0
010609,AMAZONAS|RODRIGUEZ DE MENDOZA|OMIA,AMAZONAS,RODRIGUEZ DE MENDOZA,OMIA,188,0,0,1
010610,AMAZONAS|RODRIGUEZ DE MENDOZA|SANTA ROSA,AMAZONAS,RODRIGUEZ DE MENDOZA,SANTA ROSA,37,1,0,1
010611,AMAZONAS|RODRIGUEZ DE MENDOZA|TOTORA,AMAZONAS,RODRIGUEZ DE MENDOZA,TOTORA,5,0,0,0
010612,AMAZONAS|RODRIGUEZ DE MENDOZA|VISTA ALEGRE,AMAZONAS,RODRIGUEZ DE MENDOZA,VISTA ALEGRE,23,0,0,0
010701,AMAZONAS|UTCUBAMBA|BAGUA GRANDE,AMAZONAS,UTCUBAMBA,BAGUA GRANDE,5507,23,13,1
010702,AMAZONAS|UTCUBAMBA|CAJARURO,AMAZONAS,UTCUBAMBA,CAJARURO,865,1,1,1
010703,AMAZONAS|UTCUBAMBA|CUMBA,AMAZONAS,UTCUBAMBA,CUMBA,205,6,5,2
010704,AMAZONAS|UTCUBAMBA|EL MILAGRO,AMAZONAS,UTCUBAMBA,EL MILAGRO,332,1,0,1
010705,AMAZONAS|UTCUBAMBA|JAMALCA,AMAZONAS,UTCUBAMBA,JAMALCA,126,1,0,2
010706,AMAZONAS|UTCUBAMBA|LONYA GRANDE,AMAZONAS,UTCUBAMBA,LONYA GRANDE,432,1,1,1
010707,AMAZONAS|UTCUBAMBA|YAMON,AMAZONAS,UTCUBAMBA,YAMON,32,0,0,0
020101,ANCASH|HUARAZ|HUARAZ,ANCASH,HUARAZ,HUARAZ,8576,198,79,3
020102,ANCASH|HUARAZ|COCHABAMBA,ANCASH,HUARAZ,COCHABAMBA,6,0,0,0
020103,ANCASH|HUARAZ|COLCABAMBA,ANCASH,HUARAZ,COLCABAMBA,3,0,0,0
020104,ANCASH|HUARAZ|HUANCHAY,ANCASH,HUARAZ,HUANCHAY,3,0,0,0
020105,ANCASH|HUARAZ|INDEPENDENCIA,ANCASH,HUARAZ,INDEPENDENCIA,2175,5,3,1
020106,ANCASH|HUARAZ|JANGAS,ANCASH,HUARAZ,JANGAS,171,0,0,0
020107,ANCASH|HUARAZ|LA LIBERTAD,ANCASH,HUARAZ,LA LIBERTAD,15,0,0,0
020108,ANCASH|HUARAZ|OLLEROS,ANCASH,HUARAZ,OLLEROS,6,0,0,0
020109,ANCASH|HUARAZ|PAMPAS,ANCASH,HUARAZ,PAMPAS,17,0,0,0
020110,ANCASH|HUARAZ|PARIACOTO,ANCASH,HUARAZ,PARIACOTO,100,1,1,1
020111,ANCASH|HUARAZ|PIRA,ANCASH,HUARAZ,PIRA,120,2,1,1
020112,ANCASH|HUARAZ|TARICA,ANCASH,HUARAZ,TARICA,307,10,7,1
020201,ANCASH|AIJA|AIJA,ANCASH,AIJA,AIJA,101,4,2,1
020202,ANCASH|AIJA|CORIS,ANCASH,AIJA,CORIS,26,0,0,0
020203,ANCASH|AIJA|HUACLLAN,ANCASH,AIJA,HUACLLAN,4,0,0,0
020204,ANCASH|AIJA|LA MERCED,ANCASH,AIJA,LA MERCED,31,0,0,0
020205,ANCASH|AIJA|SUCCHA,ANCASH,AIJA,SUCCHA,11,0,0,0
020301,ANCASH|ANTONIO RAYMONDI|LLAMELLIN,ANCASH,ANTONIO RAYMONDI,LLAMELLIN,225,4,1,1
020302,ANCASH|ANTONIO RAYMONDI|ACZO,ANCASH,ANTONIO RAYMONDI,ACZO,7,0,0,0
020303,ANCASH|ANTONIO RAYMONDI|CHACCHO,ANCASH,ANTONIO RAYMONDI,CHACCHO,2,0,0,0
020304,ANCASH|ANTONIO RAYMONDI|CHINGAS,ANCASH,ANTONIO RAYMONDI,CHINGAS,7,0,0,0
020305,ANCASH|ANTONIO RAYMONDI|MIRGAS,ANCASH,ANTONIO RAYMONDI,MIRGAS,10,0,0,0
020306,ANCASH|ANTONIO RAYMONDI|SAN JUAN DE RONTOY,ANCASH,ANTONIO RAYMONDI,SAN JUAN DE RONTOY,2,0,0,0
020401,ANCASH|ASUNCION|CHACAS,ANCASH,ASUNCION,CHACAS,207,3,2,1
020402,ANCASH|ASUNCION|ACOCHACA,ANCASH,ASUNCION,ACOCHACA,31,0,0,0
020501,ANCASH|BOLOGNESI|CHIQUIAN,ANCASH,BOLOGNESI,CHIQUIAN,349,7,3,1
020502,ANCASH|BOLOGNESI|ABELARDO PARDO LEZAMETA,ANCASH,BOLOGNESI,ABELARDO PARDO LEZAMETA,5,0,0,0
020503,ANCASH|BOLOGNESI|ANTONIO RAYMONDI,ANCASH,BOLOGNESI,ANTONIO RAYMONDI,15,2,2,0
020504,ANCASH|BOLOGNESI|AQUIA,ANCASH,BOLOGNESI,AQUIA,63,0,0,0
020505,ANCASH|BOLOGNESI|CAJACAY,ANCASH,BOLOGNESI,CAJACAY,61,2,1,1
020506,ANCASH|BOLOGNESI|CANIS,ANCASH,BOLOGNESI,CANIS,2,0,0,0
020507,ANCASH|BOLOGNESI|COLQUIOC,ANCASH,BOLOGNESI,COLQUIOC,148,8,4,1
020508,ANCASH|BOLOGNESI|HUALLANCA,ANCASH,BOLOGNESI,HUALLANCA,271,1,0,1
020509,ANCASH|BOLOGNESI|HUASTA,ANCASH,BOLOGNESI,HUASTA,46,0,0,0
020510,ANCASH|BOLOGNESI|HUAYLLACAYAN,ANCASH,BOLOGNESI,HUAYLLACAYAN,3,0,0,0
020511,ANCASH|BOLOGNESI|LA PRIMAVERA,ANCASH,BOLOGNESI,LA PRIMAVERA,3,0,0,0
020512,ANCASH|BOLOGNESI|MANGAS,ANCASH,BOLOGNESI,MANGAS,2,0,0,0
020513,ANCASH|BOLOGNESI|PACLLON,ANCASH,BOLOGNESI,PACLLON,8,0,0,0
020514,ANCASH|BOLOGNESI|SAN MIGUEL DE CORPANQUI,ANCASH,BOLOGNESI,SAN MIGUEL DE CORPANQUI,6,0,0,0
020515,ANCASH|BOLOGNESI|TICLLOS,ANCASH,BOLOGNESI,TICLLOS,12,0,0,0
020601,ANCASH|CARHUAZ|CARHUAZ,ANCASH,CARHUAZ,CARHUAZ,1538,5,2,1
020602,ANCASH|CARHUAZ|ACOPAMPA,ANCASH,CARHUAZ,ACOPAMPA,69,0,0,0
020603,ANCASH|CARHUAZ|AMASHCA,ANCASH,CARHUAZ,AMASHCA,23,0,0,0
020604,ANCASH|CARHUAZ|ANTA,ANCASH,CARHUAZ,ANTA,277,3,2,1
020605,ANCASH|CARHUAZ|ATAQUERO,ANCASH,CARHUAZ,ATAQUERO,8,0,0,0
020606,ANCASH|CARHUAZ|MARCARA,ANCASH,CARHUAZ,MARCARA,253,2,1,1
020607,ANCASH|CARHUAZ|PARIAHUANCA,ANCASH,CARHUAZ,PARIAHUANCA,9,0,0,0
020608,ANCASH|CARHUAZ|SAN MIGUEL DE ACO,ANCASH,CARHUAZ,SAN MIGUEL DE ACO,10,0,0,0
020609,ANCASH|CARHUAZ|SHILLA,ANCASH,CARHUAZ,SHILLA,33,0,0,0
020610,ANCASH|CARHUAZ|TINCO,ANCASH,CARHUAZ,TINCO,101,0,0,0
020611,ANCASH|CARHUAZ|YUNGAR,ANCASH,CARHUAZ,YUNGAR,129,0,0,0
020701,ANCASH|CARLOS FERMIN FITZCARRALD|SAN LUIS,ANCASH,CARLOS FERMIN FITZCARRALD,SAN LUIS,395,1,1,1
020702,ANCASH|CARLOS FERMIN FITZCARRALD|SAN NICOLAS,ANCASH,CARLOS FERMIN FITZCARRALD,SAN NICOLAS,5,0,0,0
020703,ANCASH|CARLOS FERMIN FITZCARRALD|YAUYA,ANCASH,CARLOS FERMIN FITZCARRALD,YAUYA,78,2,1,1
020801,ANCASH|CASMA|CASMA,ANCASH,CASMA,CASMA,3126,19,11,1
020802,ANCASH|CASMA|BUENA VISTA ALTA,ANCASH,CASMA,BUENA VISTA ALTA,40,0,0,0
020803,ANCASH|CASMA|COMANDANTE NOEL,ANCASH,CASMA,COMANDANTE NOEL,71,0,0,0
020804,ANCASH|CASMA|YAUTAN,ANCASH,CASMA,YAUTAN,405,2,1,1
020901,ANCASH|CORONGO|CORONGO,ANCASH,CORONGO,CORONGO,82,2,1,1
020902,ANCASH|CORONGO|ACO,ANCASH,CORONGO,ACO,5,0,0,0
020903,ANCASH|CORONGO|BAMBAS,ANCASH,CORONGO,BAMBAS,2,0,0,0
020904,ANCASH|CORONGO|CUSCA,ANCASH,CORONGO,CUSCA,22,0,0,0
020905,ANCASH|CORONGO|LA PAMPA,ANCASH,CORONGO,LA PAMPA,57,2,1,1
020906,ANCASH|CORONGO|YANAC,ANCASH,CORONGO,YANAC,8,0,0,0
020907,ANCASH|CORONGO|YUPAN,ANCASH,CORONGO,YUPAN,4,0,0,0
021001,ANCASH|HUARI|HUARI,ANCASH,HUARI,HUARI,836,12,6,1
021002,ANCASH|HUARI|ANRA,ANCASH,HUARI,ANRA,25,0,0,0
021003,ANCASH|HUARI|CAJAY,ANCASH,HUARI,CAJAY,18,0,0,0
021004,ANCASH|HUARI|CHAVIN DE HUANTAR,ANCASH,HUARI,CHAVIN DE HUANTAR,345,2,1,2
021005,ANCASH|HUARI|HUACACHI,ANCASH,HUARI,HUACACHI,36,0,0,0
021006,ANCASH|HUARI|HUACCHIS,ANCASH,HUARI,HUACCHIS,5,0,0,0
021007,ANCASH|HUARI|HUACHIS,ANCASH,HUARI,HUACHIS,40,0,0,0
021008,ANCASH|HUARI|HUANTAR,ANCASH,HUARI,HUANTAR,18,0,0,0
021009,ANCASH|HUARI|MASIN,ANCASH,HUARI,MASIN,90,3,1,1
021010,ANCASH|HUARI|PAUCAS,ANCASH,HUARI,PAUCAS,21,0,0,0
021011,ANCASH|HUARI|PONTO,ANCASH,HUARI,PONTO,32,0,0,0
021012,ANCASH|HUARI|RAHUAPAMPA,ANCASH,HUARI,RAHUAPAMPA,25,0,0,0
021013,ANCASH|HUARI|RAPAYAN,ANCASH,HUARI,RAPAYAN,4,0,0,0
021014,ANCASH|HUARI|SAN MARCOS,ANCASH,HUARI,SAN MARCOS,977,17,9,0
021015,ANCASH|HUARI|SAN PEDRO DE CHANA,ANCASH,HUARI,SAN PEDRO DE CHANA,26,0,0,0
021016,ANCASH|HUARI|UCO,ANCASH,HUARI,UCO,55,1,1,1
021101,ANCASH|HUARMEY|HUARMEY,ANCASH,HUARMEY,HUARMEY,1405,22,19,1
021102,ANCASH|HUARMEY|COCHAPETI,ANCASH,HUARMEY,COCHAPETI,4,0,0,0
021103,ANCASH|HUARMEY|CULEBRAS,ANCASH,HUARMEY,CULEBRAS,23,0,0,0
021104,ANCASH|HUARMEY|HUAYAN,ANCASH,HUARMEY,HUAYAN,2,0,0,0
021105,ANCASH|HUARMEY|MALVAS,ANCASH,HUARMEY,MALVAS,4,0,0,0
021201,ANCASH|HUAYLAS|CARAZ,ANCASH,HUAYLAS,CARAZ,2617,3,1,1
021202,ANCASH|HUAYLAS|HUALLANCA,ANCASH,HUAYLAS,HUALLANCA,89,2,1,1
021203,ANCASH|HUAYLAS|HUATA,ANCASH,HUAYLAS,HUATA,16,0,0,0
021204,ANCASH|HUAYLAS|HUAYLAS,ANCASH,HUAYLAS,HUAYLAS,60,2,1,1
021205,ANCASH|HUAYLAS|MATO,ANCASH,HUAYLAS,MATO,32,0,0,0
021206,ANCASH|HUAYLAS|PAMPAROMAS,ANCASH,HUAYLAS,PAMPAROMAS,48,1,1,1
021207,ANCASH|HUAYLAS|PUEBLO LIBRE,ANCASH,HUAYLAS,PUEBLO LIBRE,67,0,0,0
021208,ANCASH|HUAYLAS|SANTA CRUZ,ANCASH,HUAYLAS,SANTA CRUZ,53,0,0,0
021209,ANCASH|HUAYLAS|SANTO TORIBIO,ANCASH,HUAYLAS,SANTO TORIBIO,8,0,0,0
021210,ANCASH|HUAYLAS|YURACMARCA,ANCASH,HUAYLAS,YURACMARCA,34,0,0,0
021301,ANCASH|MARISCAL LUZURIAGA|PISCOBAMBA,ANCASH,MARISCAL LUZURIAGA,PISCOBAMBA,219,4,2,1
021302,ANCASH|MARISCAL LUZURIAGA|CASCA,ANCASH,MARISCAL LUZURIAGA,CASCA,53,0,0,0
021303,ANCASH|MARISCAL LUZURIAGA|ELEAZAR GUZMAN BARRON,ANCASH,MARISCAL LUZURIAGA,ELEAZAR GUZMAN BARRON,9,0,0,0
021304,ANCASH|MARISCAL LUZURIAGA|FIDEL OLIVAS ESCUDERO,ANCASH,MARISCAL LUZURIAGA,FIDEL OLIVAS ESCUDERO,1,0,0,0
021305,ANCASH|MARISCAL LUZURIAGA|LLAMA,ANCASH,MARISCAL LUZURIAGA,LLAMA,10,0,0,0
021306,ANCASH|MARISCAL LUZURIAGA|LLUMPA,ANCASH,MARISCAL LUZURIAGA,LLUMPA,20,0,0,0
021307,ANCASH|MARISCAL LUZURIAGA|LUCMA,ANCASH,MARISCAL LUZURIAGA,LUCMA,10,0,0,0
021308,ANCASH|MARISCAL LUZURIAGA|MUSGA,ANCASH,MARISCAL LUZURIAGA,MUSGA,4,0,0,0
021401,ANCASH|OCROS|OCROS,ANCASH,OCROS,OCROS,81,3,2,1
021402,ANCASH|OCROS|ACAS,ANCASH,OCROS,ACAS,2,0,0,0
021404,ANCASH|OCROS|CARHUAPAMPA,ANCASH,OCROS,CARHUAPAMPA,7,0,0,0
021405,ANCASH|OCROS|COCHAS,ANCASH,OCROS,COCHAS,37,0,0,0
021406,ANCASH|OCROS|CONGAS,ANCASH,OCROS,CONGAS,1,0,0,0
021407,ANCASH|OCROS|LLIPA,ANCASH,OCROS,LLIPA,1,0,0,0
021408,ANCASH|OCROS|SAN CRISTOBAL DE RAJAN,ANCASH,OCROS,SAN CRISTOBAL DE RAJAN,7,1,1,1
021409,ANCASH|OCROS|SAN PEDRO,ANCASH,OCROS,SAN PEDRO,3,0,0,0
021410,ANCASH|OCROS|SANTIAGO DE CHILCAS,ANCASH,OCROS,SANTIAGO DE CHILCAS,3,0,0,0
021501,ANCASH|PALLASCA|CABANA,ANCASH,PALLASCA,CABANA,119,2,1,1
021502,ANCASH|PALLASCA|BOLOGNESI,ANCASH,PALLASCA,BOLOGNESI,9,0,0,0
021503,ANCASH|PALLASCA|CONCHUCOS,ANCASH,PALLASCA,CONCHUCOS,53,2,1,1
021504,ANCASH|PALLASCA|HUACASCHUQUE,ANCASH,PALLASCA,HUACASCHUQUE,2,0,0,0
021505,ANCASH|PALLASCA|HUANDOVAL,ANCASH,PALLASCA,HUANDOVAL,10,0,0,0
021506,ANCASH|PALLASCA|LACABAMBA,ANCASH,PALLASCA,LACABAMBA,1,0,0,0
021507,ANCASH|PALLASCA|LLAPO,ANCASH,PALLASCA,LLAPO,1,0,0,0
021508,ANCASH|PALLASCA|PALLASCA,ANCASH,PALLASCA,PALLASCA,87,0,0,1
021509,ANCASH|PALLASCA|PAMPAS,ANCASH,PALLASCA,PAMPAS,111,1,1,1
021510,ANCASH|PALLASCA|SANTA ROSA,ANCASH,PALLASCA,SANTA ROSA,6,0,0,0
021511,ANCASH|PALLASCA|TAUCA,ANCASH,PALLASCA,TAUCA,72,2,1,1
021601,ANCASH|POMABAMBA|POMABAMBA,ANCASH,POMABAMBA,POMABAMBA,935,3,1,1
021602,ANCASH|POMABAMBA|HUAYLLAN,ANCASH,POMABAMBA,HUAYLLAN,47,0,0,0
021603,ANCASH|POMABAMBA|PAROBAMBA,ANCASH,POMABAMBA,PAROBAMBA,55,0,0,0
021604,ANCASH|POMABAMBA|QUINUABAMBA,ANCASH,POMABAMBA,QUINUABAMBA,16,0,0,0
021701,ANCASH|RECUAY|RECUAY,ANCASH,RECUAY,RECUAY,378,3,1,1
021702,ANCASH|RECUAY|CATAC,ANCASH,RECUAY,CATAC,291,5,4,1
021703,ANCASH|RECUAY|COTAPARACO,ANCASH,RECUAY,COTAPARACO,32,2,1,1
021704,ANCASH|RECUAY|HUAYLLAPAMPA,ANCASH,RECUAY,HUAYLLAPAMPA,10,0,0,0
021705,ANCASH|RECUAY|LLACLLIN,ANCASH,RECUAY,LLACLLIN,8,0,0,0
021706,ANCASH|RECUAY|MARCA,ANCASH,RECUAY,MARCA,41,0,0,1
021707,ANCASH|RECUAY|PAMPAS CHICO,ANCASH,RECUAY,PAMPAS CHICO,8,0,0,0
021708,ANCASH|RECUAY|PARARIN,ANCASH,RECUAY,PARARIN,8,0,0,0
021710,ANCASH|RECUAY|TICAPAMPA,ANCASH,RECUAY,TICAPAMPA,41,0,0,0
021801,ANCASH|SANTA|CHIMBOTE,ANCASH,SANTA,CHIMBOTE,19297,369,120,7
021802,ANCASH|SANTA|CACERES DEL PERU,ANCASH,SANTA,CACERES DEL PERU,175,0,0,1
021803,ANCASH|SANTA|COISHCO,ANCASH,SANTA,COISHCO,1086,5,2,1
021804,ANCASH|SANTA|MACATE,ANCASH,SANTA,MACATE,59,3,2,2
021805,ANCASH|SANTA|MORO,ANCASH,SANTA,MORO,417,3,2,1
021806,ANCASH|SANTA|NEPENA,ANCASH,SANTA,NEPEÑA,721,7,4,0
021807,ANCASH|SANTA|SAMANCO,ANCASH,SANTA,SAMANCO,246,3,1,1
021808,ANCASH|SANTA|SANTA,ANCASH,SANTA,SANTA,1545,13,6,1
021809,ANCASH|SANTA|NUEVO CHIMBOTE,ANCASH,SANTA,NUEVO CHIMBOTE,7673,37,17,2
021901,ANCASH|SIHUAS|SIHUAS,ANCASH,SIHUAS,SIHUAS,359,10,4,1
021902,ANCASH|SIHUAS|ACOBAMBA,ANCASH,SIHUAS,ACOBAMBA,7,0,0,0
021903,ANCASH|SIHUAS|ALFONSO UGARTE,ANCASH,SIHUAS,ALFONSO UGARTE,5,0,0,0
021904,ANCASH|SIHUAS|CASHAPAMPA,ANCASH,SIHUAS,CASHAPAMPA,22,0,0,0
021905,ANCASH|SIHUAS|CHINGALPO,ANCASH,SIHUAS,CHINGALPO,4,0,0,0
021906,ANCASH|SIHUAS|HUAYLLABAMBA,ANCASH,SIHUAS,HUAYLLABAMBA,24,0,0,0
021907,ANCASH|SIHUAS|QUICHES,ANCASH,SIHUAS,QUICHES,40,0,0,0
021908,ANCASH|SIHUAS|RAGASH,ANCASH,SIHUAS,RAGASH,18,0,0,0
021909,ANCASH|SIHUAS|SAN JUAN,ANCASH,SIHUAS,SAN JUAN,63,0,0,0
021910,ANCASH|SIHUAS|SICSIBAMBA,ANCASH,SIHUAS,SICSIBAMBA,22,0,0,0
022001,ANCASH|YUNGAY|YUNGAY,ANCASH,YUNGAY,YUNGAY,1531,6,4,1
022002,ANCASH|YUNGAY|CASCAPARA,ANCASH,YUNGAY,CASCAPARA,23,0,0,0
022003,ANCASH|YUNGAY|MANCOS,ANCASH,YUNGAY,MANCOS,292,2,2,1
022004,ANCASH|YUNGAY|MATACOTO,ANCASH,YUNGAY,MATACOTO,11,0,0,0
022005,ANCASH|YUNGAY|QUILLO,ANCASH,YUNGAY,QUILLO,95,1,1,1
022006,ANCASH|YUNGAY|RANRAHIRCA,ANCASH,YUNGAY,RANRAHIRCA,134,0,0,0
022007,ANCASH|YUNGAY|SHUPLUY,ANCASH,YUNGAY,SHUPLUY,18,0,0,0
022008,ANCASH|YUNGAY|YANAMA,ANCASH,YUNGAY,YANAMA,109,2,1,1
030101,APURIMAC|ABANCAY|ABANCAY,APURIMAC,ABANCAY,ABANCAY,8752,90,50,3
030102,APURIMAC|ABANCAY|CHACOCHE,APURIMAC,ABANCAY,CHACOCHE,77,2,2,1
030103,APURIMAC|ABANCAY|CIRCA,APURIMAC,ABANCAY,CIRCA,50,0,0,0
030104,APURIMAC|ABANCAY|CURAHUASI,APURIMAC,ABANCAY,CURAHUASI,657,7,4,1
030105,APURIMAC|ABANCAY|HUANIPACA,APURIMAC,ABANCAY,HUANIPACA,63,1,1,1
030106,APURIMAC|ABANCAY|LAMBRAMA,APURIMAC,ABANCAY,LAMBRAMA,97,1,0,1
030107,APURIMAC|ABANCAY|PICHIRHUA,APURIMAC,ABANCAY,PICHIRHUA,95,0,0,0
030108,APURIMAC|ABANCAY|SAN PEDRO DE CACHORA,APURIMAC,ABANCAY,SAN PEDRO DE CACHORA,80,1,1,1
030109,APURIMAC|ABANCAY|TAMBURCO,APURIMAC,ABANCAY,TAMBURCO,929,0,0,1
030201,APURIMAC|ANDAHUAYLAS|ANDAHUAYLAS,APURIMAC,ANDAHUAYLAS,ANDAHUAYLAS,4726,51,28,1
030202,APURIMAC|ANDAHUAYLAS|ANDARAPA,APURIMAC,ANDAHUAYLAS,ANDARAPA,110,1,1,1
030203,APURIMAC|ANDAHUAYLAS|CHIARA,APURIMAC,ANDAHUAYLAS,CHIARA,12,0,0,0
030204,APURIMAC|ANDAHUAYLAS|HUANCARAMA,APURIMAC,ANDAHUAYLAS,HUANCARAMA,108,1,0,1
030205,APURIMAC|ANDAHUAYLAS|HUANCARAY,APURIMAC,ANDAHUAYLAS,HUANCARAY,146,3,2,1
030206,APURIMAC|ANDAHUAYLAS|HUAYANA,APURIMAC,ANDAHUAYLAS,HUAYANA,8,0,0,0
030207,APURIMAC|ANDAHUAYLAS|KISHUARA,APURIMAC,ANDAHUAYLAS,KISHUARA,134,1,1,1
030208,APURIMAC|ANDAHUAYLAS|PACOBAMBA,APURIMAC,ANDAHUAYLAS,PACOBAMBA,7,0,0,0
030209,APURIMAC|ANDAHUAYLAS|PACUCHA,APURIMAC,ANDAHUAYLAS,PACUCHA,210,0,0,1
030210,APURIMAC|ANDAHUAYLAS|PAMPACHIRI,APURIMAC,ANDAHUAYLAS,PAMPACHIRI,97,2,2,1
030211,APURIMAC|ANDAHUAYLAS|POMACOCHA,APURIMAC,ANDAHUAYLAS,POMACOCHA,3,0,0,0
030212,APURIMAC|ANDAHUAYLAS|SAN ANTONIO DE CACHI,APURIMAC,ANDAHUAYLAS,SAN ANTONIO DE CACHI,103,1,1,1
030213,APURIMAC|ANDAHUAYLAS|SAN JERONIMO,APURIMAC,ANDAHUAYLAS,SAN JERONIMO,2099,1,1,1
030214,APURIMAC|ANDAHUAYLAS|SAN MIGUEL DE CHACCRAMPA,APURIMAC,ANDAHUAYLAS,SAN MIGUEL DE CHACCRAMPA,21,0,0,0
030215,APURIMAC|ANDAHUAYLAS|SANTA MARIA DE CHICMO,APURIMAC,ANDAHUAYLAS,SANTA MARIA DE CHICMO,272,1,1,1
030216,APURIMAC|ANDAHUAYLAS|TALAVERA,APURIMAC,ANDAHUAYLAS,TALAVERA,1074,1,1,1
030217,APURIMAC|ANDAHUAYLAS|TUMAY HUARACA,APURIMAC,ANDAHUAYLAS,TUMAY HUARACA,13,0,0,0
030218,APURIMAC|ANDAHUAYLAS|TURPO,APURIMAC,ANDAHUAYLAS,TURPO,29,0,0,0
030219,APURIMAC|ANDAHUAYLAS|KAQUIABAMBA,APURIMAC,ANDAHUAYLAS,KAQUIABAMBA,9,0,0,0
030301,APURIMAC|ANTABAMBA|ANTABAMBA,APURIMAC,ANTABAMBA,ANTABAMBA,270,1,0,1
030302,APURIMAC|ANTABAMBA|EL ORO,APURIMAC,ANTABAMBA,EL ORO,17,0,0,0
030303,APURIMAC|ANTABAMBA|HUAQUIRCA,APURIMAC,ANTABAMBA,HUAQUIRCA,15,0,0,0
030304,APURIMAC|ANTABAMBA|JUAN ESPINOZA MEDRANO,APURIMAC,ANTABAMBA,JUAN ESPINOZA MEDRANO,14,0,0,0
030305,APURIMAC|ANTABAMBA|OROPESA,APURIMAC,ANTABAMBA,OROPESA,71,1,0,1
030306,APURIMAC|ANTABAMBA|PACHACONAS,APURIMAC,ANTABAMBA,PACHACONAS,77,1,0,1
030307,APURIMAC|ANTABAMBA|SABAINO,APURIMAC,ANTABAMBA,SABAINO,15,0,0,0
030401,APURIMAC|AYMARAES|CHALHUANCA,APURIMAC,AYMARAES,CHALHUANCA,307,13,10,1
030402,APURIMAC|AYMARAES|CAPAYA,APURIMAC,AYMARAES,CAPAYA,7,0,0,0
030403,APURIMAC|AYMARAES|CARAYBAMBA,APURIMAC,AYMARAES,CARAYBAMBA,7,0,0,0
030404,APURIMAC|AYMARAES|CHAPIMARCA,APURIMAC,AYMARAES,CHAPIMARCA,17,0,0,0
030405,APURIMAC|AYMARAES|COLCABAMBA,APURIMAC,AYMARAES,COLCABAMBA,8,0,0,0
030406,APURIMAC|AYMARAES|COTARUSE,APURIMAC,AYMARAES,COTARUSE,63,1,0,1
030407,APURIMAC|AYMARAES|HUAYLLO,APURIMAC,AYMARAES,HUAYLLO,4,0,0,0
030408,APURIMAC|AYMARAES|JUSTO APU SAHUARAURA,APURIMAC,AYMARAES,JUSTO APU SAHUARAURA,6,0,0,0
030409,APURIMAC|AYMARAES|LUCRE,APURIMAC,AYMARAES,LUCRE,6,0,0,0
030410,APURIMAC|AYMARAES|POCOHUANCA,APURIMAC,AYMARAES,POCOHUANCA,15,0,0,0
030411,APURIMAC|AYMARAES|SAN JUAN DE CHACNA,APURIMAC,AYMARAES,SAN JUAN DE CHACÑA,9,0,0,0
030412,APURIMAC|AYMARAES|SANAYCA,APURIMAC,AYMARAES,SAÑAYCA,9,0,0,0
030413,APURIMAC|AYMARAES|SORAYA,APURIMAC,AYMARAES,SORAYA,10,0,0,0
030414,APURIMAC|AYMARAES|TAPAIRIHUA,APURIMAC,AYMARAES,TAPAIRIHUA,118,1,0,1
030415,APURIMAC|AYMARAES|TINTAY,APURIMAC,AYMARAES,TINTAY,89,2,0,1
030416,APURIMAC|AYMARAES|TORAYA,APURIMAC,AYMARAES,TORAYA,7,0,0,0
030417,APURIMAC|AYMARAES|YANACA,APURIMAC,AYMARAES,YANACA,38,2,2,1
030501,APURIMAC|COTABAMBAS|TAMBOBAMBA,APURIMAC,COTABAMBAS,TAMBOBAMBA,348,1,1,1
030502,APURIMAC|COTABAMBAS|COTABAMBAS,APURIMAC,COTABAMBAS,COTABAMBAS,106,1,1,1
030503,APURIMAC|COTABAMBAS|COYLLURQUI,APURIMAC,COTABAMBAS,COYLLURQUI,134,1,0,1
030504,APURIMAC|COTABAMBAS|HAQUIRA,APURIMAC,COTABAMBAS,HAQUIRA,261,2,2,1
030505,APURIMAC|COTABAMBAS|MARA,APURIMAC,COTABAMBAS,MARA,233,1,1,1
030506,APURIMAC|COTABAMBAS|CHALLHUAHUACHO,APURIMAC,COTABAMBAS,CHALLHUAHUACHO,1094,1,0,1
030601,APURIMAC|CHINCHEROS|CHINCHEROS,APURIMAC,CHINCHEROS,CHINCHEROS,480,3,0,1
030602,APURIMAC|CHINCHEROS|ANCO_HUALLO,APURIMAC,CHINCHEROS,ANCO_HUALLO,626,4,4,1
030603,APURIMAC|CHINCHEROS|COCHARCAS,APURIMAC,CHINCHEROS,COCHARCAS,70,2,1,1
030604,APURIMAC|CHINCHEROS|HUACCANA,APURIMAC,CHINCHEROS,HUACCANA,134,1,1,0
030605,APURIMAC|CHINCHEROS|OCOBAMBA,APURIMAC,CHINCHEROS,OCOBAMBA,329,1,0,1
030606,APURIMAC|CHINCHEROS|ONGOY,APURIMAC,CHINCHEROS,ONGOY,84,3,2,1
030607,APURIMAC|CHINCHEROS|URANMARCA,APURIMAC,CHINCHEROS,URANMARCA,107,2,2,1
030608,APURIMAC|CHINCHEROS|RANRACANCHA,APURIMAC,CHINCHEROS,RANRACANCHA,118,0,0,1
030701,APURIMAC|GRAU|CHUQUIBAMBILLA,APURIMAC,GRAU,CHUQUIBAMBILLA,341,1,0,1
030702,APURIMAC|GRAU|CURPAHUASI,APURIMAC,GRAU,CURPAHUASI,29,0,0,0
030703,APURIMAC|GRAU|GAMARRA,APURIMAC,GRAU,GAMARRA,53,1,0,1
030704,APURIMAC|GRAU|HUAYLLATI,APURIMAC,GRAU,HUAYLLATI,4,0,0,0
030705,APURIMAC|GRAU|MAMARA,APURIMAC,GRAU,MAMARA,81,1,1,1
030706,APURIMAC|GRAU|MICAELA BASTIDAS,APURIMAC,GRAU,MICAELA BASTIDAS,2,0,0,0
030707,APURIMAC|GRAU|PATAYPAMPA,APURIMAC,GRAU,PATAYPAMPA,3,0,0,0
030708,APURIMAC|GRAU|PROGRESO,APURIMAC,GRAU,PROGRESO,80,2,1,1
030709,APURIMAC|GRAU|SAN ANTONIO,APURIMAC,GRAU,SAN ANTONIO,4,0,0,0
030710,APURIMAC|GRAU|SANTA ROSA,APURIMAC,GRAU,SANTA ROSA,3,0,0,0
030711,APURIMAC|GRAU|TURPAY,APURIMAC,GRAU,TURPAY,6,0,0,0
030712,APURIMAC|GRAU|VILCABAMBA,APURIMAC,GRAU,VILCABAMBA,77,2,0,1
030713,APURIMAC|GRAU|VIRUNDO,APURIMAC,GRAU,VIRUNDO,4,0,0,0
030714,APURIMAC|GRAU|CURASCO,APURIMAC,GRAU,CURASCO,11,0,0,0
040101,AREQUIPA|AREQUIPA|AREQUIPA,AREQUIPA,AREQUIPA,AREQUIPA,16290,251,221,2
040102,AREQUIPA|AREQUIPA|ALTO SELVA ALEGRE,AREQUIPA,AREQUIPA,ALTO SELVA ALEGRE,6008,27,23,2
040103,AREQUIPA|AREQUIPA|CAYMA,AREQUIPA,AREQUIPA,CAYMA,7977,18,15,4
040104,AREQUIPA|AREQUIPA|CERRO COLORADO,AREQUIPA,AREQUIPA,CERRO COLORADO,17056,26,23,4
040105,AREQUIPA|AREQUIPA|CHARACATO,AREQUIPA,AREQUIPA,CHARACATO,1281,3,2,1
040106,AREQUIPA|AREQUIPA|CHIGUATA,AREQUIPA,AREQUIPA,CHIGUATA,326,3,2,1
040107,AREQUIPA|AREQUIPA|JACOBO HUNTER,AREQUIPA,AREQUIPA,JACOBO HUNTER,4030,20,18,2
040108,AREQUIPA|AREQUIPA|LA JOYA,AREQUIPA,AREQUIPA,LA JOYA,2818,19,15,4
040109,AREQUIPA|AREQUIPA|MARIANO MELGAR,AREQUIPA,AREQUIPA,MARIANO MELGAR,6216,9,8,2
040110,AREQUIPA|AREQUIPA|MIRAFLORES,AREQUIPA,AREQUIPA,MIRAFLORES,7021,23,20,3
040111,AREQUIPA|AREQUIPA|MOLLEBAYA,AREQUIPA,AREQUIPA,MOLLEBAYA,577,3,3,1
040112,AREQUIPA|AREQUIPA|PAUCARPATA,AREQUIPA,AREQUIPA,PAUCARPATA,11464,33,29,5
040113,AREQUIPA|AREQUIPA|POCSI,AREQUIPA,AREQUIPA,POCSI,39,0,0,1
040114,AREQUIPA|AREQUIPA|POLOBAYA,AREQUIPA,AREQUIPA,POLOBAYA,62,2,1,1
040115,AREQUIPA|AREQUIPA|QUEQUENA,AREQUIPA,AREQUIPA,QUEQUEÑA,182,0,0,0
040116,AREQUIPA|AREQUIPA|SABANDIA,AREQUIPA,AREQUIPA,SABANDIA,697,3,3,1
040117,AREQUIPA|AREQUIPA|SACHACA,AREQUIPA,AREQUIPA,SACHACA,1954,7,7,2
040118,AREQUIPA|AREQUIPA|SAN JUAN DE SIGUAS,AREQUIPA,AREQUIPA,SAN JUAN DE SIGUAS,95,1,1,1
040119,AREQUIPA|AREQUIPA|SAN JUAN DE TARUCANI,AREQUIPA,AREQUIPA,SAN JUAN DE TARUCANI,27,2,2,1
040120,AREQUIPA|AREQUIPA|SANTA ISABEL DE SIGUAS,AREQUIPA,AREQUIPA,SANTA ISABEL DE SIGUAS,34,0,0,0
040121,AREQUIPA|AREQUIPA|SANTA RITA DE SIGUAS,AREQUIPA,AREQUIPA,SANTA RITA DE SIGUAS,258,1,0,1
040122,AREQUIPA|AREQUIPA|SOCABAYA,AREQUIPA,AREQUIPA,SOCABAYA,6340,9,7,2
040123,AREQUIPA|AREQUIPA|TIABAYA,AREQUIPA,AREQUIPA,TIABAYA,1171,4,4,1
040124,AREQUIPA|AREQUIPA|UCHUMAYO,AREQUIPA,AREQUIPA,UCHUMAYO,1803,7,7,2
040125,AREQUIPA|AREQUIPA|VITOR,AREQUIPA,AREQUIPA,VITOR,249,3,3,2
040126,AREQUIPA|AREQUIPA|YANAHUARA,AREQUIPA,AREQUIPA,YANAHUARA,4156,116,89,1
040127,AREQUIPA|AREQUIPA|YARABAMBA,AREQUIPA,AREQUIPA,YARABAMBA,609,4,4,1
040128,AREQUIPA|AREQUIPA|YURA,AREQUIPA,AREQUIPA,YURA,3031,9,9,2
040129,AREQUIPA|AREQUIPA|JOSE LUIS BUSTAMANTE Y RIVERO,AREQUIPA,AREQUIPA,JOSE LUIS BUSTAMANTE Y RIVERO,10314,15,12,2
040201,AREQUIPA|CAMANA|CAMANA,AREQUIPA,CAMANA,CAMANA,2169,16,11,1
040202,AREQUIPA|CAMANA|JOSE MARIA QUIMPER,AREQUIPA,CAMANA,JOSE MARIA QUIMPER,417,4,4,2
040203,AREQUIPA|CAMANA|MARIANO NICOLAS VALCARCEL,AREQUIPA,CAMANA,MARIANO NICOLAS VALCARCEL,440,0,0,0
040204,AREQUIPA|CAMANA|MARISCAL CACERES,AREQUIPA,CAMANA,MARISCAL CACERES,483,3,3,2
040205,AREQUIPA|CAMANA|NICOLAS DE PIEROLA,AREQUIPA,CAMANA,NICOLAS DE PIEROLA,315,3,2,1
040206,AREQUIPA|CAMANA|OCONA,AREQUIPA,CAMANA,OCOÑA,398,2,2,0
040207,AREQUIPA|CAMANA|QUILCA,AREQUIPA,CAMANA,QUILCA,100,2,1,1
040208,AREQUIPA|CAMANA|SAMUEL PASTOR,AREQUIPA,CAMANA,SAMUEL PASTOR,1765,18,14,1
040301,AREQUIPA|CARAVELI|CARAVELI,AREQUIPA,CARAVELI,CARAVELI,432,3,2,1
040302,AREQUIPA|CARAVELI|ACARI,AREQUIPA,CARAVELI,ACARI,279,1,1,1
040303,AREQUIPA|CARAVELI|ATICO,AREQUIPA,CARAVELI,ATICO,466,6,5,1
040305,AREQUIPA|CARAVELI|BELLA UNION,AREQUIPA,CARAVELI,BELLA UNION,264,2,1,1
040306,AREQUIPA|CARAVELI|CAHUACHO,AREQUIPA,CARAVELI,CAHUACHO,1,0,0,0
040307,AREQUIPA|CARAVELI|CHALA,AREQUIPA,CARAVELI,CHALA,1483,7,5,1
040308,AREQUIPA|CARAVELI|CHAPARRA,AREQUIPA,CARAVELI,CHAPARRA,349,2,2,1
040309,AREQUIPA|CARAVELI|HUANUHUANU,AREQUIPA,CARAVELI,HUANUHUANU,37,0,0,0
040310,AREQUIPA|CARAVELI|JAQUI,AREQUIPA,CARAVELI,JAQUI,76,2,2,1
040311,AREQUIPA|CARAVELI|LOMAS,AREQUIPA,CARAVELI,LOMAS,116,3,0,1
040312,AREQUIPA|CARAVELI|QUICACHA,AREQUIPA,CARAVELI,QUICACHA,89,0,0,0
040313,AREQUIPA|CARAVELI|YAUCA,AREQUIPA,CARAVELI,YAUCA,245,5,5,1
040401,AREQUIPA|CASTILLA|APLAO,AREQUIPA,CASTILLA,APLAO,624,9,9,1
040402,AREQUIPA|CASTILLA|ANDAGUA,AREQUIPA,CASTILLA,ANDAGUA,130,4,3,1
040403,AREQUIPA|CASTILLA|AYO,AREQUIPA,CASTILLA,AYO,16,0,0,0
040404,AREQUIPA|CASTILLA|CHACHAS,AREQUIPA,CASTILLA,CHACHAS,16,0,0,0
040405,AREQUIPA|CASTILLA|CHILCAYMARCA,AREQUIPA,CASTILLA,CHILCAYMARCA,5,0,0,0
040406,AREQUIPA|CASTILLA|CHOCO,AREQUIPA,CASTILLA,CHOCO,8,0,0,0
040407,AREQUIPA|CASTILLA|HUANCARQUI,AREQUIPA,CASTILLA,HUANCARQUI,41,0,0,0
040408,AREQUIPA|CASTILLA|MACHAGUAY,AREQUIPA,CASTILLA,MACHAGUAY,103,2,2,1
040409,AREQUIPA|CASTILLA|ORCOPAMPA,AREQUIPA,CASTILLA,ORCOPAMPA,127,2,2,1
040410,AREQUIPA|CASTILLA|PAMPACOLCA,AREQUIPA,CASTILLA,PAMPACOLCA,99,2,2,1
040411,AREQUIPA|CASTILLA|TIPAN,AREQUIPA,CASTILLA,TIPAN,3,0,0,0
040413,AREQUIPA|CASTILLA|URACA,AREQUIPA,CASTILLA,URACA,357,4,4,1
040414,AREQUIPA|CASTILLA|VIRACO,AREQUIPA,CASTILLA,VIRACO,202,3,2,1
040501,AREQUIPA|CAYLLOMA|CHIVAY,AREQUIPA,CAYLLOMA,CHIVAY,602,7,6,1
040502,AREQUIPA|CAYLLOMA|ACHOMA,AREQUIPA,CAYLLOMA,ACHOMA,40,0,0,0
040503,AREQUIPA|CAYLLOMA|CABANACONDE,AREQUIPA,CAYLLOMA,CABANACONDE,190,1,0,1
040504,AREQUIPA|CAYLLOMA|CALLALLI,AREQUIPA,CAYLLOMA,CALLALLI,15,0,0,0
040505,AREQUIPA|CAYLLOMA|CAYLLOMA,AREQUIPA,CAYLLOMA,CAYLLOMA,108,2,1,1
040506,AREQUIPA|CAYLLOMA|COPORAQUE,AREQUIPA,CAYLLOMA,COPORAQUE,36,0,0,0
040507,AREQUIPA|CAYLLOMA|HUAMBO,AREQUIPA,CAYLLOMA,HUAMBO,61,1,1,1
040508,AREQUIPA|CAYLLOMA|HUANCA,AREQUIPA,CAYLLOMA,HUANCA,236,2,2,1
040509,AREQUIPA|CAYLLOMA|ICHUPAMPA,AREQUIPA,CAYLLOMA,ICHUPAMPA,16,0,0,0
040510,AREQUIPA|CAYLLOMA|LARI,AREQUIPA,CAYLLOMA,LARI,17,0,0,0
040511,AREQUIPA|CAYLLOMA|LLUTA,AREQUIPA,CAYLLOMA,LLUTA,18,0,0,0
040512,AREQUIPA|CAYLLOMA|MACA,AREQUIPA,CAYLLOMA,MACA,17,0,0,0
040513,AREQUIPA|CAYLLOMA|MADRIGAL,AREQUIPA,CAYLLOMA,MADRIGAL,25,2,2,1
040514,AREQUIPA|CAYLLOMA|SAN ANTONIO DE CHUCA,AREQUIPA,CAYLLOMA,SAN ANTONIO DE CHUCA,111,0,0,1
040515,AREQUIPA|CAYLLOMA|SIBAYO,AREQUIPA,CAYLLOMA,SIBAYO,146,2,2,1
040516,AREQUIPA|CAYLLOMA|TAPAY,AREQUIPA,CAYLLOMA,TAPAY,6,0,0,0
040517,AREQUIPA|CAYLLOMA|TISCO,AREQUIPA,CAYLLOMA,TISCO,6,0,0,0
040518,AREQUIPA|CAYLLOMA|TUTI,AREQUIPA,CAYLLOMA,TUTI,26,0,0,0
040519,AREQUIPA|CAYLLOMA|YANQUE,AREQUIPA,CAYLLOMA,YANQUE,66,0,0,0
040520,AREQUIPA|CAYLLOMA|MAJES,AREQUIPA,CAYLLOMA,MAJES,3739,18,14,1
040601,AREQUIPA|CONDESUYOS|CHUQUIBAMBA,AREQUIPA,CONDESUYOS,CHUQUIBAMBA,307,2,2,1
040602,AREQUIPA|CONDESUYOS|ANDARAY,AREQUIPA,CONDESUYOS,ANDARAY,18,3,3,1
040603,AREQUIPA|CONDESUYOS|CAYARANI,AREQUIPA,CONDESUYOS,CAYARANI,13,0,0,0
040604,AREQUIPA|CONDESUYOS|CHICHAS,AREQUIPA,CONDESUYOS,CHICHAS,4,0,0,0
040605,AREQUIPA|CONDESUYOS|IRAY,AREQUIPA,CONDESUYOS,IRAY,10,0,0,0
040606,AREQUIPA|CONDESUYOS|RIO GRANDE,AREQUIPA,CONDESUYOS,RIO GRANDE,271,2,1,1
040607,AREQUIPA|CONDESUYOS|SALAMANCA,AREQUIPA,CONDESUYOS,SALAMANCA,53,5,4,1
040608,AREQUIPA|CONDESUYOS|YANAQUIHUA,AREQUIPA,CONDESUYOS,YANAQUIHUA,106,0,0,1
040701,AREQUIPA|ISLAY|MOLLENDO,AREQUIPA,ISLAY,MOLLENDO,2432,10,8,1
040702,AREQUIPA|ISLAY|COCACHACRA,AREQUIPA,ISLAY,COCACHACRA,770,4,2,1
040703,AREQUIPA|ISLAY|DEAN VALDIVIA,AREQUIPA,ISLAY,DEAN VALDIVIA,429,7,6,2
040704,AREQUIPA|ISLAY|ISLAY,AREQUIPA,ISLAY,ISLAY,460,3,2,1
040705,AREQUIPA|ISLAY|MEJIA,AREQUIPA,ISLAY,MEJIA,152,2,0,1
040706,AREQUIPA|ISLAY|PUNTA DE BOMBON,AREQUIPA,ISLAY,PUNTA DE BOMBON,572,2,1,1
040801,AREQUIPA|LA UNION|COTAHUASI,AREQUIPA,LA UNION,COTAHUASI,190,4,4,1
040802,AREQUIPA|LA UNION|ALCA,AREQUIPA,LA UNION,ALCA,98,5,4,1
040803,AREQUIPA|LA UNION|CHARCANA,AREQUIPA,LA UNION,CHARCANA,31,3,3,1
040804,AREQUIPA|LA UNION|HUAYNACOTAS,AREQUIPA,LA UNION,HUAYNACOTAS,6,0,0,0
040805,AREQUIPA|LA UNION|PAMPAMARCA,AREQUIPA,LA UNION,PAMPAMARCA,7,0,0,0
040806,AREQUIPA|LA UNION|PUYCA,AREQUIPA,LA UNION,PUYCA,3,0,0,0
040807,AREQUIPA|LA UNION|QUECHUALLA,AREQUIPA,LA UNION,QUECHUALLA,6,0,0,0
040809,AREQUIPA|LA UNION|TAURIA,AREQUIPA,LA UNION,TAURIA,2,0,0,0
040810,AREQUIPA|LA UNION|TOMEPAMPA,AREQUIPA,LA UNION,TOMEPAMPA,10,0,0,0
040811,AREQUIPA|LA UNION|TORO,AREQUIPA,LA UNION,TORO,10,0,0,0
050101,AYACUCHO|HUAMANGA|AYACUCHO,AYACUCHO,HUAMANGA,AYACUCHO,17128,165,127,1
050102,AYACUCHO|HUAMANGA|ACOCRO,AYACUCHO,HUAMANGA,ACOCRO,162,0,0,0
050103,AYACUCHO|HUAMANGA|ACOS VINCHOS,AYACUCHO,HUAMANGA,ACOS VINCHOS,105,1,1,0
050104,AYACUCHO|HUAMANGA|CARMEN ALTO,AYACUCHO,HUAMANGA,CARMEN ALTO,2159,17,12,1
050105,AYACUCHO|HUAMANGA|CHIARA,AYACUCHO,HUAMANGA,CHIARA,175,0,0,0
050106,AYACUCHO|HUAMANGA|OCROS,AYACUCHO,HUAMANGA,OCROS,170,2,2,0
050107,AYACUCHO|HUAMANGA|PACAYCASA,AYACUCHO,HUAMANGA,PACAYCASA,63,0,0,0
050108,AYACUCHO|HUAMANGA|QUINUA,AYACUCHO,HUAMANGA,QUINUA,170,2,2,0
050109,AYACUCHO|HUAMANGA|SAN JOSE DE TICLLAS,AYACUCHO,HUAMANGA,SAN JOSE DE TICLLAS,11,0,0,0
050110,AYACUCHO|HUAMANGA|SAN JUAN BAUTISTA,AYACUCHO,HUAMANGA,SAN JUAN BAUTISTA,2230,0,0,0
050111,AYACUCHO|HUAMANGA|SANTIAGO DE PISCHA,AYACUCHO,HUAMANGA,SANTIAGO DE PISCHA,15,0,0,0
050112,AYACUCHO|HUAMANGA|SOCOS,AYACUCHO,HUAMANGA,SOCOS,45,0,0,0
050113,AYACUCHO|HUAMANGA|TAMBILLO,AYACUCHO,HUAMANGA,TAMBILLO,135,0,0,0
050114,AYACUCHO|HUAMANGA|VINCHOS,AYACUCHO,HUAMANGA,VINCHOS,180,2,2,0
050115,AYACUCHO|HUAMANGA|JESUS NAZARENO,AYACUCHO,HUAMANGA,JESUS NAZARENO,852,3,2,1
050116,AYACUCHO|HUAMANGA|ANDRES AVELINO CACERES,AYACUCHO,HUAMANGA,ANDRES AVELINO CACERES,1076,0,0,0
050201,AYACUCHO|CANGALLO|CANGALLO,AYACUCHO,CANGALLO,CANGALLO,341,3,2,0
050202,AYACUCHO|CANGALLO|CHUSCHI,AYACUCHO,CANGALLO,CHUSCHI,125,2,2,0
050203,AYACUCHO|CANGALLO|LOS MOROCHUCOS,AYACUCHO,CANGALLO,LOS MOROCHUCOS,292,3,3,0
050204,AYACUCHO|CANGALLO|MARIA PARADO DE BELLIDO,AYACUCHO,CANGALLO,MARIA PARADO DE BELLIDO,26,0,0,0
050205,AYACUCHO|CANGALLO|PARAS,AYACUCHO,CANGALLO,PARAS,60,2,2,0
050206,AYACUCHO|CANGALLO|TOTOS,AYACUCHO,CANGALLO,TOTOS,58,3,3,1
050301,AYACUCHO|HUANCA SANCOS|SANCOS,AYACUCHO,HUANCA SANCOS,SANCOS,241,2,2,1
050302,AYACUCHO|HUANCA SANCOS|CARAPO,AYACUCHO,HUANCA SANCOS,CARAPO,9,0,0,0
050303,AYACUCHO|HUANCA SANCOS|SACSAMARCA,AYACUCHO,HUANCA SANCOS,SACSAMARCA,4,0,0,0
050304,AYACUCHO|HUANCA SANCOS|SANTIAGO DE LUCANAMARCA,AYACUCHO,HUANCA SANCOS,SANTIAGO DE LUCANAMARCA,8,0,0,0
050401,AYACUCHO|HUANTA|HUANTA,AYACUCHO,HUANTA,HUANTA,2141,79,58,1
050402,AYACUCHO|HUANTA|AYAHUANCO,AYACUCHO,HUANTA,AYAHUANCO,6,0,0,0
050403,AYACUCHO|HUANTA|HUAMANGUILLA,AYACUCHO,HUANTA,HUAMANGUILLA,161,2,1,1
050404,AYACUCHO|HUANTA|IGUAIN,AYACUCHO,HUANTA,IGUAIN,28,0,0,0
050405,AYACUCHO|HUANTA|LURICOCHA,AYACUCHO,HUANTA,LURICOCHA,38,0,0,0
050406,AYACUCHO|HUANTA|SANTILLANA,AYACUCHO,HUANTA,SANTILLANA,11,0,0,0
050407,AYACUCHO|HUANTA|SIVIA,AYACUCHO,HUANTA,SIVIA,533,5,4,1
050408,AYACUCHO|HUANTA|LLOCHEGUA,AYACUCHO,HUANTA,LLOCHEGUA,427,6,5,1
050501,AYACUCHO|LA MAR|SAN MIGUEL,AYACUCHO,LA MAR,SAN MIGUEL,684,5,4,1
050502,AYACUCHO|LA MAR|ANCO,AYACUCHO,LA MAR,ANCO,42,0,0,0
050503,AYACUCHO|LA MAR|AYNA,AYACUCHO,LA MAR,AYNA,370,10,9,1
050504,AYACUCHO|LA MAR|CHILCAS,AYACUCHO,LA MAR,CHILCAS,12,0,0,0
050505,AYACUCHO|LA MAR|CHUNGUI,AYACUCHO,LA MAR,CHUNGUI,115,3,2,1
050506,AYACUCHO|LA MAR|LUIS CARRANZA,AYACUCHO,LA MAR,LUIS CARRANZA,13,0,0,0
050507,AYACUCHO|LA MAR|SANTA ROSA,AYACUCHO,LA MAR,SANTA ROSA,378,8,5,1
050508,AYACUCHO|LA MAR|TAMBO,AYACUCHO,LA MAR,TAMBO,189,15,12,1
050509,AYACUCHO|LA MAR|PALMAPAMPA,AYACUCHO,LA MAR,PALMAPAMPA,383,33,19,0
050601,AYACUCHO|LUCANAS|PUQUIO,AYACUCHO,LUCANAS,PUQUIO,1255,4,3,1
050602,AYACUCHO|LUCANAS|AUCARA,AYACUCHO,LUCANAS,AUCARA,71,2,2,1
050603,AYACUCHO|LUCANAS|CABANA,AYACUCHO,LUCANAS,CABANA,49,1,1,1
050604,AYACUCHO|LUCANAS|CARMEN SALCEDO,AYACUCHO,LUCANAS,CARMEN SALCEDO,22,2,2,1
050605,AYACUCHO|LUCANAS|CHAVINA,AYACUCHO,LUCANAS,CHAVIÑA,86,0,0,0
050606,AYACUCHO|LUCANAS|CHIPAO,AYACUCHO,LUCANAS,CHIPAO,92,2,1,1
050607,AYACUCHO|LUCANAS|HUAC-HUAS,AYACUCHO,LUCANAS,HUAC-HUAS,5,0,0,0
050608,AYACUCHO|LUCANAS|LARAMATE,AYACUCHO,LUCANAS,LARAMATE,31,0,0,1
050609,AYACUCHO|LUCANAS|LEONCIO PRADO,AYACUCHO,LUCANAS,LEONCIO PRADO,5,8,6,0
050610,AYACUCHO|LUCANAS|LLAUTA,AYACUCHO,LUCANAS,LLAUTA,6,0,0,0
050611,AYACUCHO|LUCANAS|LUCANAS,AYACUCHO,LUCANAS,LUCANAS,53,0,0,0
050612,AYACUCHO|LUCANAS|OCANA,AYACUCHO,LUCANAS,OCAÑA,5,1,0,0
050613,AYACUCHO|LUCANAS|OTOCA,AYACUCHO,LUCANAS,OTOCA,22,2,0,1
050614,AYACUCHO|LUCANAS|SAISA,AYACUCHO,LUCANAS,SAISA,5,0,0,0
050615,AYACUCHO|LUCANAS|SAN CRISTOBAL,AYACUCHO,LUCANAS,SAN CRISTOBAL,9,0,0,0
050616,AYACUCHO|LUCANAS|SAN JUAN,AYACUCHO,LUCANAS,SAN JUAN,24,0,0,0
050617,AYACUCHO|LUCANAS|SAN PEDRO,AYACUCHO,LUCANAS,SAN PEDRO,23,0,0,0
050618,AYACUCHO|LUCANAS|SAN PEDRO DE PALCO,AYACUCHO,LUCANAS,SAN PEDRO DE PALCO,1,0,0,0
050619,AYACUCHO|LUCANAS|SANCOS,AYACUCHO,LUCANAS,SANCOS,37,0,0,0
050620,AYACUCHO|LUCANAS|SANTA ANA DE HUAYCAHUACHO,AYACUCHO,LUCANAS,SANTA ANA DE HUAYCAHUACHO,14,0,0,0
050621,AYACUCHO|LUCANAS|SANTA LUCIA,AYACUCHO,LUCANAS,SANTA LUCIA,67,1,1,1
050701,AYACUCHO|PARINACOCHAS|CORACORA,AYACUCHO,PARINACOCHAS,CORACORA,493,2,2,1
050702,AYACUCHO|PARINACOCHAS|CHUMPI,AYACUCHO,PARINACOCHAS,CHUMPI,8,0,0,0
050703,AYACUCHO|PARINACOCHAS|CORONEL CASTANEDA,AYACUCHO,PARINACOCHAS,CORONEL CASTAÑEDA,7,0,0,0
050704,AYACUCHO|PARINACOCHAS|PACAPAUSA,AYACUCHO,PARINACOCHAS,PACAPAUSA,23,0,0,1
050705,AYACUCHO|PARINACOCHAS|PULLO,AYACUCHO,PARINACOCHAS,PULLO,72,0,0,0
050706,AYACUCHO|PARINACOCHAS|PUYUSCA,AYACUCHO,PARINACOCHAS,PUYUSCA,110,0,0,1
050707,AYACUCHO|PARINACOCHAS|SAN FRANCISCO DE RAVACAYCO,AYACUCHO,PARINACOCHAS,SAN FRANCISCO DE RAVACAYCO,13,0,0,0
050708,AYACUCHO|PARINACOCHAS|UPAHUACHO,AYACUCHO,PARINACOCHAS,UPAHUACHO,3,0,0,0
050801,AYACUCHO|PAUCAR DEL SARA SARA|PAUSA,AYACUCHO,PAUCAR DEL SARA SARA,PAUSA,367,1,0,1
050802,AYACUCHO|PAUCAR DEL SARA SARA|COLTA,AYACUCHO,PAUCAR DEL SARA SARA,COLTA,39,0,0,1
050804,AYACUCHO|PAUCAR DEL SARA SARA|LAMPA,AYACUCHO,PAUCAR DEL SARA SARA,LAMPA,20,0,0,0
050805,AYACUCHO|PAUCAR DEL SARA SARA|MARCABAMBA,AYACUCHO,PAUCAR DEL SARA SARA,MARCABAMBA,28,0,0,1
050806,AYACUCHO|PAUCAR DEL SARA SARA|OYOLO,AYACUCHO,PAUCAR DEL SARA SARA,OYOLO,45,0,0,1
050807,AYACUCHO|PAUCAR DEL SARA SARA|PARARCA,AYACUCHO,PAUCAR DEL SARA SARA,PARARCA,1,0,0,0
050808,AYACUCHO|PAUCAR DEL SARA SARA|SAN JAVIER DE ALPABAMBA,AYACUCHO,PAUCAR DEL SARA SARA,SAN JAVIER DE ALPABAMBA,12,0,0,0
050809,AYACUCHO|PAUCAR DEL SARA SARA|SAN JOSE DE USHUA,AYACUCHO,PAUCAR DEL SARA SARA,SAN JOSE DE USHUA,1,0,0,0
050810,AYACUCHO|PAUCAR DEL SARA SARA|SARA SARA,AYACUCHO,PAUCAR DEL SARA SARA,SARA SARA,3,0,0,0
050901,AYACUCHO|SUCRE|QUEROBAMBA,AYACUCHO,SUCRE,QUEROBAMBA,232,3,1,1
050902,AYACUCHO|SUCRE|BELEN,AYACUCHO,SUCRE,BELEN,3,0,0,0
050903,AYACUCHO|SUCRE|CHALCOS,AYACUCHO,SUCRE,CHALCOS,11,0,0,0
050904,AYACUCHO|SUCRE|CHILCAYOC,AYACUCHO,SUCRE,CHILCAYOC,16,0,0,0
050905,AYACUCHO|SUCRE|HUACANA,AYACUCHO,SUCRE,HUACAÑA,4,0,0,0
050906,AYACUCHO|SUCRE|MORCOLLA,AYACUCHO,SUCRE,MORCOLLA,22,0,0,0
050907,AYACUCHO|SUCRE|PAICO,AYACUCHO,SUCRE,PAICO,13,0,0,0
050908,AYACUCHO|SUCRE|SAN PEDRO DE LARCAY,AYACUCHO,SUCRE,SAN PEDRO DE LARCAY,36,0,0,0
050909,AYACUCHO|SUCRE|SAN SALVADOR DE QUIJE,AYACUCHO,SUCRE,SAN SALVADOR DE QUIJE,15,0,0,0
050910,AYACUCHO|SUCRE|SANTIAGO DE PAUCARAY,AYACUCHO,SUCRE,SANTIAGO DE PAUCARAY,8,0,0,0
050911,AYACUCHO|SUCRE|SORAS,AYACUCHO,SUCRE,SORAS,65,3,3,1
051001,AYACUCHO|VICTOR FAJARDO|HUANCAPI,AYACUCHO,VICTOR FAJARDO,HUANCAPI,121,6,5,1
051002,AYACUCHO|VICTOR FAJARDO|ALCAMENCA,AYACUCHO,VICTOR FAJARDO,ALCAMENCA,20,0,0,0
051003,AYACUCHO|VICTOR FAJARDO|APONGO,AYACUCHO,VICTOR FAJARDO,APONGO,11,0,0,0
051004,AYACUCHO|VICTOR FAJARDO|ASQUIPATA,AYACUCHO,VICTOR FAJARDO,ASQUIPATA,8,0,0,0
051005,AYACUCHO|VICTOR FAJARDO|CANARIA,AYACUCHO,VICTOR FAJARDO,CANARIA,110,0,0,2
051006,AYACUCHO|VICTOR FAJARDO|CAYARA,AYACUCHO,VICTOR FAJARDO,CAYARA,8,0,0,0
051007,AYACUCHO|VICTOR FAJARDO|COLCA,AYACUCHO,VICTOR FAJARDO,COLCA,32,0,0,0
051008,AYACUCHO|VICTOR FAJARDO|HUAMANQUIQUIA,AYACUCHO,VICTOR FAJARDO,HUAMANQUIQUIA,6,0,0,0
051009,AYACUCHO|VICTOR FAJARDO|HUANCARAYLLA,AYACUCHO,VICTOR FAJARDO,HUANCARAYLLA,13,0,0,0
051010,AYACUCHO|VICTOR FAJARDO|HUAYA,AYACUCHO,VICTOR FAJARDO,HUAYA,24,0,0,0
051011,AYACUCHO|VICTOR FAJARDO|SARHUA,AYACUCHO,VICTOR FAJARDO,SARHUA,8,0,0,0
051012,AYACUCHO|VICTOR FAJARDO|VILCANCHOS,AYACUCHO,VICTOR FAJARDO,VILCANCHOS,85,2,2,1
051101,AYACUCHO|VILCAS HUAMAN|VILCAS HUAMAN,AYACUCHO,VILCAS HUAMAN,VILCAS HUAMAN,133,2,2,1
051102,AYACUCHO|VILCAS HUAMAN|ACCOMARCA,AYACUCHO,VILCAS HUAMAN,ACCOMARCA,4,0,0,0
051103,AYACUCHO|VILCAS HUAMAN|CARHUANCA,AYACUCHO,VILCAS HUAMAN,CARHUANCA,19,2,2,1
051104,AYACUCHO|VILCAS HUAMAN|CONCEPCION,AYACUCHO,VILCAS HUAMAN,CONCEPCION,41,2,1,0
051105,AYACUCHO|VILCAS HUAMAN|HUAMBALPA,AYACUCHO,VILCAS HUAMAN,HUAMBALPA,8,0,0,0
051106,AYACUCHO|VILCAS HUAMAN|INDEPENDENCIA,AYACUCHO,VILCAS HUAMAN,INDEPENDENCIA,1,0,0,0
051107,AYACUCHO|VILCAS HUAMAN|SAURAMA,AYACUCHO,VILCAS HUAMAN,SAURAMA,12,0,0,0
051108,AYACUCHO|VILCAS HUAMAN|VISCHONGO,AYACUCHO,VILCAS HUAMAN,VISCHONGO,37,0,0,0
060101,CAJAMARCA|CAJAMARCA|CAJAMARCA,CAJAMARCA,CAJAMARCA,CAJAMARCA,15823,159,52,2
060102,CAJAMARCA|CAJAMARCA|ASUNCION,CAJAMARCA,CAJAMARCA,ASUNCION,108,2,1,1
060103,CAJAMARCA|CAJAMARCA|CHETILLA,CAJAMARCA,CAJAMARCA,CHETILLA,3,1,1,0
060104,CAJAMARCA|CAJAMARCA|COSPAN,CAJAMARCA,CAJAMARCA,COSPAN,3,2,2,1
060105,CAJAMARCA|CAJAMARCA|ENCANADA,CAJAMARCA,CAJAMARCA,ENCAÑADA,191,3,1,0
060106,CAJAMARCA|CAJAMARCA|JESUS,CAJAMARCA,CAJAMARCA,JESUS,287,2,1,1
060107,CAJAMARCA|CAJAMARCA|LLACANORA,CAJAMARCA,CAJAMARCA,LLACANORA,69,0,0,0
060108,CAJAMARCA|CAJAMARCA|LOS BANOS DEL INCA,CAJAMARCA,CAJAMARCA,LOS BAÑOS DEL INCA,1411,14,7,0
060109,CAJAMARCA|CAJAMARCA|MAGDALENA,CAJAMARCA,CAJAMARCA,MAGDALENA,193,3,2,1
060110,CAJAMARCA|CAJAMARCA|MATARA,CAJAMARCA,CAJAMARCA,MATARA,105,1,1,1
060111,CAJAMARCA|CAJAMARCA|NAMORA,CAJAMARCA,CAJAMARCA,NAMORA,170,2,0,1
060112,CAJAMARCA|CAJAMARCA|SAN JUAN,CAJAMARCA,CAJAMARCA,SAN JUAN,91,3,3,1
060201,CAJAMARCA|CAJABAMBA|CAJABAMBA,CAJAMARCA,CAJABAMBA,CAJABAMBA,1900,3,1,1
060202,CAJAMARCA|CAJABAMBA|CACHACHI,CAJAMARCA,CAJABAMBA,CACHACHI,426,5,1,3
060203,CAJAMARCA|CAJABAMBA|CONDEBAMBA,CAJAMARCA,CAJABAMBA,CONDEBAMBA,276,1,1,1
060204,CAJAMARCA|CAJABAMBA|SITACOCHA,CAJAMARCA,CAJABAMBA,SITACOCHA,71,1,1,1
060301,CAJAMARCA|CELENDIN|CELENDIN,CAJAMARCA,CELENDIN,CELENDIN,1901,12,6,1
060303,CAJAMARCA|CELENDIN|CORTEGANA,CAJAMARCA,CELENDIN,CORTEGANA,28,1,1,1
060304,CAJAMARCA|CELENDIN|HUASMIN,CAJAMARCA,CELENDIN,HUASMIN,130,1,0,1
060305,CAJAMARCA|CELENDIN|JORGE CHAVEZ,CAJAMARCA,CELENDIN,JORGE CHAVEZ,4,0,0,0
060306,CAJAMARCA|CELENDIN|JOSE GALVEZ,CAJAMARCA,CELENDIN,JOSE GALVEZ,21,0,0,0
060307,CAJAMARCA|CELENDIN|MIGUEL IGLESIAS,CAJAMARCA,CELENDIN,MIGUEL IGLESIAS,4,1,1,1
060308,CAJAMARCA|CELENDIN|OXAMARCA,CAJAMARCA,CELENDIN,OXAMARCA,44,1,1,1
060309,CAJAMARCA|CELENDIN|SOROCHUCO,CAJAMARCA,CELENDIN,SOROCHUCO,39,1,0,1
060310,CAJAMARCA|CELENDIN|SUCRE,CAJAMARCA,CELENDIN,SUCRE,127,2,2,1
060311,CAJAMARCA|CELENDIN|UTCO,CAJAMARCA,CELENDIN,UTCO,12,0,0,0
060312,CAJAMARCA|CELENDIN|LA LIBERTAD DE PALLAN,CAJAMARCA,CELENDIN,LA LIBERTAD DE PALLAN,2,0,0,0
060401,CAJAMARCA|CHOTA|CHOTA,CAJAMARCA,CHOTA,CHOTA,2166,8,2,1
060402,CAJAMARCA|CHOTA|ANGUIA,CAJAMARCA,CHOTA,ANGUIA,29,3,1,1
060403,CAJAMARCA|CHOTA|CHADIN,CAJAMARCA,CHOTA,CHADIN,1,0,0,0
060404,CAJAMARCA|CHOTA|CHIGUIRIP,CAJAMARCA,CHOTA,CHIGUIRIP,4,1,1,1
060405,CAJAMARCA|CHOTA|CHIMBAN,CAJAMARCA,CHOTA,CHIMBAN,2,2,1,1
060407,CAJAMARCA|CHOTA|COCHABAMBA,CAJAMARCA,CHOTA,COCHABAMBA,6,2,0,1
060408,CAJAMARCA|CHOTA|CONCHAN,CAJAMARCA,CHOTA,CONCHAN,7,3,2,1
060409,CAJAMARCA|CHOTA|HUAMBOS,CAJAMARCA,CHOTA,HUAMBOS,210,6,4,1
060410,CAJAMARCA|CHOTA|LAJAS,CAJAMARCA,CHOTA,LAJAS,27,2,2,1
060411,CAJAMARCA|CHOTA|LLAMA,CAJAMARCA,CHOTA,LLAMA,163,1,0,1
060412,CAJAMARCA|CHOTA|MIRACOSTA,CAJAMARCA,CHOTA,MIRACOSTA,31,2,0,1
060413,CAJAMARCA|CHOTA|PACCHA,CAJAMARCA,CHOTA,PACCHA,3,2,0,1
060415,CAJAMARCA|CHOTA|QUEROCOTO,CAJAMARCA,CHOTA,QUEROCOTO,144,2,1,1
060416,CAJAMARCA|CHOTA|SAN JUAN DE LICUPIS,CAJAMARCA,CHOTA,SAN JUAN DE LICUPIS,24,1,0,1
060417,CAJAMARCA|CHOTA|TACABAMBA,CAJAMARCA,CHOTA,TACABAMBA,191,3,2,1
060418,CAJAMARCA|CHOTA|TOCMOCHE,CAJAMARCA,CHOTA,TOCMOCHE,5,1,0,1
060419,CAJAMARCA|CHOTA|CHALAMARCA,CAJAMARCA,CHOTA,CHALAMARCA,24,2,1,1
060501,CAJAMARCA|CONTUMAZA|CONTUMAZA,CAJAMARCA,CONTUMAZA,CONTUMAZA,322,2,2,1
060502,CAJAMARCA|CONTUMAZA|CHILETE,CAJAMARCA,CONTUMAZA,CHILETE,106,7,5,1
060504,CAJAMARCA|CONTUMAZA|GUZMANGO,CAJAMARCA,CONTUMAZA,GUZMANGO,14,1,1,1
060505,CAJAMARCA|CONTUMAZA|SAN BENITO,CAJAMARCA,CONTUMAZA,SAN BENITO,4,2,0,2
060506,CAJAMARCA|CONTUMAZA|SANTA CRUZ DE TOLED,CAJAMARCA,CONTUMAZA,SANTA CRUZ DE TOLED,21,1,1,1
060507,CAJAMARCA|CONTUMAZA|TANTARICA,CAJAMARCA,CONTUMAZA,TANTARICA,63,1,0,2
060508,CAJAMARCA|CONTUMAZA|YONAN,CAJAMARCA,CONTUMAZA,YONAN,217,2,1,1
060601,CAJAMARCA|CUTERVO|CUTERVO,CAJAMARCA,CUTERVO,CUTERVO,2040,7,4,3
060602,CAJAMARCA|CUTERVO|CALLAYUC,CAJAMARCA,CUTERVO,CALLAYUC,139,2,1,1
060603,CAJAMARCA|CUTERVO|CHOROS,CAJAMARCA,CUTERVO,CHOROS,40,2,0,1
060604,CAJAMARCA|CUTERVO|CUJILLO,CAJAMARCA,CUTERVO,CUJILLO,1,0,0,0
060605,CAJAMARCA|CUTERVO|LA RAMADA,CAJAMARCA,CUTERVO,LA RAMADA,106,1,0,0
060606,CAJAMARCA|CUTERVO|PIMPINGOS,CAJAMARCA,CUTERVO,PIMPINGOS,39,3,0,1
060607,CAJAMARCA|CUTERVO|QUEROCOTILLO,CAJAMARCA,CUTERVO,QUEROCOTILLO,155,1,0,1
060608,CAJAMARCA|CUTERVO|SAN ANDRES DE CUTERVO,CAJAMARCA,CUTERVO,SAN ANDRES DE CUTERVO,24,0,0,1
060610,CAJAMARCA|CUTERVO|SAN LUIS DE LUCMA,CAJAMARCA,CUTERVO,SAN LUIS DE LUCMA,4,0,0,1
060611,CAJAMARCA|CUTERVO|SANTA CRUZ,CAJAMARCA,CUTERVO,SANTA CRUZ,39,2,1,1
060612,CAJAMARCA|CUTERVO|SANTO DOMINGO DE LA CAPILLA,CAJAMARCA,CUTERVO,SANTO DOMINGO DE LA CAPILLA,15,1,1,1
060613,CAJAMARCA|CUTERVO|SANTO TOMAS,CAJAMARCA,CUTERVO,SANTO TOMAS,64,2,2,1
060614,CAJAMARCA|CUTERVO|SOCOTA,CAJAMARCA,CUTERVO,SOCOTA,194,2,1,1
060615,CAJAMARCA|CUTERVO|TORIBIO CASANOVA,CAJAMARCA,CUTERVO,TORIBIO CASANOVA,24,0,0,1
060701,CAJAMARCA|HUALGAYOC|BAMBAMARCA,CAJAMARCA,HUALGAYOC,BAMBAMARCA,2682,6,1,2
060702,CAJAMARCA|HUALGAYOC|CHUGUR,CAJAMARCA,HUALGAYOC,CHUGUR,4,1,0,1
060703,CAJAMARCA|HUALGAYOC|HUALGAYOC,CAJAMARCA,HUALGAYOC,HUALGAYOC,272,5,4,1
060801,CAJAMARCA|JAEN|JAEN,CAJAMARCA,JAEN,JAEN,10164,63,36,2
060802,CAJAMARCA|JAEN|BELLAVISTA,CAJAMARCA,JAEN,BELLAVISTA,506,6,2,2
060803,CAJAMARCA|JAEN|CHONTALI,CAJAMARCA,JAEN,CHONTALI,23,1,0,1
060804,CAJAMARCA|JAEN|COLASAY,CAJAMARCA,JAEN,COLASAY,139,1,0,1
060805,CAJAMARCA|JAEN|HUABAL,CAJAMARCA,JAEN,HUABAL,105,0,0,1
060806,CAJAMARCA|JAEN|LAS PIRIAS,CAJAMARCA,JAEN,LAS PIRIAS,71,0,0,1
060807,CAJAMARCA|JAEN|POMAHUACA,CAJAMARCA,JAEN,POMAHUACA,292,2,1,1
060808,CAJAMARCA|JAEN|PUCARA,CAJAMARCA,JAEN,PUCARA,479,5,4,2
060809,CAJAMARCA|JAEN|SALLIQUE,CAJAMARCA,JAEN,SALLIQUE,5,1,0,1
060810,CAJAMARCA|JAEN|SAN FELIPE,CAJAMARCA,JAEN,SAN FELIPE,7,0,0,1
060811,CAJAMARCA|JAEN|SAN JOSE DEL ALTO,CAJAMARCA,JAEN,SAN JOSE DEL ALTO,62,0,0,0
060812,CAJAMARCA|JAEN|SANTA ROSA,CAJAMARCA,JAEN,SANTA ROSA,161,2,2,1
060901,CAJAMARCA|SAN IGNACIO|SAN IGNACIO,CAJAMARCA,SAN IGNACIO,SAN IGNACIO,1691,16,9,1
060902,CAJAMARCA|SAN IGNACIO|CHIRINOS,CAJAMARCA,SAN IGNACIO,CHIRINOS,222,3,1,1
060903,CAJAMARCA|SAN IGNACIO|HUARANGO,CAJAMARCA,SAN IGNACIO,HUARANGO,117,1,1,1
060904,CAJAMARCA|SAN IGNACIO|LA COIPA,CAJAMARCA,SAN IGNACIO,LA COIPA,142,0,0,0
060905,CAJAMARCA|SAN IGNACIO|NAMBALLE,CAJAMARCA,SAN IGNACIO,NAMBALLE,10,3,3,1
060906,CAJAMARCA|SAN IGNACIO|SAN JOSE DE LOURDES,CAJAMARCA,SAN IGNACIO,SAN JOSE DE LOURDES,315,1,1,1
060907,CAJAMARCA|SAN IGNACIO|TABACONAS,CAJAMARCA,SAN IGNACIO,TABACONAS,207,0,0,1
061001,CAJAMARCA|SAN MARCOS|PEDRO GALVEZ,CAJAMARCA,SAN MARCOS,PEDRO GALVEZ,1114,4,2,1
061002,CAJAMARCA|SAN MARCOS|CHANCAY,CAJAMARCA,SAN MARCOS,CHANCAY,13,3,3,0
061003,CAJAMARCA|SAN MARCOS|EDUARDO VILLANUEVA,CAJAMARCA,SAN MARCOS,EDUARDO VILLANUEVA,170,2,1,1
061004,CAJAMARCA|SAN MARCOS|GREGORIO PITA,CAJAMARCA,SAN MARCOS,GREGORIO PITA,78,0,0,0
061005,CAJAMARCA|SAN MARCOS|ICHOCAN,CAJAMARCA,SAN MARCOS,ICHOCAN,137,2,1,1
061006,CAJAMARCA|SAN MARCOS|JOSE MANUEL QUIROZ,CAJAMARCA,SAN MARCOS,JOSE MANUEL QUIROZ,23,0,0,0
061007,CAJAMARCA|SAN MARCOS|JOSE SABOGAL,CAJAMARCA,SAN MARCOS,JOSE SABOGAL,169,2,1,1
061101,CAJAMARCA|SAN MIGUEL|SAN MIGUEL,CAJAMARCA,SAN MIGUEL,SAN MIGUEL,421,4,0,1
061102,CAJAMARCA|SAN MIGUEL|BOLIVAR,CAJAMARCA,SAN MIGUEL,BOLIVAR,68,0,0,1
061103,CAJAMARCA|SAN MIGUEL|CALQUIS,CAJAMARCA,SAN MIGUEL,CALQUIS,39,2,1,1
061104,CAJAMARCA|SAN MIGUEL|CATILLUC,CAJAMARCA,SAN MIGUEL,CATILLUC,40,0,0,1
061105,CAJAMARCA|SAN MIGUEL|EL PRADO,CAJAMARCA,SAN MIGUEL,EL PRADO,70,1,0,1
061106,CAJAMARCA|SAN MIGUEL|LA FLORIDA,CAJAMARCA,SAN MIGUEL,LA FLORIDA,78,1,0,1
061107,CAJAMARCA|SAN MIGUEL|LLAPA,CAJAMARCA,SAN MIGUEL,LLAPA,67,2,0,1
061108,CAJAMARCA|SAN MIGUEL|NANCHOC,CAJAMARCA,SAN MIGUEL,NANCHOC,3,2,0,1
061109,CAJAMARCA|SAN MIGUEL|NIEPOS,CAJAMARCA,SAN MIGUEL,NIEPOS,84,1,0,2
061110,CAJAMARCA|SAN MIGUEL|SAN GREGORIO,CAJAMARCA,SAN MIGUEL,SAN GREGORIO,1,1,0,1
061111,CAJAMARCA|SAN MIGUEL|SAN SILVESTRE DE COCHAN,CAJAMARCA,SAN MIGUEL,SAN SILVESTRE DE COCHAN,15,0,0,0
061112,CAJAMARCA|SAN MIGUEL|TONGOD,CAJAMARCA,SAN MIGUEL,TONGOD,56,2,1,1
061113,CAJAMARCA|SAN MIGUEL|UNION AGUA BLANCA,CAJAMARCA,SAN MIGUEL,UNION AGUA BLANCA,7,1,1,1
061201,CAJAMARCA|SAN PABLO|SAN PABLO,CAJAMARCA,SAN PABLO,SAN PABLO,382,1,1,1
061202,CAJAMARCA|SAN PABLO|SAN BERNARDINO,CAJAMARCA,SAN PABLO,SAN BERNARDINO,20,3,3,0
061203,CAJAMARCA|SAN PABLO|SAN LUIS,CAJAMARCA,SAN PABLO,SAN LUIS,6,0,0,0
061204,CAJAMARCA|SAN PABLO|TUMBADEN,CAJAMARCA,SAN PABLO,TUMBADEN,9,0,0,0
061301,CAJAMARCA|SANTA CRUZ|SANTA CRUZ,CAJAMARCA,SANTA CRUZ,SANTA CRUZ,544,5,0,1
061302,CAJAMARCA|SANTA CRUZ|ANDABAMBA,CAJAMARCA,SANTA CRUZ,ANDABAMBA,46,0,0,1
061303,CAJAMARCA|SANTA CRUZ|CATACHE,CAJAMARCA,SANTA CRUZ,CATACHE,50,1,0,2
061304,CAJAMARCA|SANTA CRUZ|CHANCAYBANOS,CAJAMARCA,SANTA CRUZ,CHANCAYBAÑOS,31,6,3,0
061305,CAJAMARCA|SANTA CRUZ|LA ESPERANZA,CAJAMARCA,SANTA CRUZ,LA ESPERANZA,9,0,0,0
061306,CAJAMARCA|SANTA CRUZ|NINABAMBA,CAJAMARCA,SANTA CRUZ,NINABAMBA,1,0,0,1
061307,CAJAMARCA|SANTA CRUZ|PULAN,CAJAMARCA,SANTA CRUZ,PULAN,97,2,0,1
061308,CAJAMARCA|SANTA CRUZ|SAUCEPAMPA,CAJAMARCA,SANTA CRUZ,SAUCEPAMPA,11,0,0,0
061310,CAJAMARCA|SANTA CRUZ|UTICYACU,CAJAMARCA,SANTA CRUZ,UTICYACU,14,1,0,1
061311,CAJAMARCA|SANTA CRUZ|YAUYUCAN,CAJAMARCA,SANTA CRUZ,YAUYUCAN,13,1,0,1
070101,CALLAO|CALLAO|CALLAO,PROV. CONST. DEL CALLAO,CALLAO,CALLAO,48771,547,257,11
070102,CALLAO|CALLAO|BELLAVISTA,PROV. CONST. DEL CALLAO,CALLAO,BELLAVISTA,4716,44,19,2
070103,CALLAO|CALLAO|CARMEN DE LA LEGUA REYNOSO,PROV. CONST. DEL CALLAO,CALLAO,CARMEN DE LA LEGUA REYNOSO,1606,20,8,1
070104,CALLAO|CALLAO|LA PERLA,PROV. CONST. DEL CALLAO,CALLAO,LA PERLA,3580,33,21,1
070105,CALLAO|CALLAO|LA PUNTA,PROV. CONST. DEL CALLAO,CALLAO,LA PUNTA,363,14,9,1
070106,CALLAO|CALLAO|VENTANILLA,PROV. CONST. DEL CALLAO,CALLAO,VENTANILLA,11088,257,120,3
070107,CALLAO|CALLAO|MI PERU,PROV. CONST. DEL CALLAO,CALLAO,MI PERU,798,0,0,1
080101,CUSCO|CUSCO|CUSCO,CUSCO,CUSCO,CUSCO,11992,328,161,4
080102,CUSCO|CUSCO|CCORCA,CUSCO,CUSCO,CCORCA,52,0,0,0
080103,CUSCO|CUSCO|POROY,CUSCO,CUSCO,POROY,751,0,0,1
080104,CUSCO|CUSCO|SAN JERONIMO,CUSCO,CUSCO,SAN JERONIMO,4749,25,11,1
080105,CUSCO|CUSCO|SAN SEBASTIAN,CUSCO,CUSCO,SAN SEBASTIAN,7409,9,6,1
080106,CUSCO|CUSCO|SANTIAGO,CUSCO,CUSCO,SANTIAGO,8193,29,18,3
080107,CUSCO|CUSCO|SAYLLA,CUSCO,CUSCO,SAYLLA,786,3,3,1
080108,CUSCO|CUSCO|WANCHAQ,CUSCO,CUSCO,WANCHAQ,8350,8,5,1
080201,CUSCO|ACOMAYO|ACOMAYO,CUSCO,ACOMAYO,ACOMAYO,267,5,5,1
080202,CUSCO|ACOMAYO|ACOPIA,CUSCO,ACOMAYO,ACOPIA,46,2,0,1
080203,CUSCO|ACOMAYO|ACOS,CUSCO,ACOMAYO,ACOS,27,0,0,0
080204,CUSCO|ACOMAYO|MOSOC LLACTA,CUSCO,ACOMAYO,MOSOC LLACTA,45,1,0,1
080205,CUSCO|ACOMAYO|POMACANCHI,CUSCO,ACOMAYO,POMACANCHI,98,4,0,1
080206,CUSCO|ACOMAYO|RONDOCAN,CUSCO,ACOMAYO,RONDOCAN,9,0,0,0
080207,CUSCO|ACOMAYO|SANGARARA,CUSCO,ACOMAYO,SANGARARA,81,1,1,1
080301,CUSCO|ANTA|ANTA,CUSCO,ANTA,ANTA,1122,7,3,1
080302,CUSCO|ANTA|ANCAHUASI,CUSCO,ANTA,ANCAHUASI,250,1,0,1
080303,CUSCO|ANTA|CACHIMAYO,CUSCO,ANTA,CACHIMAYO,106,2,0,1
080304,CUSCO|ANTA|CHINCHAYPUJIO,CUSCO,ANTA,CHINCHAYPUJIO,77,4,2,1
080305,CUSCO|ANTA|HUAROCONDO,CUSCO,ANTA,HUAROCONDO,208,3,1,1
080306,CUSCO|ANTA|LIMATAMBO,CUSCO,ANTA,LIMATAMBO,306,3,1,1
080307,CUSCO|ANTA|MOLLEPATA,CUSCO,ANTA,MOLLEPATA,148,1,1,1
080308,CUSCO|ANTA|PUCYURA,CUSCO,ANTA,PUCYURA,191,2,2,1
080309,CUSCO|ANTA|ZURITE,CUSCO,ANTA,ZURITE,170,2,2,1
080401,CUSCO|CALCA|CALCA,CUSCO,CALCA,CALCA,1513,18,9,1
080402,CUSCO|CALCA|COYA,CUSCO,CALCA,COYA,66,0,0,0
080403,CUSCO|CALCA|LAMAY,CUSCO,CALCA,LAMAY,88,0,0,0
080404,CUSCO|CALCA|LARES,CUSCO,CALCA,LARES,113,2,0,1
080405,CUSCO|CALCA|PISAC,CUSCO,CALCA,PISAC,476,4,1,1
080406,CUSCO|CALCA|SAN SALVADOR,CUSCO,CALCA,SAN SALVADOR,202,3,1,1
080407,CUSCO|CALCA|TARAY,CUSCO,CALCA,TARAY,54,0,0,0
080408,CUSCO|CALCA|YANATILE,CUSCO,CALCA,YANATILE,348,2,1,1
080501,CUSCO|CANAS|YANAOCA,CUSCO,CANAS,YANAOCA,453,2,2,1
080502,CUSCO|CANAS|CHECCA,CUSCO,CANAS,CHECCA,59,0,0,0
080503,CUSCO|CANAS|KUNTURKANKI,CUSCO,CANAS,KUNTURKANKI,151,4,2,1
080504,CUSCO|CANAS|LANGUI,CUSCO,CANAS,LANGUI,62,2,2,1
080505,CUSCO|CANAS|LAYO,CUSCO,CANAS,LAYO,91,2,2,1
080506,CUSCO|CANAS|PAMPAMARCA,CUSCO,CANAS,PAMPAMARCA,19,0,0,0
080507,CUSCO|CANAS|QUEHUE,CUSCO,CANAS,QUEHUE,17,0,0,0
080508,CUSCO|CANAS|TUPAC AMARU,CUSCO,CANAS,TUPAC AMARU,6,0,0,0
080601,CUSCO|CANCHIS|SICUANI,CUSCO,CANCHIS,SICUANI,3148,39,33,2
080602,CUSCO|CANCHIS|CHECACUPE,CUSCO,CANCHIS,CHECACUPE,149,1,1,1
080603,CUSCO|CANCHIS|COMBAPATA,CUSCO,CANCHIS,COMBAPATA,228,12,7,1
080604,CUSCO|CANCHIS|MARANGANI,CUSCO,CANCHIS,MARANGANI,244,1,1,1
080605,CUSCO|CANCHIS|PITUMARCA,CUSCO,CANCHIS,PITUMARCA,172,2,1,1
080606,CUSCO|CANCHIS|SAN PABLO,CUSCO,CANCHIS,SAN PABLO,20,0,0,0
080607,CUSCO|CANCHIS|SAN PEDRO,CUSCO,CANCHIS,SAN PEDRO,16,0,0,0
080608,CUSCO|CANCHIS|TINTA,CUSCO,CANCHIS,TINTA,174,2,2,1
080701,CUSCO|CHUMBIVILCAS|SANTO TOMAS,CUSCO,CHUMBIVILCAS,SANTO TOMAS,1480,7,3,1
080702,CUSCO|CHUMBIVILCAS|CAPACMARCA,CUSCO,CHUMBIVILCAS,CAPACMARCA,27,0,0,0
080703,CUSCO|CHUMBIVILCAS|CHAMACA,CUSCO,CHUMBIVILCAS,CHAMACA,35,0,0,0
080704,CUSCO|CHUMBIVILCAS|COLQUEMARCA,CUSCO,CHUMBIVILCAS,COLQUEMARCA,279,0,0,0
080705,CUSCO|CHUMBIVILCAS|LIVITACA,CUSCO,CHUMBIVILCAS,LIVITACA,149,2,1,1
080706,CUSCO|CHUMBIVILCAS|LLUSCO,CUSCO,CHUMBIVILCAS,LLUSCO,61,0,0,0
080707,CUSCO|CHUMBIVILCAS|QUINOTA,CUSCO,CHUMBIVILCAS,QUIÑOTA,49,0,0,0
080708,CUSCO|CHUMBIVILCAS|VELILLE,CUSCO,CHUMBIVILCAS,VELILLE,252,3,1,1
080801,CUSCO|ESPINAR|ESPINAR,CUSCO,ESPINAR,ESPINAR,1440,16,11,1
080802,CUSCO|ESPINAR|CONDOROMA,CUSCO,ESPINAR,CONDOROMA,3,0,0,0
080803,CUSCO|ESPINAR|COPORAQUE,CUSCO,ESPINAR,COPORAQUE,38,0,0,0
080804,CUSCO|ESPINAR|OCORURO,CUSCO,ESPINAR,OCORURO,6,0,0,0
080805,CUSCO|ESPINAR|PALLPATA,CUSCO,ESPINAR,PALLPATA,36,0,0,0
080806,CUSCO|ESPINAR|PICHIGUA,CUSCO,ESPINAR,PICHIGUA,13,0,0,0
080807,CUSCO|ESPINAR|SUYCKUTAMBO,CUSCO,ESPINAR,SUYCKUTAMBO,10,0,0,0
080808,CUSCO|ESPINAR|ALTO PICHIGUA,CUSCO,ESPINAR,ALTO PICHIGUA,12,0,0,0
080901,CUSCO|LA CONVENCION|SANTA ANA,CUSCO,LA CONVENCION,SANTA ANA,7056,40,36,3
080902,CUSCO|LA CONVENCION|ECHARATE,CUSCO,LA CONVENCION,ECHARATE,1003,32,20,4
080903,CUSCO|LA CONVENCION|HUAYOPATA,CUSCO,LA CONVENCION,HUAYOPATA,274,7,4,1
080904,CUSCO|LA CONVENCION|MARANURA,CUSCO,LA CONVENCION,MARANURA,244,4,3,2
080905,CUSCO|LA CONVENCION|OCOBAMBA,CUSCO,LA CONVENCION,OCOBAMBA,164,0,0,1
080906,CUSCO|LA CONVENCION|QUELLOUNO,CUSCO,LA CONVENCION,QUELLOUNO,342,7,3,1
080907,CUSCO|LA CONVENCION|KIMBIRI,CUSCO,LA CONVENCION,KIMBIRI,1158,9,6,1
080908,CUSCO|LA CONVENCION|SANTA TERESA,CUSCO,LA CONVENCION,SANTA TERESA,316,1,1,1
080909,CUSCO|LA CONVENCION|VILCABAMBA,CUSCO,LA CONVENCION,VILCABAMBA,304,6,4,1
080910,CUSCO|LA CONVENCION|PICHARI,CUSCO,LA CONVENCION,PICHARI,2541,70,42,2
080914,CUSCO|LA CONVENCION|MEGANTONI,CUSCO,LA CONVENCION,MEGANTONI,183,0,0,1
080915,CUSCO|LA CONVENCION|KUMPIRUSHIATO,CUSCO,LA CONVENCION,KUMPIRUSHIATO,275,0,0,0
081001,CUSCO|PARURO|PARURO,CUSCO,PARURO,PARURO,147,2,1,1
081002,CUSCO|PARURO|ACCHA,CUSCO,PARURO,ACCHA,99,2,2,1
081003,CUSCO|PARURO|CCAPI,CUSCO,PARURO,CCAPI,11,2,2,1
081004,CUSCO|PARURO|COLCHA,CUSCO,PARURO,COLCHA,8,0,0,0
081005,CUSCO|PARURO|HUANOQUITE,CUSCO,PARURO,HUANOQUITE,226,1,1,1
081006,CUSCO|PARURO|OMACHA,CUSCO,PARURO,OMACHA,62,3,2,1
081007,CUSCO|PARURO|PACCARITAMBO,CUSCO,PARURO,PACCARITAMBO,12,0,0,0
081008,CUSCO|PARURO|PILLPINTO,CUSCO,PARURO,PILLPINTO,21,0,0,0
081009,CUSCO|PARURO|YAURISQUE,CUSCO,PARURO,YAURISQUE,94,4,2,1
081101,CUSCO|PAUCARTAMBO|PAUCARTAMBO,CUSCO,PAUCARTAMBO,PAUCARTAMBO,640,2,2,1
081102,CUSCO|PAUCARTAMBO|CAICAY,CUSCO,PAUCARTAMBO,CAICAY,50,0,0,0
081103,CUSCO|PAUCARTAMBO|CHALLABAMBA,CUSCO,PAUCARTAMBO,CHALLABAMBA,89,0,0,0
081104,CUSCO|PAUCARTAMBO|COLQUEPATA,CUSCO,PAUCARTAMBO,COLQUEPATA,135,1,0,1
081105,CUSCO|PAUCARTAMBO|HUANCARANI,CUSCO,PAUCARTAMBO,HUANCARANI,138,2,2,1
081106,CUSCO|PAUCARTAMBO|KOSNIPATA,CUSCO,PAUCARTAMBO,KOSÑIPATA,388,5,0,0
081201,CUSCO|QUISPICANCHI|URCOS,CUSCO,QUISPICANCHI,URCOS,673,4,2,1
081202,CUSCO|QUISPICANCHI|ANDAHUAYLILLAS,CUSCO,QUISPICANCHI,ANDAHUAYLILLAS,238,2,2,1
081203,CUSCO|QUISPICANCHI|CAMANTI,CUSCO,QUISPICANCHI,CAMANTI,161,3,1,1
081204,CUSCO|QUISPICANCHI|CCARHUAYO,CUSCO,QUISPICANCHI,CCARHUAYO,12,0,0,0
081205,CUSCO|QUISPICANCHI|CCATCA,CUSCO,QUISPICANCHI,CCATCA,327,5,3,2
081206,CUSCO|QUISPICANCHI|CUSIPATA,CUSCO,QUISPICANCHI,CUSIPATA,149,0,0,0
081207,CUSCO|QUISPICANCHI|HUARO,CUSCO,QUISPICANCHI,HUARO,181,2,2,1
081208,CUSCO|QUISPICANCHI|LUCRE,CUSCO,QUISPICANCHI,LUCRE,303,4,1,2
081209,CUSCO|QUISPICANCHI|MARCAPATA,CUSCO,QUISPICANCHI,MARCAPATA,67,2,2,1
081210,CUSCO|QUISPICANCHI|OCONGATE,CUSCO,QUISPICANCHI,OCONGATE,345,2,1,1
081211,CUSCO|QUISPICANCHI|OROPESA,CUSCO,QUISPICANCHI,OROPESA,593,0,0,1
081212,CUSCO|QUISPICANCHI|QUIQUIJANA,CUSCO,QUISPICANCHI,QUIQUIJANA,277,5,4,1
081301,CUSCO|URUBAMBA|URUBAMBA,CUSCO,URUBAMBA,URUBAMBA,2756,9,4,1
081302,CUSCO|URUBAMBA|CHINCHERO,CUSCO,URUBAMBA,CHINCHERO,407,4,2,1
081303,CUSCO|URUBAMBA|HUAYLLABAMBA,CUSCO,URUBAMBA,HUAYLLABAMBA,348,2,1,1
081304,CUSCO|URUBAMBA|MACHUPICCHU,CUSCO,URUBAMBA,MACHUPICCHU,513,1,1,1
081305,CUSCO|URUBAMBA|MARAS,CUSCO,URUBAMBA,MARAS,350,3,1,1
081306,CUSCO|URUBAMBA|OLLANTAYTAMBO,CUSCO,URUBAMBA,OLLANTAYTAMBO,888,5,3,1
081307,CUSCO|URUBAMBA|YUCAY,CUSCO,URUBAMBA,YUCAY,58,0,0,0
090101,HUANCAVELICA|HUANCAVELICA|HUANCAVELICA,HUANCAVELICA,HUANCAVELICA,HUANCAVELICA,3165,67,25,1
090102,HUANCAVELICA|HUANCAVELICA|ACOBAMBILLA,HUANCAVELICA,HUANCAVELICA,ACOBAMBILLA,38,3,2,1
090103,HUANCAVELICA|HUANCAVELICA|ACORIA,HUANCAVELICA,HUANCAVELICA,ACORIA,199,1,1,1
090104,HUANCAVELICA|HUANCAVELICA|CONAYCA,HUANCAVELICA,HUANCAVELICA,CONAYCA,5,0,0,0
090105,HUANCAVELICA|HUANCAVELICA|CUENCA,HUANCAVELICA,HUANCAVELICA,CUENCA,10,0,0,0
090106,HUANCAVELICA|HUANCAVELICA|HUACHOCOLPA,HUANCAVELICA,HUANCAVELICA,HUACHOCOLPA,28,0,0,1
090107,HUANCAVELICA|HUANCAVELICA|HUAYLLAHUARA,HUANCAVELICA,HUANCAVELICA,HUAYLLAHUARA,1,0,0,0
090108,HUANCAVELICA|HUANCAVELICA|IZCUCHACA,HUANCAVELICA,HUANCAVELICA,IZCUCHACA,94,2,1,1
090109,HUANCAVELICA|HUANCAVELICA|LARIA,HUANCAVELICA,HUANCAVELICA,LARIA,2,0,0,0
090110,HUANCAVELICA|HUANCAVELICA|MANTA,HUANCAVELICA,HUANCAVELICA,MANTA,2,0,0,0
090111,HUANCAVELICA|HUANCAVELICA|MARISCAL CACERES,HUANCAVELICA,HUANCAVELICA,MARISCAL CACERES,43,1,1,0
090112,HUANCAVELICA|HUANCAVELICA|MOYA,HUANCAVELICA,HUANCAVELICA,MOYA,37,2,2,1
090113,HUANCAVELICA|HUANCAVELICA|NUEVO OCCORO,HUANCAVELICA,HUANCAVELICA,NUEVO OCCORO,4,0,0,0
090114,HUANCAVELICA|HUANCAVELICA|PALCA,HUANCAVELICA,HUANCAVELICA,PALCA,6,0,0,0
090115,HUANCAVELICA|HUANCAVELICA|PILCHACA,HUANCAVELICA,HUANCAVELICA,PILCHACA,8,0,0,0
090116,HUANCAVELICA|HUANCAVELICA|VILCA,HUANCAVELICA,HUANCAVELICA,VILCA,4,0,0,0
090117,HUANCAVELICA|HUANCAVELICA|YAULI,HUANCAVELICA,HUANCAVELICA,YAULI,144,2,1,1
090118,HUANCAVELICA|HUANCAVELICA|ASCENSION,HUANCAVELICA,HUANCAVELICA,ASCENSION,236,0,0,0
090119,HUANCAVELICA|HUANCAVELICA|HUANDO,HUANCAVELICA,HUANCAVELICA,HUANDO,146,2,1,1
090201,HUANCAVELICA|ACOBAMBA|ACOBAMBA,HUANCAVELICA,ACOBAMBA,ACOBAMBA,482,4,2,1
090202,HUANCAVELICA|ACOBAMBA|ANDABAMBA,HUANCAVELICA,ACOBAMBA,ANDABAMBA,21,0,0,0
090203,HUANCAVELICA|ACOBAMBA|ANTA,HUANCAVELICA,ACOBAMBA,ANTA,11,0,0,0
090204,HUANCAVELICA|ACOBAMBA|CAJA,HUANCAVELICA,ACOBAMBA,CAJA,14,0,0,0
090205,HUANCAVELICA|ACOBAMBA|MARCAS,HUANCAVELICA,ACOBAMBA,MARCAS,38,3,2,1
090206,HUANCAVELICA|ACOBAMBA|PAUCARA,HUANCAVELICA,ACOBAMBA,PAUCARA,293,4,1,1
090207,HUANCAVELICA|ACOBAMBA|POMACOCHA,HUANCAVELICA,ACOBAMBA,POMACOCHA,21,0,0,0
090208,HUANCAVELICA|ACOBAMBA|ROSARIO,HUANCAVELICA,ACOBAMBA,ROSARIO,31,0,0,0
090301,HUANCAVELICA|ANGARAES|LIRCAY,HUANCAVELICA,ANGARAES,LIRCAY,730,5,4,1
090302,HUANCAVELICA|ANGARAES|ANCHONGA,HUANCAVELICA,ANGARAES,ANCHONGA,16,0,0,0
090303,HUANCAVELICA|ANGARAES|CALLANMARCA,HUANCAVELICA,ANGARAES,CALLANMARCA,2,0,0,0
090304,HUANCAVELICA|ANGARAES|CCOCHACCASA,HUANCAVELICA,ANGARAES,CCOCHACCASA,35,2,1,1
090305,HUANCAVELICA|ANGARAES|CHINCHO,HUANCAVELICA,ANGARAES,CHINCHO,14,0,0,0
090306,HUANCAVELICA|ANGARAES|CONGALLA,HUANCAVELICA,ANGARAES,CONGALLA,64,2,2,1
090307,HUANCAVELICA|ANGARAES|HUANCA-HUANCA,HUANCAVELICA,ANGARAES,HUANCA-HUANCA,2,0,0,0
090308,HUANCAVELICA|ANGARAES|HUAYLLAY GRANDE,HUANCAVELICA,ANGARAES,HUAYLLAY GRANDE,2,0,0,0
090309,HUANCAVELICA|ANGARAES|JULCAMARCA,HUANCAVELICA,ANGARAES,JULCAMARCA,58,2,2,1
090310,HUANCAVELICA|ANGARAES|SAN ANTONIO DE ANTAPARCO,HUANCAVELICA,ANGARAES,SAN ANTONIO DE ANTAPARCO,7,0,0,0
090311,HUANCAVELICA|ANGARAES|SANTO TOMAS DE PATA,HUANCAVELICA,ANGARAES,SANTO TOMAS DE PATA,9,0,0,0
090312,HUANCAVELICA|ANGARAES|SECCLLA,HUANCAVELICA,ANGARAES,SECCLLA,21,0,0,0
090401,HUANCAVELICA|CASTROVIRREYNA|CASTROVIRREYNA,HUANCAVELICA,CASTROVIRREYNA,CASTROVIRREYNA,112,2,2,1
090402,HUANCAVELICA|CASTROVIRREYNA|ARMA,HUANCAVELICA,CASTROVIRREYNA,ARMA,29,2,2,1
090403,HUANCAVELICA|CASTROVIRREYNA|AURAHUA,HUANCAVELICA,CASTROVIRREYNA,AURAHUA,97,1,1,1
090404,HUANCAVELICA|CASTROVIRREYNA|CAPILLAS,HUANCAVELICA,CASTROVIRREYNA,CAPILLAS,7,0,0,0
090405,HUANCAVELICA|CASTROVIRREYNA|CHUPAMARCA,HUANCAVELICA,CASTROVIRREYNA,CHUPAMARCA,29,1,1,1
090406,HUANCAVELICA|CASTROVIRREYNA|COCAS,HUANCAVELICA,CASTROVIRREYNA,COCAS,4,0,0,0
090407,HUANCAVELICA|CASTROVIRREYNA|HUACHOS,HUANCAVELICA,CASTROVIRREYNA,HUACHOS,52,1,1,1
090408,HUANCAVELICA|CASTROVIRREYNA|HUAMATAMBO,HUANCAVELICA,CASTROVIRREYNA,HUAMATAMBO,1,0,0,0
090409,HUANCAVELICA|CASTROVIRREYNA|MOLLEPAMPA,HUANCAVELICA,CASTROVIRREYNA,MOLLEPAMPA,1,0,0,0
090410,HUANCAVELICA|CASTROVIRREYNA|SAN JUAN,HUANCAVELICA,CASTROVIRREYNA,SAN JUAN,4,0,0,0
090411,HUANCAVELICA|CASTROVIRREYNA|SANTA ANA,HUANCAVELICA,CASTROVIRREYNA,SANTA ANA,12,0,0,0
090412,HUANCAVELICA|CASTROVIRREYNA|TANTARA,HUANCAVELICA,CASTROVIRREYNA,TANTARA,56,0,0,1
090413,HUANCAVELICA|CASTROVIRREYNA|TICRAPO,HUANCAVELICA,CASTROVIRREYNA,TICRAPO,84,1,1,1
090501,HUANCAVELICA|CHURCAMPA|CHURCAMPA,HUANCAVELICA,CHURCAMPA,CHURCAMPA,134,3,2,1
090502,HUANCAVELICA|CHURCAMPA|ANCO,HUANCAVELICA,CHURCAMPA,ANCO,191,3,1,1
090503,HUANCAVELICA|CHURCAMPA|CHINCHIHUASI,HUANCAVELICA,CHURCAMPA,CHINCHIHUASI,33,3,2,1
090504,HUANCAVELICA|CHURCAMPA|EL CARMEN,HUANCAVELICA,CHURCAMPA,EL CARMEN,2,0,0,0
090506,HUANCAVELICA|CHURCAMPA|LOCROJA,HUANCAVELICA,CHURCAMPA,LOCROJA,17,0,0,0
090507,HUANCAVELICA|CHURCAMPA|PAUCARBAMBA,HUANCAVELICA,CHURCAMPA,PAUCARBAMBA,90,5,4,1
090508,HUANCAVELICA|CHURCAMPA|SAN MIGUEL DE MAYOCC,HUANCAVELICA,CHURCAMPA,SAN MIGUEL DE MAYOCC,46,2,2,1
090509,HUANCAVELICA|CHURCAMPA|SAN PEDRO DE CORIS,HUANCAVELICA,CHURCAMPA,SAN PEDRO DE CORIS,47,5,3,1
090510,HUANCAVELICA|CHURCAMPA|PACHAMARCA,HUANCAVELICA,CHURCAMPA,PACHAMARCA,1,0,0,0
090601,HUANCAVELICA|HUAYTARA|HUAYTARA,HUANCAVELICA,HUAYTARA,HUAYTARA,140,6,2,1
090603,HUANCAVELICA|HUAYTARA|CORDOVA,HUANCAVELICA,HUAYTARA,CORDOVA,36,1,0,1
090605,HUANCAVELICA|HUAYTARA|LARAMARCA,HUANCAVELICA,HUAYTARA,LARAMARCA,3,0,0,0
090606,HUANCAVELICA|HUAYTARA|OCOYO,HUANCAVELICA,HUAYTARA,OCOYO,5,0,0,0
090607,HUANCAVELICA|HUAYTARA|PILPICHACA,HUANCAVELICA,HUAYTARA,PILPICHACA,90,2,2,0
090608,HUANCAVELICA|HUAYTARA|QUERCO,HUANCAVELICA,HUAYTARA,QUERCO,5,0,0,0
090609,HUANCAVELICA|HUAYTARA|QUITO-ARMA,HUANCAVELICA,HUAYTARA,QUITO-ARMA,1,0,0,0
090610,HUANCAVELICA|HUAYTARA|SAN ANTONIO DE CUSICANCHA,HUANCAVELICA,HUAYTARA,SAN ANTONIO DE CUSICANCHA,3,0,0,0
090611,HUANCAVELICA|HUAYTARA|SAN FRANCISCO DE SANGAYAICO,HUANCAVELICA,HUAYTARA,SAN FRANCISCO DE SANGAYAICO,5,0,0,0
090613,HUANCAVELICA|HUAYTARA|SANTIAGO DE CHOCORVOS,HUANCAVELICA,HUAYTARA,SANTIAGO DE CHOCORVOS,73,1,0,1
090614,HUANCAVELICA|HUAYTARA|SANTIAGO DE QUIRAHUARA,HUANCAVELICA,HUAYTARA,SANTIAGO DE QUIRAHUARA,2,0,0,0
090615,HUANCAVELICA|HUAYTARA|SANTO DOMINGO DE CAPILLAS,HUANCAVELICA,HUAYTARA,SANTO DOMINGO DE CAPILLAS,3,0,0,0
090701,HUANCAVELICA|TAYACAJA|PAMPAS,HUANCAVELICA,TAYACAJA,PAMPAS,768,25,9,1
090702,HUANCAVELICA|TAYACAJA|ACOSTAMBO,HUANCAVELICA,TAYACAJA,ACOSTAMBO,103,3,1,1
090703,HUANCAVELICA|TAYACAJA|ACRAQUIA,HUANCAVELICA,TAYACAJA,ACRAQUIA,15,0,0,0
090704,HUANCAVELICA|TAYACAJA|AHUAYCHA,HUANCAVELICA,TAYACAJA,AHUAYCHA,26,7,3,1
090705,HUANCAVELICA|TAYACAJA|COLCABAMBA,HUANCAVELICA,TAYACAJA,COLCABAMBA,76,7,2,1
090706,HUANCAVELICA|TAYACAJA|DANIEL HERNANDEZ,HUANCAVELICA,TAYACAJA,DANIEL HERNANDEZ,47,0,0,0
090707,HUANCAVELICA|TAYACAJA|HUACHOCOLPA,HUANCAVELICA,TAYACAJA,HUACHOCOLPA,67,4,3,1
090709,HUANCAVELICA|TAYACAJA|HUARIBAMBA,HUANCAVELICA,TAYACAJA,HUARIBAMBA,20,0,0,0
090710,HUANCAVELICA|TAYACAJA|NAHUIMPUQUIO,HUANCAVELICA,TAYACAJA,ÑAHUIMPUQUIO,15,0,0,0
090711,HUANCAVELICA|TAYACAJA|PAZOS,HUANCAVELICA,TAYACAJA,PAZOS,115,3,1,1
090713,HUANCAVELICA|TAYACAJA|QUISHUAR,HUANCAVELICA,TAYACAJA,QUISHUAR,77,0,0,0
090714,HUANCAVELICA|TAYACAJA|SALCABAMBA,HUANCAVELICA,TAYACAJA,SALCABAMBA,11,0,0,0
090715,HUANCAVELICA|TAYACAJA|SALCAHUASI,HUANCAVELICA,TAYACAJA,SALCAHUASI,21,0,0,0
090716,HUANCAVELICA|TAYACAJA|SAN MARCOS DE ROCCHAC,HUANCAVELICA,TAYACAJA,SAN MARCOS DE ROCCHAC,11,0,0,0
090717,HUANCAVELICA|TAYACAJA|SURCUBAMBA,HUANCAVELICA,TAYACAJA,SURCUBAMBA,98,4,4,1
090718,HUANCAVELICA|TAYACAJA|TINTAY PUNCU,HUANCAVELICA,TAYACAJA,TINTAY PUNCU,65,4,4,1
100101,HUANUCO|HUANUCO|HUANUCO,HUANUCO,HUANUCO,HUANUCO,10313,123,84,1
100102,HUANUCO|HUANUCO|AMARILIS,HUANUCO,HUANUCO,AMARILIS,8552,14,7,1
100103,HUANUCO|HUANUCO|CHINCHAO,HUANUCO,HUANUCO,CHINCHAO,535,1,1,1
100104,HUANUCO|HUANUCO|CHURUBAMBA,HUANUCO,HUANUCO,CHURUBAMBA,294,2,1,1
100105,HUANUCO|HUANUCO|MARGOS,HUANUCO,HUANUCO,MARGOS,257,1,1,1
100106,HUANUCO|HUANUCO|QUISQUI,HUANUCO,HUANUCO,QUISQUI,28,0,0,0
100107,HUANUCO|HUANUCO|SAN FRANCISCO DE CAYRAN,HUANUCO,HUANUCO,SAN FRANCISCO DE CAYRAN,26,0,0,0
100108,HUANUCO|HUANUCO|SAN PEDRO DE CHAULAN,HUANUCO,HUANUCO,SAN PEDRO DE CHAULAN,86,2,1,1
100109,HUANUCO|HUANUCO|SANTA MARIA DEL VALLE,HUANUCO,HUANUCO,SANTA MARIA DEL VALLE,136,0,0,0
100110,HUANUCO|HUANUCO|YARUMAYO,HUANUCO,HUANUCO,YARUMAYO,15,0,0,0
100111,HUANUCO|HUANUCO|PILLCO MARCA,HUANUCO,HUANUCO,PILLCO MARCA,3424,4,4,1
100201,HUANUCO|AMBO|AMBO,HUANUCO,AMBO,AMBO,1863,4,4,1
100202,HUANUCO|AMBO|CAYNA,HUANUCO,AMBO,CAYNA,52,2,2,1
100203,HUANUCO|AMBO|COLPAS,HUANUCO,AMBO,COLPAS,4,0,0,0
100204,HUANUCO|AMBO|CONCHAMARCA,HUANUCO,AMBO,CONCHAMARCA,48,0,0,0
100205,HUANUCO|AMBO|HUACAR,HUANUCO,AMBO,HUACAR,50,0,0,0
100206,HUANUCO|AMBO|SAN FRANCISCO,HUANUCO,AMBO,SAN FRANCISCO,3,0,0,0
100207,HUANUCO|AMBO|SAN RAFAEL,HUANUCO,AMBO,SAN RAFAEL,222,2,1,1
100208,HUANUCO|AMBO|TOMAY KICHWA,HUANUCO,AMBO,TOMAY KICHWA,42,0,0,0
100301,HUANUCO|DOS DE MAYO|LA UNION,HUANUCO,DOS DE MAYO,LA UNION,695,6,4,1
100307,HUANUCO|DOS DE MAYO|CHUQUIS,HUANUCO,DOS DE MAYO,CHUQUIS,22,0,0,0
100311,HUANUCO|DOS DE MAYO|MARIAS,HUANUCO,DOS DE MAYO,MARIAS,15,0,0,0
100313,HUANUCO|DOS DE MAYO|PACHAS,HUANUCO,DOS DE MAYO,PACHAS,63,0,0,0
100316,HUANUCO|DOS DE MAYO|QUIVILLA,HUANUCO,DOS DE MAYO,QUIVILLA,2,0,0,0
100317,HUANUCO|DOS DE MAYO|RIPAN,HUANUCO,DOS DE MAYO,RIPAN,77,0,0,0
100321,HUANUCO|DOS DE MAYO|SHUNQUI,HUANUCO,DOS DE MAYO,SHUNQUI,20,0,0,0
100322,HUANUCO|DOS DE MAYO|SILLAPATA,HUANUCO,DOS DE MAYO,SILLAPATA,12,0,0,0
100323,HUANUCO|DOS DE MAYO|YANAS,HUANUCO,DOS DE MAYO,YANAS,12,0,0,0
100401,HUANUCO|HUACAYBAMBA|HUACAYBAMBA,HUANUCO,HUACAYBAMBA,HUACAYBAMBA,145,2,2,1
100402,HUANUCO|HUACAYBAMBA|CANCHABAMBA,HUANUCO,HUACAYBAMBA,CANCHABAMBA,6,0,0,0
100403,HUANUCO|HUACAYBAMBA|COCHABAMBA,HUANUCO,HUACAYBAMBA,COCHABAMBA,7,2,2,0
100404,HUANUCO|HUACAYBAMBA|PINRA,HUANUCO,HUACAYBAMBA,PINRA,3,0,0,0
100501,HUANUCO|HUAMALIES|LLATA,HUANUCO,HUAMALIES,LLATA,483,2,2,1
100502,HUANUCO|HUAMALIES|ARANCAY,HUANUCO,HUAMALIES,ARANCAY,7,0,0,0
100503,HUANUCO|HUAMALIES|CHAVIN DE PARIARCA,HUANUCO,HUAMALIES,CHAVIN DE PARIARCA,69,0,0,1
100504,HUANUCO|HUAMALIES|JACAS GRANDE,HUANUCO,HUAMALIES,JACAS GRANDE,18,0,0,0
100505,HUANUCO|HUAMALIES|JIRCAN,HUANUCO,HUAMALIES,JIRCAN,1,0,0,0
100506,HUANUCO|HUAMALIES|MIRAFLORES,HUANUCO,HUAMALIES,MIRAFLORES,11,0,0,0
100507,HUANUCO|HUAMALIES|MONZON,HUANUCO,HUAMALIES,MONZON,386,5,4,3
100508,HUANUCO|HUAMALIES|PUNCHAO,HUANUCO,HUAMALIES,PUNCHAO,6,0,0,0
100509,HUANUCO|HUAMALIES|PUNOS,HUANUCO,HUAMALIES,PUÑOS,32,0,0,0
100510,HUANUCO|HUAMALIES|SINGA,HUANUCO,HUAMALIES,SINGA,9,0,0,0
100511,HUANUCO|HUAMALIES|TANTAMAYO,HUANUCO,HUAMALIES,TANTAMAYO,5,0,0,0
100601,HUANUCO|LEONCIO PRADO|RUPA-RUPA,HUANUCO,LEONCIO PRADO,RUPA-RUPA,7410,85,49,2
100602,HUANUCO|LEONCIO PRADO|DANIEL ALOMIAS ROBLES,HUANUCO,LEONCIO PRADO,DANIEL ALOMIAS ROBLES,280,4,3,0
100603,HUANUCO|LEONCIO PRADO|HERMILIO VALDIZAN,HUANUCO,LEONCIO PRADO,HERMILIO VALDIZAN,20,0,0,0
100604,HUANUCO|LEONCIO PRADO|JOSE CRESPO Y CASTILLO,HUANUCO,LEONCIO PRADO,JOSE CRESPO Y CASTILLO,1697,18,9,1
100605,HUANUCO|LEONCIO PRADO|LUYANDO,HUANUCO,LEONCIO PRADO,LUYANDO,161,3,2,0
100606,HUANUCO|LEONCIO PRADO|MARIANO DAMASO BERAUN,HUANUCO,LEONCIO PRADO,MARIANO DAMASO BERAUN,340,2,1,1
100608,HUANUCO|LEONCIO PRADO|CASTILLO GRANDE,HUANUCO,LEONCIO PRADO,CASTILLO GRANDE,318,0,0,0
100701,HUANUCO|MARANON|HUACRACHUCO,HUANUCO,MARAÑON,HUACRACHUCO,278,2,2,0
100702,HUANUCO|MARANON|CHOLON,HUANUCO,MARAÑON,CHOLON,276,6,5,0
100703,HUANUCO|MARANON|SAN BUENAVENTURA,HUANUCO,MARAÑON,SAN BUENAVENTURA,3,0,0,0
100801,HUANUCO|PACHITEA|PANAO,HUANUCO,PACHITEA,PANAO,684,2,2,1
100802,HUANUCO|PACHITEA|CHAGLLA,HUANUCO,PACHITEA,CHAGLLA,90,0,0,0
100803,HUANUCO|PACHITEA|MOLINO,HUANUCO,PACHITEA,MOLINO,99,0,0,0
100804,HUANUCO|PACHITEA|UMARI,HUANUCO,PACHITEA,UMARI,78,0,0,0
100901,HUANUCO|PUERTO INCA|PUERTO INCA,HUANUCO,PUERTO INCA,PUERTO INCA,667,28,9,1
100902,HUANUCO|PUERTO INCA|CODO DEL POZUZO,HUANUCO,PUERTO INCA,CODO DEL POZUZO,295,2,1,1
100903,HUANUCO|PUERTO INCA|HONORIA,HUANUCO,PUERTO INCA,HONORIA,141,2,0,1
100904,HUANUCO|PUERTO INCA|TOURNAVISTA,HUANUCO,PUERTO INCA,TOURNAVISTA,227,2,1,1
100905,HUANUCO|PUERTO INCA|YUYAPICHIS,HUANUCO,PUERTO INCA,YUYAPICHIS,382,2,0,1
101001,HUANUCO|LAURICOCHA|JESUS,HUANUCO,LAURICOCHA,JESUS,166,0,0,1
101002,HUANUCO|LAURICOCHA|BANOS,HUANUCO,LAURICOCHA,BAÑOS,84,1,0,0
101003,HUANUCO|LAURICOCHA|JIVIA,HUANUCO,LAURICOCHA,JIVIA,11,0,0,0
101004,HUANUCO|LAURICOCHA|QUEROPALCA,HUANUCO,LAURICOCHA,QUEROPALCA,7,0,0,0
101005,HUANUCO|LAURICOCHA|RONDOS,HUANUCO,LAURICOCHA,RONDOS,19,1,1,1
101006,HUANUCO|LAURICOCHA|SAN FRANCISCO DE ASIS,HUANUCO,LAURICOCHA,SAN FRANCISCO DE ASIS,4,0,0,0
101007,HUANUCO|LAURICOCHA|SAN MIGUEL DE CAURI,HUANUCO,LAURICOCHA,SAN MIGUEL DE CAURI,35,1,1,1
101101,HUANUCO|YAROWILCA|CHAVINILLO,HUANUCO,YAROWILCA,CHAVINILLO,284,1,0,1
101102,HUANUCO|YAROWILCA|CAHUAC,HUANUCO,YAROWILCA,CAHUAC,6,0,0,0
101103,HUANUCO|YAROWILCA|CHACABAMBA,HUANUCO,YAROWILCA,CHACABAMBA,5,0,0,0
101104,HUANUCO|YAROWILCA|APARICIO POMARES,HUANUCO,YAROWILCA,APARICIO POMARES,21,0,0,0
101105,HUANUCO|YAROWILCA|JACAS CHICO,HUANUCO,YAROWILCA,JACAS CHICO,3,0,0,0
101106,HUANUCO|YAROWILCA|OBAS,HUANUCO,YAROWILCA,OBAS,18,0,0,0
101107,HUANUCO|YAROWILCA|PAMPAMARCA,HUANUCO,YAROWILCA,PAMPAMARCA,3,0,0,0
101108,HUANUCO|YAROWILCA|CHORAS,HUANUCO,YAROWILCA,CHORAS,4,0,0,0
110101,ICA|ICA|ICA,ICA,ICA,ICA,21556,309,70,1
110102,ICA|ICA|LA TINGUINA,ICA,ICA,LA TINGUIÑA,2327,8,3,0
110103,ICA|ICA|LOS AQUIJES,ICA,ICA,LOS AQUIJES,1871,10,3,1
110104,ICA|ICA|OCUCAJE,ICA,ICA,OCUCAJE,381,4,0,1
110105,ICA|ICA|PACHACUTEC,ICA,ICA,PACHACUTEC,883,4,2,1
110106,ICA|ICA|PARCONA,ICA,ICA,PARCONA,2948,10,2,1
110107,ICA|ICA|PUEBLO NUEVO,ICA,ICA,PUEBLO NUEVO,428,2,2,1
110108,ICA|ICA|SALAS,ICA,ICA,SALAS,2234,17,7,2
110109,ICA|ICA|SAN JOSE DE LOS MOLINOS,ICA,ICA,SAN JOSE DE LOS MOLINOS,576,3,1,1
110110,ICA|ICA|SAN JUAN BAUTISTA,ICA,ICA,SAN JUAN BAUTISTA,1157,7,2,1
110111,ICA|ICA|SANTIAGO,ICA,ICA,SANTIAGO,1801,14,2,1
110112,ICA|ICA|SUBTANJALLA,ICA,ICA,SUBTANJALLA,1874,5,2,1
110113,ICA|ICA|TATE,ICA,ICA,TATE,118,0,0,0
110114,ICA|ICA|YAUCA DEL ROSARIO,ICA,ICA,YAUCA DEL ROSARIO,95,0,0,0
110201,ICA|CHINCHA|CHINCHA ALTA,ICA,CHINCHA,CHINCHA ALTA,5041,102,29,1
110202,ICA|CHINCHA|ALTO LARAN,ICA,CHINCHA,ALTO LARAN,817,4,0,1
110203,ICA|CHINCHA|CHAVIN,ICA,CHINCHA,CHAVIN,24,0,0,0
110204,ICA|CHINCHA|CHINCHA BAJA,ICA,CHINCHA,CHINCHA BAJA,694,3,1,1
110205,ICA|CHINCHA|EL CARMEN,ICA,CHINCHA,EL CARMEN,938,6,1,1
110206,ICA|CHINCHA|GROCIO PRADO,ICA,CHINCHA,GROCIO PRADO,2162,4,0,1
110207,ICA|CHINCHA|PUEBLO NUEVO,ICA,CHINCHA,PUEBLO NUEVO,3492,13,1,1
110208,ICA|CHINCHA|SAN JUAN DE YANAC,ICA,CHINCHA,SAN JUAN DE YANAC,2,0,0,0
110209,ICA|CHINCHA|SAN PEDRO DE HUACARPANA,ICA,CHINCHA,SAN PEDRO DE HUACARPANA,6,0,0,0
110210,ICA|CHINCHA|SUNAMPE,ICA,CHINCHA,SUNAMPE,1840,6,1,1
110211,ICA|CHINCHA|TAMBO DE MORA,ICA,CHINCHA,TAMBO DE MORA,641,5,1,1
110301,ICA|NAZCA|NAZCA,ICA,NAZCA,NAZCA,2408,15,2,0
110302,ICA|NAZCA|CHANGUILLO,ICA,NAZCA,CHANGUILLO,24,0,0,0
110303,ICA|NAZCA|EL INGENIO,ICA,NAZCA,EL INGENIO,247,5,1,0
110304,ICA|NAZCA|MARCONA,ICA,NAZCA,MARCONA,1222,9,4,0
110305,ICA|NAZCA|VISTA ALEGRE,ICA,NAZCA,VISTA ALEGRE,1182,11,5,0
110401,ICA|PALPA|PALPA,ICA,PALPA,PALPA,1207,9,4,1
110402,ICA|PALPA|LLIPATA,ICA,PALPA,LLIPATA,67,0,0,0
110403,ICA|PALPA|RIO GRANDE,ICA,PALPA,RIO GRANDE,79,0,0,0
110404,ICA|PALPA|SANTA CRUZ,ICA,PALPA,SANTA CRUZ,34,0,0,0
110405,ICA|PALPA|TIBILLO,ICA,PALPA,TIBILLO,9,0,0,0
110501,ICA|PISCO|PISCO,ICA,PISCO,PISCO,5873,44,11,2
110502,ICA|PISCO|HUANCANO,ICA,PISCO,HUANCANO,14,0,0,0
110503,ICA|PISCO|HUMAY,ICA,PISCO,HUMAY,339,7,5,1
110504,ICA|PISCO|INDEPENDENCIA,ICA,PISCO,INDEPENDENCIA,537,5,0,1
110505,ICA|PISCO|PARACAS,ICA,PISCO,PARACAS,856,15,4,1
110506,ICA|PISCO|SAN ANDRES,ICA,PISCO,SAN ANDRES,2190,5,0,1
110507,ICA|PISCO|SAN CLEMENTE,ICA,PISCO,SAN CLEMENTE,1409,10,0,1
110508,ICA|PISCO|TUPAC AMARU INCA,ICA,PISCO,TUPAC AMARU INCA,1150,4,0,1
120101,JUNIN|HUANCAYO|HUANCAYO,JUNIN,HUANCAYO,HUANCAYO,10265,242,100,1
120104,JUNIN|HUANCAYO|CARHUACALLANGA,JUNIN,HUANCAYO,CARHUACALLANGA,3,0,0,0
120105,JUNIN|HUANCAYO|CHACAPAMPA,JUNIN,HUANCAYO,CHACAPAMPA,17,0,0,0
120106,JUNIN|HUANCAYO|CHICCHE,JUNIN,HUANCAYO,CHICCHE,19,0,0,0
120107,JUNIN|HUANCAYO|CHILCA,JUNIN,HUANCAYO,CHILCA,6565,13,9,1
120108,JUNIN|HUANCAYO|CHONGOS ALTO,JUNIN,HUANCAYO,CHONGOS ALTO,64,2,1,1
120111,JUNIN|HUANCAYO|CHUPURO,JUNIN,HUANCAYO,CHUPURO,24,0,0,0
120112,JUNIN|HUANCAYO|COLCA,JUNIN,HUANCAYO,COLCA,10,0,0,0
120113,JUNIN|HUANCAYO|CULLHUAS,JUNIN,HUANCAYO,CULLHUAS,8,0,0,0
120114,JUNIN|HUANCAYO|EL TAMBO,JUNIN,HUANCAYO,EL TAMBO,11958,20,14,1
120116,JUNIN|HUANCAYO|HUACRAPUQUIO,JUNIN,HUANCAYO,HUACRAPUQUIO,28,0,0,0
120117,JUNIN|HUANCAYO|HUALHUAS,JUNIN,HUANCAYO,HUALHUAS,231,0,0,0
120119,JUNIN|HUANCAYO|HUANCAN,JUNIN,HUANCAYO,HUANCAN,216,0,0,0
120120,JUNIN|HUANCAYO|HUASICANCHA,JUNIN,HUANCAYO,HUASICANCHA,15,0,0,0
120121,JUNIN|HUANCAYO|HUAYUCACHI,JUNIN,HUANCAYO,HUAYUCACHI,1283,4,4,1
120122,JUNIN|HUANCAYO|INGENIO,JUNIN,HUANCAYO,INGENIO,43,0,0,0
120124,JUNIN|HUANCAYO|PARIAHUANCA,JUNIN,HUANCAYO,PARIAHUANCA,12,0,0,0
120125,JUNIN|HUANCAYO|PILCOMAYO,JUNIN,HUANCAYO,PILCOMAYO,1395,0,0,0
120126,JUNIN|HUANCAYO|PUCARA,JUNIN,HUANCAYO,PUCARA,86,0,0,0
120127,JUNIN|HUANCAYO|QUICHUAY,JUNIN,HUANCAYO,QUICHUAY,25,0,0,0
120128,JUNIN|HUANCAYO|QUILCAS,JUNIN,HUANCAYO,QUILCAS,104,0,0,0
120129,JUNIN|HUANCAYO|SAN AGUSTIN,JUNIN,HUANCAYO,SAN AGUSTIN,1221,5,2,1
120130,JUNIN|HUANCAYO|SAN JERONIMO DE TUNAN,JUNIN,HUANCAYO,SAN JERONIMO DE TUNAN,1032,6,3,1
120132,JUNIN|HUANCAYO|SANO,JUNIN,HUANCAYO,SAÑO,164,0,0,0
120133,JUNIN|HUANCAYO|SAPALLANGA,JUNIN,HUANCAYO,SAPALLANGA,1670,8,3,1
120134,JUNIN|HUANCAYO|SICAYA,JUNIN,HUANCAYO,SICAYA,728,8,4,1
120135,JUNIN|HUANCAYO|SANTO DOMINGO DE ACOBAMBA,JUNIN,HUANCAYO,SANTO DOMINGO DE ACOBAMBA,69,3,1,1
120136,JUNIN|HUANCAYO|VIQUES,JUNIN,HUANCAYO,VIQUES,51,0,0,0
120201,JUNIN|CONCEPCION|CONCEPCION,JUNIN,CONCEPCION,CONCEPCION,1887,13,1,1
120202,JUNIN|CONCEPCION|ACO,JUNIN,CONCEPCION,ACO,33,0,0,0
120203,JUNIN|CONCEPCION|ANDAMARCA,JUNIN,CONCEPCION,ANDAMARCA,52,0,0,0
120204,JUNIN|CONCEPCION|CHAMBARA,JUNIN,CONCEPCION,CHAMBARA,46,0,0,0
120205,JUNIN|CONCEPCION|COCHAS,JUNIN,CONCEPCION,COCHAS,15,0,0,0
120206,JUNIN|CONCEPCION|COMAS,JUNIN,CONCEPCION,COMAS,68,4,3,1
120207,JUNIN|CONCEPCION|HEROINAS TOLEDO,JUNIN,CONCEPCION,HEROINAS TOLEDO,8,0,0,0
120208,JUNIN|CONCEPCION|MANZANARES,JUNIN,CONCEPCION,MANZANARES,28,0,0,0
120209,JUNIN|CONCEPCION|MARISCAL CASTILLA,JUNIN,CONCEPCION,MARISCAL CASTILLA,3,0,0,0
120210,JUNIN|CONCEPCION|MATAHUASI,JUNIN,CONCEPCION,MATAHUASI,124,0,0,0
120211,JUNIN|CONCEPCION|MITO,JUNIN,CONCEPCION,MITO,96,0,0,0
120212,JUNIN|CONCEPCION|NUEVE DE JULIO,JUNIN,CONCEPCION,NUEVE DE JULIO,59,0,0,0
120213,JUNIN|CONCEPCION|ORCOTUNA,JUNIN,CONCEPCION,ORCOTUNA,782,7,3,1
120214,JUNIN|CONCEPCION|SAN JOSE DE QUERO,JUNIN,CONCEPCION,SAN JOSE DE QUERO,65,0,0,0
120215,JUNIN|CONCEPCION|SANTA ROSA DE OCOPA,JUNIN,CONCEPCION,SANTA ROSA DE OCOPA,47,0,0,0
120301,JUNIN|CHANCHAMAYO|CHANCHAMAYO,JUNIN,CHANCHAMAYO,CHANCHAMAYO,3514,39,21,1
120302,JUNIN|CHANCHAMAYO|PERENE,JUNIN,CHANCHAMAYO,PERENE,1954,2,1,1
120303,JUNIN|CHANCHAMAYO|PICHANAQUI,JUNIN,CHANCHAMAYO,PICHANAQUI,4004,12,6,1
120304,JUNIN|CHANCHAMAYO|SAN LUIS DE SHUARO,JUNIN,CHANCHAMAYO,SAN LUIS DE SHUARO,181,9,4,1
120305,JUNIN|CHANCHAMAYO|SAN RAMON,JUNIN,CHANCHAMAYO,SAN RAMON,1800,2,2,1
120306,JUNIN|CHANCHAMAYO|VITOC,JUNIN,CHANCHAMAYO,VITOC,14,0,0,0
120401,JUNIN|JAUJA|JAUJA,JUNIN,JAUJA,JAUJA,1900,13,5,1
120402,JUNIN|JAUJA|ACOLLA,JUNIN,JAUJA,ACOLLA,383,7,4,1
120403,JUNIN|JAUJA|APATA,JUNIN,JAUJA,APATA,440,7,1,1
120404,JUNIN|JAUJA|ATAURA,JUNIN,JAUJA,ATAURA,65,0,0,0
120405,JUNIN|JAUJA|CANCHAYLLO,JUNIN,JAUJA,CANCHAYLLO,115,3,3,1
120406,JUNIN|JAUJA|CURICACA,JUNIN,JAUJA,CURICACA,25,0,0,0
120407,JUNIN|JAUJA|EL MANTARO,JUNIN,JAUJA,EL MANTARO,108,0,0,0
120408,JUNIN|JAUJA|HUAMALI,JUNIN,JAUJA,HUAMALI,51,0,0,0
120409,JUNIN|JAUJA|HUARIPAMPA,JUNIN,JAUJA,HUARIPAMPA,30,0,0,0
120410,JUNIN|JAUJA|HUERTAS,JUNIN,JAUJA,HUERTAS,49,0,0,0
120411,JUNIN|JAUJA|JANJAILLO,JUNIN,JAUJA,JANJAILLO,4,0,0,0
120412,JUNIN|JAUJA|JULCAN,JUNIN,JAUJA,JULCAN,18,0,0,0
120413,JUNIN|JAUJA|LEONOR ORDONEZ,JUNIN,JAUJA,LEONOR ORDOÑEZ,45,0,0,0
120414,JUNIN|JAUJA|LLOCLLAPAMPA,JUNIN,JAUJA,LLOCLLAPAMPA,17,0,0,0
120415,JUNIN|JAUJA|MARCO,JUNIN,JAUJA,MARCO,32,0,0,0
120416,JUNIN|JAUJA|MASMA,JUNIN,JAUJA,MASMA,38,0,0,0
120417,JUNIN|JAUJA|MASMA CHICCHE,JUNIN,JAUJA,MASMA CHICCHE,9,0,0,0
120418,JUNIN|JAUJA|MOLINOS,JUNIN,JAUJA,MOLINOS,18,0,0,0
120419,JUNIN|JAUJA|MONOBAMBA,JUNIN,JAUJA,MONOBAMBA,3,0,0,0
120420,JUNIN|JAUJA|MUQUI,JUNIN,JAUJA,MUQUI,34,0,0,0
120421,JUNIN|JAUJA|MUQUIYAUYO,JUNIN,JAUJA,MUQUIYAUYO,63,0,0,0
120422,JUNIN|JAUJA|PACA,JUNIN,JAUJA,PACA,12,0,0,0
120423,JUNIN|JAUJA|PACCHA,JUNIN,JAUJA,PACCHA,14,0,0,0
120424,JUNIN|JAUJA|PANCAN,JUNIN,JAUJA,PANCAN,50,0,0,0
120425,JUNIN|JAUJA|PARCO,JUNIN,JAUJA,PARCO,23,0,0,0
120426,JUNIN|JAUJA|POMACANCHA,JUNIN,JAUJA,POMACANCHA,21,0,0,0
120427,JUNIN|JAUJA|RICRAN,JUNIN,JAUJA,RICRAN,12,0,0,0
120428,JUNIN|JAUJA|SAN LORENZO,JUNIN,JAUJA,SAN LORENZO,132,0,0,0
120429,JUNIN|JAUJA|SAN PEDRO DE CHUNAN,JUNIN,JAUJA,SAN PEDRO DE CHUNAN,17,0,0,0
120430,JUNIN|JAUJA|SAUSA,JUNIN,JAUJA,SAUSA,99,0,0,0
120431,JUNIN|JAUJA|SINCOS,JUNIN,JAUJA,SINCOS,185,3,2,1
120432,JUNIN|JAUJA|TUNAN MARCA,JUNIN,JAUJA,TUNAN MARCA,12,0,0,0
120433,JUNIN|JAUJA|YAULI,JUNIN,JAUJA,YAULI,14,0,0,0
120434,JUNIN|JAUJA|YAUYOS,JUNIN,JAUJA,YAUYOS,240,0,0,0
120501,JUNIN|JUNIN|JUNIN,JUNIN,JUNIN,JUNIN,631,7,7,1
120502,JUNIN|JUNIN|CARHUAMAYO,JUNIN,JUNIN,CARHUAMAYO,258,1,1,1
120503,JUNIN|JUNIN|ONDORES,JUNIN,JUNIN,ONDORES,15,0,0,0
120504,JUNIN|JUNIN|ULCUMAYO,JUNIN,JUNIN,ULCUMAYO,92,1,1,1
120601,JUNIN|SATIPO|SATIPO,JUNIN,SATIPO,SATIPO,3326,19,10,1
120602,JUNIN|SATIPO|COVIRIALI,JUNIN,SATIPO,COVIRIALI,55,0,0,0
120603,JUNIN|SATIPO|LLAYLLA,JUNIN,SATIPO,LLAYLLA,79,0,0,0
120604,JUNIN|SATIPO|MAZAMARI,JUNIN,SATIPO,MAZAMARI,4297,60,32,1
120605,JUNIN|SATIPO|PAMPA HERMOSA,JUNIN,SATIPO,PAMPA HERMOSA,26,0,0,0
120606,JUNIN|SATIPO|PANGOA,JUNIN,SATIPO,PANGOA,4536,10,3,1
120607,JUNIN|SATIPO|RIO NEGRO,JUNIN,SATIPO,RIO NEGRO,731,7,7,1
120608,JUNIN|SATIPO|RIO TAMBO,JUNIN,SATIPO,RIO TAMBO,180,0,0,0
120701,JUNIN|TARMA|TARMA,JUNIN,TARMA,TARMA,2449,13,12,1
120702,JUNIN|TARMA|ACOBAMBA,JUNIN,TARMA,ACOBAMBA,340,2,2,1
120703,JUNIN|TARMA|HUARICOLCA,JUNIN,TARMA,HUARICOLCA,10,0,0,0
120704,JUNIN|TARMA|HUASAHUASI,JUNIN,TARMA,HUASAHUASI,271,3,1,1
120705,JUNIN|TARMA|LA UNION,JUNIN,TARMA,LA UNION,22,0,0,0
120706,JUNIN|TARMA|PALCA,JUNIN,TARMA,PALCA,222,6,4,1
120707,JUNIN|TARMA|PALCAMAYO,JUNIN,TARMA,PALCAMAYO,18,0,0,0
120708,JUNIN|TARMA|SAN PEDRO DE CAJAS,JUNIN,TARMA,SAN PEDRO DE CAJAS,16,0,0,0
120709,JUNIN|TARMA|TAPO,JUNIN,TARMA,TAPO,9,0,0,0
120801,JUNIN|YAULI|LA OROYA,JUNIN,YAULI,LA OROYA,746,16,13,1
120802,JUNIN|YAULI|CHACAPALPA,JUNIN,YAULI,CHACAPALPA,11,0,0,0
120803,JUNIN|YAULI|HUAY-HUAY,JUNIN,YAULI,HUAY-HUAY,8,0,0,0
120804,JUNIN|YAULI|MARCAPOMACOCHA,JUNIN,YAULI,MARCAPOMACOCHA,14,0,0,0
120805,JUNIN|YAULI|MOROCOCHA,JUNIN,YAULI,MOROCOCHA,167,3,2,1
120806,JUNIN|YAULI|PACCHA,JUNIN,YAULI,PACCHA,27,0,0,0
120807,JUNIN|YAULI|SANTA BARBARA DE CARHUACAYAN,JUNIN,YAULI,SANTA BARBARA DE CARHUACAYAN,17,0,0,0
120808,JUNIN|YAULI|SANTA ROSA DE SACCO,JUNIN,YAULI,SANTA ROSA DE SACCO,155,0,0,0
120809,JUNIN|YAULI|SUITUCANCHA,JUNIN,YAULI,SUITUCANCHA,12,0,0,0
120810,JUNIN|YAULI|YAULI,JUNIN,YAULI,YAULI,45,0,0,0
120901,JUNIN|CHUPACA|CHUPACA,JUNIN,CHUPACA,CHUPACA,3306,19,11,1
120902,JUNIN|CHUPACA|AHUAC,JUNIN,CHUPACA,AHUAC,333,0,0,0
120903,JUNIN|CHUPACA|CHONGOS BAJO,JUNIN,CHUPACA,CHONGOS BAJO,214,0,0,0
120904,JUNIN|CHUPACA|HUACHAC,JUNIN,CHUPACA,HUACHAC,129,0,0,0
120905,JUNIN|CHUPACA|HUAMANCACA CHICO,JUNIN,CHUPACA,HUAMANCACA CHICO,576,0,0,0
120906,JUNIN|CHUPACA|SAN JUAN DE YSCOS,JUNIN,CHUPACA,SAN JUAN DE YSCOS,139,0,0,0
120907,JUNIN|CHUPACA|SAN JUAN DE JARPA,JUNIN,CHUPACA,SAN JUAN DE JARPA,38,0,0,0
120908,JUNIN|CHUPACA|TRES DE DICIEMBRE,JUNIN,CHUPACA,TRES DE DICIEMBRE,249,0,0,0
120909,JUNIN|CHUPACA|YANACANCHA,JUNIN,CHUPACA,YANACANCHA,36,0,0,0
130101,LA LIBERTAD|TRUJILLO|TRUJILLO,LA LIBERTAD,TRUJILLO,TRUJILLO,42233,370,197,3
130102,LA LIBERTAD|TRUJILLO|EL PORVENIR,LA LIBERTAD,TRUJILLO,EL PORVENIR,8620,24,18,3
130103,LA LIBERTAD|TRUJILLO|FLORENCIA DE MORA,LA LIBERTAD,TRUJILLO,FLORENCIA DE MORA,3715,9,6,1
130104,LA LIBERTAD|TRUJILLO|HUANCHACO,LA LIBERTAD,TRUJILLO,HUANCHACO,5010,19,14,2
130105,LA LIBERTAD|TRUJILLO|LA ESPERANZA,LA LIBERTAD,TRUJILLO,LA ESPERANZA,9992,21,14,2
130106,LA LIBERTAD|TRUJILLO|LAREDO,LA LIBERTAD,TRUJILLO,LAREDO,2018,7,5,1
130107,LA LIBERTAD|TRUJILLO|MOCHE,LA LIBERTAD,TRUJILLO,MOCHE,3488,140,23,1
130108,LA LIBERTAD|TRUJILLO|POROTO,LA LIBERTAD,TRUJILLO,POROTO,248,5,4,1
130109,LA LIBERTAD|TRUJILLO|SALAVERRY,LA LIBERTAD,TRUJILLO,SALAVERRY,1111,6,6,2
130110,LA LIBERTAD|TRUJILLO|SIMBAL,LA LIBERTAD,TRUJILLO,SIMBAL,179,11,9,1
130111,LA LIBERTAD|TRUJILLO|VICTOR LARCO HERRERA,LA LIBERTAD,TRUJILLO,VICTOR LARCO HERRERA,3429,8,6,1
130201,LA LIBERTAD|ASCOPE|ASCOPE,LA LIBERTAD,ASCOPE,ASCOPE,447,6,4,1
130202,LA LIBERTAD|ASCOPE|CHICAMA,LA LIBERTAD,ASCOPE,CHICAMA,941,6,5,3
130203,LA LIBERTAD|ASCOPE|CHOCOPE,LA LIBERTAD,ASCOPE,CHOCOPE,427,3,2,1
130204,LA LIBERTAD|ASCOPE|MAGDALENA DE CAO,LA LIBERTAD,ASCOPE,MAGDALENA DE CAO,118,4,3,1
130205,LA LIBERTAD|ASCOPE|PAIJAN,LA LIBERTAD,ASCOPE,PAIJAN,1186,39,19,1
130206,LA LIBERTAD|ASCOPE|RAZURI,LA LIBERTAD,ASCOPE,RAZURI,402,2,2,1
130207,LA LIBERTAD|ASCOPE|SANTIAGO DE CAO,LA LIBERTAD,ASCOPE,SANTIAGO DE CAO,1229,5,4,2
130208,LA LIBERTAD|ASCOPE|CASA GRANDE,LA LIBERTAD,ASCOPE,CASA GRANDE,1458,9,7,2
130301,LA LIBERTAD|BOLIVAR|BOLIVAR,LA LIBERTAD,BOLIVAR,BOLIVAR,51,3,3,1
130302,LA LIBERTAD|BOLIVAR|BAMBAMARCA,LA LIBERTAD,BOLIVAR,BAMBAMARCA,24,1,1,1
130303,LA LIBERTAD|BOLIVAR|CONDORMARCA,LA LIBERTAD,BOLIVAR,CONDORMARCA,3,0,0,0
130304,LA LIBERTAD|BOLIVAR|LONGOTEA,LA LIBERTAD,BOLIVAR,LONGOTEA,28,0,0,0
130305,LA LIBERTAD|BOLIVAR|UCHUMARCA,LA LIBERTAD,BOLIVAR,UCHUMARCA,66,10,9,1
130306,LA LIBERTAD|BOLIVAR|UCUNCHA,LA LIBERTAD,BOLIVAR,UCUNCHA,2,0,0,0
130401,LA LIBERTAD|CHEPEN|CHEPEN,LA LIBERTAD,CHEPEN,CHEPEN,3421,14,10,2
130402,LA LIBERTAD|CHEPEN|PACANGA,LA LIBERTAD,CHEPEN,PACANGA,1725,8,6,2
130403,LA LIBERTAD|CHEPEN|PUEBLO NUEVO,LA LIBERTAD,CHEPEN,PUEBLO NUEVO,597,2,1,1
130501,LA LIBERTAD|JULCAN|JULCAN,LA LIBERTAD,JULCAN,JULCAN,281,3,2,1
130502,LA LIBERTAD|JULCAN|CALAMARCA,LA LIBERTAD,JULCAN,CALAMARCA,18,0,0,0
130503,LA LIBERTAD|JULCAN|CARABAMBA,LA LIBERTAD,JULCAN,CARABAMBA,81,2,1,1
130504,LA LIBERTAD|JULCAN|HUASO,LA LIBERTAD,JULCAN,HUASO,2,0,0,0
130601,LA LIBERTAD|OTUZCO|OTUZCO,LA LIBERTAD,OTUZCO,OTUZCO,942,9,9,2
130602,LA LIBERTAD|OTUZCO|AGALLPAMPA,LA LIBERTAD,OTUZCO,AGALLPAMPA,126,1,1,1
130604,LA LIBERTAD|OTUZCO|CHARAT,LA LIBERTAD,OTUZCO,CHARAT,37,6,4,2
130605,LA LIBERTAD|OTUZCO|HUARANCHAL,LA LIBERTAD,OTUZCO,HUARANCHAL,71,2,1,1
130606,LA LIBERTAD|OTUZCO|LA CUESTA,LA LIBERTAD,OTUZCO,LA CUESTA,2,0,0,0
130608,LA LIBERTAD|OTUZCO|MACHE,LA LIBERTAD,OTUZCO,MACHE,39,1,1,1
130610,LA LIBERTAD|OTUZCO|PARANDAY,LA LIBERTAD,OTUZCO,PARANDAY,1,0,0,0
130611,LA LIBERTAD|OTUZCO|SALPO,LA LIBERTAD,OTUZCO,SALPO,76,2,1,1
130613,LA LIBERTAD|OTUZCO|SINSICAP,LA LIBERTAD,OTUZCO,SINSICAP,65,2,2,1
130614,LA LIBERTAD|OTUZCO|USQUIL,LA LIBERTAD,OTUZCO,USQUIL,183,2,2,1
130701,LA LIBERTAD|PACASMAYO|SAN PEDRO DE LLOC,LA LIBERTAD,PACASMAYO,SAN PEDRO DE LLOC,1104,4,3,1
130702,LA LIBERTAD|PACASMAYO|GUADALUPE,LA LIBERTAD,PACASMAYO,GUADALUPE,3016,13,12,2
130703,LA LIBERTAD|PACASMAYO|JEQUETEPEQUE,LA LIBERTAD,PACASMAYO,JEQUETEPEQUE,309,4,2,1
130704,LA LIBERTAD|PACASMAYO|PACASMAYO,LA LIBERTAD,PACASMAYO,PACASMAYO,2477,11,9,1
130705,LA LIBERTAD|PACASMAYO|SAN JOSE,LA LIBERTAD,PACASMAYO,SAN JOSE,552,1,1,1
130801,LA LIBERTAD|PATAZ|TAYABAMBA,LA LIBERTAD,PATAZ,TAYABAMBA,559,4,2,1
130802,LA LIBERTAD|PATAZ|BULDIBUYO,LA LIBERTAD,PATAZ,BULDIBUYO,17,0,0,0
130803,LA LIBERTAD|PATAZ|CHILLIA,LA LIBERTAD,PATAZ,CHILLIA,105,1,1,1
130804,LA LIBERTAD|PATAZ|HUANCASPATA,LA LIBERTAD,PATAZ,HUANCASPATA,8,0,0,0
130805,LA LIBERTAD|PATAZ|HUAYLILLAS,LA LIBERTAD,PATAZ,HUAYLILLAS,10,0,0,0
130806,LA LIBERTAD|PATAZ|HUAYO,LA LIBERTAD,PATAZ,HUAYO,3,0,0,0
130807,LA LIBERTAD|PATAZ|ONGON,LA LIBERTAD,PATAZ,ONGON,5,0,0,0
130808,LA LIBERTAD|PATAZ|PARCOY,LA LIBERTAD,PATAZ,PARCOY,537,4,2,2
130809,LA LIBERTAD|PATAZ|PATAZ,LA LIBERTAD,PATAZ,PATAZ,597,3,2,2
130810,LA LIBERTAD|PATAZ|PIAS,LA LIBERTAD,PATAZ,PIAS,3,0,0,0
130811,LA LIBERTAD|PATAZ|SANTIAGO DE CHALLAS,LA LIBERTAD,PATAZ,SANTIAGO DE CHALLAS,1,0,0,0
130812,LA LIBERTAD|PATAZ|TAURIJA,LA LIBERTAD,PATAZ,TAURIJA,10,0,0,0
130813,LA LIBERTAD|PATAZ|URPAY,LA LIBERTAD,PATAZ,URPAY,7,0,0,0
130901,LA LIBERTAD|SANCHEZ CARRION|HUAMACHUCO,LA LIBERTAD,SANCHEZ CARRION,HUAMACHUCO,2768,28,16,1
130902,LA LIBERTAD|SANCHEZ CARRION|CHUGAY,LA LIBERTAD,SANCHEZ CARRION,CHUGAY,36,0,0,0
130903,LA LIBERTAD|SANCHEZ CARRION|COCHORCO,LA LIBERTAD,SANCHEZ CARRION,COCHORCO,13,0,0,0
130904,LA LIBERTAD|SANCHEZ CARRION|CURGOS,LA LIBERTAD,SANCHEZ CARRION,CURGOS,65,1,1,1
130905,LA LIBERTAD|SANCHEZ CARRION|MARCABAL,LA LIBERTAD,SANCHEZ CARRION,MARCABAL,37,0,0,0
130906,LA LIBERTAD|SANCHEZ CARRION|SANAGORAN,LA LIBERTAD,SANCHEZ CARRION,SANAGORAN,36,0,0,0
130907,LA LIBERTAD|SANCHEZ CARRION|SARIN,LA LIBERTAD,SANCHEZ CARRION,SARIN,83,2,2,1
130908,LA LIBERTAD|SANCHEZ CARRION|SARTIMBAMBA,LA LIBERTAD,SANCHEZ CARRION,SARTIMBAMBA,23,0,0,0
131001,LA LIBERTAD|SANTIAGO DE CHUCO|SANTIAGO DE CHUCO,LA LIBERTAD,SANTIAGO DE CHUCO,SANTIAGO DE CHUCO,480,3,1,1
131002,LA LIBERTAD|SANTIAGO DE CHUCO|ANGASMARCA,LA LIBERTAD,SANTIAGO DE CHUCO,ANGASMARCA,137,2,2,1
131003,LA LIBERTAD|SANTIAGO DE CHUCO|CACHICADAN,LA LIBERTAD,SANTIAGO DE CHUCO,CACHICADAN,107,1,1,1
131004,LA LIBERTAD|SANTIAGO DE CHUCO|MOLLEBAMBA,LA LIBERTAD,SANTIAGO DE CHUCO,MOLLEBAMBA,2,0,0,0
131005,LA LIBERTAD|SANTIAGO DE CHUCO|MOLLEPATA,LA LIBERTAD,SANTIAGO DE CHUCO,MOLLEPATA,7,0,0,0
131006,LA LIBERTAD|SANTIAGO DE CHUCO|QUIRUVILCA,LA LIBERTAD,SANTIAGO DE CHUCO,QUIRUVILCA,292,10,5,2
131007,LA LIBERTAD|SANTIAGO DE CHUCO|SANTA CRUZ DE CHUCA,LA LIBERTAD,SANTIAGO DE CHUCO,SANTA CRUZ DE CHUCA,2,0,0,0
131008,LA LIBERTAD|SANTIAGO DE CHUCO|SITABAMBA,LA LIBERTAD,SANTIAGO DE CHUCO,SITABAMBA,15,0,0,0
131101,LA LIBERTAD|GRAN CHIMU|CASCAS,LA LIBERTAD,GRAN CHIMU,CASCAS,438,8,4,2
131102,LA LIBERTAD|GRAN CHIMU|LUCMA,LA LIBERTAD,GRAN CHIMU,LUCMA,39,2,1,1
131103,LA LIBERTAD|GRAN CHIMU|COMPIN,LA LIBERTAD,GRAN CHIMU,COMPIN,25,1,1,0
131104,LA LIBERTAD|GRAN CHIMU|SAYAPULLO,LA LIBERTAD,GRAN CHIMU,SAYAPULLO,77,2,1,1
131201,LA LIBERTAD|VIRU|VIRU,LA LIBERTAD,VIRU,VIRU,4134,31,17,2
131202,LA LIBERTAD|VIRU|CHAO,LA LIBERTAD,VIRU,CHAO,2489,4,2,1
131203,LA LIBERTAD|VIRU|GUADALUPITO,LA LIBERTAD,VIRU,GUADALUPITO,489,3,1,1
140101,LAMBAYEQUE|CHICLAYO|CHICLAYO,LAMBAYEQUE,CHICLAYO,CHICLAYO,56532,383,209,4
140102,LAMBAYEQUE|CHICLAYO|CHONGOYAPE,LAMBAYEQUE,CHICLAYO,CHONGOYAPE,1381,5,3,2
140103,LAMBAYEQUE|CHICLAYO|ETEN,LAMBAYEQUE,CHICLAYO,ETEN,868,5,3,1
140104,LAMBAYEQUE|CHICLAYO|ETEN PUERTO,LAMBAYEQUE,CHICLAYO,ETEN PUERTO,265,3,3,1
140105,LAMBAYEQUE|CHICLAYO|JOSE LEONARDO ORTIZ,LAMBAYEQUE,CHICLAYO,JOSE LEONARDO ORTIZ,20601,24,19,2
140106,LAMBAYEQUE|CHICLAYO|LA VICTORIA,LAMBAYEQUE,CHICLAYO,LA VICTORIA,10921,16,12,1
140107,LAMBAYEQUE|CHICLAYO|LAGUNAS,LAMBAYEQUE,CHICLAYO,LAGUNAS,744,7,4,1
140108,LAMBAYEQUE|CHICLAYO|MONSEFU,LAMBAYEQUE,CHICLAYO,MONSEFU,2434,4,3,1
140109,LAMBAYEQUE|CHICLAYO|NUEVA ARICA,LAMBAYEQUE,CHICLAYO,NUEVA ARICA,257,1,1,1
140110,LAMBAYEQUE|CHICLAYO|OYOTUN,LAMBAYEQUE,CHICLAYO,OYOTUN,542,2,2,1
140111,LAMBAYEQUE|CHICLAYO|PICSI,LAMBAYEQUE,CHICLAYO,PICSI,1288,9,7,1
140112,LAMBAYEQUE|CHICLAYO|PIMENTEL,LAMBAYEQUE,CHICLAYO,PIMENTEL,4517,4,4,1
140113,LAMBAYEQUE|CHICLAYO|REQUE,LAMBAYEQUE,CHICLAYO,REQUE,1347,14,13,1
140114,LAMBAYEQUE|CHICLAYO|SANTA ROSA,LAMBAYEQUE,CHICLAYO,SANTA ROSA,597,3,2,1
140115,LAMBAYEQUE|CHICLAYO|SANA,LAMBAYEQUE,CHICLAYO,SAÑA,1310,7,4,0
140116,LAMBAYEQUE|CHICLAYO|CAYALTI,LAMBAYEQUE,CHICLAYO,CAYALTI,1814,5,2,1
140117,LAMBAYEQUE|CHICLAYO|PATAPO,LAMBAYEQUE,CHICLAYO,PATAPO,1930,5,3,2
140118,LAMBAYEQUE|CHICLAYO|POMALCA,LAMBAYEQUE,CHICLAYO,POMALCA,2326,12,7,1
140119,LAMBAYEQUE|CHICLAYO|PUCALA,LAMBAYEQUE,CHICLAYO,PUCALA,776,0,0,1
140120,LAMBAYEQUE|CHICLAYO|TUMAN,LAMBAYEQUE,CHICLAYO,TUMAN,2879,8,4,2
140201,LAMBAYEQUE|FERRENAFE|FERRENAFE,LAMBAYEQUE,FERREÑAFE,FERREÑAFE,4123,17,11,0
140202,LAMBAYEQUE|FERRENAFE|CANARIS,LAMBAYEQUE,FERREÑAFE,CAÑARIS,11,1,0,0
140203,LAMBAYEQUE|FERRENAFE|INCAHUASI,LAMBAYEQUE,FERREÑAFE,INCAHUASI,153,6,2,0
140204,LAMBAYEQUE|FERRENAFE|MANUEL ANTONIO MESONES MURO,LAMBAYEQUE,FERREÑAFE,MANUEL ANTONIO MESONES MURO,223,0,0,0
140205,LAMBAYEQUE|FERRENAFE|PITIPO,LAMBAYEQUE,FERREÑAFE,PITIPO,1004,1,1,0
140206,LAMBAYEQUE|FERRENAFE|PUEBLO NUEVO,LAMBAYEQUE,FERREÑAFE,PUEBLO NUEVO,820,0,0,0
140301,LAMBAYEQUE|LAMBAYEQUE|LAMBAYEQUE,LAMBAYEQUE,LAMBAYEQUE,LAMBAYEQUE,6978,23,15,2
140302,LAMBAYEQUE|LAMBAYEQUE|CHOCHOPE,LAMBAYEQUE,LAMBAYEQUE,CHOCHOPE,14,0,0,0
140303,LAMBAYEQUE|LAMBAYEQUE|ILLIMO,LAMBAYEQUE,LAMBAYEQUE,ILLIMO,494,2,2,1
140304,LAMBAYEQUE|LAMBAYEQUE|JAYANCA,LAMBAYEQUE,LAMBAYEQUE,JAYANCA,1125,2,2,1
140305,LAMBAYEQUE|LAMBAYEQUE|MOCHUMI,LAMBAYEQUE,LAMBAYEQUE,MOCHUMI,936,1,1,1
140306,LAMBAYEQUE|LAMBAYEQUE|MORROPE,LAMBAYEQUE,LAMBAYEQUE,MORROPE,1539,11,10,2
140307,LAMBAYEQUE|LAMBAYEQUE|MOTUPE,LAMBAYEQUE,LAMBAYEQUE,MOTUPE,2193,5,4,1
140308,LAMBAYEQUE|LAMBAYEQUE|OLMOS,LAMBAYEQUE,LAMBAYEQUE,OLMOS,2555,18,12,1
140309,LAMBAYEQUE|LAMBAYEQUE|PACORA,LAMBAYEQUE,LAMBAYEQUE,PACORA,574,2,2,1
140310,LAMBAYEQUE|LAMBAYEQUE|SALAS,LAMBAYEQUE,LAMBAYEQUE,SALAS,272,3,3,2
140311,LAMBAYEQUE|LAMBAYEQUE|SAN JOSE,LAMBAYEQUE,LAMBAYEQUE,SAN JOSE,1089,3,3,1
140312,LAMBAYEQUE|LAMBAYEQUE|TUCUME,LAMBAYEQUE,LAMBAYEQUE,TUCUME,937,4,2,1
150101,LIMA|LIMA|LIMA,LIMA METROPOLITANA,LIMA,LIMA,74349,2692,1726,10
150102,LIMA|LIMA|ANCON,LIMA METROPOLITANA,LIMA,ANCON,4485,21,15,1
150103,LIMA|LIMA|ATE,LIMA METROPOLITANA,LIMA,ATE,37817,272,215,4
150104,LIMA|LIMA|BARRANCO,LIMA METROPOLITANA,LIMA,BARRANCO,7148,171,115,1
150105,LIMA|LIMA|BRENA,LIMA METROPOLITANA,LIMA,BREÑA,11470,58,54,0
150106,LIMA|LIMA|CARABAYLLO,LIMA METROPOLITANA,LIMA,CARABAYLLO,23802,63,40,3
150107,LIMA|LIMA|CHACLACAYO,LIMA METROPOLITANA,LIMA,CHACLACAYO,4744,16,10,1
150108,LIMA|LIMA|CHORRILLOS,LIMA METROPOLITANA,LIMA,CHORRILLOS,23879,134,106,4
150109,LIMA|LIMA|CIENEGUILLA,LIMA METROPOLITANA,LIMA,CIENEGUILLA,2348,19,12,1
150110,LIMA|LIMA|COMAS,LIMA METROPOLITANA,LIMA,COMAS,42326,114,71,5
150111,LIMA|LIMA|EL AGUSTINO,LIMA METROPOLITANA,LIMA,EL AGUSTINO,13842,69,58,5
150112,LIMA|LIMA|INDEPENDENCIA,LIMA METROPOLITANA,LIMA,INDEPENDENCIA,25662,89,62,3
150113,LIMA|LIMA|JESUS MARIA,LIMA METROPOLITANA,LIMA,JESUS MARIA,9863,54,46,1
150114,LIMA|LIMA|LA MOLINA,LIMA METROPOLITANA,LIMA,LA MOLINA,11488,42,31,3
150115,LIMA|LIMA|LA VICTORIA,LIMA METROPOLITANA,LIMA,LA VICTORIA,22137,290,230,3
150116,LIMA|LIMA|LINCE,LIMA METROPOLITANA,LIMA,LINCE,7874,25,20,1
150117,LIMA|LIMA|LOS OLIVOS,LIMA METROPOLITANA,LIMA,LOS OLIVOS,31903,142,101,3
150118,LIMA|LIMA|LURIGANCHO - CHOSICA,LIMA METROPOLITANA,LIMA,LURIGANCHO - CHOSICA,17039,92,71,0
150119,LIMA|LIMA|LURIN,LIMA METROPOLITANA,LIMA,LURIN,6963,37,22,1
150120,LIMA|LIMA|MAGDALENA DEL MAR,LIMA METROPOLITANA,LIMA,MAGDALENA DEL MAR,3871,70,44,1
150121,LIMA|LIMA|PUEBLO LIBRE,LIMA METROPOLITANA,LIMA,PUEBLO LIBRE,6099,14,11,1
150122,LIMA|LIMA|MIRAFLORES,LIMA METROPOLITANA,LIMA,MIRAFLORES,23941,35,35,1
150123,LIMA|LIMA|PACHACAMAC,LIMA METROPOLITANA,LIMA,PACHACAMAC,7821,30,28,2
150124,LIMA|LIMA|PUCUSANA,LIMA METROPOLITANA,LIMA,PUCUSANA,1506,11,8,1
150125,LIMA|LIMA|PUENTE PIEDRA,LIMA METROPOLITANA,LIMA,PUENTE PIEDRA,20818,68,50,3
150126,LIMA|LIMA|PUNTA HERMOSA,LIMA METROPOLITANA,LIMA,PUNTA HERMOSA,1308,9,9,1
150127,LIMA|LIMA|PUNTA NEGRA,LIMA METROPOLITANA,LIMA,PUNTA NEGRA,609,8,5,1
150128,LIMA|LIMA|RIMAC,LIMA METROPOLITANA,LIMA,RIMAC,21074,261,181,6
150129,LIMA|LIMA|SAN BARTOLO,LIMA METROPOLITANA,LIMA,SAN BARTOLO,1023,17,10,1
150130,LIMA|LIMA|SAN BORJA,LIMA METROPOLITANA,LIMA,SAN BORJA,10665,47,36,2
150131,LIMA|LIMA|SAN ISIDRO,LIMA METROPOLITANA,LIMA,SAN ISIDRO,10277,451,357,2
150132,LIMA|LIMA|SAN JUAN DE LURIGANCHO,LIMA METROPOLITANA,LIMA,SAN JUAN DE LURIGANCHO,73859,225,169,9
150133,LIMA|LIMA|SAN JUAN DE MIRAFLORES,LIMA METROPOLITANA,LIMA,SAN JUAN DE MIRAFLORES,25753,74,62,4
150134,LIMA|LIMA|SAN LUIS,LIMA METROPOLITANA,LIMA,SAN LUIS,5490,44,31,2
150135,LIMA|LIMA|SAN MARTIN DE PORRES,LIMA METROPOLITANA,LIMA,SAN MARTIN DE PORRES,38728,88,70,3
150136,LIMA|LIMA|SAN MIGUEL,LIMA METROPOLITANA,LIMA,SAN MIGUEL,10056,74,33,2
150137,LIMA|LIMA|SANTA ANITA,LIMA METROPOLITANA,LIMA,SANTA ANITA,19061,175,149,1
150138,LIMA|LIMA|SANTA MARIA DEL MAR,LIMA METROPOLITANA,LIMA,SANTA MARIA DEL MAR,123,8,8,1
150139,LIMA|LIMA|SANTA ROSA,LIMA METROPOLITANA,LIMA,SANTA ROSA,1455,20,13,1
150140,LIMA|LIMA|SANTIAGO DE SURCO,LIMA METROPOLITANA,LIMA,SANTIAGO DE SURCO,31594,86,59,3
150141,LIMA|LIMA|SURQUILLO,LIMA METROPOLITANA,LIMA,SURQUILLO,8336,1049,841,2
150142,LIMA|LIMA|VILLA EL SALVADOR,LIMA METROPOLITANA,LIMA,VILLA EL SALVADOR,28725,32,26,2
150143,LIMA|LIMA|VILLA MARIA DEL TRIUNFO,LIMA METROPOLITANA,LIMA,VILLA MARIA DEL TRIUNFO,33031,114,103,6
150201,REGION LIMA|BARRANCA|BARRANCA,REGION LIMA,BARRANCA,BARRANCA,6934,94,36,0
150202,REGION LIMA|BARRANCA|PARAMONGA,REGION LIMA,BARRANCA,PARAMONGA,1185,16,1,0
150203,REGION LIMA|BARRANCA|PATIVILCA,REGION LIMA,BARRANCA,PATIVILCA,771,12,1,0
150204,REGION LIMA|BARRANCA|SUPE,REGION LIMA,BARRANCA,SUPE,1425,32,7,0
150205,REGION LIMA|BARRANCA|SUPE PUERTO,REGION LIMA,BARRANCA,SUPE PUERTO,586,6,1,0
150301,REGION LIMA|CAJATAMBO|CAJATAMBO,REGION LIMA,CAJATAMBO,CAJATAMBO,10,0,0,0
150302,REGION LIMA|CAJATAMBO|COPA,REGION LIMA,CAJATAMBO,COPA,1,0,0,0
150303,REGION LIMA|CAJATAMBO|GORGOR,REGION LIMA,CAJATAMBO,GORGOR,41,2,1,0
150304,REGION LIMA|CAJATAMBO|HUANCAPON,REGION LIMA,CAJATAMBO,HUANCAPON,1,0,0,0
150401,REGION LIMA|CANTA|CANTA,REGION LIMA,CANTA,CANTA,417,8,2,0
150402,REGION LIMA|CANTA|ARAHUAY,REGION LIMA,CANTA,ARAHUAY,3,0,0,0
150403,REGION LIMA|CANTA|HUAMANTANGA,REGION LIMA,CANTA,HUAMANTANGA,5,0,0,0
150404,REGION LIMA|CANTA|HUAROS,REGION LIMA,CANTA,HUAROS,12,0,0,0
150405,REGION LIMA|CANTA|LACHAQUI,REGION LIMA,CANTA,LACHAQUI,4,0,0,0
150406,REGION LIMA|CANTA|SAN BUENAVENTURA,REGION LIMA,CANTA,SAN BUENAVENTURA,2,0,0,0
150407,REGION LIMA|CANTA|SANTA ROSA DE QUIVES,REGION LIMA,CANTA,SANTA ROSA DE QUIVES,647,9,5,0
150501,REGION LIMA|CANETE|SAN VICENTE DE CANETE,REGION LIMA,CAÑETE,SAN VICENTE DE CAÑETE,4402,173,88,0
150502,REGION LIMA|CANETE|ASIA,REGION LIMA,CAÑETE,ASIA,1055,11,4,0
150503,REGION LIMA|CANETE|CALANGO,REGION LIMA,CAÑETE,CALANGO,244,7,3,0
150504,REGION LIMA|CANETE|CERRO AZUL,REGION LIMA,CAÑETE,CERRO AZUL,1003,12,2,0
150505,REGION LIMA|CANETE|CHILCA,REGION LIMA,CAÑETE,CHILCA,2632,17,6,0
150506,REGION LIMA|CANETE|COAYLLO,REGION LIMA,CAÑETE,COAYLLO,28,0,0,0
150507,REGION LIMA|CANETE|IMPERIAL,REGION LIMA,CAÑETE,IMPERIAL,5161,18,7,0
150508,REGION LIMA|CANETE|LUNAHUANA,REGION LIMA,CAÑETE,LUNAHUANA,408,6,3,0
150509,REGION LIMA|CANETE|MALA,REGION LIMA,CAÑETE,MALA,3577,19,9,0
150510,REGION LIMA|CANETE|NUEVO IMPERIAL,REGION LIMA,CAÑETE,NUEVO IMPERIAL,1760,22,14,0
150511,REGION LIMA|CANETE|PACARAN,REGION LIMA,CAÑETE,PACARAN,144,3,2,0
150512,REGION LIMA|CANETE|QUILMANA,REGION LIMA,CAÑETE,QUILMANA,1145,7,3,0
150513,REGION LIMA|CANETE|SAN ANTONIO,REGION LIMA,CAÑETE,SAN ANTONIO,733,8,3,0
150514,REGION LIMA|CANETE|SAN LUIS,REGION LIMA,CAÑETE,SAN LUIS,1092,9,5,0
150515,REGION LIMA|CANETE|SANTA CRUZ DE FLORES,REGION LIMA,CAÑETE,SANTA CRUZ DE FLORES,105,0,0,0
150516,REGION LIMA|CANETE|ZUNIGA,REGION LIMA,CAÑETE,ZUÑIGA,70,3,1,0
150601,REGION LIMA|HUARAL|HUARAL,REGION LIMA,HUARAL,HUARAL,3601,80,44,0
150602,REGION LIMA|HUARAL|ATAVILLOS ALTO,REGION LIMA,HUARAL,ATAVILLOS ALTO,3,0,0,0
150604,REGION LIMA|HUARAL|AUCALLAMA,REGION LIMA,HUARAL,AUCALLAMA,383,12,5,0
150605,REGION LIMA|HUARAL|CHANCAY,REGION LIMA,HUARAL,CHANCAY,3399,40,19,0
150606,REGION LIMA|HUARAL|IHUARI,REGION LIMA,HUARAL,IHUARI,6,0,0,0
150608,REGION LIMA|HUARAL|PACARAOS,REGION LIMA,HUARAL,PACARAOS,4,0,0,0
150610,REGION LIMA|HUARAL|SANTA CRUZ DE ANDAMARCA,REGION LIMA,HUARAL,SANTA CRUZ DE ANDAMARCA,2,0,0,0
150611,REGION LIMA|HUARAL|SUMBILCA,REGION LIMA,HUARAL,SUMBILCA,1,0,0,0
150701,REGION LIMA|HUAROCHIRI|MATUCANA,REGION LIMA,HUAROCHIRI,MATUCANA,565,6,5,0
150702,REGION LIMA|HUAROCHIRI|ANTIOQUIA,REGION LIMA,HUAROCHIRI,ANTIOQUIA,8,0,0,0
150703,REGION LIMA|HUAROCHIRI|CALLAHUANCA,REGION LIMA,HUAROCHIRI,CALLAHUANCA,13,0,0,0
150704,REGION LIMA|HUAROCHIRI|CARAMPOMA,REGION LIMA,HUAROCHIRI,CARAMPOMA,18,0,0,0
150705,REGION LIMA|HUAROCHIRI|CHICLA,REGION LIMA,HUAROCHIRI,CHICLA,101,11,7,0
150706,REGION LIMA|HUAROCHIRI|CUENCA,REGION LIMA,HUAROCHIRI,CUENCA,7,0,0,0
150707,REGION LIMA|HUAROCHIRI|HUACHUPAMPA,REGION LIMA,HUAROCHIRI,HUACHUPAMPA,14,0,0,0
150708,REGION LIMA|HUAROCHIRI|HUANZA,REGION LIMA,HUAROCHIRI,HUANZA,10,0,0,0
150709,REGION LIMA|HUAROCHIRI|HUAROCHIRI,REGION LIMA,HUAROCHIRI,HUAROCHIRI,59,3,3,0
150710,REGION LIMA|HUAROCHIRI|LAHUAYTAMBO,REGION LIMA,HUAROCHIRI,LAHUAYTAMBO,2,0,0,0
150711,REGION LIMA|HUAROCHIRI|LANGA,REGION LIMA,HUAROCHIRI,LANGA,4,0,0,0
150712,REGION LIMA|HUAROCHIRI|LARAOS,REGION LIMA,HUAROCHIRI,LARAOS,2,0,0,0
150713,REGION LIMA|HUAROCHIRI|MARIATANA,REGION LIMA,HUAROCHIRI,MARIATANA,2,0,0,0
150714,REGION LIMA|HUAROCHIRI|RICARDO PALMA,REGION LIMA,HUAROCHIRI,RICARDO PALMA,930,5,5,0
150715,REGION LIMA|HUAROCHIRI|SAN ANDRES DE TUPICOCHA,REGION LIMA,HUAROCHIRI,SAN ANDRES DE TUPICOCHA,14,0,0,0
150716,REGION LIMA|HUAROCHIRI|SAN ANTONIO,REGION LIMA,HUAROCHIRI,SAN ANTONIO,3026,0,0,0
150717,REGION LIMA|HUAROCHIRI|SAN BARTOLOME,REGION LIMA,HUAROCHIRI,SAN BARTOLOME,42,0,0,0
150718,REGION LIMA|HUAROCHIRI|SAN DAMIAN,REGION LIMA,HUAROCHIRI,SAN DAMIAN,55,2,2,0
150719,REGION LIMA|HUAROCHIRI|SAN JUAN DE IRIS,REGION LIMA,HUAROCHIRI,SAN JUAN DE IRIS,4,0,0,0
150720,REGION LIMA|HUAROCHIRI|SAN JUAN DE TANTARANCHE,REGION LIMA,HUAROCHIRI,SAN JUAN DE TANTARANCHE,2,0,0,0
150721,REGION LIMA|HUAROCHIRI|SAN LORENZO DE QUINTI,REGION LIMA,HUAROCHIRI,SAN LORENZO DE QUINTI,89,2,1,0
150722,REGION LIMA|HUAROCHIRI|SAN MATEO,REGION LIMA,HUAROCHIRI,SAN MATEO,218,5,3,0
150723,REGION LIMA|HUAROCHIRI|SAN MATEO DE OTAO,REGION LIMA,HUAROCHIRI,SAN MATEO DE OTAO,30,0,0,0
150724,REGION LIMA|HUAROCHIRI|SAN PEDRO DE CASTA,REGION LIMA,HUAROCHIRI,SAN PEDRO DE CASTA,8,2,0,0
150726,REGION LIMA|HUAROCHIRI|SANGALLAYA,REGION LIMA,HUAROCHIRI,SANGALLAYA,3,0,0,0
150727,REGION LIMA|HUAROCHIRI|SANTA CRUZ DE COCACHACRA,REGION LIMA,HUAROCHIRI,SANTA CRUZ DE COCACHACRA,105,8,8,0
150728,REGION LIMA|HUAROCHIRI|SANTA EULALIA,REGION LIMA,HUAROCHIRI,SANTA EULALIA,959,4,2,0
150729,REGION LIMA|HUAROCHIRI|SANTIAGO DE ANCHUCAYA,REGION LIMA,HUAROCHIRI,SANTIAGO DE ANCHUCAYA,4,0,0,0
150730,REGION LIMA|HUAROCHIRI|SANTIAGO DE TUNA,REGION LIMA,HUAROCHIRI,SANTIAGO DE TUNA,4,0,0,0
150731,REGION LIMA|HUAROCHIRI|SANTO DOMINGO DE LOS OLLEROS,REGION LIMA,HUAROCHIRI,SANTO DOMINGO DE LOS OLLEROS,128,0,0,0
150732,REGION LIMA|HUAROCHIRI|SURCO,REGION LIMA,HUAROCHIRI,SURCO,103,7,5,0
150801,REGION LIMA|HUAURA|HUACHO,REGION LIMA,HUAURA,HUACHO,4026,121,72,0
150802,REGION LIMA|HUAURA|AMBAR,REGION LIMA,HUAURA,AMBAR,80,3,1,0
150803,REGION LIMA|HUAURA|CALETA DE CARQUIN,REGION LIMA,HUAURA,CALETA DE CARQUIN,168,0,0,0
150804,REGION LIMA|HUAURA|CHECRAS,REGION LIMA,HUAURA,CHECRAS,31,0,0,0
150805,REGION LIMA|HUAURA|HUALMAY,REGION LIMA,HUAURA,HUALMAY,1239,12,7,0
150806,REGION LIMA|HUAURA|HUAURA,REGION LIMA,HUAURA,HUAURA,1265,14,7,0
150807,REGION LIMA|HUAURA|LEONCIO PRADO,REGION LIMA,HUAURA,LEONCIO PRADO,4,0,0,0
150808,REGION LIMA|HUAURA|PACCHO,REGION LIMA,HUAURA,PACCHO,4,0,0,0
150809,REGION LIMA|HUAURA|SANTA LEONOR,REGION LIMA,HUAURA,SANTA LEONOR,24,0,0,0
150810,REGION LIMA|HUAURA|SANTA MARIA,REGION LIMA,HUAURA,SANTA MARIA,1714,0,0,0
150811,REGION LIMA|HUAURA|SAYAN,REGION LIMA,HUAURA,SAYAN,1184,14,4,0
150812,REGION LIMA|HUAURA|VEGUETA,REGION LIMA,HUAURA,VEGUETA,1218,21,3,0
150901,REGION LIMA|OYON|OYON,REGION LIMA,OYON,OYON,350,8,2,0
150902,REGION LIMA|OYON|ANDAJES,REGION LIMA,OYON,ANDAJES,16,0,0,0
150903,REGION LIMA|OYON|CAUJUL,REGION LIMA,OYON,CAUJUL,2,0,0,0
150904,REGION LIMA|OYON|COCHAMARCA,REGION LIMA,OYON,COCHAMARCA,6,0,0,0
150905,REGION LIMA|OYON|NAVAN,REGION LIMA,OYON,NAVAN,6,0,0,0
150906,REGION LIMA|OYON|PACHANGARA,REGION LIMA,OYON,PACHANGARA,324,7,2,0
151001,REGION LIMA|YAUYOS|YAUYOS,REGION LIMA,YAUYOS,YAUYOS,155,7,1,0
151002,REGION LIMA|YAUYOS|ALIS,REGION LIMA,YAUYOS,ALIS,9,0,0,0
151003,REGION LIMA|YAUYOS|AYAUCA,REGION LIMA,YAUYOS,AYAUCA,82,5,1,0
151004,REGION LIMA|YAUYOS|AYAVIRI,REGION LIMA,YAUYOS,AYAVIRI,2,0,0,0
151005,REGION LIMA|YAUYOS|AZANGARO,REGION LIMA,YAUYOS,AZANGARO,7,0,0,0
151006,REGION LIMA|YAUYOS|CACRA,REGION LIMA,YAUYOS,CACRA,7,0,0,0
151007,REGION LIMA|YAUYOS|CARANIA,REGION LIMA,YAUYOS,CARANIA,1,0,0,0
151008,REGION LIMA|YAUYOS|CATAHUASI,REGION LIMA,YAUYOS,CATAHUASI,102,8,2,0
151009,REGION LIMA|YAUYOS|CHOCOS,REGION LIMA,YAUYOS,CHOCOS,18,0,0,0
151010,REGION LIMA|YAUYOS|COCHAS,REGION LIMA,YAUYOS,COCHAS,24,0,0,0
151011,REGION LIMA|YAUYOS|COLONIA,REGION LIMA,YAUYOS,COLONIA,16,0,0,0
151012,REGION LIMA|YAUYOS|HONGOS,REGION LIMA,YAUYOS,HONGOS,8,0,0,0
151014,REGION LIMA|YAUYOS|HUANCAYA,REGION LIMA,YAUYOS,HUANCAYA,9,0,0,0
151015,REGION LIMA|YAUYOS|HUANGASCAR,REGION LIMA,YAUYOS,HUANGASCAR,57,5,1,0
151016,REGION LIMA|YAUYOS|HUANTAN,REGION LIMA,YAUYOS,HUANTAN,13,0,0,0
151017,REGION LIMA|YAUYOS|HUANEC,REGION LIMA,YAUYOS,HUAÑEC,3,0,0,0
151018,REGION LIMA|YAUYOS|LARAOS,REGION LIMA,YAUYOS,LARAOS,11,0,0,0
151019,REGION LIMA|YAUYOS|LINCHA,REGION LIMA,YAUYOS,LINCHA,25,0,0,0
151020,REGION LIMA|YAUYOS|MADEAN,REGION LIMA,YAUYOS,MADEAN,11,0,0,0
151021,REGION LIMA|YAUYOS|MIRAFLORES,REGION LIMA,YAUYOS,MIRAFLORES,1,0,0,0
151022,REGION LIMA|YAUYOS|OMAS,REGION LIMA,YAUYOS,OMAS,2,0,0,0
151023,REGION LIMA|YAUYOS|PUTINZA,REGION LIMA,YAUYOS,PUTINZA,10,0,0,0
151024,REGION LIMA|YAUYOS|QUINCHES,REGION LIMA,YAUYOS,QUINCHES,3,0,0,0
151025,REGION LIMA|YAUYOS|QUINOCAY,REGION LIMA,YAUYOS,QUINOCAY,3,0,0,0
151027,REGION LIMA|YAUYOS|SAN PEDRO DE PILAS,REGION LIMA,YAUYOS,SAN PEDRO DE PILAS,12,0,0,0
151028,REGION LIMA|YAUYOS|TANTA,REGION LIMA,YAUYOS,TANTA,4,0,0,0
151029,REGION LIMA|YAUYOS|TAURIPAMPA,REGION LIMA,YAUYOS,TAURIPAMPA,2,0,0,0
151030,REGION LIMA|YAUYOS|TOMAS,REGION LIMA,YAUYOS,TOMAS,2,0,0,0
151031,REGION LIMA|YAUYOS|TUPE,REGION LIMA,YAUYOS,TUPE,15,0,0,0
151032,REGION LIMA|YAUYOS|VINAC,REGION LIMA,YAUYOS,VIÑAC,34,0,0,0
160101,LORETO|MAYNAS|IQUITOS,LORETO,MAYNAS,IQUITOS,11114,147,55,2
160102,LORETO|MAYNAS|ALTO NANAY,LORETO,MAYNAS,ALTO NANAY,6,4,3,1
160103,LORETO|MAYNAS|FERNANDO LORES,LORETO,MAYNAS,FERNANDO LORES,92,7,3,3
160104,LORETO|MAYNAS|INDIANA,LORETO,MAYNAS,INDIANA,115,8,5,2
160105,LORETO|MAYNAS|LAS AMAZONAS,LORETO,MAYNAS,LAS AMAZONAS,22,6,4,2
160106,LORETO|MAYNAS|MAZAN,LORETO,MAYNAS,MAZAN,125,0,0,1
160107,LORETO|MAYNAS|NAPO,LORETO,MAYNAS,NAPO,9,4,4,1
160108,LORETO|MAYNAS|PUNCHANA,LORETO,MAYNAS,PUNCHANA,4538,13,9,1
160110,LORETO|MAYNAS|TORRES CAUSANA,LORETO,MAYNAS,TORRES CAUSANA,15,4,3,1
160112,LORETO|MAYNAS|BELEN,LORETO,MAYNAS,BELEN,3142,7,5,2
160113,LORETO|MAYNAS|SAN JUAN BAUTISTA,LORETO,MAYNAS,SAN JUAN BAUTISTA,4735,19,14,0
160201,LORETO|ALTO AMAZONAS|YURIMAGUAS,LORETO,ALTO AMAZONAS,YURIMAGUAS,5263,26,13,1
160202,LORETO|ALTO AMAZONAS|BALSAPUERTO,LORETO,ALTO AMAZONAS,BALSAPUERTO,18,0,0,0
160205,LORETO|ALTO AMAZONAS|JEBEROS,LORETO,ALTO AMAZONAS,JEBEROS,4,0,0,0
160206,LORETO|ALTO AMAZONAS|LAGUNAS,LORETO,ALTO AMAZONAS,LAGUNAS,2,3,1,1
160210,LORETO|ALTO AMAZONAS|SANTA CRUZ,LORETO,ALTO AMAZONAS,SANTA CRUZ,2,0,0,0
160211,LORETO|ALTO AMAZONAS|TENIENTE CESAR LOPEZ ROJAS,LORETO,ALTO AMAZONAS,TENIENTE CESAR LOPEZ ROJAS,14,0,0,0
160301,LORETO|LORETO|NAUTA,LORETO,LORETO,NAUTA,728,80,39,2
160302,LORETO|LORETO|PARINARI,LORETO,LORETO,PARINARI,2,2,2,1
160303,LORETO|LORETO|TIGRE,LORETO,LORETO,TIGRE,5,2,2,1
160304,LORETO|LORETO|TROMPETEROS,LORETO,LORETO,TROMPETEROS,25,2,2,1
160305,LORETO|LORETO|URARINAS,LORETO,LORETO,URARINAS,4,0,0,1
160401,LORETO|MARISCAL RAMON CASTILLA|RAMON CASTILLA,LORETO,MARISCAL RAMON CASTILLA,RAMON CASTILLA,482,21,15,2
160402,LORETO|MARISCAL RAMON CASTILLA|PEBAS,LORETO,MARISCAL RAMON CASTILLA,PEBAS,66,3,2,1
160403,LORETO|MARISCAL RAMON CASTILLA|YAVARI,LORETO,MARISCAL RAMON CASTILLA,YAVARI,33,6,3,0
160404,LORETO|MARISCAL RAMON CASTILLA|SAN PABLO,LORETO,MARISCAL RAMON CASTILLA,SAN PABLO,120,4,3,1
160501,LORETO|REQUENA|REQUENA,LORETO,REQUENA,REQUENA,679,11,9,1
160502,LORETO|REQUENA|ALTO TAPICHE,LORETO,REQUENA,ALTO TAPICHE,1,2,2,1
160504,LORETO|REQUENA|EMILIO SAN MARTIN,LORETO,REQUENA,EMILIO SAN MARTIN,6,2,2,1
160506,LORETO|REQUENA|PUINAHUA,LORETO,REQUENA,PUINAHUA,3,4,4,1
160507,LORETO|REQUENA|SAQUENA,LORETO,REQUENA,SAQUENA,1,3,0,2
160508,LORETO|REQUENA|SOPLIN,LORETO,REQUENA,SOPLIN,1,0,0,1
160509,LORETO|REQUENA|TAPICHE,LORETO,REQUENA,TAPICHE,1,0,0,1
160510,LORETO|REQUENA|JENARO HERRERA,LORETO,REQUENA,JENARO HERRERA,23,1,1,1
160601,LORETO|UCAYALI|CONTAMANA,LORETO,UCAYALI,CONTAMANA,525,3,1,1
160602,LORETO|UCAYALI|INAHUAYA,LORETO,UCAYALI,INAHUAYA,6,0,0,0
160603,LORETO|UCAYALI|PADRE MARQUEZ,LORETO,UCAYALI,PADRE MARQUEZ,6,0,0,0
160604,LORETO|UCAYALI|PAMPA HERMOSA,LORETO,UCAYALI,PAMPA HERMOSA,54,1,1,1
160605,LORETO|UCAYALI|SARAYACU,LORETO,UCAYALI,SARAYACU,21,0,0,1
160606,LORETO|UCAYALI|VARGAS GUERRA,LORETO,UCAYALI,VARGAS GUERRA,53,0,0,1
160701,LORETO|DATEM DEL MARANON|BARRANCA,LORETO,DATEM DEL MARAÑON,BARRANCA,10,2,0,0
160702,LORETO|DATEM DEL MARANON|CAHUAPANAS,LORETO,DATEM DEL MARAÑON,CAHUAPANAS,1,0,0,0
160703,LORETO|DATEM DEL MARANON|MANSERICHE,LORETO,DATEM DEL MARAÑON,MANSERICHE,7,0,0,0
160704,LORETO|DATEM DEL MARANON|MORONA,LORETO,DATEM DEL MARAÑON,MORONA,1,0,0,0
160705,LORETO|DATEM DEL MARANON|PASTAZA,LORETO,DATEM DEL MARAÑON,PASTAZA,1,0,0,0
160801,LORETO|MAYNAS|PUTUMAYO,LORETO,MAYNAS,PUTUMAYO,99,10,8,0
160803,LORETO|MAYNAS|TENIENTE MANUEL CLAVERO,LORETO,MAYNAS,TENIENTE MANUEL CLAVERO,2,1,0,0
170101,MADRE DE DIOS|TAMBOPATA|TAMBOPATA,MADRE DE DIOS,TAMBOPATA,TAMBOPATA,11395,252,117,2
170102,MADRE DE DIOS|TAMBOPATA|INAMBARI,MADRE DE DIOS,TAMBOPATA,INAMBARI,1853,35,7,2
170103,MADRE DE DIOS|TAMBOPATA|LAS PIEDRAS,MADRE DE DIOS,TAMBOPATA,LAS PIEDRAS,497,2,0,2
170104,MADRE DE DIOS|TAMBOPATA|LABERINTO,MADRE DE DIOS,TAMBOPATA,LABERINTO,666,1,1,1
170201,MADRE DE DIOS|MANU|MANU,MADRE DE DIOS,MANU,MANU,136,2,0,1
170202,MADRE DE DIOS|MANU|FITZCARRALD,MADRE DE DIOS,MANU,FITZCARRALD,14,0,0,0
170203,MADRE DE DIOS|MANU|MADRE DE DIOS,MADRE DE DIOS,MANU,MADRE DE DIOS,411,2,0,2
170204,MADRE DE DIOS|MANU|HUEPETUHE,MADRE DE DIOS,MANU,HUEPETUHE,502,5,2,1
170301,MADRE DE DIOS|TAHUAMANU|INAPARI,MADRE DE DIOS,TAHUAMANU,IÑAPARI,9,18,13,0
170302,MADRE DE DIOS|TAHUAMANU|IBERIA,MADRE DE DIOS,TAHUAMANU,IBERIA,519,3,1,1
170303,MADRE DE DIOS|TAHUAMANU|TAHUAMANU,MADRE DE DIOS,TAHUAMANU,TAHUAMANU,40,17,12,0
180101,MOQUEGUA|MARISCAL NIETO|MOQUEGUA,MOQUEGUA,MARISCAL NIETO,MOQUEGUA,7492,129,81,3
180102,MOQUEGUA|MARISCAL NIETO|CARUMAS,MOQUEGUA,MARISCAL NIETO,CARUMAS,16,1,1,1
180103,MOQUEGUA|MARISCAL NIETO|CUCHUMBAYA,MOQUEGUA,MARISCAL NIETO,CUCHUMBAYA,2,0,0,0
180104,MOQUEGUA|MARISCAL NIETO|SAMEGUA,MOQUEGUA,MARISCAL NIETO,SAMEGUA,509,4,4,1
180105,MOQUEGUA|MARISCAL NIETO|SAN CRISTOBAL,MOQUEGUA,MARISCAL NIETO,SAN CRISTOBAL,5,3,2,1
180106,MOQUEGUA|MARISCAL NIETO|TORATA,MOQUEGUA,MARISCAL NIETO,TORATA,177,5,5,1
180201,MOQUEGUA|GENERAL SANCHEZ CERRO|OMATE,MOQUEGUA,GENERAL SANCHEZ CERRO,OMATE,162,2,0,1
180202,MOQUEGUA|GENERAL SANCHEZ CERRO|CHOJATA,MOQUEGUA,GENERAL SANCHEZ CERRO,CHOJATA,6,4,2,1
180203,MOQUEGUA|GENERAL SANCHEZ CERRO|COALAQUE,MOQUEGUA,GENERAL SANCHEZ CERRO,COALAQUE,5,0,0,0
180204,MOQUEGUA|GENERAL SANCHEZ CERRO|ICHUNA,MOQUEGUA,GENERAL SANCHEZ CERRO,ICHUÑA,87,7,4,0
180205,MOQUEGUA|GENERAL SANCHEZ CERRO|LA CAPILLA,MOQUEGUA,GENERAL SANCHEZ CERRO,LA CAPILLA,17,0,0,0
180208,MOQUEGUA|GENERAL SANCHEZ CERRO|PUQUINA,MOQUEGUA,GENERAL SANCHEZ CERRO,PUQUINA,118,2,1,1
180209,MOQUEGUA|GENERAL SANCHEZ CERRO|QUINISTAQUILLAS,MOQUEGUA,GENERAL SANCHEZ CERRO,QUINISTAQUILLAS,24,2,0,1
180210,MOQUEGUA|GENERAL SANCHEZ CERRO|UBINAS,MOQUEGUA,GENERAL SANCHEZ CERRO,UBINAS,11,3,2,2
180211,MOQUEGUA|GENERAL SANCHEZ CERRO|YUNGA,MOQUEGUA,GENERAL SANCHEZ CERRO,YUNGA,1,0,0,0
180301,MOQUEGUA|ILO|ILO,MOQUEGUA,ILO,ILO,5874,29,22,2
180302,MOQUEGUA|ILO|EL ALGARROBAL,MOQUEGUA,ILO,EL ALGARROBAL,187,2,0,1
180303,MOQUEGUA|ILO|PACOCHA,MOQUEGUA,ILO,PACOCHA,290,0,0,1
190101,PASCO|PASCO|CHAUPIMARCA,PASCO,PASCO,CHAUPIMARCA,1397,9,2,1
190102,PASCO|PASCO|HUACHON,PASCO,PASCO,HUACHON,82,1,1,1
190103,PASCO|PASCO|HUARIACA,PASCO,PASCO,HUARIACA,322,3,1,1
190104,PASCO|PASCO|HUAYLLAY,PASCO,PASCO,HUAYLLAY,322,4,1,1
190105,PASCO|PASCO|NINACACA,PASCO,PASCO,NINACACA,42,0,0,0
190106,PASCO|PASCO|PALLANCHACRA,PASCO,PASCO,PALLANCHACRA,1,0,0,0
190107,PASCO|PASCO|PAUCARTAMBO,PASCO,PASCO,PAUCARTAMBO,411,7,3,1
190108,PASCO|PASCO|SAN FRANCISCO DE ASIS DE YARUSYACAN,PASCO,PASCO,SAN FRANCISCO DE ASIS DE YARUSYACAN,69,2,2,1
190109,PASCO|PASCO|SIMON BOLIVAR,PASCO,PASCO,SIMON BOLIVAR,177,2,1,1
190110,PASCO|PASCO|TICLACAYAN,PASCO,PASCO,TICLACAYAN,153,6,3,1
190111,PASCO|PASCO|TINYAHUARCO,PASCO,PASCO,TINYAHUARCO,217,4,0,1
190112,PASCO|PASCO|VICCO,PASCO,PASCO,VICCO,125,4,3,1
190113,PASCO|PASCO|YANACANCHA,PASCO,PASCO,YANACANCHA,1479,35,13,3
190201,PASCO|DANIEL ALCIDES CARRION|YANAHUANCA,PASCO,DANIEL ALCIDES CARRION,YANAHUANCA,545,4,2,1
190202,PASCO|DANIEL ALCIDES CARRION|CHACAYAN,PASCO,DANIEL ALCIDES CARRION,CHACAYAN,40,3,2,1
190203,PASCO|DANIEL ALCIDES CARRION|GOYLLARISQUIZGA,PASCO,DANIEL ALCIDES CARRION,GOYLLARISQUIZGA,8,1,1,1
190204,PASCO|DANIEL ALCIDES CARRION|PAUCAR,PASCO,DANIEL ALCIDES CARRION,PAUCAR,63,2,0,1
190205,PASCO|DANIEL ALCIDES CARRION|SAN PEDRO DE PILLAO,PASCO,DANIEL ALCIDES CARRION,SAN PEDRO DE PILLAO,13,0,0,0
190206,PASCO|DANIEL ALCIDES CARRION|SANTA ANA DE TUSI,PASCO,DANIEL ALCIDES CARRION,SANTA ANA DE TUSI,89,2,0,1
190207,PASCO|DANIEL ALCIDES CARRION|TAPUC,PASCO,DANIEL ALCIDES CARRION,TAPUC,15,0,0,0
190208,PASCO|DANIEL ALCIDES CARRION|VILCABAMBA,PASCO,DANIEL ALCIDES CARRION,VILCABAMBA,5,0,0,0
190301,PASCO|OXAPAMPA|OXAPAMPA,PASCO,OXAPAMPA,OXAPAMPA,1557,5,4,1
190302,PASCO|OXAPAMPA|CHONTABAMBA,PASCO,OXAPAMPA,CHONTABAMBA,281,0,0,0
190303,PASCO|OXAPAMPA|HUANCABAMBA,PASCO,OXAPAMPA,HUANCABAMBA,235,3,3,1
190304,PASCO|OXAPAMPA|PALCAZU,PASCO,OXAPAMPA,PALCAZU,244,3,2,1
190305,PASCO|OXAPAMPA|POZUZO,PASCO,OXAPAMPA,POZUZO,83,6,3,1
190306,PASCO|OXAPAMPA|PUERTO BERMUDEZ,PASCO,OXAPAMPA,PUERTO BERMUDEZ,555,10,5,1
190307,PASCO|OXAPAMPA|VILLA RICA,PASCO,OXAPAMPA,VILLA RICA,645,6,3,1
190308,PASCO|OXAPAMPA|CONSTITUCION,PASCO,OXAPAMPA,CONSTITUCION,702,0,0,1
200101,PIURA|PIURA|PIURA,PIURA,PIURA,PIURA,27224,316,200,2
200104,PIURA|PIURA|CASTILLA,PIURA,PIURA,CASTILLA,11795,29,14,3
200105,PIURA|PIURA|CATACAOS,PIURA,PIURA,CATACAOS,2939,19,8,2
200107,PIURA|PIURA|CURA MORI,PIURA,PIURA,CURA MORI,534,5,2,1
200108,PIURA|PIURA|EL TALLAN,PIURA,PIURA,EL TALLAN,35,0,0,0
200109,PIURA|PIURA|LA ARENA,PIURA,PIURA,LA ARENA,929,4,2,1
200110,PIURA|PIURA|LA UNION,PIURA,PIURA,LA UNION,1537,8,4,1
200111,PIURA|PIURA|LAS LOMAS,PIURA,PIURA,LAS LOMAS,543,11,10,2
200114,PIURA|PIURA|TAMBO GRANDE,PIURA,PIURA,TAMBO GRANDE,2725,15,10,2
200115,PIURA|PIURA|26 DE OCTUBRE,PIURA,PIURA,26 DE OCTUBRE,9664,26,18,0
200201,PIURA|AYABACA|AYABACA,PIURA,AYABACA,AYABACA,635,21,14,1
200202,PIURA|AYABACA|FRIAS,PIURA,AYABACA,FRIAS,130,5,4,2
200203,PIURA|AYABACA|JILILI,PIURA,AYABACA,JILILI,29,3,2,1
200204,PIURA|AYABACA|LAGUNAS,PIURA,AYABACA,LAGUNAS,43,3,3,1
200205,PIURA|AYABACA|MONTERO,PIURA,AYABACA,MONTERO,69,3,2,1
200206,PIURA|AYABACA|PACAIPAMPA,PIURA,AYABACA,PACAIPAMPA,170,3,2,1
200207,PIURA|AYABACA|PAIMAS,PIURA,AYABACA,PAIMAS,277,3,1,1
200208,PIURA|AYABACA|SAPILLICA,PIURA,AYABACA,SAPILLICA,65,13,11,1
200209,PIURA|AYABACA|SICCHEZ,PIURA,AYABACA,SICCHEZ,48,1,1,1
200210,PIURA|AYABACA|SUYO,PIURA,AYABACA,SUYO,345,21,17,1
200301,PIURA|HUANCABAMBA|HUANCABAMBA,PIURA,HUANCABAMBA,HUANCABAMBA,986,8,7,1
200302,PIURA|HUANCABAMBA|CANCHAQUE,PIURA,HUANCABAMBA,CANCHAQUE,133,6,4,2
200303,PIURA|HUANCABAMBA|EL CARMEN DE LA FRONTERA,PIURA,HUANCABAMBA,EL CARMEN DE LA FRONTERA,95,4,3,1
200304,PIURA|HUANCABAMBA|HUARMACA,PIURA,HUANCABAMBA,HUARMACA,333,4,2,1
200305,PIURA|HUANCABAMBA|LALAQUIZ,PIURA,HUANCABAMBA,LALAQUIZ,16,0,0,0
200306,PIURA|HUANCABAMBA|SAN MIGUEL DE EL FAIQUE,PIURA,HUANCABAMBA,SAN MIGUEL DE EL FAIQUE,197,3,3,1
200307,PIURA|HUANCABAMBA|SONDOR,PIURA,HUANCABAMBA,SONDOR,55,4,2,1
200308,PIURA|HUANCABAMBA|SONDORILLO,PIURA,HUANCABAMBA,SONDORILLO,58,3,1,1
200401,PIURA|MORROPON|CHULUCANAS,PIURA,MORROPON,CHULUCANAS,2974,37,19,5
200402,PIURA|MORROPON|BUENOS AIRES,PIURA,MORROPON,BUENOS AIRES,203,5,2,1
200403,PIURA|MORROPON|CHALACO,PIURA,MORROPON,CHALACO,68,4,3,1
200404,PIURA|MORROPON|LA MATANZA,PIURA,MORROPON,LA MATANZA,269,5,2,1
200405,PIURA|MORROPON|MORROPON,PIURA,MORROPON,MORROPON,674,9,6,1
200406,PIURA|MORROPON|SALITRAL,PIURA,MORROPON,SALITRAL,140,2,2,1
200407,PIURA|MORROPON|SAN JUAN DE BIGOTE,PIURA,MORROPON,SAN JUAN DE BIGOTE,104,2,2,1
200408,PIURA|MORROPON|SANTA CATALINA DE MOSSA,PIURA,MORROPON,SANTA CATALINA DE MOSSA,35,8,6,2
200409,PIURA|MORROPON|SANTO DOMINGO,PIURA,MORROPON,SANTO DOMINGO,52,3,2,1
200410,PIURA|MORROPON|YAMANGO,PIURA,MORROPON,YAMANGO,84,4,3,1
200501,PIURA|PAITA|PAITA,PIURA,PAITA,PAITA,3671,26,15,2
200502,PIURA|PAITA|AMOTAPE,PIURA,PAITA,AMOTAPE,17,3,3,1
200504,PIURA|PAITA|COLAN,PIURA,PAITA,COLAN,415,11,6,2
200505,PIURA|PAITA|LA HUACA,PIURA,PAITA,LA HUACA,314,5,1,1
200506,PIURA|PAITA|TAMARINDO,PIURA,PAITA,TAMARINDO,65,2,1,1
200507,PIURA|PAITA|VICHAYAL,PIURA,PAITA,VICHAYAL,107,4,2,1
200601,PIURA|SULLANA|SULLANA,PIURA,SULLANA,SULLANA,13164,125,72,3
200602,PIURA|SULLANA|BELLAVISTA,PIURA,SULLANA,BELLAVISTA,1755,10,6,1
200603,PIURA|SULLANA|IGNACIO ESCUDERO,PIURA,SULLANA,IGNACIO ESCUDERO,519,6,2,1
200604,PIURA|SULLANA|LANCONES,PIURA,SULLANA,LANCONES,175,13,9,1
200605,PIURA|SULLANA|MARCAVELICA,PIURA,SULLANA,MARCAVELICA,1053,11,8,1
200606,PIURA|SULLANA|MIGUEL CHECA,PIURA,SULLANA,MIGUEL CHECA,260,5,2,1
200607,PIURA|SULLANA|QUERECOTILLO,PIURA,SULLANA,QUERECOTILLO,659,5,4,2
200608,PIURA|SULLANA|SALITRAL,PIURA,SULLANA,SALITRAL,289,9,7,1
200701,PIURA|TALARA|PARINAS,PIURA,TALARA,PARIÑAS,4433,24,12,0
200702,PIURA|TALARA|EL ALTO,PIURA,TALARA,EL ALTO,490,5,3,1
200703,PIURA|TALARA|LA BREA,PIURA,TALARA,LA BREA,310,5,3,1
200704,PIURA|TALARA|LOBITOS,PIURA,TALARA,LOBITOS,14,0,0,0
200705,PIURA|TALARA|LOS ORGANOS,PIURA,TALARA,LOS ORGANOS,602,14,5,1
200706,PIURA|TALARA|MANCORA,PIURA,TALARA,MANCORA,1275,13,4,1
200801,PIURA|SECHURA|SECHURA,PIURA,SECHURA,SECHURA,2193,22,12,3
200802,PIURA|SECHURA|BELLAVISTA DE LA UNION,PIURA,SECHURA,BELLAVISTA DE LA UNION,169,3,3,1
200803,PIURA|SECHURA|BERNAL,PIURA,SECHURA,BERNAL,401,6,4,1
200804,PIURA|SECHURA|CRISTO NOS VALGA,PIURA,SECHURA,CRISTO NOS VALGA,26,0,0,0
200805,PIURA|SECHURA|VICE,PIURA,SECHURA,VICE,300,4,2,1
200806,PIURA|SECHURA|RINCONADA LLICUAR,PIURA,SECHURA,RINCONADA LLICUAR,67,7,3,1
210101,PUNO|PUNO|PUNO,PUNO,PUNO,PUNO,9700,262,105,4
210102,PUNO|PUNO|ACORA,PUNO,PUNO,ACORA,395,8,3,1
210103,PUNO|PUNO|AMANTANI,PUNO,PUNO,AMANTANI,14,0,0,0
210104,PUNO|PUNO|ATUNCOLLA,PUNO,PUNO,ATUNCOLLA,9,0,0,0
210105,PUNO|PUNO|CAPACHICA,PUNO,PUNO,CAPACHICA,216,3,1,1
210106,PUNO|PUNO|CHUCUITO,PUNO,PUNO,CHUCUITO,173,1,1,1
210107,PUNO|PUNO|COATA,PUNO,PUNO,COATA,35,0,0,0
210108,PUNO|PUNO|HUATA,PUNO,PUNO,HUATA,75,1,1,1
210109,PUNO|PUNO|MANAZO,PUNO,PUNO,MAÑAZO,228,2,1,0
210110,PUNO|PUNO|PAUCARCOLLA,PUNO,PUNO,PAUCARCOLLA,191,2,2,1
210111,PUNO|PUNO|PICHACANI,PUNO,PUNO,PICHACANI,90,1,1,1
210112,PUNO|PUNO|PLATERIA,PUNO,PUNO,PLATERIA,114,1,1,1
210113,PUNO|PUNO|SAN ANTONIO,PUNO,PUNO,SAN ANTONIO,3,0,0,0
210114,PUNO|PUNO|TIQUILLACA,PUNO,PUNO,TIQUILLACA,97,2,1,1
210115,PUNO|PUNO|VILQUE,PUNO,PUNO,VILQUE,30,0,0,0
210201,PUNO|AZANGARO|AZANGARO,PUNO,AZANGARO,AZANGARO,974,5,3,1
210202,PUNO|AZANGARO|ACHAYA,PUNO,AZANGARO,ACHAYA,7,0,0,0
210203,PUNO|AZANGARO|ARAPA,PUNO,AZANGARO,ARAPA,157,3,1,1
210204,PUNO|AZANGARO|ASILLO,PUNO,AZANGARO,ASILLO,146,2,2,1
210205,PUNO|AZANGARO|CAMINACA,PUNO,AZANGARO,CAMINACA,17,0,0,0
210206,PUNO|AZANGARO|CHUPA,PUNO,AZANGARO,CHUPA,22,0,0,0
210207,PUNO|AZANGARO|JOSE DOMINGO CHOQUEHUANCA,PUNO,AZANGARO,JOSE DOMINGO CHOQUEHUANCA,63,1,1,1
210208,PUNO|AZANGARO|MUNANI,PUNO,AZANGARO,MUÑANI,77,0,0,0
210209,PUNO|AZANGARO|POTONI,PUNO,AZANGARO,POTONI,34,0,0,0
210210,PUNO|AZANGARO|SAMAN,PUNO,AZANGARO,SAMAN,74,0,0,0
210211,PUNO|AZANGARO|SAN ANTON,PUNO,AZANGARO,SAN ANTON,110,1,1,1
210212,PUNO|AZANGARO|SAN JOSE,PUNO,AZANGARO,SAN JOSE,10,0,0,0
210213,PUNO|AZANGARO|SAN JUAN DE SALINAS,PUNO,AZANGARO,SAN JUAN DE SALINAS,9,0,0,0
210214,PUNO|AZANGARO|SANTIAGO DE PUPUJA,PUNO,AZANGARO,SANTIAGO DE PUPUJA,20,0,0,0
210215,PUNO|AZANGARO|TIRAPATA,PUNO,AZANGARO,TIRAPATA,11,0,0,0
210301,PUNO|CARABAYA|MACUSANI,PUNO,CARABAYA,MACUSANI,664,9,5,1
210302,PUNO|CARABAYA|AJOYANI,PUNO,CARABAYA,AJOYANI,7,0,0,0
210303,PUNO|CARABAYA|AYAPATA,PUNO,CARABAYA,AYAPATA,19,0,0,0
210304,PUNO|CARABAYA|COASA,PUNO,CARABAYA,COASA,28,0,0,0
210305,PUNO|CARABAYA|CORANI,PUNO,CARABAYA,CORANI,15,0,0,0
210306,PUNO|CARABAYA|CRUCERO,PUNO,CARABAYA,CRUCERO,195,2,1,1
210307,PUNO|CARABAYA|ITUATA,PUNO,CARABAYA,ITUATA,13,0,0,0
210308,PUNO|CARABAYA|OLLACHEA,PUNO,CARABAYA,OLLACHEA,38,0,0,0
210309,PUNO|CARABAYA|SAN GABAN,PUNO,CARABAYA,SAN GABAN,61,0,0,0
210310,PUNO|CARABAYA|USICAYOS,PUNO,CARABAYA,USICAYOS,8,0,0,0
210401,PUNO|CHUCUITO|JULI,PUNO,CHUCUITO,JULI,460,4,2,1
210402,PUNO|CHUCUITO|DESAGUADERO,PUNO,CHUCUITO,DESAGUADERO,869,9,6,1
210403,PUNO|CHUCUITO|HUACULLANI,PUNO,CHUCUITO,HUACULLANI,62,2,2,1
210404,PUNO|CHUCUITO|KELLUYO,PUNO,CHUCUITO,KELLUYO,23,0,0,0
210405,PUNO|CHUCUITO|PISACOMA,PUNO,CHUCUITO,PISACOMA,9,1,0,0
210406,PUNO|CHUCUITO|POMATA,PUNO,CHUCUITO,POMATA,280,1,1,1
210407,PUNO|CHUCUITO|ZEPITA,PUNO,CHUCUITO,ZEPITA,202,2,2,1
210501,PUNO|EL COLLAO|ILAVE,PUNO,EL COLLAO,ILAVE,1456,16,10,1
210502,PUNO|EL COLLAO|CAPAZO,PUNO,EL COLLAO,CAPAZO,38,0,0,0
210503,PUNO|EL COLLAO|PILCUYO,PUNO,EL COLLAO,PILCUYO,131,4,2,1
210504,PUNO|EL COLLAO|SANTA ROSA,PUNO,EL COLLAO,SANTA ROSA,69,13,9,1
210505,PUNO|EL COLLAO|CONDURIRI,PUNO,EL COLLAO,CONDURIRI,6,0,0,0
210601,PUNO|HUANCANE|HUANCANE,PUNO,HUANCANE,HUANCANE,460,8,8,1
210602,PUNO|HUANCANE|COJATA,PUNO,HUANCANE,COJATA,32,1,1,0
210603,PUNO|HUANCANE|HUATASANI,PUNO,HUANCANE,HUATASANI,15,0,0,0
210604,PUNO|HUANCANE|INCHUPALLA,PUNO,HUANCANE,INCHUPALLA,4,0,0,0
210605,PUNO|HUANCANE|PUSI,PUNO,HUANCANE,PUSI,86,1,1,1
210606,PUNO|HUANCANE|ROSASPATA,PUNO,HUANCANE,ROSASPATA,32,2,0,1
210607,PUNO|HUANCANE|TARACO,PUNO,HUANCANE,TARACO,188,2,1,1
210608,PUNO|HUANCANE|VILQUE CHICO,PUNO,HUANCANE,VILQUE CHICO,141,1,1,1
210701,PUNO|LAMPA|LAMPA,PUNO,LAMPA,LAMPA,270,7,5,1
210702,PUNO|LAMPA|CABANILLA,PUNO,LAMPA,CABANILLA,87,0,0,1
210703,PUNO|LAMPA|CALAPUJA,PUNO,LAMPA,CALAPUJA,8,0,0,0
210704,PUNO|LAMPA|NICASIO,PUNO,LAMPA,NICASIO,10,0,0,0
210705,PUNO|LAMPA|OCUVIRI,PUNO,LAMPA,OCUVIRI,10,0,0,0
210706,PUNO|LAMPA|PALCA,PUNO,LAMPA,PALCA,10,0,0,0
210708,PUNO|LAMPA|PUCARA,PUNO,LAMPA,PUCARA,84,2,1,1
210709,PUNO|LAMPA|SANTA LUCIA,PUNO,LAMPA,SANTA LUCIA,180,6,5,1
210710,PUNO|LAMPA|VILAVILA,PUNO,LAMPA,VILAVILA,6,0,0,0
210801,PUNO|MELGAR|AYAVIRI,PUNO,MELGAR,AYAVIRI,797,14,11,1
210802,PUNO|MELGAR|ANTAUTA,PUNO,MELGAR,ANTAUTA,18,2,2,1
210804,PUNO|MELGAR|LLALLI,PUNO,MELGAR,LLALLI,4,0,0,0
210805,PUNO|MELGAR|MACARI,PUNO,MELGAR,MACARI,11,0,0,0
210806,PUNO|MELGAR|NUNOA,PUNO,MELGAR,NUÑOA,116,2,1,0
210807,PUNO|MELGAR|ORURILLO,PUNO,MELGAR,ORURILLO,80,4,2,1
210808,PUNO|MELGAR|SANTA ROSA,PUNO,MELGAR,SANTA ROSA,104,0,0,1
210809,PUNO|MELGAR|UMACHIRI,PUNO,MELGAR,UMACHIRI,5,0,0,0
210901,PUNO|MOHO|MOHO,PUNO,MOHO,MOHO,141,4,3,1
210902,PUNO|MOHO|CONIMA,PUNO,MOHO,CONIMA,44,1,1,1
210903,PUNO|MOHO|HUAYRAPATA,PUNO,MOHO,HUAYRAPATA,6,0,0,0
210904,PUNO|MOHO|TILALI,PUNO,MOHO,TILALI,7,0,0,0
211001,PUNO|SAN ANTONIO DE PUTINA|PUTINA,PUNO,SAN ANTONIO DE PUTINA,PUTINA,385,7,2,1
211002,PUNO|SAN ANTONIO DE PUTINA|ANANEA,PUNO,SAN ANTONIO DE PUTINA,ANANEA,437,10,5,2
211003,PUNO|SAN ANTONIO DE PUTINA|PEDRO VILCA APAZA,PUNO,SAN ANTONIO DE PUTINA,PEDRO VILCA APAZA,3,0,0,0
211004,PUNO|SAN ANTONIO DE PUTINA|QUILCAPUNCU,PUNO,SAN ANTONIO DE PUTINA,QUILCAPUNCU,23,0,0,0
211005,PUNO|SAN ANTONIO DE PUTINA|SINA,PUNO,SAN ANTONIO DE PUTINA,SINA,21,0,0,0
211101,PUNO|SAN ROMAN|JULIACA,PUNO,SAN ROMAN,JULIACA,14757,216,113,2
211102,PUNO|SAN ROMAN|CABANA,PUNO,SAN ROMAN,CABANA,63,0,0,0
211103,PUNO|SAN ROMAN|CABANILLAS,PUNO,SAN ROMAN,CABANILLAS,169,5,5,1
211104,PUNO|SAN ROMAN|CARACOTO,PUNO,SAN ROMAN,CARACOTO,324,2,2,1
211105,PUNO|SAN ROMAN|SAN MIGUEL,PUNO,SAN ROMAN,SAN MIGUEL,1515,0,0,1
211201,PUNO|SANDIA|SANDIA,PUNO,SANDIA,SANDIA,255,6,3,1
211202,PUNO|SANDIA|CUYOCUYO,PUNO,SANDIA,CUYOCUYO,54,0,0,0
211203,PUNO|SANDIA|LIMBANI,PUNO,SANDIA,LIMBANI,39,2,1,1
211204,PUNO|SANDIA|PATAMBUCO,PUNO,SANDIA,PATAMBUCO,8,0,0,0
211205,PUNO|SANDIA|PHARA,PUNO,SANDIA,PHARA,35,0,0,0
211206,PUNO|SANDIA|QUIACA,PUNO,SANDIA,QUIACA,23,2,2,1
211207,PUNO|SANDIA|SAN JUAN DEL ORO,PUNO,SANDIA,SAN JUAN DEL ORO,125,2,1,1
211208,PUNO|SANDIA|YANAHUAYA,PUNO,SANDIA,YANAHUAYA,15,0,0,0
211209,PUNO|SANDIA|ALTO INAMBARI,PUNO,SANDIA,ALTO INAMBARI,25,0,0,0
211210,PUNO|SANDIA|SAN PEDRO DE PUTINA PUNCO,PUNO,SANDIA,SAN PEDRO DE PUTINA PUNCO,22,0,0,0
211301,PUNO|YUNGUYO|YUNGUYO,PUNO,YUNGUYO,YUNGUYO,790,7,5,4
211302,PUNO|YUNGUYO|ANAPIA,PUNO,YUNGUYO,ANAPIA,4,0,0,0
211303,PUNO|YUNGUYO|COPANI,PUNO,YUNGUYO,COPANI,7,1,1,0
211304,PUNO|YUNGUYO|CUTURAPI,PUNO,YUNGUYO,CUTURAPI,9,0,0,0
211305,PUNO|YUNGUYO|OLLARAYA,PUNO,YUNGUYO,OLLARAYA,9,0,0,0
211306,PUNO|YUNGUYO|TINICACHI,PUNO,YUNGUYO,TINICACHI,6,0,0,0
211307,PUNO|YUNGUYO|UNICACHI,PUNO,YUNGUYO,UNICACHI,32,2,0,1
220101,SAN MARTIN|MOYOBAMBA|MOYOBAMBA,SAN MARTIN,MOYOBAMBA,MOYOBAMBA,6346,50,27,2
220102,SAN MARTIN|MOYOBAMBA|CALZADA,SAN MARTIN,MOYOBAMBA,CALZADA,362,3,1,1
220103,SAN MARTIN|MOYOBAMBA|HABANA,SAN MARTIN,MOYOBAMBA,HABANA,81,0,0,0
220104,SAN MARTIN|MOYOBAMBA|JEPELACIO,SAN MARTIN,MOYOBAMBA,JEPELACIO,423,1,1,2
220105,SAN MARTIN|MOYOBAMBA|SORITOR,SAN MARTIN,MOYOBAMBA,SORITOR,1539,2,2,1
220106,SAN MARTIN|MOYOBAMBA|YANTALO,SAN MARTIN,MOYOBAMBA,YANTALO,181,2,1,1
220201,SAN MARTIN|BELLAVISTA|BELLAVISTA,SAN MARTIN,BELLAVISTA,BELLAVISTA,1091,8,2,1
220202,SAN MARTIN|BELLAVISTA|ALTO BIAVO,SAN MARTIN,BELLAVISTA,ALTO BIAVO,77,0,0,0
220203,SAN MARTIN|BELLAVISTA|BAJO BIAVO,SAN MARTIN,BELLAVISTA,BAJO BIAVO,208,3,1,1
220204,SAN MARTIN|BELLAVISTA|HUALLAGA,SAN MARTIN,BELLAVISTA,HUALLAGA,11,0,0,0
220205,SAN MARTIN|BELLAVISTA|SAN PABLO,SAN MARTIN,BELLAVISTA,SAN PABLO,201,2,1,1
220206,SAN MARTIN|BELLAVISTA|SAN RAFAEL,SAN MARTIN,BELLAVISTA,SAN RAFAEL,60,0,0,0
220301,SAN MARTIN|EL DORADO|SAN JOSE DE SISA,SAN MARTIN,EL DORADO,SAN JOSE DE SISA,589,2,1,1
220302,SAN MARTIN|EL DORADO|AGUA BLANCA,SAN MARTIN,EL DORADO,AGUA BLANCA,25,0,0,0
220303,SAN MARTIN|EL DORADO|SAN MARTIN,SAN MARTIN,EL DORADO,SAN MARTIN,218,2,1,1
220304,SAN MARTIN|EL DORADO|SANTA ROSA,SAN MARTIN,EL DORADO,SANTA ROSA,62,0,0,0
220305,SAN MARTIN|EL DORADO|SHATOJA,SAN MARTIN,EL DORADO,SHATOJA,33,0,0,0
220401,SAN MARTIN|HUALLAGA|SAPOSOA,SAN MARTIN,HUALLAGA,SAPOSOA,623,6,5,1
220402,SAN MARTIN|HUALLAGA|ALTO SAPOSOA,SAN MARTIN,HUALLAGA,ALTO SAPOSOA,34,0,0,0
220403,SAN MARTIN|HUALLAGA|EL ESLABON,SAN MARTIN,HUALLAGA,EL ESLABON,29,0,0,0
220404,SAN MARTIN|HUALLAGA|PISCOYACU,SAN MARTIN,HUALLAGA,PISCOYACU,81,0,0,0
220405,SAN MARTIN|HUALLAGA|SACANCHE,SAN MARTIN,HUALLAGA,SACANCHE,161,8,5,1
220406,SAN MARTIN|HUALLAGA|TINGO DE SAPOSOA,SAN MARTIN,HUALLAGA,TINGO DE SAPOSOA,5,0,0,0
220501,SAN MARTIN|LAMAS|LAMAS,SAN MARTIN,LAMAS,LAMAS,692,1,1,1
220502,SAN MARTIN|LAMAS|ALONSO DE ALVARADO,SAN MARTIN,LAMAS,ALONSO DE ALVARADO,390,4,3,2
220503,SAN MARTIN|LAMAS|BARRANQUITA,SAN MARTIN,LAMAS,BARRANQUITA,31,0,0,0
220504,SAN MARTIN|LAMAS|CAYNARACHI,SAN MARTIN,LAMAS,CAYNARACHI,352,1,0,2
220505,SAN MARTIN|LAMAS|CUNUMBUQUI,SAN MARTIN,LAMAS,CUÑUMBUQUI,42,0,0,0
220506,SAN MARTIN|LAMAS|PINTO RECODO,SAN MARTIN,LAMAS,PINTO RECODO,80,0,0,0
220507,SAN MARTIN|LAMAS|RUMISAPA,SAN MARTIN,LAMAS,RUMISAPA,44,0,0,0
220508,SAN MARTIN|LAMAS|SAN ROQUE DE CUMBAZA,SAN MARTIN,LAMAS,SAN ROQUE DE CUMBAZA,38,0,0,0
220509,SAN MARTIN|LAMAS|SHANAO,SAN MARTIN,LAMAS,SHANAO,20,0,0,0
220510,SAN MARTIN|LAMAS|TABALOSOS,SAN MARTIN,LAMAS,TABALOSOS,447,3,2,1
220511,SAN MARTIN|LAMAS|ZAPATERO,SAN MARTIN,LAMAS,ZAPATERO,63,0,0,0
220601,SAN MARTIN|MARISCAL CACERES|JUANJUI,SAN MARTIN,MARISCAL CACERES,JUANJUI,2189,20,7,1
220602,SAN MARTIN|MARISCAL CACERES|CAMPANILLA,SAN MARTIN,MARISCAL CACERES,CAMPANILLA,230,4,2,1
220603,SAN MARTIN|MARISCAL CACERES|HUICUNGO,SAN MARTIN,MARISCAL CACERES,HUICUNGO,118,0,0,1
220604,SAN MARTIN|MARISCAL CACERES|PACHIZA,SAN MARTIN,MARISCAL CACERES,PACHIZA,98,0,0,0
220605,SAN MARTIN|MARISCAL CACERES|PAJARILLO,SAN MARTIN,MARISCAL CACERES,PAJARILLO,72,0,0,0
220701,SAN MARTIN|PICOTA|PICOTA,SAN MARTIN,PICOTA,PICOTA,687,7,2,1
220702,SAN MARTIN|PICOTA|BUENOS AIRES,SAN MARTIN,PICOTA,BUENOS AIRES,37,0,0,0
220703,SAN MARTIN|PICOTA|CASPISAPA,SAN MARTIN,PICOTA,CASPISAPA,31,0,0,0
220704,SAN MARTIN|PICOTA|PILLUANA,SAN MARTIN,PICOTA,PILLUANA,7,0,0,0
220705,SAN MARTIN|PICOTA|PUCACACA,SAN MARTIN,PICOTA,PUCACACA,57,0,0,0
220706,SAN MARTIN|PICOTA|SAN CRISTOBAL,SAN MARTIN,PICOTA,SAN CRISTOBAL,20,0,0,0
220707,SAN MARTIN|PICOTA|SAN HILARION,SAN MARTIN,PICOTA,SAN HILARION,160,4,1,1
220708,SAN MARTIN|PICOTA|SHAMBOYACU,SAN MARTIN,PICOTA,SHAMBOYACU,58,0,0,0
220709,SAN MARTIN|PICOTA|TINGO DE PONASA,SAN MARTIN,PICOTA,TINGO DE PONASA,29,0,0,0
220710,SAN MARTIN|PICOTA|TRES UNIDOS,SAN MARTIN,PICOTA,TRES UNIDOS,45,0,0,0
220801,SAN MARTIN|RIOJA|RIOJA,SAN MARTIN,RIOJA,RIOJA,2113,10,9,1
220802,SAN MARTIN|RIOJA|AWAJUN,SAN MARTIN,RIOJA,AWAJUN,301,0,0,0
220803,SAN MARTIN|RIOJA|ELIAS SOPLIN VARGAS,SAN MARTIN,RIOJA,ELIAS SOPLIN VARGAS,599,1,1,1
220804,SAN MARTIN|RIOJA|NUEVA CAJAMARCA,SAN MARTIN,RIOJA,NUEVA CAJAMARCA,3385,10,5,2
220805,SAN MARTIN|RIOJA|PARDO MIGUEL,SAN MARTIN,RIOJA,PARDO MIGUEL,537,6,6,1
220806,SAN MARTIN|RIOJA|POSIC,SAN MARTIN,RIOJA,POSIC,67,0,0,0
220807,SAN MARTIN|RIOJA|SAN FERNANDO,SAN MARTIN,RIOJA,SAN FERNANDO,35,0,0,0
220808,SAN MARTIN|RIOJA|YORONGOS,SAN MARTIN,RIOJA,YORONGOS,34,0,0,0
220809,SAN MARTIN|RIOJA|YURACYACU,SAN MARTIN,RIOJA,YURACYACU,305,2,1,1
220901,SAN MARTIN|SAN MARTIN|TARAPOTO,SAN MARTIN,SAN MARTIN,TARAPOTO,7168,123,55,1
220902,SAN MARTIN|SAN MARTIN|ALBERTO LEVEAU,SAN MARTIN,SAN MARTIN,ALBERTO LEVEAU,4,0,0,0
220903,SAN MARTIN|SAN MARTIN|CACATACHI,SAN MARTIN,SAN MARTIN,CACATACHI,72,0,0,0
220904,SAN MARTIN|SAN MARTIN|CHAZUTA,SAN MARTIN,SAN MARTIN,CHAZUTA,122,3,1,1
220905,SAN MARTIN|SAN MARTIN|CHIPURANA,SAN MARTIN,SAN MARTIN,CHIPURANA,13,0,0,0
220906,SAN MARTIN|SAN MARTIN|EL PORVENIR,SAN MARTIN,SAN MARTIN,EL PORVENIR,49,1,1,1
220907,SAN MARTIN|SAN MARTIN|HUIMBAYOC,SAN MARTIN,SAN MARTIN,HUIMBAYOC,34,0,0,0
220908,SAN MARTIN|SAN MARTIN|JUAN GUERRA,SAN MARTIN,SAN MARTIN,JUAN GUERRA,57,0,0,0
220909,SAN MARTIN|SAN MARTIN|LA BANDA DE SHILCAYO,SAN MARTIN,SAN MARTIN,LA BANDA DE SHILCAYO,2171,4,3,1
220910,SAN MARTIN|SAN MARTIN|MORALES,SAN MARTIN,SAN MARTIN,MORALES,2267,14,9,1
220911,SAN MARTIN|SAN MARTIN|PAPAPLAYA,SAN MARTIN,SAN MARTIN,PAPAPLAYA,20,0,0,0
220912,SAN MARTIN|SAN MARTIN|SAN ANTONIO,SAN MARTIN,SAN MARTIN,SAN ANTONIO,15,0,0,0
220913,SAN MARTIN|SAN MARTIN|SAUCE,SAN MARTIN,SAN MARTIN,SAUCE,171,3,1,1
220914,SAN MARTIN|SAN MARTIN|SHAPAJA,SAN MARTIN,SAN MARTIN,SHAPAJA,55,2,1,1
221001,SAN MARTIN|TOCACHE|TOCACHE,SAN MARTIN,TOCACHE,TOCACHE,2174,25,12,1
221002,SAN MARTIN|TOCACHE|NUEVO PROGRESO,SAN MARTIN,TOCACHE,NUEVO PROGRESO,577,2,1,2
221003,SAN MARTIN|TOCACHE|POLVORA,SAN MARTIN,TOCACHE,POLVORA,351,3,1,2
221004,SAN MARTIN|TOCACHE|SHUNTE,SAN MARTIN,TOCACHE,SHUNTE,10,0,0,0
221005,SAN MARTIN|TOCACHE|UCHIZA,SAN MARTIN,TOCACHE,UCHIZA,798,12,4,2
230101,TACNA|TACNA|TACNA,TACNA,TACNA,TACNA,13861,197,148,4
230102,TACNA|TACNA|ALTO DE LA ALIANZA,TACNA,TACNA,ALTO DE LA ALIANZA,1331,8,6,1
230103,TACNA|TACNA|CALANA,TACNA,TACNA,CALANA,261,3,1,1
230104,TACNA|TACNA|CIUDAD NUEVA,TACNA,TACNA,CIUDAD NUEVA,1167,14,7,1
230105,TACNA|TACNA|INCLAN,TACNA,TACNA,INCLAN,82,3,2,1
230106,TACNA|TACNA|PACHIA,TACNA,TACNA,PACHIA,126,2,2,1
230107,TACNA|TACNA|PALCA,TACNA,TACNA,PALCA,20,26,24,0
230108,TACNA|TACNA|POCOLLAY,TACNA,TACNA,POCOLLAY,1298,5,3,1
230109,TACNA|TACNA|SAMA,TACNA,TACNA,SAMA,327,5,3,2
230110,TACNA|TACNA|CORONEL GREGORIO ALBARRACIN LANCHIPA,TACNA,TACNA,CORONEL GREGORIO ALBARRACIN LANCHIPA,4926,29,17,1
230111,TACNA|TACNA|LA YARADA LOS PALOS,TACNA,TACNA,LA YARADA LOS PALOS,651,4,4,1
230201,TACNA|CANDARAVE|CANDARAVE,TACNA,CANDARAVE,CANDARAVE,49,4,2,1
230202,TACNA|CANDARAVE|CAIRANI,TACNA,CANDARAVE,CAIRANI,5,1,1,1
230204,TACNA|CANDARAVE|CURIBAYA,TACNA,CANDARAVE,CURIBAYA,1,1,1,1
230206,TACNA|CANDARAVE|QUILAHUANI,TACNA,CANDARAVE,QUILAHUANI,3,0,0,0
230301,TACNA|JORGE BASADRE|LOCUMBA,TACNA,JORGE BASADRE,LOCUMBA,160,7,6,1
230302,TACNA|JORGE BASADRE|ILABAYA,TACNA,JORGE BASADRE,ILABAYA,143,3,1,2
230303,TACNA|JORGE BASADRE|ITE,TACNA,JORGE BASADRE,ITE,139,7,6,1
230401,TACNA|TARATA|TARATA,TACNA,TARATA,TARATA,209,5,3,1
230402,TACNA|TARATA|HEROES ALBARRACIN,TACNA,TARATA,HEROES ALBARRACIN,8,0,0,0
230403,TACNA|TARATA|ESTIQUE,TACNA,TARATA,ESTIQUE,4,0,0,0
230404,TACNA|TARATA|ESTIQUE-PAMPA,TACNA,TARATA,ESTIQUE-PAMPA,23,1,1,1
230405,TACNA|TARATA|SITAJARA,TACNA,TARATA,SITAJARA,5,1,1,1
230406,TACNA|TARATA|SUSAPAYA,TACNA,TARATA,SUSAPAYA,8,1,1,1
230407,TACNA|TARATA|TARUCACHI,TACNA,TARATA,TARUCACHI,10,3,2,0
230408,TACNA|TARATA|TICACO,TACNA,TARATA,TICACO,35,3,2,1
240101,TUMBES|TUMBES|TUMBES,TUMBES,TUMBES,TUMBES,10367,235,53,5
240102,TUMBES|TUMBES|CORRALES,TUMBES,TUMBES,CORRALES,1066,10,4,2
240103,TUMBES|TUMBES|LA CRUZ,TUMBES,TUMBES,LA CRUZ,310,6,1,1
240104,TUMBES|TUMBES|PAMPAS DE HOSPITAL,TUMBES,TUMBES,PAMPAS DE HOSPITAL,202,7,2,1
240105,TUMBES|TUMBES|SAN JACINTO,TUMBES,TUMBES,SAN JACINTO,238,3,2,1
240106,TUMBES|TUMBES|SAN JUAN DE LA VIRGEN,TUMBES,TUMBES,SAN JUAN DE LA VIRGEN,102,5,1,1
240201,TUMBES|CONTRALMIRANTE VILLAR|ZORRITOS,TUMBES,CONTRALMIRANTE VILLAR,ZORRITOS,811,16,7,1
240202,TUMBES|CONTRALMIRANTE VILLAR|CASITAS,TUMBES,CONTRALMIRANTE VILLAR,CASITAS,74,3,2,1
240203,TUMBES|CONTRALMIRANTE VILLAR|CANOAS DE PUNTA SAL,TUMBES,CONTRALMIRANTE VILLAR,CANOAS DE PUNTA SAL,307,7,3,1
240301,TUMBES|ZARUMILLA|ZARUMILLA,TUMBES,ZARUMILLA,ZARUMILLA,1791,35,16,1
240302,TUMBES|ZARUMILLA|AGUAS VERDES,TUMBES,ZARUMILLA,AGUAS VERDES,1165,24,12,1
240303,TUMBES|ZARUMILLA|MATAPALO,TUMBES,ZARUMILLA,MATAPALO,49,9,5,0
240304,TUMBES|ZARUMILLA|PAPAYAL,TUMBES,ZARUMILLA,PAPAYAL,266,33,17,1
250101,UCAYALI|CORONEL PORTILLO|CALLERIA,UCAYALI,CORONEL PORTILLO,CALLERIA,9517,245,84,1
250102,UCAYALI|CORONEL PORTILLO|CAMPOVERDE,UCAYALI,CORONEL PORTILLO,CAMPOVERDE,1143,13,5,1
250103,UCAYALI|CORONEL PORTILLO|IPARIA,UCAYALI,CORONEL PORTILLO,IPARIA,25,0,0,0
250104,UCAYALI|CORONEL PORTILLO|MASISEA,UCAYALI,CORONEL PORTILLO,MASISEA,129,3,1,1
250105,UCAYALI|CORONEL PORTILLO|YARINACOCHA,UCAYALI,CORONEL PORTILLO,YARINACOCHA,4056,15,9,1
250106,UCAYALI|CORONEL PORTILLO|NUEVA REQUENA,UCAYALI,CORONEL PORTILLO,NUEVA REQUENA,106,1,1,1
250107,UCAYALI|CORONEL PORTILLO|MANANTAY,UCAYALI,CORONEL PORTILLO,MANANTAY,4276,0,0,1
250201,UCAYALI|ATALAYA|RAYMONDI,UCAYALI,ATALAYA,RAYMONDI,1109,11,6,0
250202,UCAYALI|ATALAYA|SEPAHUA,UCAYALI,ATALAYA,SEPAHUA,238,2,2,1
250203,UCAYALI|ATALAYA|TAHUANIA,UCAYALI,ATALAYA,TAHUANIA,148,2,2,1
250204,UCAYALI|ATALAYA|YURUA,UCAYALI,ATALAYA,YURUA,2,0,0,0
250301,UCAYALI|PADRE ABAD|PADRE ABAD,UCAYALI,PADRE ABAD,PADRE ABAD,852,16,6,1
250302,UCAYALI|PADRE ABAD|IRAZOLA,UCAYALI,PADRE ABAD,IRAZOLA,375,5,2,1
250303,UCAYALI|PADRE ABAD|CURIMANA,UCAYALI,PADRE ABAD,CURIMANA,240,5,2,1
250304,UCAYALI|PADRE ABAD|NESHUYA,UCAYALI,PADRE ABAD,NESHUYA,326,4,1,1
250305,UCAYALI|PADRE ABAD|A.VON.HUMBOLDT,UCAYALI,PADRE ABAD,A.VON.HUMBOLDT,170,13,6,0
250401,UCAYALI|PURUS|PURUS,UCAYALI,PURUS,PURUS,58,4,0,1
