n,clas_muni,cod_inei,cod_cpnp,comisaria,tipo_comi,cod_uni,zona_utm,categoria,resolucion,id_dpto,departamen,id_prov,provincia,id_dist,distrito,cod_divpol,divpol_div,cod_macror,macroregpo,cod_regpol,regionpol,latitud,longitud
1,A,0944,4525,CPNP JULIACA,A,219303,UTM / 19 SUR / WGS84,PUNO,APROBADO CON RESOLUCION DE COMANDANCIA GENERAL DE LA POLICIA NACIONAL N° 149-2020-CG  PNP/ SCG DEL 30MAY2020,21,PUNO,2111,SAN ROMAN,211101,JULIACA,18R1A,DIVOPUS JULIACA,18,PUNO,18R1,PUNO,-15.492585417,-70.128052499
2,A,0945,4532,CPNP SANTA BARBARA,B,219307,UTM / 19 SUR / WGS84,PUNO,APROBADO CON RESOLUCION DE COMANDANCIA GENERAL DE LA POLICIA NACIONAL N° 149-2020-CG  PNP/ SCG DEL 30MAY2020,21,PUNO,2111,SAN ROMAN,211101,JULIACA,18R1A,DIVOPUS JULIACA,18,PUNO,18R1,PUNO,-15.504740951,-70.128006299
3,B,0272,1529,CPNP SANTA MARIA DE NIEVA,A,222078,UTM / 18 SUR / WGS84,AMAZONAS,APROBADO CON RESOLUCION DE COMANDANCIA GENERAL DE LA POLICIA NACIONAL N° 149-2020-CG  PNP/ SCG DEL 30MAY2020,01,AMAZONAS,0104,CONDORCANQUI,010401,NIEVA,19R1A,DIVOPUS AMAZONAS,19,SAN MARTIN,19R1,AMAZONAS,-4.592240299,-77.864182289
4,G,0928,4550,CPNP TARACO,E,219335,UTM / 19 SUR / WGS84,PUNO,APROBADO CON RESOLUCION DE COMANDANCIA GENERAL DE LA POLICIA NACIONAL N° 149-2020-CG  PNP/ SCG DEL 30MAY2020,21,PUNO,2106,HUANCANE,210607,TARACO,18R1A,DIVOPUS JULIACA,18,PUNO,18R1,PUNO,-15.29796642,-69.97882371
5,G,1102,5908,CPNP ACOMAYO,C,217489,UTM / 18 SUR / WGS84,HUANUCO,APROBADO CON RESOLUCION DE COMANDANCIA GENERAL DE LA POLICIA NACIONAL N° 149-2020-CG  PNP/ SCG DEL 30MAY2020,10,HUANUCO,1001,HUANUCO,100103,CHINCHAO,08R1B,DIVOPUS HUANUCO,08,HUANUCO,08R1,HUANUCO,-9.80165159,-76.07137442
6,B,1114,5920,CPNP PANAO,B,217493,UTM / 18 SUR / WGS84,HUANUCO,APROBADO CON RESOLUCION DE COMANDANCIA GENERAL DE LA POLICIA NACIONAL N° 149-2020-CG  PNP/ SCG DEL 30MAY2020,10,HUANUCO,1008,PACHITEA,100801,PANAO,08R1B,DIVOPUS HUANUCO,08,HUANUCO,08R1,HUANUCO,-9.896673,-75.994772
7,D,0601,3105,CPNP SAN RAMON,B,217909,UTM / 18 SUR / WGS84,JUNIN,APROBADO CON RESOLUCION DE COMANDANCIA GENERAL DE LA POLICIA NACIONAL N° 149-2020-CG  PNP/ SCG DEL 30MAY2020,12,JUNIN,1203,CHANCHAMAYO,120305,SAN RAMON,10R2B,DIVOPUS CHANCHAMAYO,10,JUNIN,10R2,JUNIN,-11.12086059,-75.35467476
8,D,0599,3115,CPNP PICHANAQUI,B,217915,UTM / 18 SUR / WGS84,JUNIN,APROBADO CON RESOLUCION DE COMANDANCIA GENERAL DE LA POLICIA NACIONAL N° 149-2020-CG  PNP/ SCG DEL 30MAY2020,12,JUNIN,1203,CHANCHAMAYO,120303,PICHANAQUI,10R2B,DIVOPUS CHANCHAMAYO,10,JUNIN,10R2,JUNIN,-10.92721657,-74.87355961
9,D,0598,3110,CPNP VILLA PERENE,C,217912,UTM / 18 SUR / WGS84,JUNIN,APROBADO CON RESOLUCION DE COMANDANCIA GENERAL DE LA POLICIA NACIONAL N° 149-2020-CG  PNP/ SCG DEL 30MAY2020,12,JUNIN,1203,CHANCHAMAYO,120302,PERENE,10R2B,DIVOPUS CHANCHAMAYO,10,JUNIN,10R2,JUNIN,-10.95226298,-75.22554402
10,A,0597,3100,CPNP LA MERCED,B,224394,UTM / 18 SUR / WGS84,JUNIN,APROBADO CON RESOLUCION DE COMANDANCIA GENERAL DE LA POLICIA NACIONAL N° 149-2020-CG  PNP/ SCG DEL 30MAY2020,12,JUNIN,1203,CHANCHAMAYO,120301,CHANCHAMAYO,10R2B,DIVOPUS CHANCHAMAYO,10,JUNIN,10R2,JUNIN,-11.056072143,-75.330924069
11,B,1112,7050,CPNP LLATA,D,217513,UTM / 18 SUR / WGS84,HUANUCO,APROBADO CON RESOLUCION DE COMANDANCIA GENERAL DE LA POLICIA NACIONAL N° 149-2020-CG  PNP/ SCG DEL 30MAY2020,10,HUANUCO,1005,HUAMALIES,100501,LLATA,08R1B,DIVOPUS HUANUCO,08,HUANUCO,08R1,HUANUCO,-9.55016426,-76.81845406
12,B,0930,4575,CPNP LAMPA,B,219311,UTM / 19 SUR / WGS84,PUNO,APROBADO CON RESOLUCION DE COMANDANCIA GENERAL DE LA POLICIA NACIONAL N° 149-2020-CG  PNP/ SCG DEL 30MAY2020,21,PUNO,2107,LAMPA,210701,LAMPA,18R1A,DIVOPUS JULIACA,18,PUNO,18R1,PUNO,-15.363348001,-70.367068
13,E,1145,5360,CPNP MARCONA,B,223555,UTM / 18 SUR / WGS84,ICA,APROBADO CON RESOLUCION DE COMANDANCIA GENERAL DE LA POLICIA NACIONAL N° 149-2020-CG  PNP/ SCG DEL 30MAY2020,11,ICA,1103,NASCA,110304,MARCONA,09R1B,DIVOPUS ICA,09,ICA,09R1,ICA,-15.36183121,-75.16480592
14,F,0938,4596,CPNP SANTA ROSA,D,219328,UTM / 19 SUR / WGS84,PUNO,APROBADO CON RESOLUCION DE COMANDANCIA GENERAL DE LA POLICIA NACIONAL N° 149-2020-CG  PNP/ SCG DEL 30MAY2020,21,PUNO,2108,MELGAR,210808,SANTA ROSA,18R1A,DIVOPUS JULIACA,18,PUNO,18R1,PUNO,-14.60812185,-70.79123216
15,B,0735,5466,CPNP TAMBOBAMBA,C,223440,UTM / 18 SUR / WGS84,APURIMAC,APROBADO CON RESOLUCION DE COMANDANCIA GENERAL DE LA POLICIA NACIONAL N° 149-2020-CG  PNP/ SCG DEL 30MAY2020,03,APURIMAC,0305,COTABAMBAS,030501,TAMBOBAMBA,02R1B,DIVOPUS ABANCAY,02,APURIMAC,02R1,APURIMAC,-13.94843956,-72.17535691
16,C,0426,2265,CPNP SAN GENARO,B,220142,UTM / 18 SUR / WGS84,LIMAMETRO,APROBADO CON RESOLUCION DE DIRECCION GENERAL DE LA POLICIA NACIONAL N° 276-2018-DIRGEN/SUB.DG-PNP 23JUL2018,15,LIMA,1501,LIMA,150108,CHORRILLOS,13R1N,DIVPOL SUR 2,13,LIMA,13R1,LIMA,-12.194025901,-77.02055972
17,C,0427,2235,CPNP VILLA,B,220124,UTM / 18 SUR / WGS84,LIMAMETRO,MODIFICACION PARCIAL DEL LIMITE. APROBADO CON RESOLUCION DE COMANDANCIA GENERAL DE LA POLICIA NACIONAL N° 348-2023-CG┬ÁPNP/EMG DEL 06SEP2023,15,LIMA,1501,LIMA,150108,CHORRILLOS,13R1N,DIVPOL SUR 2,13,LIMA,13R1,LIMA,-12.18580597,-77.007958439
18,C,0428,2240,CPNP MATEO PUMACAHUA,B,220127,UTM / 18 SUR / WGS84,LIMAMETRO,APROBADO CON RESOLUCION DE DIRECCION GENERAL DE LA POLICIA NACIONAL N° 276-2018-DIRGEN/SUB.DG-PNP 23JUL2018,15,LIMA,1501,LIMA,150108,CHORRILLOS,13R1N,DIVPOL SUR 2,13,LIMA,13R1,LIMA,-12.192048647,-76.979954716
19,C,0429,2230,CPNP CHORRILLOS,A,220121,UTM / 18 SUR / WGS84,LIMAMETRO,APROBADO CON RESOLUCION DE DIRECCION GENERAL DE LA POLICIA NACIONAL N° 276-2018-DIRGEN/SUB.DG-PNP 23JUL2018,15,LIMA,1501,LIMA,150108,CHORRILLOS,13R1N,DIVPOL SUR 2,13,LIMA,13R1,LIMA,-12.170409975,-77.023422084
20,B,0345,3390,CPNP HUANCASANCOS,E,218534,UTM / 18 SUR / WGS84,AYACUCHO,APROBADO CON RESOLUCION DE COMANDANCIA GENERAL DE LA POLICIA NACIONAL N° 149-2020-CG  PNP/ SCG DEL 30MAY2020,05,AYACUCHO,0503,HUANCA SANCOS,050301,SANCOS,04R1A,DIVOPUS AYACUCHO,04,AYACUCHO,04R1,AYACUCHO,-13.91990817,-74.33418147
21,F,0587,3012,CPNP CHONGOS ALTO,C,217848,UTM / 18 SUR / WGS84,JUNIN,APROBADO CON RESOLUCION DE COMANDANCIA GENERAL DE LA POLICIA NACIONAL N° 149-2020-CG  PNP/ SCG DEL 30MAY2020,12,JUNIN,1201,HUANCAYO,120108,CHONGOS ALTO,10R2A,DIVOPUS HUANCAYO,10,JUNIN,10R2,JUNIN,-12.31131184,-75.28863654
22,A,0553,3200,CPNP HUANCAVELICA,A,218052,UTM / 18 SUR / WGS84,HUANCAVELICA,APROBADO CON RESOLUCION DE COMANDANCIA GENERAL DE LA POLICIA NACIONAL N° 149-2020-CG  PNP/ SCG DEL 30MAY2020,09,HUANCAVELICA,0901,HUANCAVELICA,090101,HUANCAVELICA,10R1A,DIVOPUS HUANCAVELICA,10,JUNIN,10R1,HUANCAVELICA,-12.785860405,-74.969012106
23,B,0704,3580,CPNP PAUCARTAMBO,C,218223,UTM / 19 SUR / WGS84,CUSCO,MODIFICACION PARCIAL DEL LIMITE. APROBADO CON RESOLUCION DE COMANDANCIA GENERAL DE LA POLICIA NACIONAL N° 348-2023-CG┬ÁPNP/EMG DEL 06SEP2023,08,CUSCO,0811,PAUCARTAMBO,081101,PAUCARTAMBO,07R1B,DIVOPUS CUSCO,07,CUSCO,07R1,CUSCO,-13.31798141,-71.59763078
24,E,0710,3574,CPNP QUINCEMIL,C,218217,UTM / 19 SUR / WGS84,CUSCO,APROBADO CON RESOLUCION DE COMANDANCIA GENERAL DE LA POLICIA NACIONAL N° 149-2020-CG  PNP/ SCG DEL 30MAY2020,08,CUSCO,0812,QUISPICANCHI,081203,CAMANTI,07R1B,DIVOPUS CUSCO,07,CUSCO,07R1,CUSCO,-13.23243713,-70.75622018
25,G,0725,3530,CPNP OLLANTAYTAMBO,D,218191,UTM / 18 SUR / WGS84,CUSCO,APROBADO CON RESOLUCION DE COMANDANCIA GENERAL DE LA POLICIA NACIONAL N° 149-2020-CG  PNP/ SCG DEL 30MAY2020,08,CUSCO,0813,URUBAMBA,081306,OLLANTAYTAMBO,07R1B,DIVOPUS CUSCO,07,CUSCO,07R1,CUSCO,-13.25853595,-72.264156559
26,B,0566,3230,CPNP ANGARAES LIRCAY,B,218085,UTM / 18 SUR / WGS84,HUANCAVELICA,APROBADO CON RESOLUCION DE COMANDANCIA GENERAL DE LA POLICIA NACIONAL N° 149-2020-CG  PNP/ SCG DEL 30MAY2020,09,HUANCAVELICA,0903,ANGARAES,090301,LIRCAY,10R1A,DIVOPUS HUANCAVELICA,10,JUNIN,10R1,HUANCAVELICA,-12.98745448,-74.72394491
27,E,0605,3044,CPNP PACHACAYO,C,217882,UTM / 18 SUR / WGS84,JUNIN,APROBADO CON RESOLUCION DE COMANDANCIA GENERAL DE LA POLICIA NACIONAL N° 149-2020-CG  PNP/ SCG DEL 30MAY2020,12,JUNIN,1204,JAUJA,120405,CANCHAYLLO,10R2A,DIVOPUS HUANCAYO,10,JUNIN,10R2,JUNIN,-11.7842781,-75.71752056
28,D,0195,1092,CPNP BUENOS AIRES,B,216949,UTM / 17 SUR / WGS84,LA LIBERTAD,APROBADO CON RESOLUCION DE COMANDANCIA GENERAL DE LA POLICIA NACIONAL N° 149-2020-CG  PNP/ SCG DEL 30MAY2020,13,LA LIBERTAD,1301,TRUJILLO,130111,VICTOR LARCO HERRERA,11R1B,DIVPOL TRUJILLO,11,LA LIBERTAD,11R1,LA LIBERTAD,-8.14081705,-79.05253932
29,G,0292,1493,CPNP CAJARURO,D,222037,UTM / 17 SUR / WGS84,AMAZONAS,APROBADO CON RESOLUCION DE COMANDANCIA GENERAL DE LA POLICIA NACIONAL N° 149-2020-CG  PNP/ SCG DEL 30MAY2020,01,AMAZONAS,0107,UTCUBAMBA,010702,CAJARURO,19R1A,DIVOPUS AMAZONAS,19,SAN MARTIN,19R1,AMAZONAS,-5.7373603,-78.4296581
30,F,0271,1448,CPNP BUENOS AIRES,E,222077,UTM / 18 SUR / WGS84,AMAZONAS,APROBADO CON RESOLUCION DE COMANDANCIA GENERAL DE LA POLICIA NACIONAL N° 149-2020-CG  PNP/ SCG DEL 30MAY2020,01,AMAZONAS,0103,BONGARA,010312,YAMBRASBAMBA,19R1A,DIVOPUS AMAZONAS,19,SAN MARTIN,19R1,AMAZONAS,-5.7381914,-77.9067366
31,A,1143,5356,CPNP NASCA,A,223552,UTM / 18 SUR / WGS84,ICA,APROBADO CON RESOLUCION DE COMANDANCIA GENERAL DE LA POLICIA NACIONAL N° 149-2020-CG  PNP/ SCG DEL 30MAY2020,11,ICA,1103,NASCA,110301,NASCA,09R1B,DIVOPUS ICA,09,ICA,09R1,ICA,-14.82822001,-74.9444921
32,A,0957,4801,CPNP HUARAZ,A,222128,UTM / 18 SUR / WGS84,ANCASH,APROBADO CON RESOLUCION DE DIRECCION GENERAL DE LA POLICIA NACIONAL N° 276-2018-DIRGEN/SUB.DG-PNP 23JUL2018,02,ANCASH,0201,HUARAZ,020101,HUARAZ,01R1B,DIVOPUS HUARAZ,01,ANCASH,01R1,ANCASH,-9.52938327,-77.52979372
33,A,0958,4804,CPNP SAN GERONIMO,B,222132,UTM / 18 SUR / WGS84,ANCASH,APROBADO CON RESOLUCION DE DIRECCION GENERAL DE LA POLICIA NACIONAL N° 276-2018-DIRGEN/SUB.DG-PNP 23JUL2018,02,ANCASH,0201,HUARAZ,020101,HUARAZ,01R1B,DIVOPUS HUARAZ,01,ANCASH,01R1,ANCASH,-9.52707907,-77.53541276
34,A,0959,4806,CPNP TACLLAN,C,222135,UTM / 18 SUR / WGS84,ANCASH,MODIFICACION PARCIAL DEL LIMITE. APROBADO CON RESOLUCION DE COMANDANCIA GENERAL DE LA POLICIA NACIONAL N° 348-2023-CG┬ÁPNP/EMG DEL 06SEP2023,02,ANCASH,0201,HUARAZ,020101,HUARAZ,01R1B,DIVOPUS HUARAZ,01,ANCASH,01R1,ANCASH,-9.54260505,-77.53300929
35,A,0334,3350,CPNP AYACUCHO,A,218516,UTM / 18 SUR / WGS84,AYACUCHO,APROBADO CON RESOLUCION DE COMANDANCIA GENERAL DE LA POLICIA NACIONAL N° 149-2020-CG  PNP/ SCG DEL 30MAY2020,05,AYACUCHO,0501,HUAMANGA,050101,AYACUCHO,04R1A,DIVOPUS AYACUCHO,04,AYACUCHO,04R1,AYACUCHO,-13.16395253,-74.2271635
36,G,1068,5038,CPNP GUZMANGO,E,223259,UTM / 17 SUR / WGS84,CAJAMARCA,APROBADO CON RESOLUCION DE COMANDANCIA GENERAL DE LA POLICIA NACIONAL N° 149-2020-CG  PNP/ SCG DEL 30MAY2020,06,CAJAMARCA,0605,CONTUMAZA,060504,GUZMANGO,05R1B,DIVOPUS CAJAMARCA,05,CAJAMARCA,05R1,CAJAMARCA,-7.38571494,-78.89649462
37,B,0570,3245,CPNP CASTROVIRREYNA,B,218070,UTM / 18 SUR / WGS84,HUANCAVELICA,APROBADO CON RESOLUCION DE COMANDANCIA GENERAL DE LA POLICIA NACIONAL N° 149-2020-CG  PNP/ SCG DEL 30MAY2020,09,HUANCAVELICA,0904,CASTROVIRREYNA,090401,CASTROVIRREYNA,10R1A,DIVOPUS HUANCAVELICA,10,JUNIN,10R1,HUANCAVELICA,-13.28246353,-75.319089411
38,B,0925,4545,CPNP HUANCANE,B,219332,UTM / 19 SUR / WGS84,PUNO,APROBADO CON RESOLUCION DE COMANDANCIA GENERAL DE LA POLICIA NACIONAL N° 149-2020-CG  PNP/ SCG DEL 30MAY2020,21,PUNO,2106,HUANCANE,210601,HUANCANE,18R1A,DIVOPUS JULIACA,18,PUNO,18R1,PUNO,-15.20133193,-69.765614909
39,F,1138,5345,CPNP EL CARMEN,D,225879,UTM / 18 SUR / WGS84,ICA,APROBADO CON RESOLUCION DE COMANDANCIA GENERAL DE LA POLICIA NACIONAL N° 149-2020-CG  PNP/ SCG DEL 30MAY2020,11,ICA,1102,CHINCHA,110205,EL CARMEN,09R1A,DIVPOL CHINCHA,09,ICA,09R1,ICA,-13.4994253,-76.05726544
40,G,0339,3360,CPNP OCROS,D,218526,UTM / 18 SUR / WGS84,AYACUCHO,APROBADO CON RESOLUCION DE COMANDANCIA GENERAL DE LA POLICIA NACIONAL N° 149-2020-CG  PNP/ SCG DEL 30MAY2020,05,NA,0501,HUAMANGA,050106,OCROS,04R1A,DIVOPUS AYACUCHO,04,AYACUCHO,04R1,AYACUCHO,-13.39106392,-73.914696571
41,F,0340,3358,CPNP QUINUA,C,218543,UTM / 18 SUR / WGS84,AYACUCHO,APROBADO CON RESOLUCION DE COMANDANCIA GENERAL DE LA POLICIA NACIONAL N° 149-2020-CG  PNP/ SCG DEL 30MAY2020,05,NA,0501,HUAMANGA,050108,QUINUA,04R1A,DIVOPUS AYACUCHO,04,AYACUCHO,04R1,AYACUCHO,-13.04899679,-74.139099629
42,F,0707,3590,CPNP PILCOPATA,D,218228,UTM / 19 SUR / WGS84,CUSCO,APROBADO CON RESOLUCION DE COMANDANCIA GENERAL DE LA POLICIA NACIONAL N° 149-2020-CG  PNP/ SCG DEL 30MAY2020,08,CUSCO,0811,PAUCARTAMBO,081106,KOS├æIPATA,07R1B,DIVOPUS CUSCO,07,CUSCO,07R1,CUSCO,-12.911093939,-71.40411377
43,E,0916,4630,CPNP CRUCERO,D,219357,UTM / 19 SUR / WGS84,PUNO,APROBADO CON RESOLUCION DE COMANDANCIA GENERAL DE LA POLICIA NACIONAL N° 149-2020-CG  PNP/ SCG DEL 30MAY2020,21,PUNO,2103,CARABAYA,210306,CRUCERO,18R1A,DIVOPUS JULIACA,18,PUNO,18R1,PUNO,-14.36156509,-70.02375432
44,E,0933,4580,CPNP SANTA LUCIA,D,219315,UTM / 19 SUR / WGS84,PUNO,APROBADO CON RESOLUCION DE COMANDANCIA GENERAL DE LA POLICIA NACIONAL N° 149-2020-CG  PNP/ SCG DEL 30MAY2020,21,PUNO,2107,LAMPA,210709,SANTA LUCIA,18R1A,DIVOPUS JULIACA,18,PUNO,18R1,PUNO,-15.70175721,-70.608995991
45,B,0939,4560,CPNP MOHO,D,219338,UTM / 19 SUR / WGS84,PUNO,APROBADO CON RESOLUCION DE COMANDANCIA GENERAL DE LA POLICIA NACIONAL N° 149-2020-CG  PNP/ SCG DEL 30MAY2020,21,PUNO,2109,MOHO,210901,MOHO,18R1A,DIVOPUS JULIACA,18,PUNO,18R1,PUNO,-15.359148,-69.49884
46,E,0942,4590,CPNP LA RINCONADA,C,219319,UTM / 19 SUR / WGS84,PUNO,APROBADO CON RESOLUCION DE COMANDANCIA GENERAL DE LA POLICIA NACIONAL N° 149-2020-CG  PNP/ SCG DEL 30MAY2020,21,PUNO,2110,SAN ANTONIO DE PUTINA,211002,ANANEA,18R1A,DIVOPUS JULIACA,18,PUNO,18R1,PUNO,-14.63438322,-69.44691889
47,E,0943,4592,CPNP ANANEA,C,219322,UTM / 19 SUR / WGS84,PUNO,APROBADO CON RESOLUCION DE COMANDANCIA GENERAL DE LA POLICIA NACIONAL N° 149-2020-CG  PNP/ SCG DEL 30MAY2020,21,PUNO,2110,SAN ANTONIO DE PUTINA,211002,ANANEA,18R1A,DIVOPUS JULIACA,18,PUNO,18R1,PUNO,-14.681991099,-69.528359089
48,D,0202,1209,CPNP PAIJAN,A,217018,UTM / 17 SUR / WGS84,LA LIBERTAD,APROBADO CON RESOLUCION DE COMANDANCIA GENERAL DE LA POLICIA NACIONAL N° 149-2020-CG  PNP/ SCG DEL 30MAY2020,13,LA LIBERTAD,1302,ASCOPE,130205,PAIJAN,11R1A,DIVPOL PAIJAN,11,LA LIBERTAD,11R1,LA LIBERTAD,-7.73572616,-79.30479798
49,C,0421,1954,CPNP BRE├æA,A,219819,UTM / 18 SUR / WGS84,LIMAMETRO,APROBADO CON RESOLUCION DE DIRECCION GENERAL DE LA POLICIA NACIONAL N° 276-2018-DIRGEN/SUB.DG-PNP 23JUL2018,15,LIMA,1501,LIMA,150105,BRE├æA,13R1H,DIVPOL OESTE,13,LIMA,13R1,LIMA,-12.067146617,-77.053026136
50,C,5010,1951,CPNP CHACRA COLORADA,B,219822,UTM / 18 SUR / WGS84,LIMAMETRO,APROBADO CON RESOLUCION DE COMANDANCIA GENERAL DE LA POLICIA NACIONAL N° 149-2020-CG  PNP/ SCG DEL 30MAY2020,15,LIMA,1501,LIMA,150105,BRE├æA,13R1H,DIVPOL OESTE,13,LIMA,13R1,LIMA,-12.054234221,-77.051097566
51,G,0283,1449,CPNP SANTO TOMAS,E,222065,UTM / 18 SUR / WGS84,AMAZONAS,APROBADO CON RESOLUCION DE COMANDANCIA GENERAL DE LA POLICIA NACIONAL N° 149-2020-CG  PNP/ SCG DEL 30MAY2020,01,AMAZONAS,0105,LUYA,010521,SANTO TOMAS,19R1A,DIVOPUS AMAZONAS,19,SAN MARTIN,19R1,AMAZONAS,-6.572362,-77.8655563
52,D,1132,5316,CPNP SAN JUAN BAUTISTA,D,223534,UTM / 18 SUR / WGS84,ICA,APROBADO CON RESOLUCION DE COMANDANCIA GENERAL DE LA POLICIA NACIONAL N° 149-2020-CG  PNP/ SCG DEL 30MAY2020,11,ICA,1101,ICA,110110,SAN JUAN BAUTISTA,09R1B,DIVOPUS ICA,09,ICA,09R1,ICA,-14.011291621,-75.73469765
53,D,1153,5340,CPNP SAN ANDRES,B,223587,UTM / 18 SUR / WGS84,ICA,APROBADO CON RESOLUCION DE COMANDANCIA GENERAL DE LA POLICIA NACIONAL N° 149-2020-CG  PNP/ SCG DEL 30MAY2020,11,ICA,1105,PISCO,110506,SAN ANDRES,09R1B,DIVOPUS ICA,09,ICA,09R1,ICA,-13.73246507,-76.22114161
54,D,1130,5330,CPNP PAMPA VILLACURI,D,223536,UTM / 18 SUR / WGS84,ICA,APROBADO CON RESOLUCION DE COMANDANCIA GENERAL DE LA POLICIA NACIONAL N° 149-2020-CG  PNP/ SCG DEL 30MAY2020,11,ICA,1101,ICA,110108,SALAS,09R1B,DIVOPUS ICA,09,ICA,09R1,ICA,-13.932805,-75.905779999
55,D,1129,5310,CPNP GUADALUPE,D,223535,UTM / 18 SUR / WGS84,ICA,APROBADO CON RESOLUCION DE COMANDANCIA GENERAL DE LA POLICIA NACIONAL N° 149-2020-CG  PNP/ SCG DEL 30MAY2020,11,ICA,1101,ICA,110108,SALAS,09R1B,DIVOPUS ICA,09,ICA,09R1,ICA,-13.98590936,-75.77229479
56,D,0589,3006,CPNP HUAYUCACHI,B,217839,UTM / 18 SUR / WGS84,JUNIN,APROBADO CON RESOLUCION DE COMANDANCIA GENERAL DE LA POLICIA NACIONAL N° 149-2020-CG  PNP/ SCG DEL 30MAY2020,12,JUNIN,1201,HUANCAYO,120121,HUAYUCACHI,10R2A,DIVOPUS HUANCAYO,10,JUNIN,10R2,JUNIN,-12.13838444,-75.223588889
57,D,0659,3497,CPNP SAN JERONIMO,B,218169,UTM / 19 SUR / WGS84,CUSCO,APROBADO CON RESOLUCION DE COMANDANCIA GENERAL DE LA POLICIA NACIONAL N° 149-2020-CG  PNP/ SCG DEL 30MAY2020,08,CUSCO,0801,CUSCO,080104,SAN JERONIMO,07R1B,DIVOPUS CUSCO,07,CUSCO,07R1,CUSCO,-13.54623189,-71.88958453
58,C,0464,2220,CPNP SAN ANTONIO MIRAFLORES,B,220093,UTM / 18 SUR / WGS84,LIMAMETRO,APROBADO CON RESOLUCION DE DIRECCION GENERAL DE LA POLICIA NACIONAL N° 276-2018-DIRGEN/SUB.DG-PNP 23JUL2018,15,LIMA,1501,LIMA,150141,SURQUILLO,13R1I,DIVPOL SUR 1,13,LIMA,13R1,LIMA,-12.114838655,-77.010872226
59,C,0505,2190,CPNP SURQUILLO,A,220072,UTM / 18 SUR / WGS84,LIMAMETRO,APROBADO CON RESOLUCION DE DIRECCION GENERAL DE LA POLICIA NACIONAL N° 276-2018-DIRGEN/SUB.DG-PNP 23JUL2018,15,LIMA,1501,LIMA,150141,SURQUILLO,13R1I,DIVPOL SUR 1,13,LIMA,13R1,LIMA,-12.118627528,-77.022394535
60,B,0607,3022,CPNP JUNIN,B,221800,UTM / 18 SUR / WGS84,JUNIN,APROBADO CON RESOLUCION DE COMANDANCIA GENERAL DE LA POLICIA NACIONAL N° 149-2020-CG  PNP/ SCG DEL 30MAY2020,12,JUNIN,1205,JUNIN,120501,JUNIN,10R2A,DIVOPUS HUANCAYO,10,JUNIN,10R2,JUNIN,-11.16266219,-75.99347116
61,F,0612,3140,CPNP HUASAHUASI,D,217923,UTM / 18 SUR / WGS84,JUNIN,APROBADO CON RESOLUCION DE COMANDANCIA GENERAL DE LA POLICIA NACIONAL N° 149-2020-CG  PNP/ SCG DEL 30MAY2020,12,JUNIN,1207,TARMA,120704,HUASAHUASI,10R2B,DIVOPUS CHANCHAMAYO,10,JUNIN,10R2,JUNIN,-11.2656246,-75.64917801
62,E,5047,3407,CPNP SORAS,E,218540,UTM / 18 SUR / WGS84,AYACUCHO,APROBADO CON RESOLUCION DE COMANDANCIA GENERAL DE LA POLICIA NACIONAL N° 149-2020-CG  PNP/ SCG DEL 30MAY2020,05,AYACUCHO,0509,SUCRE,050911,SORAS,04R1A,DIVOPUS AYACUCHO,04,AYACUCHO,04R1,AYACUCHO,-14.11480398,-73.60368317
63,G,0116,0888,CPNP LA FLORIDA,E,223255,UTM / 17 SUR / WGS84,CAJAMARCA,APROBADO CON RESOLUCION DE COMANDANCIA GENERAL DE LA POLICIA NACIONAL N° 149-2020-CG  PNP/ SCG DEL 30MAY2020,06,CAJAMARCA,0611,SAN MIGUEL,061106,LA FLORIDA,05R1B,DIVOPUS CAJAMARCA,05,CAJAMARCA,05R1,CAJAMARCA,-6.8698686,-79.122045479
64,B,0915,4625,CPNP MACUSANI - CARABAYA,B,219354,UTM / 19 SUR / WGS84,PUNO,APROBADO CON RESOLUCION DE COMANDANCIA GENERAL DE LA POLICIA NACIONAL N° 149-2020-CG  PNP/ SCG DEL 30MAY2020,21,PUNO,2103,CARABAYA,210301,MACUSANI,18R1A,DIVOPUS JULIACA,18,PUNO,18R1,PUNO,-14.06800022,-70.43127242
65,E,1220,5804,CPNP SAN JACINTO,D,223143,UTM / 17 SUR / WGS84,TUMBES,APROBADO CON RESOLUCION DE COMANDANCIA GENERAL DE LA POLICIA NACIONAL N° 149-2020-CG  PNP/ SCG DEL 30MAY2020,24,TUMBES,2401,TUMBES,240105,SAN JACINTO,21R1A,DIVOPUS TUMBES,21,TUMBES,21R1,TUMBES,-3.6419589,-80.44770738
66,G,1103,5904,CPNP RANCHO,D,217492,UTM / 18 SUR / WGS84,HUANUCO,APROBADO CON RESOLUCION DE COMANDANCIA GENERAL DE LA POLICIA NACIONAL N° 149-2020-CG  PNP/ SCG DEL 30MAY2020,10,HUANUCO,1001,HUANUCO,100104,CHURUBAMBA,08R1B,DIVOPUS HUANUCO,08,HUANUCO,08R1,HUANUCO,-9.831072,-76.09419
67,G,0929,4554,CPNP VILQUECHICO,D,219337,UTM / 19 SUR / WGS84,PUNO,APROBADO CON RESOLUCION DE COMANDANCIA GENERAL DE LA POLICIA NACIONAL N° 149-2020-CG  PNP/ SCG DEL 30MAY2020,21,PUNO,2106,HUANCANE,210608,VILQUE CHICO,18R1A,DIVOPUS JULIACA,18,PUNO,18R1,PUNO,-15.21587359,-69.68921367
68,D,1134,5322,CPNP SUBTANJALLA,C,223531,UTM / 18 SUR / WGS84,ICA,APROBADO CON RESOLUCION DE COMANDANCIA GENERAL DE LA POLICIA NACIONAL N° 149-2020-CG  PNP/ SCG DEL 30MAY2020,11,ICA,1101,ICA,110112,SUBTANJALLA,09R1B,DIVOPUS ICA,09,ICA,09R1,ICA,-14.01890197,-75.75658752
69,D,1155,5352,CPNP TUPAC AMARU,C,223599,UTM / 18 SUR / WGS84,ICA,APROBADO CON RESOLUCION DE COMANDANCIA GENERAL DE LA POLICIA NACIONAL N° 149-2020-CG  PNP/ SCG DEL 30MAY2020,11,ICA,1105,PISCO,110508,TUPAC AMARU INCA,09R1B,DIVOPUS ICA,09,ICA,09R1,ICA,-13.7144446,-76.14863525
70,A,1148,5335,CPNP PISCO,A,223584,UTM / 18 SUR / WGS84,ICA,APROBADO CON RESOLUCION DE COMANDANCIA GENERAL DE LA POLICIA NACIONAL N° 149-2020-CG  PNP/ SCG DEL 30MAY2020,11,ICA,1105,PISCO,110501,PISCO,09R1B,DIVOPUS ICA,09,ICA,09R1,ICA,-13.70943109,-76.20308948
71,A,1154,5342,CPNP SAN MIGUEL,D,223590,UTM / 18 SUR / WGS84,ICA,APROBADO CON RESOLUCION DE COMANDANCIA GENERAL DE LA POLICIA NACIONAL N° 149-2020-CG  PNP/ SCG DEL 30MAY2020,11,ICA,1105,PISCO,110501,PISCO,09R1B,DIVOPUS ICA,09,ICA,09R1,ICA,-13.70275495,-76.15339385
72,D,3005,5412,CPNP TAMBURCO,C,223430,UTM / 18 SUR / WGS84,APURIMAC,APROBADO CON RESOLUCION DE COMANDANCIA GENERAL DE LA POLICIA NACIONAL N° 149-2020-CG  PNP/ SCG DEL 30MAY2020,03,APURIMAC,0301,ABANCAY,030109,TAMBURCO,02R1B,DIVOPUS ABANCAY,02,APURIMAC,02R1,APURIMAC,-13.62243134,-72.8736407
73,C,0451,2211,CPNP LINCE,A,220063,UTM / 18 SUR / WGS84,LIMAMETRO,APROBADO CON RESOLUCION DE DIRECCION GENERAL DE LA POLICIA NACIONAL N° 276-2018-DIRGEN/SUB.DG-PNP 23JUL2018,15,LIMA,1501,LIMA,150116,LINCE,13R1I,DIVPOL SUR 1,13,LIMA,13R1,LIMA,-12.083399351,-77.027200084
74,D,1141,5351,CPNP SUNAMPE,C,225871,UTM / 18 SUR / WGS84,ICA,APROBADO CON RESOLUCION DE COMANDANCIA GENERAL DE LA POLICIA NACIONAL N° 149-2020-CG  PNP/ SCG DEL 30MAY2020,11,ICA,1102,CHINCHA,110210,SUNAMPE,09R1A,DIVPOL CHINCHA,09,ICA,09R1,ICA,-13.42691901,-76.16396605
75,D,0586,3002,CPNP CHILCA,A,217833,UTM / 18 SUR / WGS84,JUNIN,APROBADO CON RESOLUCION DE COMANDANCIA GENERAL DE LA POLICIA NACIONAL N° 149-2020-CG  PNP/ SCG DEL 30MAY2020,12,JUNIN,1201,HUANCAYO,120107,CHILCA,10R2A,DIVOPUS HUANCAYO,10,JUNIN,10R2,JUNIN,-12.080572721,-75.207859381
76,D,0592,3008,CPNP SAPALLANGA,C,217842,UTM / 18 SUR / WGS84,JUNIN,APROBADO CON RESOLUCION DE COMANDANCIA GENERAL DE LA POLICIA NACIONAL N° 149-2020-CG  PNP/ SCG DEL 30MAY2020,12,JUNIN,1201,HUANCAYO,120133,SAPALLANGA,10R2A,DIVOPUS HUANCAYO,10,JUNIN,10R2,JUNIN,-12.14372018,-75.16212937
77,D,0593,3014,CPNP CMDTE FERRER PELAYO ALIAGA MIRANDA,C,217867,UTM / 18 SUR / WGS84,JUNIN,APROBADO CON RESOLUCION DE COMANDANCIA GENERAL DE LA POLICIA NACIONAL N° 149-2020-CG  PNP/ SCG DEL 30MAY2020,12,JUNIN,1201,HUANCAYO,120134,SICAYA,10R2A,DIVOPUS HUANCAYO,10,JUNIN,10R2,JUNIN,-12.01541797,-75.27951367
78,D,1244,6030,CPNP VENTANILLA,A,220546,UTM / 18 SUR / WGS84,CALLAO,APROBADO CON RESOLUCION DE DIRECCION GENERAL DE LA POLICIA NACIONAL N° 276-2018-DIRGEN/SUB.DG-PNP 23JUL2018,07,CALLAO,0701,CALLAO,070106,VENTANILLA,06R1A,DIVOPUS 03,06,CALLAO,06R1,CALLAO,-11.872994021,-77.12619572
79,D,1245,6032,CPNP PACHACUTEC,B,220558,UTM / 18 SUR / WGS84,CALLAO,APROBADO CON RESOLUCION DE DIRECCION GENERAL DE LA POLICIA NACIONAL N° 276-2018-DIRGEN/SUB.DG-PNP 23JUL2018,07,CALLAO,0701,CALLAO,070106,VENTANILLA,06R1A,DIVOPUS 03,06,CALLAO,06R1,CALLAO,-11.833456585,-77.141718188
80,D,1246,6009,CPNP VILLA LOS REYES,B,220561,UTM / 18 SUR / WGS84,CALLAO,APROBADO CON RESOLUCION DE DIRECCION GENERAL DE LA POLICIA NACIONAL N° 276-2018-DIRGEN/SUB.DG-PNP 23JUL2018,07,CALLAO,0701,CALLAO,070106,VENTANILLA,06R1A,DIVOPUS 03,06,CALLAO,06R1,CALLAO,-11.83059167,-77.121786791
81,A,1235,6022,CPNP MARQUEZ,B,220549,UTM / 18 SUR / WGS84,CALLAO,APROBADO CON RESOLUCION DE DIRECCION GENERAL DE LA POLICIA NACIONAL N° 276-2018-DIRGEN/SUB.DG-PNP 23JUL2018,07,CALLAO,0701,CALLAO,070101,CALLAO,06R1A,DIVOPUS 03,06,CALLAO,06R1,CALLAO,-11.94481396,-77.13398484
82,A,9043,6036,CPNP OQUENDO,B,220552,UTM / 18 SUR / WGS84,CALLAO,APROBADO CON RESOLUCION DE DIRECCION GENERAL DE LA POLICIA NACIONAL N° 276-2018-DIRGEN/SUB.DG-PNP 23JUL2018,07,CALLAO,0701,CALLAO,070101,CALLAO,06R1A,DIVOPUS 03,06,CALLAO,06R1,CALLAO,-11.978481429,-77.123223809
83,A,1231,6012,CPNP BOCANEGRA,B,220535,UTM / 18 SUR / WGS84,CALLAO,APROBADO CON RESOLUCION DE DIRECCION GENERAL DE LA POLICIA NACIONAL N° 276-2018-DIRGEN/SUB.DG-PNP 23JUL2018,07,CALLAO,0701,CALLAO,070101,CALLAO,06R1B,DIVOPUS 02,06,CALLAO,06R1,CALLAO,-12.0241935,-77.09560829
84,A,1233,6010,CPNP PLAYA RIMAC,B,220532,UTM / 18 SUR / WGS84,CALLAO,APROBADO CON RESOLUCION DE DIRECCION GENERAL DE LA POLICIA NACIONAL N° 276-2018-DIRGEN/SUB.DG-PNP 23JUL2018,07,CALLAO,0701,CALLAO,070101,CALLAO,06R1B,DIVOPUS 02,06,CALLAO,06R1,CALLAO,-12.03759843,-77.097214971
85,A,1234,6008,CPNP JUAN INGUNZA VALDIVIA,B,220538,UTM / 18 SUR / WGS84,CALLAO,APROBADO CON RESOLUCION DE DIRECCION GENERAL DE LA POLICIA NACIONAL N° 276-2018-DIRGEN/SUB.DG-PNP 23JUL2018,07,CALLAO,0701,CALLAO,070101,CALLAO,06R1B,DIVOPUS 02,06,CALLAO,06R1,CALLAO,-12.01438734,-77.09650133
86,A,1230,6020,CPNP SARITA COLONIA,B,220529,UTM / 18 SUR / WGS84,CALLAO,APROBADO CON RESOLUCION DE COMANDANCIA GENERAL DE LA POLICIA NACIONAL N° 149-2020-CG  PNP/ SCG DEL 30MAY2020,07,CALLAO,0701,CALLAO,070101,CALLAO,06R1B,DIVOPUS 02,06,CALLAO,06R1,CALLAO,-12.02373889,-77.13429252
87,A,1232,6014,CPNP MANUEL CIPRIANO DULANTO,B,220526,UTM / 18 SUR / WGS84,CALLAO,APROBADO CON RESOLUCION DE DIRECCION GENERAL DE LA POLICIA NACIONAL N° 276-2018-DIRGEN/SUB.DG-PNP 23JUL2018,07,CALLAO,0701,CALLAO,070101,CALLAO,06R1B,DIVOPUS 02,06,CALLAO,06R1,CALLAO,-12.04418087,-77.10475952
88,D,1240,6028,CPNP CARMEN DE LA LEGUA REYNOSO,B,220541,UTM / 18 SUR / WGS84,CALLAO,APROBADO CON RESOLUCION DE DIRECCION GENERAL DE LA POLICIA NACIONAL N° 276-2018-DIRGEN/SUB.DG-PNP 23JUL2018,07,CALLAO,0701,CALLAO,070103,CARMEN DE LA LEGUA REYNOSO,06R1B,DIVOPUS 02,06,CALLAO,06R1,CALLAO,-12.038938381,-77.08717742
89,D,0182,1122,CPNP NICOLAS ALCAZAR,B,216961,UTM / 17 SUR / WGS84,LA LIBERTAD,APROBADO CON RESOLUCION DE COMANDANCIA GENERAL DE LA POLICIA NACIONAL N° 149-2020-CG  PNP/ SCG DEL 30MAY2020,13,LA LIBERTAD,1301,TRUJILLO,130102,EL PORVENIR,11R1B,DIVPOL TRUJILLO,11,LA LIBERTAD,11R1,LA LIBERTAD,-8.086246601,-79.004302492
90,D,0183,1125,CPNP SANCHEZ CARRION,A,221691,UTM / 17 SUR / WGS84,LA LIBERTAD,MODIFICACION PARCIAL DEL LIMITE. APROBADO CON RESOLUCION DE COMANDANCIA GENERAL DE LA POLICIA NACIONAL N° 348-2023-CG┬ÁPNP/EMG DEL 06SEP2023,13,LA LIBERTAD,1301,TRUJILLO,130102,EL PORVENIR,11R1B,DIVPOL TRUJILLO,11,LA LIBERTAD,11R1,LA LIBERTAD,-8.07875825,-78.99960987
91,D,0184,1124,CPNP ALTO TRUJILLO,B,221697,UTM / 17 SUR / WGS84,LA LIBERTAD,APROBADO CON RESOLUCION DE COMANDANCIA GENERAL DE LA POLICIA NACIONAL N° 149-2020-CG  PNP/ SCG DEL 30MAY2020,13,LA LIBERTAD,1301,TRUJILLO,130102,EL PORVENIR,11R1B,DIVPOL TRUJILLO,11,LA LIBERTAD,11R1,LA LIBERTAD,-8.068215504,-79.021861229
92,D,0185,1123,CPNP FLORENCIA DE MORA,B,221694,UTM / 17 SUR / WGS84,LA LIBERTAD,MODIFICACION PARCIAL DEL LIMITE. APROBADO CON RESOLUCION DE COMANDANCIA GENERAL DE LA POLICIA NACIONAL N° 348-2023-CG┬ÁPNP/EMG DEL 06SEP2023,13,LA LIBERTAD,1301,TRUJILLO,130103,FLORENCIA DE MORA,11R1B,DIVPOL TRUJILLO,11,LA LIBERTAD,11R1,LA LIBERTAD,-8.085349727,-79.024093308
93,G,1040,5064,CPNP CHUQUIBAMBA,E,223229,UTM / 17 SUR / WGS84,CAJAMARCA,APROBADO CON RESOLUCION DE COMANDANCIA GENERAL DE LA POLICIA NACIONAL N° 149-2020-CG  PNP/ SCG DEL 30MAY2020,06,CAJAMARCA,0602,CAJABAMBA,060202,CACHACHI,05R1B,DIVOPUS CAJAMARCA,05,CAJAMARCA,05R1,CAJAMARCA,-7.633278001,-78.138967
94,G,1042,5070,CPNP CACHACHI,E,223227,UTM / 17 SUR / WGS84,CAJAMARCA,APROBADO CON RESOLUCION DE COMANDANCIA GENERAL DE LA POLICIA NACIONAL N° 149-2020-CG  PNP/ SCG DEL 30MAY2020,06,CAJAMARCA,0602,CAJABAMBA,060202,CACHACHI,05R1B,DIVOPUS CAJAMARCA,05,CAJAMARCA,05R1,CAJAMARCA,-7.45106382,-78.270784019
95,G,5033,5068,CPNP ARAQUEDA,E,223228,UTM / 17 SUR / WGS84,CAJAMARCA,APROBADO CON RESOLUCION DE COMANDANCIA GENERAL DE LA POLICIA NACIONAL N° 149-2020-CG  PNP/ SCG DEL 30MAY2020,06,CAJAMARCA,0602,CAJABAMBA,060202,CACHACHI,05R1B,DIVOPUS CAJAMARCA,05,CAJAMARCA,05R1,CAJAMARCA,-7.655912,-78.182908
96,G,1054,5134,CPNP CHIGUIRIP,E,223296,UTM / 17 SUR / WGS84,CAJAMARCA,APROBADO CON RESOLUCION DE COMANDANCIA GENERAL DE LA POLICIA NACIONAL N° 149-2020-CG  PNP/ SCG DEL 30MAY2020,06,CAJAMARCA,0604,CHOTA,060404,CHIGUIRIP,05R1B,DIVOPUS CAJAMARCA,05,CAJAMARCA,05R1,CAJAMARCA,-6.429667971,-78.72090625
97,B,1115,5932,CPNP JESUS - LAURICOCHA,D,217506,UTM / 18 SUR / WGS84,HUANUCO,MODIFICACION PARCIAL DEL LIMITE. APROBADO CON RESOLUCION DE COMANDANCIA GENERAL DE LA POLICIA NACIONAL N° 348-2023-CG┬ÁPNP/EMG DEL 06SEP2023,10,HUANUCO,1010,LAURICOCHA,101001,JESUS,08R1B,DIVOPUS HUANUCO,08,HUANUCO,08R1,HUANUCO,-10.07838927,-76.63154678
98,E,1126,5328,CPNP PACHACUTEC,D,223546,UTM / 18 SUR / WGS84,ICA,APROBADO CON RESOLUCION DE COMANDANCIA GENERAL DE LA POLICIA NACIONAL N° 149-2020-CG  PNP/ SCG DEL 30MAY2020,11,ICA,1101,ICA,110105,PACHACUTEC,09R1B,DIVOPUS ICA,09,ICA,09R1,ICA,-14.15266406,-75.69114693
99,E,1152,5348,CPNP PARACAS,C,223595,UTM / 18 SUR / WGS84,ICA,APROBADO CON RESOLUCION DE COMANDANCIA GENERAL DE LA POLICIA NACIONAL N° 149-2020-CG  PNP/ SCG DEL 30MAY2020,11,ICA,1105,PISCO,110505,PARACAS,09R1B,DIVOPUS ICA,09,ICA,09R1,ICA,-13.832705549,-76.2467539
100,E,0199,1230,CPNP SAUSAL,D,217041,UTM / 17 SUR / WGS84,LA LIBERTAD,APROBADO CON RESOLUCION DE COMANDANCIA GENERAL DE LA POLICIA NACIONAL N° 149-2020-CG  PNP/ SCG DEL 30MAY2020,13,LA LIBERTAD,1302,ASCOPE,130202,CHICAMA,11R1A,DIVPOL PAIJAN,11,LA LIBERTAD,11R1,LA LIBERTAD,-7.73590096,-79.00729299
101,E,0197,1218,CPNP CHICLIN,D,217038,UTM / 17 SUR / WGS84,LA LIBERTAD,APROBADO CON RESOLUCION DE COMANDANCIA GENERAL DE LA POLICIA NACIONAL N° 149-2020-CG  PNP/ SCG DEL 30MAY2020,13,LA LIBERTAD,1302,ASCOPE,130202,CHICAMA,11R1A,DIVPOL PAIJAN,11,LA LIBERTAD,11R1,LA LIBERTAD,-7.837260799,-79.16212274
102,E,0198,1212,CPNP CHICAMA,D,217039,UTM / 17 SUR / WGS84,LA LIBERTAD,APROBADO CON RESOLUCION DE COMANDANCIA GENERAL DE LA POLICIA NACIONAL N° 149-2020-CG  PNP/ SCG DEL 30MAY2020,13,LA LIBERTAD,1302,ASCOPE,130202,CHICAMA,11R1A,DIVPOL PAIJAN,11,LA LIBERTAD,11R1,LA LIBERTAD,-7.84511373,-79.14686323
103,G,0091,1045,CPNP SAN JUAN DE CUTERVO,E,223313,UTM / 17 SUR / WGS84,CAJAMARCA,APROBADO CON RESOLUCION DE COMANDANCIA GENERAL DE LA POLICIA NACIONAL N° 149-2020-CG  PNP/ SCG DEL 30MAY2020,06,CAJAMARCA,0606,CUTERVO,060609,SAN JUAN DE CUTERVO,05R1B,DIVOPUS CAJAMARCA,05,CAJAMARCA,05R1,CAJAMARCA,-6.163305521,-78.59772111
104,G,1181,5450,CPNP COTARUSE,E,223414,UTM / 18 SUR / WGS84,APURIMAC,APROBADO CON RESOLUCION DE COMANDANCIA GENERAL DE LA POLICIA NACIONAL N° 149-2020-CG  PNP/ SCG DEL 30MAY2020,03,APURIMAC,0304,AYMARAES,030406,COTARUSE,02R1B,DIVOPUS ABANCAY,02,APURIMAC,02R1,APURIMAC,-14.41532933,-73.20524655
105,F,0569,3240,CPNP JULCAMARCA,E,218090,UTM / 18 SUR / WGS84,HUANCAVELICA,APROBADO CON RESOLUCION DE COMANDANCIA GENERAL DE LA POLICIA NACIONAL N° 149-2020-CG  PNP/ SCG DEL 30MAY2020,09,HUANCAVELICA,0903,ANGARAES,090309,JULCAMARCA,10R1A,DIVOPUS HUANCAVELICA,10,JUNIN,10R1,HUANCAVELICA,-13.01492922,-74.444758509
106,B,0731,3592,CPNP SALVACION,D,218229,UTM / 19 SUR / WGS84,MADRE DE DIOS,APROBADO CON RESOLUCION DE COMANDANCIA GENERAL DE LA POLICIA NACIONAL N° 149-2020-CG  PNP/ SCG DEL 30MAY2020,17,MADRE DE DIOS,1702,MANU,170201,MANU,07R1B,DIVOPUS CUSCO,07,CUSCO,07R1,CUSCO,-12.83602501,-71.35860622
107,F,0604,3041,CPNP APATA,C,217873,UTM / 18 SUR / WGS84,JUNIN,APROBADO CON RESOLUCION DE COMANDANCIA GENERAL DE LA POLICIA NACIONAL N° 149-2020-CG  PNP/ SCG DEL 30MAY2020,12,JUNIN,1204,JAUJA,120403,APATA,10R2A,DIVOPUS HUANCAYO,10,JUNIN,10R2,JUNIN,-11.854617,-75.354028
108,D,0191,1098,CPNP MOCHE,B,216978,UTM / 17 SUR / WGS84,LA LIBERTAD,APROBADO CON RESOLUCION DE COMANDANCIA GENERAL DE LA POLICIA NACIONAL N° 149-2020-CG  PNP/ SCG DEL 30MAY2020,13,LA LIBERTAD,1301,TRUJILLO,130107,MOCHE,11R1B,DIVPOL TRUJILLO,11,LA LIBERTAD,11R1,LA LIBERTAD,-8.170660289,-79.01098586
109,A,0249,1168,CPNP VIRU,B,217010,UTM / 17 SUR / WGS84,LA LIBERTAD,APROBADO CON RESOLUCION DE COMANDANCIA GENERAL DE LA POLICIA NACIONAL N° 149-2020-CG  PNP/ SCG DEL 30MAY2020,13,LA LIBERTAD,1312,VIRU,131201,VIRU,11R1B,DIVPOL TRUJILLO,11,LA LIBERTAD,11R1,LA LIBERTAD,-8.41513317,-78.75496717
110,A,0250,1172,CPNP VICTOR RAUL HAYA DE LA TORRE,C,217014,UTM / 17 SUR / WGS84,LA LIBERTAD,APROBADO CON RESOLUCION DE COMANDANCIA GENERAL DE LA POLICIA NACIONAL N° 149-2020-CG  PNP/ SCG DEL 30MAY2020,13,LA LIBERTAD,1312,VIRU,131201,VIRU,11R1B,DIVPOL TRUJILLO,11,LA LIBERTAD,11R1,LA LIBERTAD,-8.40465276,-78.82218269
111,G,0982,4952,CPNP CHAVIN,D,222182,UTM / 18 SUR / WGS84,ANCASH,APROBADO CON RESOLUCION DE COMANDANCIA GENERAL DE LA POLICIA NACIONAL N° 149-2020-CG  PNP/ SCG DEL 30MAY2020,02,ANCASH,0210,HUARI,021004,CHAVIN DE HUANTAR,01R1B,DIVOPUS HUARAZ,01,ANCASH,01R1,ANCASH,-9.58369555,-77.17751942
112,G,0984,4954,CPNP SAN MARCOS,C,222183,UTM / 18 SUR / WGS84,ANCASH,APROBADO CON RESOLUCION DE COMANDANCIA GENERAL DE LA POLICIA NACIONAL N° 149-2020-CG  PNP/ SCG DEL 30MAY2020,02,ANCASH,0210,HUARI,021004,CHAVIN DE HUANTAR,01R1B,DIVOPUS HUARAZ,01,ANCASH,01R1,ANCASH,-9.524071712,-77.157606495
113,F,1002,4835,CPNP CATAC,D,222157,UTM / 18 SUR / WGS84,ANCASH,APROBADO CON RESOLUCION DE COMANDANCIA GENERAL DE LA POLICIA NACIONAL N° 149-2020-CG  PNP/ SCG DEL 30MAY2020,02,ANCASH,0217,RECUAY,021702,CATAC,01R1B,DIVOPUS HUARAZ,01,ANCASH,01R1,ANCASH,-9.79810892,-77.43246069
114,E,0259,1428,CPNP DURAZNO PAMPA,E,222014,UTM / 18 SUR / WGS84,AMAZONAS,APROBADO CON RESOLUCION DE COMANDANCIA GENERAL DE LA POLICIA NACIONAL N° 149-2020-CG  PNP/ SCG DEL 30MAY2020,01,AMAZONAS,0101,CHACHAPOYAS,010113,MARISCAL CASTILLA,19R1A,DIVOPUS AMAZONAS,19,SAN MARTIN,19R1,AMAZONAS,-6.593485799,-77.80998696
115,B,0991,4968,CPNP MARISCAL LUZURIAGA - PISCOBAMBA,D,222192,UTM / 18 SUR / WGS84,ANCASH,APROBADO CON RESOLUCION DE COMANDANCIA GENERAL DE LA POLICIA NACIONAL N° 149-2020-CG  PNP/ SCG DEL 30MAY2020,02,ANCASH,0213,MARISCAL LUZURIAGA,021301,PISCOBAMBA,01R1B,DIVOPUS HUARAZ,01,ANCASH,01R1,ANCASH,-8.86457031,-77.35656699
116,E,0200,1203,CPNP CHOCOPE,C,217021,UTM / 17 SUR / WGS84,LA LIBERTAD,APROBADO CON RESOLUCION DE COMANDANCIA GENERAL DE LA POLICIA NACIONAL N° 149-2020-CG  PNP/ SCG DEL 30MAY2020,13,LA LIBERTAD,1302,ASCOPE,130203,CHOCOPE,11R1A,DIVPOL PAIJAN,11,LA LIBERTAD,11R1,LA LIBERTAD,-7.791152,-79.223303391
117,G,0705,3582,CPNP COLQUEPATA,E,218226,UTM / 19 SUR / WGS84,CUSCO,APROBADO CON RESOLUCION DE COMANDANCIA GENERAL DE LA POLICIA NACIONAL N° 149-2020-CG  PNP/ SCG DEL 30MAY2020,08,CUSCO,0811,PAUCARTAMBO,081104,COLQUEPATA,07R1B,DIVOPUS CUSCO,07,CUSCO,07R1,CUSCO,-13.36174273,-71.67377719
118,G,0716,3572,CPNP MARCAPATA,E,218222,UTM / 19 SUR / WGS84,CUSCO,APROBADO CON RESOLUCION DE COMANDANCIA GENERAL DE LA POLICIA NACIONAL N° 149-2020-CG  PNP/ SCG DEL 30MAY2020,08,CUSCO,0812,QUISPICANCHI,081209,MARCAPATA,07R1B,DIVOPUS CUSCO,07,CUSCO,07R1,CUSCO,-13.59191106,-70.97489651
119,F,0950,4620,CPNP LIMBANI,E,219351,UTM / 19 SUR / WGS84,PUNO,APROBADO CON RESOLUCION DE COMANDANCIA GENERAL DE LA POLICIA NACIONAL N° 149-2020-CG  PNP/ SCG DEL 30MAY2020,21,PUNO,2112,SANDIA,211203,LIMBANI,18R1A,DIVOPUS JULIACA,18,PUNO,18R1,PUNO,-14.14414378,-69.69138325
120,D,1034,5010,CPNP BA├æOS DEL INCA,B,223204,UTM / 17 SUR / WGS84,CAJAMARCA,APROBADO CON RESOLUCION DE COMANDANCIA GENERAL DE LA POLICIA NACIONAL N° 149-2020-CG  PNP/ SCG DEL 30MAY2020,06,CAJAMARCA,0601,CAJAMARCA,060108,LOS BA├æOS DEL INCA,05R1B,DIVOPUS CAJAMARCA,05,CAJAMARCA,05R1,CAJAMARCA,-7.16423293,-78.46311482
121,G,0127,1012,CPNP UTICYACU,E,223270,UTM / 17 SUR / WGS84,CAJAMARCA,APROBADO CON RESOLUCION DE COMANDANCIA GENERAL DE LA POLICIA NACIONAL N° 149-2020-CG  PNP/ SCG DEL 30MAY2020,06,CAJAMARCA,0613,SANTA CRUZ,061310,UTICYACU,05R1B,DIVOPUS CAJAMARCA,05,CAJAMARCA,05R1,CAJAMARCA,-6.606674989,-78.7937314
122,F,0668,3628,CPNP MOSOC LLACTA,E,218250,UTM / 19 SUR / WGS84,CUSCO,APROBADO CON RESOLUCION DE COMANDANCIA GENERAL DE LA POLICIA NACIONAL N° 149-2020-CG  PNP/ SCG DEL 30MAY2020,08,CUSCO,0802,ACOMAYO,080204,MOSOC LLACTA,07R1B,DIVOPUS CUSCO,07,CUSCO,07R1,CUSCO,-14.12044456,-71.47250803
123,B,0581,3290,CPNP HUAYTARA,B,223602,UTM / 18 SUR / WGS84,HUANCAVELICA,MODIFICACION PARCIAL DEL LIMITE. APROBADO CON RESOLUCION DE COMANDANCIA GENERAL DE LA POLICIA NACIONAL N° 348-2023-CG┬ÁPNP/EMG DEL 06SEP2023,09,HUANCAVELICA,0906,HUAYTARA,090601,HUAYTARA,09R1B,DIVOPUS ICA,09,ICA,09R1,ICA,-13.60428736,-75.353716789999993
124,F,1160,5415,CPNP CURAHUASI,C,223404,UTM / 18 SUR / WGS84,APURIMAC,APROBADO CON RESOLUCION DE COMANDANCIA GENERAL DE LA POLICIA NACIONAL N° 149-2020-CG  PNP/ SCG DEL 30MAY2020,03,APURIMAC,0301,ABANCAY,030104,CURAHUASI,02R1B,DIVOPUS ABANCAY,02,APURIMAC,02R1,APURIMAC,-13.540468571,-72.69611738
125,G,0684,3551,CPNP LA QUEBRADA,E,218206,UTM / 18 SUR / WGS84,CUSCO,APROBADO CON RESOLUCION DE COMANDANCIA GENERAL DE LA POLICIA NACIONAL N° 149-2020-CG  PNP/ SCG DEL 30MAY2020,08,CUSCO,0804,CALCA,080408,YANATILE,07R1B,DIVOPUS CUSCO,07,CUSCO,07R1,CUSCO,-12.68474212,-72.27388879
126,B,0941,4585,CPNP SAN ANTONIO DE PUTINA,B,219316,UTM / 19 SUR / WGS84,PUNO,APROBADO CON RESOLUCION DE COMANDANCIA GENERAL DE LA POLICIA NACIONAL N° 149-2020-CG  PNP/ SCG DEL 30MAY2020,21,PUNO,2110,SAN ANTONIO DE PUTINA,211001,PUTINA,18R1A,DIVOPUS JULIACA,18,PUNO,18R1,PUNO,-14.91614449,-69.8664436
127,D,0661,3504,CPNP VIVA EL PERU,C,218184,UTM / 19 SUR / WGS84,CUSCO,APROBADO CON RESOLUCION DE COMANDANCIA GENERAL DE LA POLICIA NACIONAL N° 149-2020-CG  PNP/ SCG DEL 30MAY2020,08,CUSCO,0801,CUSCO,080106,SANTIAGO,07R1B,DIVOPUS CUSCO,07,CUSCO,07R1,CUSCO,-13.53861194,-71.95832708
128,D,0662,3482,CPNP ZARZUELA,B,218181,UTM / 19 SUR / WGS84,CUSCO,APROBADO CON RESOLUCION DE COMANDANCIA GENERAL DE LA POLICIA NACIONAL N° 149-2020-CG  PNP/ SCG DEL 30MAY2020,08,CUSCO,0801,CUSCO,080106,SANTIAGO,07R1B,DIVOPUS CUSCO,07,CUSCO,07R1,CUSCO,-13.528515539,-71.98381568
129,D,0663,3477,CPNP SANTIAGO,A,218175,UTM / 19 SUR / WGS84,CUSCO,APROBADO CON RESOLUCION DE COMANDANCIA GENERAL DE LA POLICIA NACIONAL N° 149-2020-CG  PNP/ SCG DEL 30MAY2020,08,CUSCO,0801,CUSCO,080106,SANTIAGO,07R1B,DIVOPUS CUSCO,07,CUSCO,07R1,CUSCO,-13.52426531,-71.98420578
130,C,0461,1975,CPNP MAGDALENA,B,219837,UTM / 18 SUR / WGS84,LIMAMETRO,APROBADO CON RESOLUCION DE DIRECCION GENERAL DE LA POLICIA NACIONAL N° 276-2018-DIRGEN/SUB.DG-PNP 23JUL2018,15,LIMA,1501,LIMA,150120,MAGDALENA DEL MAR,13R1H,DIVPOL OESTE,13,LIMA,13R1,LIMA,-12.087960209,-77.073297186
131,C,0477,2195,CPNP SAN BORJA,A,220075,UTM / 18 SUR / WGS84,LIMAMETRO,APROBADO CON RESOLUCION DE DIRECCION GENERAL DE LA POLICIA NACIONAL N° 276-2018-DIRGEN/SUB.DG-PNP 23JUL2018,15,LIMA,1501,LIMA,150130,SAN BORJA,13R1I,DIVPOL SUR 1,13,LIMA,13R1,LIMA,-12.105585509,-76.998984607
132,C,0502,2200,CPNP CHACARILLA DEL ESTANQUE,B,220078,UTM / 18 SUR / WGS84,LIMAMETRO,APROBADO CON RESOLUCION DE DIRECCION GENERAL DE LA POLICIA NACIONAL N° 276-2018-DIRGEN/SUB.DG-PNP 23JUL2018,15,LIMA,1501,LIMA,150130,SAN BORJA,13R1I,DIVPOL SUR 1,13,LIMA,13R1,LIMA,-12.108501237,-76.983460822
133,C,0462,1960,CPNP PUEBLO LIBRE,A,219828,UTM / 18 SUR / WGS84,LIMAMETRO,APROBADO CON RESOLUCION DE DIRECCION GENERAL DE LA POLICIA NACIONAL N° 276-2018-DIRGEN/SUB.DG-PNP 23JUL2018,15,LIMA,1501,LIMA,150121,PUEBLO LIBRE,13R1H,DIVPOL OESTE,13,LIMA,13R1,LIMA,-12.076966764,-77.065378963
134,G,0261,1422,CPNP QUINJALCA,E,222012,UTM / 18 SUR / WGS84,AMAZONAS,APROBADO CON RESOLUCION DE COMANDANCIA GENERAL DE LA POLICIA NACIONAL N° 149-2020-CG  PNP/ SCG DEL 30MAY2020,01,AMAZONAS,0101,CHACHAPOYAS,010117,QUINJALCA,19R1A,DIVOPUS AMAZONAS,19,SAN MARTIN,19R1,AMAZONAS,-6.091438899,-77.6786222
135,G,0724,3512,CPNP MARAS,D,218194,UTM / 18 SUR / WGS84,CUSCO,APROBADO CON RESOLUCION DE COMANDANCIA GENERAL DE LA POLICIA NACIONAL N° 149-2020-CG  PNP/ SCG DEL 30MAY2020,08,CUSCO,0813,URUBAMBA,081305,MARAS,07R1B,DIVOPUS CUSCO,07,CUSCO,07R1,CUSCO,-13.33246778,-72.15635606
136,E,0970,4826,CPNP HUALLANCA - CHURCOS,D,222153,UTM / 18 SUR / WGS84,ANCASH,APROBADO CON RESOLUCION DE COMANDANCIA GENERAL DE LA POLICIA NACIONAL N° 149-2020-CG  PNP/ SCG DEL 30MAY2020,02,ANCASH,0205,BOLOGNESI,020508,HUALLANCA,01R1B,DIVOPUS HUARAZ,01,ANCASH,01R1,ANCASH,-9.901394271,-76.94111902
137,G,0584,3292,CPNP SANTIAGO DE CHOCORVOS,E,223606,UTM / 18 SUR / WGS84,HUANCAVELICA,APROBADO CON RESOLUCION DE COMANDANCIA GENERAL DE LA POLICIA NACIONAL N° 149-2020-CG  PNP/ SCG DEL 30MAY2020,09,HUANCAVELICA,0906,HUAYTARA,090613,SANTIAGO DE CHOCORVOS,09R1B,DIVOPUS ICA,09,ICA,09R1,ICA,-13.82495174,-75.25846347
138,G,7013,4967,CPNP YAUYA,E,222194,UTM / 18 SUR / WGS84,ANCASH,APROBADO CON RESOLUCION DE COMANDANCIA GENERAL DE LA POLICIA NACIONAL N° 149-2020-CG  PNP/ SCG DEL 30MAY2020,02,ANCASH,0207,CARLOS FERMIN FITZCARRALD,020703,YAUYA,01R1B,DIVOPUS HUARAZ,01,ANCASH,01R1,ANCASH,-8.98991646,-77.29080174
139,F,1024,4864,CPNP MANCOS,D,222169,UTM / 18 SUR / WGS84,ANCASH,APROBADO CON RESOLUCION DE COMANDANCIA GENERAL DE LA POLICIA NACIONAL N° 149-2020-CG  PNP/ SCG DEL 30MAY2020,02,ANCASH,0220,YUNGAY,022003,MANCOS,01R1B,DIVOPUS HUARAZ,01,ANCASH,01R1,ANCASH,-9.19001808,-77.714127819
140,F,0667,3626,CPNP ACOPIA,E,218249,UTM / 19 SUR / WGS84,CUSCO,APROBADO CON RESOLUCION DE COMANDANCIA GENERAL DE LA POLICIA NACIONAL N° 149-2020-CG  PNP/ SCG DEL 30MAY2020,08,CUSCO,0802,ACOMAYO,080202,ACOPIA,07R1B,DIVOPUS CUSCO,07,CUSCO,07R1,CUSCO,-14.05740883,-71.49277563
141,D,1101,5906,CPNP AMARILIS,B,217483,UTM / 18 SUR / WGS84,HUANUCO,APROBADO CON RESOLUCION DE COMANDANCIA GENERAL DE LA POLICIA NACIONAL N° 149-2020-CG  PNP/ SCG DEL 30MAY2020,10,HUANUCO,1001,HUANUCO,100102,AMARILIS,08R1B,DIVOPUS HUANUCO,08,HUANUCO,08R1,HUANUCO,-9.94257695,-76.24740583
142,D,0230,1183,CPNP PACASMAYO,A,217049,UTM / 17 SUR / WGS84,LA LIBERTAD,APROBADO CON RESOLUCION DE COMANDANCIA GENERAL DE LA POLICIA NACIONAL N° 149-2020-CG  PNP/ SCG DEL 30MAY2020,13,LA LIBERTAD,1307,PACASMAYO,130704,PACASMAYO,11R1A,DIVPOL PAIJAN,11,LA LIBERTAD,11R1,LA LIBERTAD,-7.39930027,-79.57121491
143,A,0934,4595,CPNP AYAVIRI,B,219325,UTM / 19 SUR / WGS84,PUNO,APROBADO CON RESOLUCION DE COMANDANCIA GENERAL DE LA POLICIA NACIONAL N° 149-2020-CG  PNP/ SCG DEL 30MAY2020,21,PUNO,2108,MELGAR,210801,AYAVIRI,18R1A,DIVOPUS JULIACA,18,PUNO,18R1,PUNO,-14.881991161,-70.59201016
144,D,1243,6034,CPNP MI PERU,B,220555,UTM / 18 SUR / WGS84,CALLAO,APROBADO CON RESOLUCION DE DIRECCION GENERAL DE LA POLICIA NACIONAL N° 276-2018-DIRGEN/SUB.DG-PNP 23JUL2018,07,CALLAO,0701,CALLAO,070107,MI PERU,06R1A,DIVOPUS 03,06,CALLAO,06R1,CALLAO,-11.854405001,-77.123262
145,D,1149,5344,CPNP HUAMANI,B,223591,UTM / 18 SUR / WGS84,ICA,APROBADO CON RESOLUCION DE COMANDANCIA GENERAL DE LA POLICIA NACIONAL N° 149-2020-CG  PNP/ SCG DEL 30MAY2020,11,ICA,1105,PISCO,110507,SAN CLEMENTE,09R1B,DIVOPUS ICA,09,ICA,09R1,ICA,-13.6831589,-76.15958455
146,F,0983,4956,CPNP HUAYTUNA,D,222187,UTM / 18 SUR / WGS84,ANCASH,APROBADO CON RESOLUCION DE COMANDANCIA GENERAL DE LA POLICIA NACIONAL N° 149-2020-CG  PNP/ SCG DEL 30MAY2020,02,ANCASH,0210,HUARI,021009,MASIN,01R1B,DIVOPUS HUARAZ,01,ANCASH,01R1,ANCASH,-9.36102264,-77.08301067
147,G,0341,3356,CPNP VINCHOS,D,218525,UTM / 18 SUR / WGS84,AYACUCHO,APROBADO CON RESOLUCION DE COMANDANCIA GENERAL DE LA POLICIA NACIONAL N° 149-2020-CG  PNP/ SCG DEL 30MAY2020,05,NA,0501,HUAMANGA,050114,VINCHOS,04R1A,DIVOPUS AYACUCHO,04,AYACUCHO,04R1,AYACUCHO,-13.24167893,-74.35453862
148,F,0343,3375,CPNP CHUSCHI,E,218536,UTM / 18 SUR / WGS84,AYACUCHO,APROBADO CON RESOLUCION DE COMANDANCIA GENERAL DE LA POLICIA NACIONAL N° 149-2020-CG  PNP/ SCG DEL 30MAY2020,05,NA,0502,CANGALLO,050202,CHUSCHI,04R1A,DIVOPUS AYACUCHO,04,AYACUCHO,04R1,AYACUCHO,-13.58527019,-74.35212216
149,F,9060,3373,CPNP LOS MOROCHUCOS,D,218532,UTM / 18 SUR / WGS84,AYACUCHO,APROBADO CON RESOLUCION DE COMANDANCIA GENERAL DE LA POLICIA NACIONAL N° 149-2020-CG  PNP/ SCG DEL 30MAY2020,05,NA,0502,CANGALLO,050203,LOS MOROCHUCOS,04R1A,DIVOPUS AYACUCHO,04,AYACUCHO,04R1,AYACUCHO,-13.55769118,-74.19594801
150,G,0974,4875,CPNP ANTA,D,222163,UTM / 18 SUR / WGS84,ANCASH,APROBADO CON RESOLUCION DE COMANDANCIA GENERAL DE LA POLICIA NACIONAL N° 149-2020-CG  PNP/ SCG DEL 30MAY2020,02,ANCASH,0206,CARHUAZ,020604,ANTA,01R1B,DIVOPUS HUARAZ,01,ANCASH,01R1,ANCASH,-9.35756275,-77.59866296
151,F,1227,5826,CPNP PAPAYAL,C,223150,UTM / 17 SUR / WGS84,TUMBES,APROBADO CON RESOLUCION DE COMANDANCIA GENERAL DE LA POLICIA NACIONAL N° 149-2020-CG  PNP/ SCG DEL 30MAY2020,24,TUMBES,2403,ZARUMILLA,240304,PAPAYAL,21R1A,DIVOPUS TUMBES,21,TUMBES,21R1,TUMBES,-3.57115591,-80.23541383
152,F,0986,4960,CPNP UCO,E,222186,UTM / 18 SUR / WGS84,ANCASH,APROBADO CON RESOLUCION DE COMANDANCIA GENERAL DE LA POLICIA NACIONAL N° 149-2020-CG  PNP/ SCG DEL 30MAY2020,02,ANCASH,0210,HUARI,021016,UCO,01R1B,DIVOPUS HUARAZ,01,ANCASH,01R1,ANCASH,-9.18822587,-76.92831802
153,F,1276,1480,CPNP NUEVO CHIRIMOTO,D,222026,UTM / 18 SUR / WGS84,SAN MARTIN,APROBADO CON RESOLUCION DE COMANDANCIA GENERAL DE LA POLICIA NACIONAL N° 149-2020-CG  PNP/ SCG DEL 30MAY2020,22,SAN MARTIN,2206,MARISCAL CACERES,220603,HUICUNGO,19R1A,DIVOPUS AMAZONAS,19,SAN MARTIN,19R1,AMAZONAS,-6.5511712,-77.237065599
154,G,2000,5916,CPNP SAN MIGUEL DE CAURI,E,221728,UTM / 18 SUR / WGS84,HUANUCO,APROBADO CON RESOLUCION DE COMANDANCIA GENERAL DE LA POLICIA NACIONAL N° 149-2020-CG  PNP/ SCG DEL 30MAY2020,10,HUANUCO,1010,LAURICOCHA,101007,SAN MIGUEL DE CAURI,08R1B,DIVOPUS HUANUCO,08,HUANUCO,08R1,HUANUCO,-10.14249193,-76.62565391
155,E,0251,1170,CPNP CHAO,D,217013,UTM / 17 SUR / WGS84,LA LIBERTAD,APROBADO CON RESOLUCION DE COMANDANCIA GENERAL DE LA POLICIA NACIONAL N° 149-2020-CG  PNP/ SCG DEL 30MAY2020,13,LA LIBERTAD,1312,VIRU,131202,CHAO,11R1B,DIVPOL TRUJILLO,11,LA LIBERTAD,11R1,LA LIBERTAD,-8.53748051,-78.67918484
156,G,0555,3222,CPNP ACOBAMBILLA,E,218066,UTM / 18 SUR / WGS84,HUANCAVELICA,APROBADO CON RESOLUCION DE COMANDANCIA GENERAL DE LA POLICIA NACIONAL N° 149-2020-CG  PNP/ SCG DEL 30MAY2020,09,HUANCAVELICA,0901,HUANCAVELICA,090102,ACOBAMBILLA,10R1A,DIVOPUS HUANCAVELICA,10,JUNIN,10R1,HUANCAVELICA,-12.66462107,-75.322612539
157,G,0267,1521,CPNP CHIRIACO,C,222051,UTM / 17 SUR / WGS84,AMAZONAS,APROBADO CON RESOLUCION DE COMANDANCIA GENERAL DE LA POLICIA NACIONAL N° 149-2020-CG  PNP/ SCG DEL 30MAY2020,01,AMAZONAS,0102,BAGUA,010205,IMAZA,19R1A,DIVOPUS AMAZONAS,19,SAN MARTIN,19R1,AMAZONAS,-5.162637935,-78.287020762
158,G,3014,1522,CPNP IMACITA,E,222054,UTM / 17 SUR / WGS84,AMAZONAS,APROBADO CON RESOLUCION DE COMANDANCIA GENERAL DE LA POLICIA NACIONAL N° 149-2020-CG  PNP/ SCG DEL 30MAY2020,01,AMAZONAS,0102,BAGUA,010205,IMAZA,19R1A,DIVOPUS AMAZONAS,19,SAN MARTIN,19R1,AMAZONAS,-5.05857886,-78.33201262
159,F,1119,5370,CPNP LARAMATE,E,223565,UTM / 18 SUR / WGS84,AYACUCHO,MODIFICACION PARCIAL DEL LIMITE. APROBADO CON RESOLUCION DE COMANDANCIA GENERAL DE LA POLICIA NACIONAL N° 348-2023-CG┬ÁPNP/EMG DEL 06SEP2023,05,AYACUCHO,0506,LUCANAS,050608,LARAMATE,09R1B,DIVOPUS ICA,09,ICA,09R1,ICA,-14.28670516,-74.84272355
160,B,0351,3465,CPNP PARINACOCHAS - CORACORA,B,218560,UTM / 18 SUR / WGS84,AYACUCHO,APROBADO CON RESOLUCION DE COMANDANCIA GENERAL DE LA POLICIA NACIONAL N° 149-2020-CG  PNP/ SCG DEL 30MAY2020,05,AYACUCHO,0507,PARINACOCHAS,050701,CORACORA,04R1A,DIVOPUS AYACUCHO,04,AYACUCHO,04R1,AYACUCHO,-15.016928089,-73.781846199
161,F,3004,5373,CPNP OCA├æA,E,223567,UTM / 18 SUR / WGS84,AYACUCHO,APROBADO CON RESOLUCION DE COMANDANCIA GENERAL DE LA POLICIA NACIONAL N° 149-2020-CG  PNP/ SCG DEL 30MAY2020,05,AYACUCHO,0506,LUCANAS,050612,OCA├æA,09R1B,DIVOPUS ICA,09,ICA,09R1,ICA,-14.39856565,-74.82408467
162,G,5011,3391,CPNP VILCANCHOS,E,218539,UTM / 18 SUR / WGS84,AYACUCHO,APROBADO CON RESOLUCION DE COMANDANCIA GENERAL DE LA POLICIA NACIONAL N° 149-2020-CG  PNP/ SCG DEL 30MAY2020,05,AYACUCHO,0510,VICTOR FAJARDO,051012,VILCANCHOS,04R1A,DIVOPUS AYACUCHO,04,AYACUCHO,04R1,AYACUCHO,-13.6104668,-74.533062499
163,D,0335,3362,CPNP CHACCO,E,218527,UTM / 18 SUR / WGS84,AYACUCHO,APROBADO CON RESOLUCION DE COMANDANCIA GENERAL DE LA POLICIA NACIONAL N° 149-2020-CG  PNP/ SCG DEL 30MAY2020,05,AYACUCHO,0501,HUAMANGA,050115,JESUS NAZARENO,04R1A,DIVOPUS AYACUCHO,04,AYACUCHO,04R1,AYACUCHO,-13.098302,-74.206797
164,G,0344,3380,CPNP PARAS,E,218542,UTM / 18 SUR / WGS84,AYACUCHO,APROBADO CON RESOLUCION DE COMANDANCIA GENERAL DE LA POLICIA NACIONAL N° 149-2020-CG  PNP/ SCG DEL 30MAY2020,05,NA,0502,CANGALLO,050205,PARAS,04R1A,DIVOPUS AYACUCHO,04,AYACUCHO,04R1,AYACUCHO,-13.552842271,-74.627197201
165,F,0721,3514,CPNP CHINCHEROS,D,218195,UTM / 18 SUR / WGS84,CUSCO,APROBADO CON RESOLUCION DE COMANDANCIA GENERAL DE LA POLICIA NACIONAL N° 149-2020-CG  PNP/ SCG DEL 30MAY2020,08,CUSCO,0813,URUBAMBA,081302,CHINCHERO,07R1B,DIVOPUS CUSCO,07,CUSCO,07R1,CUSCO,-13.39212935,-72.04905602
166,E,0000,1444,CPNP CHURUJA,E,222074,UTM / 18 SUR / WGS84,AMAZONAS,APROBADO CON RESOLUCION DE COMANDANCIA GENERAL DE LA POLICIA NACIONAL N° 149-2020-CG  PNP/ SCG DEL 30MAY2020,01,AMAZONAS,0103,BONGARA,010303,CHURUJA,19R1A,DIVOPUS AMAZONAS,19,SAN MARTIN,19R1,AMAZONAS,-6.020201,-77.9519748
167,B,1022,4974,CPNP SIHUAS,D,222196,UTM / 18 SUR / WGS84,ANCASH,APROBADO CON RESOLUCION DE COMANDANCIA GENERAL DE LA POLICIA NACIONAL N° 149-2020-CG  PNP/ SCG DEL 30MAY2020,02,ANCASH,0219,SIHUAS,021901,SIHUAS,01R1B,DIVOPUS HUARAZ,01,ANCASH,01R1,ANCASH,-8.5543449,-77.63136535
168,E,1131,5318,CPNP LOS MOLINOS,D,223551,UTM / 18 SUR / WGS84,ICA,APROBADO CON RESOLUCION DE COMANDANCIA GENERAL DE LA POLICIA NACIONAL N° 149-2020-CG  PNP/ SCG DEL 30MAY2020,11,ICA,1101,ICA,110109,SAN JOSE DE LOS MOLINOS,09R1B,DIVOPUS ICA,09,ICA,09R1,ICA,-13.932536539000001,-75.6709598
169,E,1133,5312,CPNP SANTIAGO,D,223547,UTM / 18 SUR / WGS84,ICA,APROBADO CON RESOLUCION DE COMANDANCIA GENERAL DE LA POLICIA NACIONAL N° 149-2020-CG  PNP/ SCG DEL 30MAY2020,11,ICA,1101,ICA,110111,SANTIAGO,09R1B,DIVOPUS ICA,09,ICA,09R1,ICA,-14.18416957,-75.71469225
170,G,1037,5014,CPNP NAMORA,D,223208,UTM / 17 SUR / WGS84,CAJAMARCA,APROBADO CON RESOLUCION DE COMANDANCIA GENERAL DE LA POLICIA NACIONAL N° 149-2020-CG  PNP/ SCG DEL 30MAY2020,06,CAJAMARCA,0601,CAJAMARCA,060111,NAMORA,05R1B,DIVOPUS CAJAMARCA,05,CAJAMARCA,05R1,CAJAMARCA,-7.20255144,-78.325086379
171,G,0125,1015,CPNP NINABAMBA,E,223271,UTM / 17 SUR / WGS84,CAJAMARCA,APROBADO CON RESOLUCION DE COMANDANCIA GENERAL DE LA POLICIA NACIONAL N° 149-2020-CG  PNP/ SCG DEL 30MAY2020,06,CAJAMARCA,0613,SANTA CRUZ,061306,NINABAMBA,05R1B,DIVOPUS CAJAMARCA,05,CAJAMARCA,05R1,CAJAMARCA,-6.6499801,-78.78609089
172,F,3000,0875,CPNP BOLIVAR,E,223252,UTM / 17 SUR / WGS84,CAJAMARCA,APROBADO CON RESOLUCION DE COMANDANCIA GENERAL DE LA POLICIA NACIONAL N° 149-2020-CG  PNP/ SCG DEL 30MAY2020,06,CAJAMARCA,0611,SAN MIGUEL,061102,BOLIVAR,05R1B,DIVOPUS CAJAMARCA,05,CAJAMARCA,05R1,CAJAMARCA,-6.97623962,-79.17816907
173,A,2003,7590,CPNP SATIPO,B,217925,UTM / 18 SUR / WGS84,JUNIN,APROBADO CON RESOLUCION DE COMANDANCIA GENERAL DE LA POLICIA NACIONAL N° 149-2020-CG  PNP/ SCG DEL 30MAY2020,12,JUNIN,1206,SATIPO,120601,SATIPO,10R2B,DIVOPUS CHANCHAMAYO,10,JUNIN,10R2,JUNIN,-11.2559095,-74.63845519
174,B,1111,5943,CPNP HUACAYBAMBA,D,217514,UTM / 18 SUR / WGS84,HUANUCO,APROBADO CON RESOLUCION DE COMANDANCIA GENERAL DE LA POLICIA NACIONAL N° 149-2020-CG  PNP/ SCG DEL 30MAY2020,10,HUANUCO,1004,HUACAYBAMBA,100401,HUACAYBAMBA,08R1B,DIVOPUS HUANUCO,08,HUANUCO,08R1,HUANUCO,-9.037847239,-76.95345443
175,G,0121,1018,CPNP ANDABAMBA,E,223272,UTM / 17 SUR / WGS84,CAJAMARCA,APROBADO CON RESOLUCION DE COMANDANCIA GENERAL DE LA POLICIA NACIONAL N° 149-2020-CG  PNP/ SCG DEL 30MAY2020,06,CAJAMARCA,0613,SANTA CRUZ,061302,ANDABAMBA,05R1B,DIVOPUS CAJAMARCA,05,CAJAMARCA,05R1,CAJAMARCA,-6.66332145,-78.81744255
176,D,0665,3490,CPNP WANCHAQ,A,218163,UTM / 19 SUR / WGS84,CUSCO,APROBADO CON RESOLUCION DE COMANDANCIA GENERAL DE LA POLICIA NACIONAL N° 149-2020-CG  PNP/ SCG DEL 30MAY2020,08,CUSCO,0801,CUSCO,080108,WANCHAQ,07R1B,DIVOPUS CUSCO,07,CUSCO,07R1,CUSCO,-13.532247482,-71.959571548
177,E,1195,5434,CPNP VILCABAMBA,D,223436,UTM / 18 SUR / WGS84,APURIMAC,APROBADO CON RESOLUCION DE COMANDANCIA GENERAL DE LA POLICIA NACIONAL N° 149-2020-CG  PNP/ SCG DEL 30MAY2020,03,APURIMAC,0307,GRAU,030712,VILCABAMBA,02R1B,DIVOPUS ABANCAY,02,APURIMAC,02R1,APURIMAC,-14.07839621,-72.62500789
178,F,1193,5432,CPNP MAMARA,E,223438,UTM / 18 SUR / WGS84,APURIMAC,APROBADO CON RESOLUCION DE COMANDANCIA GENERAL DE LA POLICIA NACIONAL N° 149-2020-CG  PNP/ SCG DEL 30MAY2020,03,APURIMAC,0307,GRAU,030705,MAMARA,02R1B,DIVOPUS ABANCAY,02,APURIMAC,02R1,APURIMAC,-14.22948328,-72.590430871
179,B,0284,1471,CPNP RODRIGUEZ DE MENDOZA - SAN NICOLAS,B,222018,UTM / 18 SUR / WGS84,AMAZONAS,APROBADO CON RESOLUCION DE COMANDANCIA GENERAL DE LA POLICIA NACIONAL N° 149-2020-CG  PNP/ SCG DEL 30MAY2020,01,AMAZONAS,0106,RODRIGUEZ DE MENDOZA,010601,SAN NICOLAS,19R1A,DIVOPUS AMAZONAS,19,SAN MARTIN,19R1,AMAZONAS,-6.3948417,-77.4828009
180,F,0673,3545,CPNP CACHIMAYO,E,218238,UTM / 18 SUR / WGS84,CUSCO,APROBADO CON RESOLUCION DE COMANDANCIA GENERAL DE LA POLICIA NACIONAL N° 149-2020-CG  PNP/ SCG DEL 30MAY2020,08,CUSCO,0803,ANTA,080303,CACHIMAYO,07R1B,DIVOPUS CUSCO,07,CUSCO,07R1,CUSCO,-13.47952952,-72.066069099
181,D,1127,5305,CPNP PARCONA,A,223528,UTM / 18 SUR / WGS84,ICA,APROBADO CON RESOLUCION DE COMANDANCIA GENERAL DE LA POLICIA NACIONAL N° 149-2020-CG  PNP/ SCG DEL 30MAY2020,11,ICA,1101,ICA,110106,PARCONA,09R1B,DIVOPUS ICA,09,ICA,09R1,ICA,-14.0478149,-75.70578041
182,G,0609,3018,CPNP ULCUMAYO,D,221804,UTM / 18 SUR / WGS84,JUNIN,APROBADO CON RESOLUCION DE COMANDANCIA GENERAL DE LA POLICIA NACIONAL N° 149-2020-CG  PNP/ SCG DEL 30MAY2020,12,JUNIN,1205,JUNIN,120504,ULCUMAYO,10R2A,DIVOPUS HUANCAYO,10,JUNIN,10R2,JUNIN,-10.96827614,-75.88049702
183,D,0186,1115,CPNP EL MILAGRO,B,216955,UTM / 17 SUR / WGS84,LA LIBERTAD,MODIFICACION PARCIAL DEL LIMITE. APROBADO CON RESOLUCION DE COMANDANCIA GENERAL DE LA POLICIA NACIONAL N° 348-2023-CG┬ÁPNP/EMG DEL 06SEP2023,13,LA LIBERTAD,1301,TRUJILLO,130104,HUANCHACO,11R1B,DIVPOL TRUJILLO,11,LA LIBERTAD,11R1,LA LIBERTAD,-8.02336254,-79.066440001
184,F,1128,5326,CPNP PUEBLO NUEVO,C,223543,UTM / 18 SUR / WGS84,ICA,APROBADO CON RESOLUCION DE COMANDANCIA GENERAL DE LA POLICIA NACIONAL N° 149-2020-CG  PNP/ SCG DEL 30MAY2020,11,ICA,1101,ICA,110107,PUEBLO NUEVO,09R1B,DIVOPUS ICA,09,ICA,09R1,ICA,-14.126921991,-75.70582573
185,D,0206,1206,CPNP CASA GRANDE,C,217032,UTM / 17 SUR / WGS84,LA LIBERTAD,APROBADO CON RESOLUCION DE COMANDANCIA GENERAL DE LA POLICIA NACIONAL N° 149-2020-CG  PNP/ SCG DEL 30MAY2020,13,LA LIBERTAD,1302,ASCOPE,130208,CASA GRANDE,11R1A,DIVPOL PAIJAN,11,LA LIBERTAD,11R1,LA LIBERTAD,-7.74503147,-79.1884337
186,D,0207,1233,CPNP ROMA,E,217040,UTM / 17 SUR / WGS84,LA LIBERTAD,APROBADO CON RESOLUCION DE COMANDANCIA GENERAL DE LA POLICIA NACIONAL N° 149-2020-CG  PNP/ SCG DEL 30MAY2020,13,LA LIBERTAD,1302,ASCOPE,130208,CASA GRANDE,11R1A,DIVPOL PAIJAN,11,LA LIBERTAD,11R1,LA LIBERTAD,-7.76497355,-79.146516889
187,D,0960,4802,CPNP MONTERREY,D,222131,UTM / 18 SUR / WGS84,ANCASH,APROBADO CON RESOLUCION DE COMANDANCIA GENERAL DE LA POLICIA NACIONAL N° 149-2020-CG  PNP/ SCG DEL 30MAY2020,02,ANCASH,0201,HUARAZ,020105,INDEPENDENCIA,01R1B,DIVOPUS HUARAZ,01,ANCASH,01R1,ANCASH,-9.47419344,-77.53750311
188,D,1146,5363,CPNP VISTA ALEGRE,B,223559,UTM / 18 SUR / WGS84,ICA,APROBADO CON RESOLUCION DE COMANDANCIA GENERAL DE LA POLICIA NACIONAL N° 149-2020-CG  PNP/ SCG DEL 30MAY2020,11,ICA,1103,NASCA,110305,VISTA ALEGRE,09R1B,DIVOPUS ICA,09,ICA,09R1,ICA,-14.84486157,-74.940416029
189,F,0936,4599,CPNP NU├æOA,E,219331,UTM / 19 SUR / WGS84,PUNO,APROBADO CON RESOLUCION DE COMANDANCIA GENERAL DE LA POLICIA NACIONAL N° 149-2020-CG  PNP/ SCG DEL 30MAY2020,21,PUNO,2108,MELGAR,210806,NU├æOA,18R1A,DIVOPUS JULIACA,18,PUNO,18R1,PUNO,-14.47890504,-70.63711475
190,D,1124,5324,CPNP LOS AQUIJES,C,223540,UTM / 18 SUR / WGS84,ICA,APROBADO CON RESOLUCION DE COMANDANCIA GENERAL DE LA POLICIA NACIONAL N° 149-2020-CG  PNP/ SCG DEL 30MAY2020,11,ICA,1101,ICA,110103,LOS AQUIJES,09R1B,DIVOPUS ICA,09,ICA,09R1,ICA,-14.097206991,-75.69090038
191,G,0556,3214,CPNP ACORIA,D,218063,UTM / 18 SUR / WGS84,HUANCAVELICA,APROBADO CON RESOLUCION DE COMANDANCIA GENERAL DE LA POLICIA NACIONAL N° 149-2020-CG  PNP/ SCG DEL 30MAY2020,09,HUANCAVELICA,0901,HUANCAVELICA,090103,ACORIA,10R1A,DIVOPUS HUANCAVELICA,10,JUNIN,10R1,HUANCAVELICA,-12.64264689,-74.86299704
192,D,1139,5349,CPNP GROCIO PRADO,C,225874,UTM / 18 SUR / WGS84,ICA,APROBADO CON RESOLUCION DE COMANDANCIA GENERAL DE LA POLICIA NACIONAL N° 149-2020-CG  PNP/ SCG DEL 30MAY2020,11,ICA,1102,CHINCHA,110206,GROCIO PRADO,09R1A,DIVPOL CHINCHA,09,ICA,09R1,ICA,-13.397119899,-76.15538655
193,D,0590,3010,CPNP SAN AGUSTIN DE CAJAS,C,217845,UTM / 18 SUR / WGS84,JUNIN,APROBADO CON RESOLUCION DE COMANDANCIA GENERAL DE LA POLICIA NACIONAL N° 149-2020-CG  PNP/ SCG DEL 30MAY2020,12,JUNIN,1201,HUANCAYO,120129,SAN AGUSTIN,10R2A,DIVOPUS HUANCAYO,10,JUNIN,10R2,JUNIN,-11.99167266,-75.24651894
194,F,1214,5812,CPNP PAMPAS DE HOSPITAL,C,223140,UTM / 17 SUR / WGS84,TUMBES,APROBADO CON RESOLUCION DE COMANDANCIA GENERAL DE LA POLICIA NACIONAL N° 149-2020-CG  PNP/ SCG DEL 30MAY2020,24,TUMBES,2401,TUMBES,240104,PAMPAS DE HOSPITAL,21R1A,DIVOPUS TUMBES,21,TUMBES,21R1,TUMBES,-3.692412239,-80.43880461
195,D,1106,5902,CPNP CAYHUAYNA,B,217486,UTM / 18 SUR / WGS84,HUANUCO,APROBADO CON RESOLUCION DE COMANDANCIA GENERAL DE LA POLICIA NACIONAL N° 149-2020-CG  PNP/ SCG DEL 30MAY2020,10,HUANUCO,1001,HUANUCO,100111,PILLCO MARCA,08R1B,DIVOPUS HUANUCO,08,HUANUCO,08R1,HUANUCO,-9.95361189,-76.24943276
196,D,0190,1105,CPNP MIRAMAR,C,216981,UTM / 17 SUR / WGS84,LA LIBERTAD,APROBADO CON RESOLUCION DE COMANDANCIA GENERAL DE LA POLICIA NACIONAL N° 149-2020-CG  PNP/ SCG DEL 30MAY2020,13,LA LIBERTAD,1301,TRUJILLO,130109,SALAVERRY,11R1B,DIVPOL TRUJILLO,11,LA LIBERTAD,11R1,LA LIBERTAD,-8.18080955,-78.994208
197,D,0193,1108,CPNP SALAVERRY,C,216984,UTM / 17 SUR / WGS84,LA LIBERTAD,APROBADO CON RESOLUCION DE COMANDANCIA GENERAL DE LA POLICIA NACIONAL N° 149-2020-CG  PNP/ SCG DEL 30MAY2020,13,LA LIBERTAD,1301,TRUJILLO,130109,SALAVERRY,11R1B,DIVPOL TRUJILLO,11,LA LIBERTAD,11R1,LA LIBERTAD,-8.219613,-78.978818
198,C,0431,1875,CPNP COLLIQUE,B,219731,UTM / 18 SUR / WGS84,LIMAMETRO,APROBADO CON RESOLUCION DE DIRECCION GENERAL DE LA POLICIA NACIONAL N° 276-2018-DIRGEN/SUB.DG-PNP 23JUL2018,15,LIMA,1501,LIMA,150110,COMAS,13R1E,DIVPOL NORTE 2,13,LIMA,13R1,LIMA,-11.91319644,-77.016210762
199,C,0432,1880,CPNP LA PASCANA,A,219734,UTM / 18 SUR / WGS84,LIMAMETRO,APROBADO CON RESOLUCION DE DIRECCION GENERAL DE LA POLICIA NACIONAL N° 276-2018-DIRGEN/SUB.DG-PNP 23JUL2018,15,LIMA,1501,LIMA,150110,COMAS,13R1E,DIVPOL NORTE 2,13,LIMA,13R1,LIMA,-11.934732613,-77.045874738
200,C,0433,1885,CPNP SANTA LUZMILA,A,219737,UTM / 18 SUR / WGS84,LIMAMETRO,APROBADO CON RESOLUCION DE DIRECCION GENERAL DE LA POLICIA NACIONAL N° 276-2018-DIRGEN/SUB.DG-PNP 23JUL2018,15,LIMA,1501,LIMA,150110,COMAS,13R1E,DIVPOL NORTE 2,13,LIMA,13R1,LIMA,-11.944543466,-77.066388534
201,C,0434,1890,CPNP UNIVERSITARIA,B,219740,UTM / 18 SUR / WGS84,LIMAMETRO,APROBADO CON RESOLUCION DE DIRECCION GENERAL DE LA POLICIA NACIONAL N° 276-2018-DIRGEN/SUB.DG-PNP 23JUL2018,15,LIMA,1501,LIMA,150110,COMAS,13R1E,DIVPOL NORTE 2,13,LIMA,13R1,LIMA,-11.947507307,-77.059918265
202,C,0435,1870,CPNP TUPAC AMARU,A,219728,UTM / 18 SUR / WGS84,LIMAMETRO,APROBADO CON RESOLUCION DE DIRECCION GENERAL DE LA POLICIA NACIONAL N° 276-2018-DIRGEN/SUB.DG-PNP 23JUL2018,15,LIMA,1501,LIMA,150110,COMAS,13R1E,DIVPOL NORTE 2,13,LIMA,13R1,LIMA,-11.955230176,-77.052648081
203,D,1123,5314,CPNP LA TINGUI├æA,B,223537,UTM / 18 SUR / WGS84,ICA,APROBADO CON RESOLUCION DE COMANDANCIA GENERAL DE LA POLICIA NACIONAL N° 149-2020-CG  PNP/ SCG DEL 30MAY2020,11,ICA,1101,ICA,110102,LA TINGUI├æA,09R1B,DIVOPUS ICA,09,ICA,09R1,ICA,-14.03661058,-75.71067718
204,D,0189,1128,CPNP LAREDO,B,216987,UTM / 17 SUR / WGS84,LA LIBERTAD,APROBADO CON RESOLUCION DE COMANDANCIA GENERAL DE LA POLICIA NACIONAL N° 149-2020-CG  PNP/ SCG DEL 30MAY2020,13,LA LIBERTAD,1301,TRUJILLO,130106,LAREDO,11R1B,DIVPOL TRUJILLO,11,LA LIBERTAD,11R1,LA LIBERTAD,-8.0918812,-78.9603321
205,D,0588,3004,CPNP EL TAMBO,A,217836,UTM / 18 SUR / WGS84,JUNIN,APROBADO CON RESOLUCION DE COMANDANCIA GENERAL DE LA POLICIA NACIONAL N° 149-2020-CG  PNP/ SCG DEL 30MAY2020,12,JUNIN,1201,HUANCAYO,120114,EL TAMBO,10R2A,DIVOPUS HUANCAYO,10,JUNIN,10R2,JUNIN,-12.057319591,-75.21738693
206,A,0602,7815,CPNP JAUJA,A,217870,UTM / 18 SUR / WGS84,JUNIN,APROBADO CON RESOLUCION DE COMANDANCIA GENERAL DE LA POLICIA NACIONAL N° 149-2020-CG  PNP/ SCG DEL 30MAY2020,12,JUNIN,1204,JAUJA,120401,JAUJA,10R2A,DIVOPUS HUANCAYO,10,JUNIN,10R2,JUNIN,-11.777966929,-75.4970804
207,C,0497,1970,CPNP MARANGA,A,219834,UTM / 18 SUR / WGS84,LIMAMETRO,APROBADO CON RESOLUCION DE DIRECCION GENERAL DE LA POLICIA NACIONAL N° 276-2018-DIRGEN/SUB.DG-PNP 23JUL2018,15,LIMA,1501,LIMA,150136,SAN MIGUEL,13R1H,DIVPOL OESTE,13,LIMA,13R1,LIMA,-12.069705098,-77.092802414
208,C,0498,1965,CPNP SAN MIGUEL,B,219831,UTM / 18 SUR / WGS84,LIMAMETRO,APROBADO CON RESOLUCION DE DIRECCION GENERAL DE LA POLICIA NACIONAL N° 276-2018-DIRGEN/SUB.DG-PNP 23JUL2018,15,LIMA,1501,LIMA,150136,SAN MIGUEL,13R1H,DIVPOL OESTE,13,LIMA,13R1,LIMA,-12.08952602,-77.087868591
209,D,0660,3495,CPNP SAN SEBASTIAN,B,218166,UTM / 19 SUR / WGS84,CUSCO,APROBADO CON RESOLUCION DE COMANDANCIA GENERAL DE LA POLICIA NACIONAL N° 149-2020-CG  PNP/ SCG DEL 30MAY2020,08,CUSCO,0801,CUSCO,080105,SAN SEBASTIAN,07R1B,DIVOPUS CUSCO,07,CUSCO,07R1,CUSCO,-13.532115079,-71.926328299
210,C,0446,1955,CPNP JESUS MARIA,A,219825,UTM / 18 SUR / WGS84,LIMAMETRO,APROBADO CON RESOLUCION DE DIRECCION GENERAL DE LA POLICIA NACIONAL N° 276-2018-DIRGEN/SUB.DG-PNP 23JUL2018,15,LIMA,1501,LIMA,150113,JESUS MARIA,13R1H,DIVPOL OESTE,13,LIMA,13R1,LIMA,-12.070948037,-77.047637399
211,D,1140,5343,CPNP PUEBLO NUEVO,B,225868,UTM / 18 SUR / WGS84,ICA,APROBADO CON RESOLUCION DE COMANDANCIA GENERAL DE LA POLICIA NACIONAL N° 149-2020-CG  PNP/ SCG DEL 30MAY2020,11,ICA,1102,CHINCHA,110207,PUEBLO NUEVO,09R1A,DIVPOL CHINCHA,09,ICA,09R1,ICA,-13.39557221,-76.134381589
212,D,0227,1189,CPNP GUADALUPE,B,217055,UTM / 17 SUR / WGS84,LA LIBERTAD,APROBADO CON RESOLUCION DE COMANDANCIA GENERAL DE LA POLICIA NACIONAL N° 149-2020-CG  PNP/ SCG DEL 30MAY2020,13,LA LIBERTAD,1307,PACASMAYO,130702,GUADALUPE,11R1A,DIVPOL PAIJAN,11,LA LIBERTAD,11R1,LA LIBERTAD,-7.247908999,-79.47643877
213,D,0228,1192,CPNP CIUDAD DE DIOS,C,217058,UTM / 17 SUR / WGS84,LA LIBERTAD,APROBADO CON RESOLUCION DE COMANDANCIA GENERAL DE LA POLICIA NACIONAL N° 149-2020-CG  PNP/ SCG DEL 30MAY2020,13,LA LIBERTAD,1307,PACASMAYO,130702,GUADALUPE,11R1A,DIVPOL PAIJAN,11,LA LIBERTAD,11R1,LA LIBERTAD,-7.30376549,-79.48014159
214,D,0181,1114,CPNP BELLAVISTA,B,216958,UTM / 17 SUR / WGS84,LA LIBERTAD,APROBADO CON RESOLUCION DE COMANDANCIA GENERAL DE LA POLICIA NACIONAL N° 149-2020-CG  PNP/ SCG DEL 30MAY2020,13,LA LIBERTAD,1301,TRUJILLO,130105,LA ESPERANZA,11R1B,DIVPOL TRUJILLO,11,LA LIBERTAD,11R1,LA LIBERTAD,-8.08396602,-79.04009837
215,D,0188,1113,CPNP JERUSALEN WICHANZAO,A,216964,UTM / 17 SUR / WGS84,LA LIBERTAD,APROBADO CON RESOLUCION DE COMANDANCIA GENERAL DE LA POLICIA NACIONAL N° 149-2020-CG  PNP/ SCG DEL 30MAY2020,13,LA LIBERTAD,1301,TRUJILLO,130105,LA ESPERANZA,11R1B,DIVPOL TRUJILLO,11,LA LIBERTAD,11R1,LA LIBERTAD,-8.056816924,-79.053828448
216,D,1226,5822,CPNP AGUAS VERDES,B,223147,UTM / 17 SUR / WGS84,TUMBES,APROBADO CON RESOLUCION DE COMANDANCIA GENERAL DE LA POLICIA NACIONAL N° 149-2020-CG  PNP/ SCG DEL 30MAY2020,24,TUMBES,2403,ZARUMILLA,240302,AGUAS VERDES,21R1A,DIVOPUS TUMBES,21,TUMBES,21R1,TUMBES,-3.48163888,-80.24538241
217,B,0979,4880,CPNP CORONGO,E,222177,UTM / 18 SUR / WGS84,ANCASH,APROBADO CON RESOLUCION DE COMANDANCIA GENERAL DE LA POLICIA NACIONAL N° 149-2020-CG  PNP/ SCG DEL 30MAY2020,02,ANCASH,0209,CORONGO,020901,CORONGO,01R1B,DIVOPUS HUARAZ,01,ANCASH,01R1,ANCASH,-8.57050324,-77.89820492
218,G,1223,5834,CPNP CASITAS - CA├æAVERAL,D,223166,UTM / 17 SUR / WGS84,TUMBES,APROBADO CON RESOLUCION DE COMANDANCIA GENERAL DE LA POLICIA NACIONAL N° 149-2020-CG  PNP/ SCG DEL 30MAY2020,24,TUMBES,2402,CONTRALMIRANTE VILLAR,240202,CASITAS,21R1A,DIVOPUS TUMBES,21,TUMBES,21R1,TUMBES,-3.94231603,-80.65114101
219,D,0338,3352,CPNP CARMEN ALTO,B,218519,UTM / 18 SUR / WGS84,AYACUCHO,APROBADO CON RESOLUCION DE COMANDANCIA GENERAL DE LA POLICIA NACIONAL N° 149-2020-CG  PNP/ SCG DEL 30MAY2020,05,AYACUCHO,0501,HUAMANGA,050104,CARMEN ALTO,04R1A,DIVOPUS AYACUCHO,04,AYACUCHO,04R1,AYACUCHO,-13.17693848,-74.22136675
220,D,0000,8394,CPNP SAN MIGUEL,B,226574,UTM / 19 SUR / WGS84,PUNO,MODIFICACION PARCIAL DEL LIMITE. APROBADO CON RESOLUCION DE COMANDANCIA GENERAL DE LA POLICIA NACIONAL N° 348-2023-CG┬ÁPNP/EMG DEL 06SEP2023,21,PUNO,2111,SAN ROMAN,211105,SAN MIGUEL,18R1A,DIVOPUS JULIACA,18,PUNO,18R1,PUNO,-15.469987188,-70.119828401
221,C,0442,1855,CPNP INDEPENDENCIA,A,219719,UTM / 18 SUR / WGS84,LIMAMETRO,APROBADO CON RESOLUCION DE DIRECCION GENERAL DE LA POLICIA NACIONAL N° 276-2018-DIRGEN/SUB.DG-PNP 23JUL2018,15,LIMA,1501,LIMA,150112,INDEPENDENCIA,13R1E,DIVPOL NORTE 2,13,LIMA,13R1,LIMA,-11.996222001,-77.054767
222,C,0443,1860,CPNP PAYET,B,219722,UTM / 18 SUR / WGS84,LIMAMETRO,APROBADO CON RESOLUCION DE DIRECCION GENERAL DE LA POLICIA NACIONAL N° 276-2018-DIRGEN/SUB.DG-PNP 23JUL2018,15,LIMA,1501,LIMA,150112,INDEPENDENCIA,13R1E,DIVPOL NORTE 2,13,LIMA,13R1,LIMA,-11.971942103,-77.043750617
223,C,0444,1865,CPNP TAHUANTINSUYO,B,219725,UTM / 18 SUR / WGS84,LIMAMETRO,APROBADO CON RESOLUCION DE DIRECCION GENERAL DE LA POLICIA NACIONAL N° 276-2018-DIRGEN/SUB.DG-PNP 23JUL2018,15,LIMA,1501,LIMA,150112,INDEPENDENCIA,13R1E,DIVPOL NORTE 2,13,LIMA,13R1,LIMA,-11.98045559,-77.04887443
224,A,0650,3480,CPNP TAHUANTINSUYO,B,218160,UTM / 19 SUR / WGS84,CUSCO,APROBADO CON RESOLUCION DE COMANDANCIA GENERAL DE LA POLICIA NACIONAL N° 149-2020-CG  PNP/ SCG DEL 30MAY2020,08,CUSCO,0801,CUSCO,080101,CUSCO,07R1B,DIVOPUS CUSCO,07,CUSCO,07R1,CUSCO,-13.51903235,-71.95920657
225,A,0651,3475,CPNP CUSCO,A,218151,UTM / 19 SUR / WGS84,CUSCO,APROBADO CON RESOLUCION DE COMANDANCIA GENERAL DE LA POLICIA NACIONAL N° 149-2020-CG  PNP/ SCG DEL 30MAY2020,08,CUSCO,0801,CUSCO,080101,CUSCO,07R1B,DIVOPUS CUSCO,07,CUSCO,07R1,CUSCO,-13.51473366,-71.98148224
226,A,0656,3484,CPNP INDEPENDENCIA,C,218178,UTM / 19 SUR / WGS84,CUSCO,APROBADO CON RESOLUCION DE COMANDANCIA GENERAL DE LA POLICIA NACIONAL N° 149-2020-CG  PNP/ SCG DEL 30MAY2020,08,CUSCO,0801,CUSCO,080101,CUSCO,07R1B,DIVOPUS CUSCO,07,CUSCO,07R1,CUSCO,-13.52405644,-71.99174369
227,A,1316,3486,CPNP SIPASPUCYO,C,218154,UTM / 19 SUR / WGS84,CUSCO,APROBADO CON RESOLUCION DE COMANDANCIA GENERAL DE LA POLICIA NACIONAL N° 149-2020-CG  PNP/ SCG DEL 30MAY2020,08,CUSCO,0801,CUSCO,080101,CUSCO,07R1B,DIVOPUS CUSCO,07,CUSCO,07R1,CUSCO,-13.521501159,-71.98794245
228,A,0177,1085,CPNP AYACUCHO,A,216943,UTM / 17 SUR / WGS84,LA LIBERTAD,APROBADO CON RESOLUCION DE COMANDANCIA GENERAL DE LA POLICIA NACIONAL N° 149-2020-CG  PNP/ SCG DEL 30MAY2020,13,LA LIBERTAD,1301,TRUJILLO,130101,TRUJILLO,11R1B,DIVPOL TRUJILLO,11,LA LIBERTAD,11R1,LA LIBERTAD,-8.114033001,-79.026365001
229,A,0178,1082,CPNP LA NORIA,A,216940,UTM / 17 SUR / WGS84,LA LIBERTAD,MODIFICACION PARCIAL DEL LIMITE. APROBADO CON RESOLUCION DE COMANDANCIA GENERAL DE LA POLICIA NACIONAL N° 348-2023-CG┬ÁPNP/EMG DEL 06SEP2023,13,LA LIBERTAD,1301,TRUJILLO,130101,TRUJILLO,11R1B,DIVPOL TRUJILLO,11,LA LIBERTAD,11R1,LA LIBERTAD,-8.103519081,-79.01033735
230,A,0180,1088,CPNP EL ALAMBRE,A,216946,UTM / 17 SUR / WGS84,LA LIBERTAD,APROBADO CON RESOLUCION DE COMANDANCIA GENERAL DE LA POLICIA NACIONAL N° 149-2020-CG  PNP/ SCG DEL 30MAY2020,13,LA LIBERTAD,1301,TRUJILLO,130101,TRUJILLO,11R1B,DIVPOL TRUJILLO,11,LA LIBERTAD,11R1,LA LIBERTAD,-8.107207819,-79.03946916
231,A,0910,4600,CPNP AZANGARO,A,219341,UTM / 19 SUR / WGS84,PUNO,APROBADO CON RESOLUCION DE COMANDANCIA GENERAL DE LA POLICIA NACIONAL N° 149-2020-CG  PNP/ SCG DEL 30MAY2020,21,PUNO,2102,AZANGARO,210201,AZANGARO,18R1A,DIVOPUS JULIACA,18,PUNO,18R1,PUNO,-14.90959689,-70.19648358
232,C,0460,2304,CPNP LURIN,A,220192,UTM / 18 SUR / WGS84,LIMAMETRO,MODIFICACION PARCIAL DEL LIMITE. APROBADO CON RESOLUCION DE COMANDANCIA GENERAL DE LA POLICIA NACIONAL N° 348-2023-CG┬ÁPNP/EMG DEL 06SEP2023,15,LIMA,1501,LIMA,150119,LURIN,13R1O,DIVPOL SUR 3,13,LIMA,13R1,LIMA,-12.273635478,-76.869276183
233,A,1099,5900,CPNP HUANUCO,A,217480,UTM / 18 SUR / WGS84,HUANUCO,APROBADO CON RESOLUCION DE COMANDANCIA GENERAL DE LA POLICIA NACIONAL N° 149-2020-CG  PNP/ SCG DEL 30MAY2020,10,HUANUCO,1001,HUANUCO,100101,HUANUCO,08R1B,DIVOPUS HUANUCO,08,HUANUCO,08R1,HUANUCO,-9.926244509,-76.23943044
234,C,0480,2105,CPNP BAYOVAR,B,219976,UTM / 18 SUR / WGS84,LIMAMETRO,APROBADO CON RESOLUCION DE DIRECCION GENERAL DE LA POLICIA NACIONAL N° 276-2018-DIRGEN/SUB.DG-PNP 23JUL2018,15,LIMA,1501,LIMA,150132,SAN JUAN DE LURIGANCHO,13R1K,DIVPOL ESTE 1,13,LIMA,13R1,LIMA,-11.952227043,-76.991711129
235,C,0481,2075,CPNP CAJA DE AGUA,B,219958,UTM / 18 SUR / WGS84,LIMAMETRO,APROBADO CON RESOLUCION DE DIRECCION GENERAL DE LA POLICIA NACIONAL N° 276-2018-DIRGEN/SUB.DG-PNP 23JUL2018,15,LIMA,1501,LIMA,150132,SAN JUAN DE LURIGANCHO,13R1K,DIVPOL ESTE 1,13,LIMA,13R1,LIMA,-12.025977591,-77.015708244
236,C,0482,2090,CPNP CANTO REY,B,219967,UTM / 18 SUR / WGS84,LIMAMETRO,APROBADO CON RESOLUCION DE DIRECCION GENERAL DE LA POLICIA NACIONAL N° 276-2018-DIRGEN/SUB.DG-PNP 23JUL2018,15,LIMA,1501,LIMA,150132,SAN JUAN DE LURIGANCHO,13R1K,DIVPOL ESTE 1,13,LIMA,13R1,LIMA,-11.975382465,-76.996051028
237,C,0483,2095,CPNP 10 DE OCTUBRE,B,219970,UTM / 18 SUR / WGS84,LIMAMETRO,APROBADO CON RESOLUCION DE DIRECCION GENERAL DE LA POLICIA NACIONAL N° 276-2018-DIRGEN/SUB.DG-PNP 23JUL2018,15,LIMA,1501,LIMA,150132,SAN JUAN DE LURIGANCHO,13R1K,DIVPOL ESTE 1,13,LIMA,13R1,LIMA,-11.944620706,-76.988442022
238,C,0484,2080,CPNP LA HUAYRONA,B,219961,UTM / 18 SUR / WGS84,LIMAMETRO,APROBADO CON RESOLUCION DE DIRECCION GENERAL DE LA POLICIA NACIONAL N° 276-2018-DIRGEN/SUB.DG-PNP 23JUL2018,15,LIMA,1501,LIMA,150132,SAN JUAN DE LURIGANCHO,13R1K,DIVPOL ESTE 1,13,LIMA,13R1,LIMA,-11.99419966,-77.006942871
239,C,0485,2100,CPNP MARISCAL CACERES,B,219973,UTM / 18 SUR / WGS84,LIMAMETRO,APROBADO CON RESOLUCION DE DIRECCION GENERAL DE LA POLICIA NACIONAL N° 276-2018-DIRGEN/SUB.DG-PNP 23JUL2018,15,LIMA,1501,LIMA,150132,SAN JUAN DE LURIGANCHO,13R1K,DIVPOL ESTE 1,13,LIMA,13R1,LIMA,-11.949195073,-76.981017003
240,C,0486,2085,CPNP SANTA ELIZABETH,B,219964,UTM / 18 SUR / WGS84,LIMAMETRO,APROBADO CON RESOLUCION DE DIRECCION GENERAL DE LA POLICIA NACIONAL N° 276-2018-DIRGEN/SUB.DG-PNP 23JUL2018,15,LIMA,1501,LIMA,150132,SAN JUAN DE LURIGANCHO,13R1K,DIVPOL ESTE 1,13,LIMA,13R1,LIMA,-11.983831428,-77.015040799
241,C,0487,2070,CPNP ZARATE,A,219955,UTM / 18 SUR / WGS84,LIMAMETRO,APROBADO CON RESOLUCION DE DIRECCION GENERAL DE LA POLICIA NACIONAL N° 276-2018-DIRGEN/SUB.DG-PNP 23JUL2018,15,LIMA,1501,LIMA,150132,SAN JUAN DE LURIGANCHO,13R1K,DIVPOL ESTE 1,13,LIMA,13R1,LIMA,-12.027035423,-77.001272514
242,C,8102,7650,CPNP SAN ANTONIO DE JICAMARCA,B,219985,UTM / 18 SUR / WGS84,PROVINCIA,APROBADO CON RESOLUCION DE DIRECCION GENERAL DE LA POLICIA NACIONAL N° 276-2018-DIRGEN/SUB.DG-PNP 23JUL2018,15,LIMA,1501,LIMA,150132,SAN JUAN DE LURIGANCHO,13R1K,DIVPOL ESTE 1,13,LIMA,13R1,LIMA,-11.925507735,-76.961609569
243,A,0253,1410,CPNP CHACHAPOYAS,A,222006,UTM / 18 SUR / WGS84,AMAZONAS,APROBADO CON RESOLUCION DE COMANDANCIA GENERAL DE LA POLICIA NACIONAL N° 149-2020-CG  PNP/ SCG DEL 30MAY2020,01,AMAZONAS,0101,CHACHAPOYAS,010101,CHACHAPOYAS,19R1A,DIVOPUS AMAZONAS,19,SAN MARTIN,19R1,AMAZONAS,-6.229830655,-77.874887647
244,A,0263,1515,CPNP BAGUA,B,222044,UTM / 17 SUR / WGS84,AMAZONAS,APROBADO CON RESOLUCION DE COMANDANCIA GENERAL DE LA POLICIA NACIONAL N° 149-2020-CG  PNP/ SCG DEL 30MAY2020,01,AMAZONAS,0102,BAGUA,010201,BAGUA,19R1A,DIVOPUS AMAZONAS,19,SAN MARTIN,19R1,AMAZONAS,-5.638887486,-78.530979402
245,A,0616,7825,CPNP CHUPACA,A,217891,UTM / 18 SUR / WGS84,JUNIN,APROBADO CON RESOLUCION DE COMANDANCIA GENERAL DE LA POLICIA NACIONAL N° 149-2020-CG  PNP/ SCG DEL 30MAY2020,12,JUNIN,1209,CHUPACA,120901,CHUPACA,10R2A,DIVOPUS HUANCAYO,10,JUNIN,10R2,JUNIN,-12.06007486,-75.28797107
246,A,0614,7820,CPNP YAULI - LA OROYA,A,217885,UTM / 18 SUR / WGS84,JUNIN,APROBADO CON RESOLUCION DE COMANDANCIA GENERAL DE LA POLICIA NACIONAL N° 149-2020-CG  PNP/ SCG DEL 30MAY2020,12,JUNIN,1208,YAULI,120801,LA OROYA,10R2A,DIVOPUS HUANCAYO,10,JUNIN,10R2,JUNIN,-11.52247353,-75.909087029
247,A,0610,7830,CPNP TARMA,A,217919,UTM / 18 SUR / WGS84,JUNIN,APROBADO CON RESOLUCION DE COMANDANCIA GENERAL DE LA POLICIA NACIONAL N° 149-2020-CG  PNP/ SCG DEL 30MAY2020,12,JUNIN,1207,TARMA,120701,TARMA,10R2B,DIVOPUS CHANCHAMAYO,10,JUNIN,10R2,JUNIN,-11.41895617,-75.6868751
248,C,0478,2185,CPNP ORRANTIA DEL MAR,B,220069,UTM / 18 SUR / WGS84,LIMAMETRO,APROBADO CON RESOLUCION DE DIRECCION GENERAL DE LA POLICIA NACIONAL N° 276-2018-DIRGEN/SUB.DG-PNP 23JUL2018,15,LIMA,1501,LIMA,150131,SAN ISIDRO,13R1I,DIVPOL SUR 1,13,LIMA,13R1,LIMA,-12.104494555,-77.057185962
249,C,0479,2217,CPNP SAN ISIDRO,A,220066,UTM / 18 SUR / WGS84,LIMAMETRO,APROBADO CON RESOLUCION DE DIRECCION GENERAL DE LA POLICIA NACIONAL N° 276-2018-DIRGEN/SUB.DG-PNP 23JUL2018,15,LIMA,1501,LIMA,150131,SAN ISIDRO,13R1I,DIVPOL SUR 1,13,LIMA,13R1,LIMA,-12.094973609,-77.032318951
250,C,0503,2210,CPNP MONTERRICO,B,220084,UTM / 18 SUR / WGS84,LIMAMETRO,APROBADO CON RESOLUCION DE DIRECCION GENERAL DE LA POLICIA NACIONAL N° 276-2018-DIRGEN/SUB.DG-PNP 23JUL2018,15,LIMA,1501,LIMA,150140,SANTIAGO DE SURCO,13R1I,DIVPOL SUR 1,13,LIMA,13R1,LIMA,-12.094801432,-76.973487282
251,C,0504,2205,CPNP SURCO,A,220081,UTM / 18 SUR / WGS84,LIMAMETRO,APROBADO CON RESOLUCION DE DIRECCION GENERAL DE LA POLICIA NACIONAL N° 276-2018-DIRGEN/SUB.DG-PNP 23JUL2018,15,LIMA,1501,LIMA,150140,SANTIAGO DE SURCO,13R1I,DIVPOL SUR 1,13,LIMA,13R1,LIMA,-12.145322706,-77.003033381
252,C,3002,2212,CPNP SAGITARIO,B,220087,UTM / 18 SUR / WGS84,LIMAMETRO,APROBADO CON RESOLUCION DE DIRECCION GENERAL DE LA POLICIA NACIONAL N° 276-2018-DIRGEN/SUB.DG-PNP 23JUL2018,15,LIMA,1501,LIMA,150140,SANTIAGO DE SURCO,13R1I,DIVPOL SUR 1,13,LIMA,13R1,LIMA,-12.164858851,-76.996738694
253,C,0488,2245,CPNP LADERAS DE VILLA,B,220130,UTM / 18 SUR / WGS84,LIMAMETRO,APROBADO CON RESOLUCION DE DIRECCION GENERAL DE LA POLICIA NACIONAL N° 276-2018-DIRGEN/SUB.DG-PNP 23JUL2018,15,LIMA,1501,LIMA,150133,SAN JUAN DE MIRAFLORES,13R1N,DIVPOL SUR 2,13,LIMA,13R1,LIMA,-12.190670311,-76.957577097
254,C,0489,2260,CPNP PAMPLONA II,B,220139,UTM / 18 SUR / WGS84,LIMAMETRO,APROBADO CON RESOLUCION DE DIRECCION GENERAL DE LA POLICIA NACIONAL N° 276-2018-DIRGEN/SUB.DG-PNP 23JUL2018,15,LIMA,1501,LIMA,150133,SAN JUAN DE MIRAFLORES,13R1N,DIVPOL SUR 2,13,LIMA,13R1,LIMA,-12.131025643,-76.957890127
255,C,0490,2255,CPNP PAMPLONA I,B,220136,UTM / 18 SUR / WGS84,LIMAMETRO,APROBADO CON RESOLUCION DE DIRECCION GENERAL DE LA POLICIA NACIONAL N° 276-2018-DIRGEN/SUB.DG-PNP 23JUL2018,15,LIMA,1501,LIMA,150133,SAN JUAN DE MIRAFLORES,13R1N,DIVPOL SUR 2,13,LIMA,13R1,LIMA,-12.148119095,-76.966071996
256,C,0491,2250,CPNP SAN JUAN DE MIRAFLORES,A,220133,UTM / 18 SUR / WGS84,LIMAMETRO,APROBADO CON RESOLUCION DE DIRECCION GENERAL DE LA POLICIA NACIONAL N° 276-2018-DIRGEN/SUB.DG-PNP 23JUL2018,15,LIMA,1501,LIMA,150133,SAN JUAN DE MIRAFLORES,13R1N,DIVPOL SUR 2,13,LIMA,13R1,LIMA,-12.157939781,-76.97533512
257,A,1135,5355,CPNP CHINCHA,A,225865,UTM / 18 SUR / WGS84,ICA,APROBADO CON RESOLUCION DE COMANDANCIA GENERAL DE LA POLICIA NACIONAL N° 149-2020-CG  PNP/ SCG DEL 30MAY2020,11,ICA,1102,CHINCHA,110201,CHINCHA ALTA,09R1A,DIVPOL CHINCHA,09,ICA,09R1,ICA,-13.416936429,-76.132786155
258,A,1225,5820,CPNP ZARUMILLA,A,223144,UTM / 17 SUR / WGS84,TUMBES,APROBADO CON RESOLUCION DE COMANDANCIA GENERAL DE LA POLICIA NACIONAL N° 149-2020-CG  PNP/ SCG DEL 30MAY2020,24,TUMBES,2403,ZARUMILLA,240301,ZARUMILLA,21R1A,DIVOPUS TUMBES,21,TUMBES,21R1,TUMBES,-3.50168003,-80.275965029
259,C,0500,2314,CPNP SANTA MARIA DEL MAR,C,220207,UTM / 18 SUR / WGS84,LIMAMETRO,APROBADO CON RESOLUCION DE DIRECCION GENERAL DE LA POLICIA NACIONAL N° 276-2018-DIRGEN/SUB.DG-PNP 23JUL2018,15,LIMA,1501,LIMA,150138,SANTA MARIA DEL MAR,13R1O,DIVPOL SUR 3,13,LIMA,13R1,LIMA,-12.399730813,-76.77306894
260,C,0420,2225,CPNP BARRANCO,A,220151,UTM / 18 SUR / WGS84,LIMAMETRO,APROBADO CON RESOLUCION DE DIRECCION GENERAL DE LA POLICIA NACIONAL N° 276-2018-DIRGEN/SUB.DG-PNP 23JUL2018,15,LIMA,1501,LIMA,150104,BARRANCO,13R1N,DIVPOL SUR 2,13,LIMA,13R1,LIMA,-12.146253751,-77.022666804
261,C,0445,1856,CPNP LA UNIFICADA,C,219716,UTM / 18 SUR / WGS84,LIMAMETRO,APROBADO CON RESOLUCION DE DIRECCION GENERAL DE LA POLICIA NACIONAL N° 276-2018-DIRGEN/SUB.DG-PNP 23JUL2018,15,LIMA,1501,LIMA,150128,RIMAC,13R1E,DIVPOL NORTE 2,13,LIMA,13R1,LIMA,-12.013691323,-77.049201299999993
262,A,1121,5300,CPNP ICA,A,223525,UTM / 18 SUR / WGS84,ICA,APROBADO CON RESOLUCION DE COMANDANCIA GENERAL DE LA POLICIA NACIONAL N° 149-2020-CG  PNP/ SCG DEL 30MAY2020,11,ICA,1101,ICA,110101,ICA,09R1B,DIVOPUS ICA,09,ICA,09R1,ICA,-14.069878043,-75.732771744
263,C,0458,2309,CPNP VILLA ALEJANDRO,B,220195,UTM / 18 SUR / WGS84,LIMAMETRO,APROBADO CON RESOLUCION DE DIRECCION GENERAL DE LA POLICIA NACIONAL N° 276-2018-DIRGEN/SUB.DG-PNP 23JUL2018,15,LIMA,1501,LIMA,150143,VILLA MARIA DEL TRIUNFO,13R1O,DIVPOL SUR 3,13,LIMA,13R1,LIMA,-12.234034942,-76.907544663
264,C,0459,2300,CPNP SAN FRANCISCO TABLADA DE LURIN,B,220186,UTM / 18 SUR / WGS84,LIMAMETRO,MODIFICACION PARCIAL DEL LIMITE. APROBADO CON RESOLUCION DE COMANDANCIA GENERAL DE LA POLICIA NACIONAL N° 348-2023-CG┬ÁPNP/EMG DEL 06SEP2023,15,LIMA,1501,LIMA,150143,VILLA MARIA DEL TRIUNFO,13R1O,DIVPOL SUR 3,13,LIMA,13R1,LIMA,-12.200025401,-76.928082094
265,C,0508,2285,CPNP JOSE CARLOS MARIATEGUI,B,220177,UTM / 18 SUR / WGS84,LIMAMETRO,APROBADO CON RESOLUCION DE DIRECCION GENERAL DE LA POLICIA NACIONAL N° 276-2018-DIRGEN/SUB.DG-PNP 23JUL2018,15,LIMA,1501,LIMA,150143,VILLA MARIA DEL TRIUNFO,13R1O,DIVPOL SUR 3,13,LIMA,13R1,LIMA,-12.149501925,-76.950309334
266,C,0509,2290,CPNP JOSE GALVEZ,B,220180,UTM / 18 SUR / WGS84,LIMAMETRO,MODIFICACION PARCIAL DEL LIMITE. APROBADO CON RESOLUCION DE COMANDANCIA GENERAL DE LA POLICIA NACIONAL N° 348-2023-CG┬ÁPNP/EMG DEL 06SEP2023,15,LIMA,1501,LIMA,150143,VILLA MARIA DEL TRIUNFO,13R1O,DIVPOL SUR 3,13,LIMA,13R1,LIMA,-12.207710265,-76.906431855
267,C,0510,2295,CPNP NUEVA ESPERANZA,B,220183,UTM / 18 SUR / WGS84,LIMAMETRO,APROBADO CON RESOLUCION DE DIRECCION GENERAL DE LA POLICIA NACIONAL N° 276-2018-DIRGEN/SUB.DG-PNP 23JUL2018,15,LIMA,1501,LIMA,150143,VILLA MARIA DEL TRIUNFO,13R1O,DIVPOL SUR 3,13,LIMA,13R1,LIMA,-12.166580725,-76.920697695
268,C,0511,2280,CPNP VILLA MARIA DEL TRIUNFO,A,220174,UTM / 18 SUR / WGS84,LIMAMETRO,APROBADO CON RESOLUCION DE DIRECCION GENERAL DE LA POLICIA NACIONAL N° 276-2018-DIRGEN/SUB.DG-PNP 23JUL2018,15,LIMA,1501,LIMA,150143,VILLA MARIA DEL TRIUNFO,13R1O,DIVPOL SUR 3,13,LIMA,13R1,LIMA,-12.165781808,-76.947715385
269,A,1156,5489,CPNP ABANCAY,A,223401,UTM / 18 SUR / WGS84,APURIMAC,APROBADO CON RESOLUCION DE COMANDANCIA GENERAL DE LA POLICIA NACIONAL N° 149-2020-CG  PNP/ SCG DEL 30MAY2020,03,APURIMAC,0301,ABANCAY,030101,ABANCAY,02R1B,DIVOPUS ABANCAY,02,APURIMAC,02R1,APURIMAC,-13.636657552,-72.87780762
270,A,1157,5404,CPNP BELLAVISTA,B,223424,UTM / 18 SUR / WGS84,APURIMAC,APROBADO CON RESOLUCION DE COMANDANCIA GENERAL DE LA POLICIA NACIONAL N° 149-2020-CG  PNP/ SCG DEL 30MAY2020,03,APURIMAC,0301,ABANCAY,030101,ABANCAY,02R1B,DIVOPUS ABANCAY,02,APURIMAC,02R1,APURIMAC,-13.63703366,-72.89771985
271,A,1158,5411,CPNP VILLA AMPAY,C,223427,UTM / 18 SUR / WGS84,APURIMAC,APROBADO CON RESOLUCION DE COMANDANCIA GENERAL DE LA POLICIA NACIONAL N° 149-2020-CG  PNP/ SCG DEL 30MAY2020,03,APURIMAC,0301,ABANCAY,030101,ABANCAY,02R1B,DIVOPUS ABANCAY,02,APURIMAC,02R1,APURIMAC,-13.63176758,-72.88475977
272,C,0463,2215,CPNP MIRAFLORES,A,220090,UTM / 18 SUR / WGS84,LIMAMETRO,APROBADO CON RESOLUCION DE DIRECCION GENERAL DE LA POLICIA NACIONAL N° 276-2018-DIRGEN/SUB.DG-PNP 23JUL2018,15,LIMA,1501,LIMA,150122,MIRAFLORES,13R1I,DIVPOL SUR 1,13,LIMA,13R1,LIMA,-12.11465076,-77.028120176
273,C,0467,2316,CPNP PUCUSANA,B,220210,UTM / 18 SUR / WGS84,LIMAMETRO,APROBADO CON RESOLUCION DE DIRECCION GENERAL DE LA POLICIA NACIONAL N° 276-2018-DIRGEN/SUB.DG-PNP 23JUL2018,15,LIMA,1501,LIMA,150124,PUCUSANA,13R1O,DIVPOL SUR 3,13,LIMA,13R1,LIMA,-12.482700842,-76.796443501
274,C,0472,2310,CPNP PUNTA NEGRA,B,220201,UTM / 18 SUR / WGS84,LIMAMETRO,APROBADO CON RESOLUCION DE DIRECCION GENERAL DE LA POLICIA NACIONAL N° 276-2018-DIRGEN/SUB.DG-PNP 23JUL2018,15,LIMA,1501,LIMA,150127,PUNTA NEGRA,13R1O,DIVPOL SUR 3,13,LIMA,13R1,LIMA,-12.364128119,-76.795695768
275,C,0506,2275,CPNP URBANIZACION PACHACAMAC,B,220148,UTM / 18 SUR / WGS84,LIMAMETRO,MODIFICACION PARCIAL DEL LIMITE. APROBADO CON RESOLUCION DE COMANDANCIA GENERAL DE LA POLICIA NACIONAL N° 348-2023-CG┬ÁPNP/EMG DEL 06SEP2023,15,LIMA,1501,LIMA,150142,VILLA EL SALVADOR,13R1N,DIVPOL SUR 2,13,LIMA,13R1,LIMA,-12.230144984,-76.923068497
276,C,0507,2270,CPNP VILLA EL SALVADOR,A,220145,UTM / 18 SUR / WGS84,LIMAMETRO,MODIFICACION PARCIAL DEL LIMITE. APROBADO CON RESOLUCION DE COMANDANCIA GENERAL DE LA POLICIA NACIONAL N° 348-2023-CG┬ÁPNP/EMG DEL 06SEP2023,15,LIMA,1501,LIMA,150142,VILLA EL SALVADOR,13R1N,DIVPOL SUR 2,13,LIMA,13R1,LIMA,-12.213158849,-76.937662093
277,C,0471,2308,CPNP PUNTA HERMOSA,B,220198,UTM / 18 SUR / WGS84,LIMAMETRO,APROBADO CON RESOLUCION DE DIRECCION GENERAL DE LA POLICIA NACIONAL N° 276-2018-DIRGEN/SUB.DG-PNP 23JUL2018,15,LIMA,1501,LIMA,150126,PUNTA HERMOSA,13R1O,DIVPOL SUR 3,13,LIMA,13R1,LIMA,-12.312295598,-76.837151328
278,C,0476,2312,CPNP SAN BARTOLO,B,220204,UTM / 18 SUR / WGS84,LIMAMETRO,APROBADO CON RESOLUCION DE DIRECCION GENERAL DE LA POLICIA NACIONAL N° 276-2018-DIRGEN/SUB.DG-PNP 23JUL2018,15,LIMA,1501,LIMA,150129,SAN BARTOLO,13R1O,DIVPOL SUR 3,13,LIMA,13R1,LIMA,-12.387478389,-76.777513667
279,G,0703,3657,CPNP YAURISQUE,D,218255,UTM / 19 SUR / WGS84,CUSCO,APROBADO CON RESOLUCION DE COMANDANCIA GENERAL DE LA POLICIA NACIONAL N° 149-2020-CG  PNP/ SCG DEL 30MAY2020,08,CUSCO,0810,PARURO,081009,YAURISQUE,07R1B,DIVOPUS CUSCO,07,CUSCO,07R1,CUSCO,-13.66086511,-71.92305858
280,A,0585,3000,CPNP HUANCAYO,A,217830,UTM / 18 SUR / WGS84,JUNIN,APROBADO CON RESOLUCION DE COMANDANCIA GENERAL DE LA POLICIA NACIONAL N° 149-2020-CG  PNP/ SCG DEL 30MAY2020,12,JUNIN,1201,HUANCAYO,120101,HUANCAYO,10R2A,DIVOPUS HUANCAYO,10,JUNIN,10R2,JUNIN,-12.064513056,-75.207475767
281,C,0466,2302,CPNP PACHACAMAC,B,220189,UTM / 18 SUR / WGS84,LIMAMETRO,MODIFICACION PARCIAL DEL LIMITE. APROBADO CON RESOLUCION DE COMANDANCIA GENERAL DE LA POLICIA NACIONAL N° 348-2023-CG┬ÁPNP/EMG DEL 06SEP2023,15,LIMA,1501,LIMA,150123,PACHACAMAC,13R1O,DIVPOL SUR 3,13,LIMA,13R1,LIMA,-12.227767352,-76.85830414
282,C,0456,2165,CPNP JICAMARCA,A,219982,UTM / 18 SUR / WGS84,LIMAMETRO,APROBADO CON RESOLUCION DE DIRECCION GENERAL DE LA POLICIA NACIONAL N° 276-2018-DIRGEN/SUB.DG-PNP 23JUL2018,15,LIMA,1501,LIMA,150118,LURIGANCHO,13R1K,DIVPOL ESTE 1,13,LIMA,13R1,LIMA,-11.980578412,-76.943821977
283,C,0457,2170,CPNP HUACHIPA,B,219979,UTM / 18 SUR / WGS84,LIMAMETRO,APROBADO CON RESOLUCION DE DIRECCION GENERAL DE LA POLICIA NACIONAL N° 276-2018-DIRGEN/SUB.DG-PNP 23JUL2018,15,LIMA,1501,LIMA,150118,LURIGANCHO,13R1K,DIVPOL ESTE 1,13,LIMA,13R1,LIMA,-12.014619864,-76.937452352
284,A,0210,1236,CPNP CHEPEN,B,217063,UTM / 17 SUR / WGS84,LA LIBERTAD,APROBADO CON RESOLUCION DE COMANDANCIA GENERAL DE LA POLICIA NACIONAL N° 149-2020-CG  PNP/ SCG DEL 30MAY2020,13,LA LIBERTAD,1304,CHEPEN,130401,CHEPEN,11R1A,DIVPOL PAIJAN,11,LA LIBERTAD,11R1,LA LIBERTAD,-7.23189556,-79.42438745
285,A,0211,1248,CPNP TALAMBO,E,217070,UTM / 17 SUR / WGS84,LA LIBERTAD,APROBADO CON RESOLUCION DE COMANDANCIA GENERAL DE LA POLICIA NACIONAL N° 149-2020-CG  PNP/ SCG DEL 30MAY2020,13,LA LIBERTAD,1304,CHEPEN,130401,CHEPEN,11R1A,DIVPOL PAIJAN,11,LA LIBERTAD,11R1,LA LIBERTAD,-7.24177556,-79.39861511
286,A,1052,5116,CPNP CHOTA,A,223281,UTM / 17 SUR / WGS84,CAJAMARCA,APROBADO CON RESOLUCION DE COMANDANCIA GENERAL DE LA POLICIA NACIONAL N° 149-2020-CG  PNP/ SCG DEL 30MAY2020,06,CAJAMARCA,0604,CHOTA,060401,CHOTA,05R1B,DIVOPUS CAJAMARCA,05,CAJAMARCA,05R1,CAJAMARCA,-6.560221049,-78.655903159
287,A,1027,5000,CPNP CENTRAL CAJAMARCA,A,223198,UTM / 17 SUR / WGS84,CAJAMARCA,APROBADO CON RESOLUCION DE COMANDANCIA GENERAL DE LA POLICIA NACIONAL N° 149-2020-CG  PNP/ SCG DEL 30MAY2020,06,CAJAMARCA,0601,CAJAMARCA,060101,CAJAMARCA,05R1B,DIVOPUS CAJAMARCA,05,CAJAMARCA,05R1,CAJAMARCA,-7.160194583,-78.512911699
288,A,1028,5006,CPNP SAN JOSE,B,223201,UTM / 17 SUR / WGS84,CAJAMARCA,APROBADO CON RESOLUCION DE COMANDANCIA GENERAL DE LA POLICIA NACIONAL N° 149-2020-CG  PNP/ SCG DEL 30MAY2020,06,CAJAMARCA,0601,CAJAMARCA,060101,CAJAMARCA,05R1B,DIVOPUS CAJAMARCA,05,CAJAMARCA,05R1,CAJAMARCA,-7.150109951,-78.51976384
289,G,1032,5022,CPNP JESUS,D,223212,UTM / 17 SUR / WGS84,CAJAMARCA,APROBADO CON RESOLUCION DE COMANDANCIA GENERAL DE LA POLICIA NACIONAL N° 149-2020-CG  PNP/ SCG DEL 30MAY2020,06,CAJAMARCA,0601,CAJAMARCA,060106,JESUS,05R1B,DIVOPUS CAJAMARCA,05,CAJAMARCA,05R1,CAJAMARCA,-7.24697688,-78.37907244
290,A,0290,1487,CPNP BAGUA GRANDE - UTCUBAMBA,A,222027,UTM / 17 SUR / WGS84,AMAZONAS,APROBADO CON RESOLUCION DE COMANDANCIA GENERAL DE LA POLICIA NACIONAL N° 149-2020-CG  PNP/ SCG DEL 30MAY2020,01,AMAZONAS,0107,UTCUBAMBA,010701,BAGUA GRANDE,19R1A,DIVOPUS AMAZONAS,19,SAN MARTIN,19R1,AMAZONAS,-5.757112917,-78.44033177
291,A,1212,5810,CPNP ANDRES ARAUJO MORAN,C,223126,UTM / 17 SUR / WGS84,TUMBES,APROBADO CON RESOLUCION DE COMANDANCIA GENERAL DE LA POLICIA NACIONAL N° 149-2020-CG  PNP/ SCG DEL 30MAY2020,24,TUMBES,2401,TUMBES,240101,TUMBES,21R1A,DIVOPUS TUMBES,21,TUMBES,21R1,TUMBES,-3.560004971,-80.428016798
292,A,1213,5800,CPNP SAN JOSE,A,223123,UTM / 17 SUR / WGS84,TUMBES,APROBADO CON RESOLUCION DE COMANDANCIA GENERAL DE LA POLICIA NACIONAL N° 149-2020-CG  PNP/ SCG DEL 30MAY2020,24,TUMBES,2401,TUMBES,240101,TUMBES,21R1A,DIVOPUS TUMBES,21,TUMBES,21R1,TUMBES,-3.56300652,-80.46026547
293,A,1215,5806,CPNP EL TABLAZO,C,223129,UTM / 17 SUR / WGS84,TUMBES,APROBADO CON RESOLUCION DE COMANDANCIA GENERAL DE LA POLICIA NACIONAL N° 149-2020-CG  PNP/ SCG DEL 30MAY2020,24,TUMBES,2401,TUMBES,240101,TUMBES,21R1A,DIVOPUS TUMBES,21,TUMBES,21R1,TUMBES,-3.568273884,-80.450072486
294,A,1216,5824,CPNP PUERTO PIZARRO,C,223153,UTM / 17 SUR / WGS84,TUMBES,APROBADO CON RESOLUCION DE COMANDANCIA GENERAL DE LA POLICIA NACIONAL N° 149-2020-CG  PNP/ SCG DEL 30MAY2020,24,TUMBES,2401,TUMBES,240101,TUMBES,21R1A,DIVOPUS TUMBES,21,TUMBES,21R1,TUMBES,-3.50315079,-80.39144648
295,A,0000,8397,CPNP PAMPA GRANDE,D,226580,UTM / 17 SUR / WGS84,TUMBES,MODIFICACION PARCIAL DEL LIMITE. APROBADO CON RESOLUCION DE COMANDANCIA GENERAL DE LA POLICIA NACIONAL N° 348-2023-CG┬ÁPNP/EMG DEL 06SEP2023,24,TUMBES,2401,TUMBES,240101,TUMBES,21R1A,DIVOPUS TUMBES,21,TUMBES,21R1,TUMBES,-3.578454689,-80.450934177
296,G,0701,3654,CPNP OMACHA,E,226500,UTM / 19 SUR / WGS84,CUSCO,MODIFICACION PARCIAL DEL LIMITE. APROBADO CON RESOLUCION DE COMANDANCIA GENERAL DE LA POLICIA NACIONAL N° 348-2023-CG┬ÁPNP/EMG DEL 06SEP2023,08,CUSCO,0810,PARURO,081006,OMACHA,07R1B,DIVOPUS CUSCO,07,CUSCO,07R1,CUSCO,-14.0706146,-71.754105301
297,G,0254,1434,CPNP BALSAS,D,222017,UTM / 17 SUR / WGS84,AMAZONAS,APROBADO CON RESOLUCION DE COMANDANCIA GENERAL DE LA POLICIA NACIONAL N° 149-2020-CG  PNP/ SCG DEL 30MAY2020,01,AMAZONAS,0101,CHACHAPOYAS,010103,BALSAS,19R1A,DIVOPUS AMAZONAS,19,SAN MARTIN,19R1,AMAZONAS,-6.8450162,-78.0290429
298,G,0255,1437,CPNP CHUQUIBAMBA,E,222015,UTM / 18 SUR / WGS84,AMAZONAS,APROBADO CON RESOLUCION DE COMANDANCIA GENERAL DE LA POLICIA NACIONAL N° 149-2020-CG  PNP/ SCG DEL 30MAY2020,01,AMAZONAS,0101,CHACHAPOYAS,010106,CHUQUIBAMBA,19R1A,DIVOPUS AMAZONAS,19,SAN MARTIN,19R1,AMAZONAS,-6.93512242,-77.854059148
299,F,0257,1431,CPNP JALCA GRANDE,E,222016,UTM / 18 SUR / WGS84,AMAZONAS,APROBADO CON RESOLUCION DE COMANDANCIA GENERAL DE LA POLICIA NACIONAL N° 149-2020-CG  PNP/ SCG DEL 30MAY2020,01,AMAZONAS,0101,CHACHAPOYAS,010109,LA JALCA,19R1A,DIVOPUS AMAZONAS,19,SAN MARTIN,19R1,AMAZONAS,-6.4844447,-77.8149524
300,F,0611,3142,CPNP ACOBAMBA,D,217924,UTM / 18 SUR / WGS84,JUNIN,APROBADO CON RESOLUCION DE COMANDANCIA GENERAL DE LA POLICIA NACIONAL N° 149-2020-CG  PNP/ SCG DEL 30MAY2020,12,JUNIN,1207,TARMA,120702,ACOBAMBA,10R2B,DIVOPUS CHANCHAMAYO,10,JUNIN,10R2,JUNIN,-11.35315639,-75.65873384
301,G,0260,1413,CPNP MOLINOPAMPA,D,222010,UTM / 18 SUR / WGS84,AMAZONAS,APROBADO CON RESOLUCION DE COMANDANCIA GENERAL DE LA POLICIA NACIONAL N° 149-2020-CG  PNP/ SCG DEL 30MAY2020,01,AMAZONAS,0101,CHACHAPOYAS,010114,MOLINOPAMPA,19R1A,DIVOPUS AMAZONAS,19,SAN MARTIN,19R1,AMAZONAS,-6.209051909,-77.66858866
302,F,0722,3516,CPNP HUAYLLABAMBA,E,218196,UTM / 18 SUR / WGS84,CUSCO,APROBADO CON RESOLUCION DE COMANDANCIA GENERAL DE LA POLICIA NACIONAL N° 149-2020-CG  PNP/ SCG DEL 30MAY2020,08,CUSCO,0813,URUBAMBA,081303,HUAYLLABAMBA,07R1B,DIVOPUS CUSCO,07,CUSCO,07R1,CUSCO,-13.33847475,-72.06475023
303,G,0265,1526,CPNP EL MUYO,E,222049,UTM / 17 SUR / WGS84,AMAZONAS,APROBADO CON RESOLUCION DE COMANDANCIA GENERAL DE LA POLICIA NACIONAL N° 149-2020-CG  PNP/ SCG DEL 30MAY2020,01,AMAZONAS,0102,BAGUA,010202,ARAMANGO,19R1A,DIVOPUS AMAZONAS,19,SAN MARTIN,19R1,AMAZONAS,-5.422880499,-78.4520532
304,G,3015,1525,CPNP ARAMANGO,E,222050,UTM / 17 SUR / WGS84,AMAZONAS,APROBADO CON RESOLUCION DE COMANDANCIA GENERAL DE LA POLICIA NACIONAL N° 149-2020-CG  PNP/ SCG DEL 30MAY2020,01,AMAZONAS,0102,BAGUA,010202,ARAMANGO,19R1A,DIVOPUS AMAZONAS,19,SAN MARTIN,19R1,AMAZONAS,-5.4157842,-78.438349699
305,F,0266,1523,CPNP COPALLIN,D,222048,UTM / 17 SUR / WGS84,AMAZONAS,APROBADO CON RESOLUCION DE COMANDANCIA GENERAL DE LA POLICIA NACIONAL N° 149-2020-CG  PNP/ SCG DEL 30MAY2020,01,AMAZONAS,0102,BAGUA,010203,COPALLIN,19R1A,DIVOPUS AMAZONAS,19,SAN MARTIN,19R1,AMAZONAS,-5.6750903,-78.424035999
306,F,0264,1518,CPNP LA PECA,E,222047,UTM / 17 SUR / WGS84,AMAZONAS,APROBADO CON RESOLUCION DE COMANDANCIA GENERAL DE LA POLICIA NACIONAL N° 149-2020-CG  PNP/ SCG DEL 30MAY2020,01,AMAZONAS,0102,BAGUA,010206,LA PECA,19R1A,DIVOPUS AMAZONAS,19,SAN MARTIN,19R1,AMAZONAS,-5.6125251,-78.437701299
307,F,0269,1468,CPNP POMACOCHAS,C,222071,UTM / 18 SUR / WGS84,AMAZONAS,APROBADO CON RESOLUCION DE COMANDANCIA GENERAL DE LA POLICIA NACIONAL N° 149-2020-CG  PNP/ SCG DEL 30MAY2020,01,AMAZONAS,0103,BONGARA,010306,FLORIDA,19R1A,DIVOPUS AMAZONAS,19,SAN MARTIN,19R1,AMAZONAS,-5.8247614,-77.9713963
308,F,0274,1512,CPNP CAMPO REDONDO,E,222042,UTM / 17 SUR / WGS84,AMAZONAS,APROBADO CON RESOLUCION DE COMANDANCIA GENERAL DE LA POLICIA NACIONAL N° 149-2020-CG  PNP/ SCG DEL 30MAY2020,01,AMAZONAS,0105,LUYA,010502,CAMPORREDONDO,19R1A,DIVOPUS AMAZONAS,19,SAN MARTIN,19R1,AMAZONAS,-6.215200165,-78.319000385
309,G,0275,1455,CPNP COCABAMBA,E,222066,UTM / 17 SUR / WGS84,AMAZONAS,APROBADO CON RESOLUCION DE COMANDANCIA GENERAL DE LA POLICIA NACIONAL N° 149-2020-CG  PNP/ SCG DEL 30MAY2020,01,AMAZONAS,0105,LUYA,010503,COCABAMBA,19R1A,DIVOPUS AMAZONAS,19,SAN MARTIN,19R1,AMAZONAS,-6.614381401,-78.0047808
310,F,0276,1458,CPNP COLCAMAR,E,222062,UTM / 18 SUR / WGS84,AMAZONAS,APROBADO CON RESOLUCION DE COMANDANCIA GENERAL DE LA POLICIA NACIONAL N° 149-2020-CG  PNP/ SCG DEL 30MAY2020,01,AMAZONAS,0105,LUYA,010504,COLCAMAR,19R1A,DIVOPUS AMAZONAS,19,SAN MARTIN,19R1,AMAZONAS,-6.2990333,-77.972959899
311,F,0277,1459,CPNP INGUILPATA,E,222064,UTM / 18 SUR / WGS84,AMAZONAS,APROBADO CON RESOLUCION DE COMANDANCIA GENERAL DE LA POLICIA NACIONAL N° 149-2020-CG  PNP/ SCG DEL 30MAY2020,01,AMAZONAS,0105,LUYA,010506,INGUILPATA,19R1A,DIVOPUS AMAZONAS,19,SAN MARTIN,19R1,AMAZONAS,-6.2401381,-77.9535875
312,F,0278,1446,CPNP CRUZ VALQUI OROZCO - LUYA,E,222058,UTM / 18 SUR / WGS84,AMAZONAS,APROBADO CON RESOLUCION DE COMANDANCIA GENERAL DE LA POLICIA NACIONAL N° 149-2020-CG  PNP/ SCG DEL 30MAY2020,01,AMAZONAS,0105,LUYA,010509,LUYA,19R1A,DIVOPUS AMAZONAS,19,SAN MARTIN,19R1,AMAZONAS,-6.163268501,-77.9442818
313,F,0280,1505,CPNP OCALLI,D,222043,UTM / 17 SUR / WGS84,AMAZONAS,APROBADO CON RESOLUCION DE COMANDANCIA GENERAL DE LA POLICIA NACIONAL N° 149-2020-CG  PNP/ SCG DEL 30MAY2020,01,AMAZONAS,0105,LUYA,010512,OCALLI,19R1A,DIVOPUS AMAZONAS,19,SAN MARTIN,19R1,AMAZONAS,-6.2348855,-78.265853801
314,G,0281,1460,CPNP PIZUQUIA - PUEBLO NUEVO,E,222067,UTM / 17 SUR / WGS84,AMAZONAS,APROBADO CON RESOLUCION DE COMANDANCIA GENERAL DE LA POLICIA NACIONAL N° 149-2020-CG  PNP/ SCG DEL 30MAY2020,01,AMAZONAS,0105,LUYA,010513,OCUMAL,19R1A,DIVOPUS AMAZONAS,19,SAN MARTIN,19R1,AMAZONAS,-6.374932001,-78.1411763
315,G,0282,1452,CPNP COLLONCE,E,222063,UTM / 17 SUR / WGS84,AMAZONAS,APROBADO CON RESOLUCION DE COMANDANCIA GENERAL DE LA POLICIA NACIONAL N° 149-2020-CG  PNP/ SCG DEL 30MAY2020,01,AMAZONAS,0105,LUYA,010513,OCUMAL,19R1A,DIVOPUS AMAZONAS,19,SAN MARTIN,19R1,AMAZONAS,-6.280462753,-78.215048883
316,F,0279,1443,CPNP TINGO,C,222059,UTM / 18 SUR / WGS84,AMAZONAS,APROBADO CON RESOLUCION DE COMANDANCIA GENERAL DE LA POLICIA NACIONAL N° 149-2020-CG  PNP/ SCG DEL 30MAY2020,01,AMAZONAS,0105,LUYA,010522,TINGO,19R1A,DIVOPUS AMAZONAS,19,SAN MARTIN,19R1,AMAZONAS,-6.379878701,-77.905677
317,G,0285,1473,CPNP HUAMBO,E,222021,UTM / 18 SUR / WGS84,AMAZONAS,APROBADO CON RESOLUCION DE COMANDANCIA GENERAL DE LA POLICIA NACIONAL N° 149-2020-CG  PNP/ SCG DEL 30MAY2020,01,AMAZONAS,0106,RODRIGUEZ DE MENDOZA,010604,HUAMBO,19R1A,DIVOPUS AMAZONAS,19,SAN MARTIN,19R1,AMAZONAS,-6.42871878,-77.538346
318,G,1029,5024,CPNP ASUNCION,E,223213,UTM / 17 SUR / WGS84,CAJAMARCA,APROBADO CON RESOLUCION DE COMANDANCIA GENERAL DE LA POLICIA NACIONAL N° 149-2020-CG  PNP/ SCG DEL 30MAY2020,06,CAJAMARCA,0601,CAJAMARCA,060102,ASUNCION,05R1B,DIVOPUS CAJAMARCA,05,CAJAMARCA,05R1,CAJAMARCA,-7.324125031,-78.51933494
319,G,0128,1008,CPNP YAUYUCAN,E,223269,UTM / 17 SUR / WGS84,CAJAMARCA,APROBADO CON RESOLUCION DE COMANDANCIA GENERAL DE LA POLICIA NACIONAL N° 149-2020-CG  PNP/ SCG DEL 30MAY2020,06,CAJAMARCA,0613,SANTA CRUZ,061311,YAUYUCAN,05R1B,DIVOPUS CAJAMARCA,05,CAJAMARCA,05R1,CAJAMARCA,-6.67713596,-78.81870181
320,G,0288,1479,CPNP OMIA,D,222025,UTM / 18 SUR / WGS84,AMAZONAS,APROBADO CON RESOLUCION DE COMANDANCIA GENERAL DE LA POLICIA NACIONAL N° 149-2020-CG  PNP/ SCG DEL 30MAY2020,01,AMAZONAS,0106,RODRIGUEZ DE MENDOZA,010609,OMIA,19R1A,DIVOPUS AMAZONAS,19,SAN MARTIN,19R1,AMAZONAS,-6.4675215,-77.3961111
321,G,0286,1476,CPNP LIMABAMBA,D,222022,UTM / 18 SUR / WGS84,AMAZONAS,APROBADO CON RESOLUCION DE COMANDANCIA GENERAL DE LA POLICIA NACIONAL N° 149-2020-CG  PNP/ SCG DEL 30MAY2020,01,AMAZONAS,0106,RODRIGUEZ DE MENDOZA,010605,LIMABAMBA,19R1A,DIVOPUS AMAZONAS,19,SAN MARTIN,19R1,AMAZONAS,-6.497992,-77.4981892
322,G,0289,1484,CPNP SANTA ROSA,E,222023,UTM / 18 SUR / WGS84,AMAZONAS,APROBADO CON RESOLUCION DE COMANDANCIA GENERAL DE LA POLICIA NACIONAL N° 149-2020-CG  PNP/ SCG DEL 30MAY2020,01,AMAZONAS,0106,RODRIGUEZ DE MENDOZA,010610,SANTA ROSA,19R1A,DIVOPUS AMAZONAS,19,SAN MARTIN,19R1,AMAZONAS,-6.452913,-77.455608001
323,F,0287,1481,CPNP LONGAR,E,222024,UTM / 18 SUR / WGS84,AMAZONAS,APROBADO CON RESOLUCION DE COMANDANCIA GENERAL DE LA POLICIA NACIONAL N° 149-2020-CG  PNP/ SCG DEL 30MAY2020,01,AMAZONAS,0106,RODRIGUEZ DE MENDOZA,010606,LONGAR,19R1A,DIVOPUS AMAZONAS,19,SAN MARTIN,19R1,AMAZONAS,-6.3855078,-77.5458386
324,G,1035,5020,CPNP MAGDALENA,D,223211,UTM / 17 SUR / WGS84,CAJAMARCA,APROBADO CON RESOLUCION DE COMANDANCIA GENERAL DE LA POLICIA NACIONAL N° 149-2020-CG  PNP/ SCG DEL 30MAY2020,06,CAJAMARCA,0601,CAJAMARCA,060109,MAGDALENA,05R1B,DIVOPUS CAJAMARCA,05,CAJAMARCA,05R1,CAJAMARCA,-7.25171499,-78.6565217
325,F,0294,1508,CPNP EL MILAGRO,C,222038,UTM / 17 SUR / WGS84,AMAZONAS,APROBADO CON RESOLUCION DE COMANDANCIA GENERAL DE LA POLICIA NACIONAL N° 149-2020-CG  PNP/ SCG DEL 30MAY2020,01,AMAZONAS,0107,UTCUBAMBA,010704,EL MILAGRO,19R1A,DIVOPUS AMAZONAS,19,SAN MARTIN,19R1,AMAZONAS,-5.6376438,-78.5606642
326,G,1036,5026,CPNP MATARA,E,223214,UTM / 17 SUR / WGS84,CAJAMARCA,APROBADO CON RESOLUCION DE COMANDANCIA GENERAL DE LA POLICIA NACIONAL N° 149-2020-CG  PNP/ SCG DEL 30MAY2020,06,CAJAMARCA,0601,CAJAMARCA,060110,MATARA,05R1B,DIVOPUS CAJAMARCA,05,CAJAMARCA,05R1,CAJAMARCA,-7.25353593,-78.25823853
327,G,1038,5012,CPNP SAN JUAN,E,223207,UTM / 17 SUR / WGS84,CAJAMARCA,APROBADO CON RESOLUCION DE COMANDANCIA GENERAL DE LA POLICIA NACIONAL N° 149-2020-CG  PNP/ SCG DEL 30MAY2020,06,CAJAMARCA,0601,CAJAMARCA,060112,SAN JUAN,05R1B,DIVOPUS CAJAMARCA,05,CAJAMARCA,05R1,CAJAMARCA,-7.292641059,-78.4981445
328,F,0291,1490,CPNP CORRAL QUEMADO,C,222032,UTM / 17 SUR / WGS84,AMAZONAS,APROBADO CON RESOLUCION DE COMANDANCIA GENERAL DE LA POLICIA NACIONAL N° 149-2020-CG  PNP/ SCG DEL 30MAY2020,01,AMAZONAS,0107,UTCUBAMBA,010703,CUMBA,19R1A,DIVOPUS AMAZONAS,19,SAN MARTIN,19R1,AMAZONAS,-5.7541834,-78.6902764
329,F,0293,1499,CPNP CUMBA,E,222036,UTM / 17 SUR / WGS84,AMAZONAS,APROBADO CON RESOLUCION DE COMANDANCIA GENERAL DE LA POLICIA NACIONAL N° 149-2020-CG  PNP/ SCG DEL 30MAY2020,01,AMAZONAS,0107,UTCUBAMBA,010703,CUMBA,19R1A,DIVOPUS AMAZONAS,19,SAN MARTIN,19R1,AMAZONAS,-5.933402301,-78.66519
330,G,0295,1496,CPNP JAMALCA,E,222035,UTM / 17 SUR / WGS84,AMAZONAS,APROBADO CON RESOLUCION DE COMANDANCIA GENERAL DE LA POLICIA NACIONAL N° 149-2020-CG  PNP/ SCG DEL 30MAY2020,01,AMAZONAS,0107,UTCUBAMBA,010705,JAMALCA,19R1A,DIVOPUS AMAZONAS,19,SAN MARTIN,19R1,AMAZONAS,-5.8941701,-78.2377134
331,G,5056,1442,CPNP NARANJITOS,E,222031,UTM / 17 SUR / WGS84,AMAZONAS,APROBADO CON RESOLUCION DE COMANDANCIA GENERAL DE LA POLICIA NACIONAL N° 149-2020-CG  PNP/ SCG DEL 30MAY2020,01,AMAZONAS,0107,UTCUBAMBA,010705,JAMALCA,19R1A,DIVOPUS AMAZONAS,19,SAN MARTIN,19R1,AMAZONAS,-5.8209769,-78.2784991
332,F,0296,1502,CPNP LONYA GRANDE,E,222041,UTM / 17 SUR / WGS84,AMAZONAS,APROBADO CON RESOLUCION DE COMANDANCIA GENERAL DE LA POLICIA NACIONAL N° 149-2020-CG  PNP/ SCG DEL 30MAY2020,01,AMAZONAS,0107,UTCUBAMBA,010706,LONYA GRANDE,19R1A,DIVOPUS AMAZONAS,19,SAN MARTIN,19R1,AMAZONAS,-6.09656685,-78.42299791
333,G,0962,4810,CPNP PIRA,D,222139,UTM / 18 SUR / WGS84,ANCASH,APROBADO CON RESOLUCION DE COMANDANCIA GENERAL DE LA POLICIA NACIONAL N° 149-2020-CG  PNP/ SCG DEL 30MAY2020,02,ANCASH,0201,HUARAZ,020111,PIRA,01R1B,DIVOPUS HUARAZ,01,ANCASH,01R1,ANCASH,-9.580864001,-77.70756678
334,G,0961,4927,CPNP PARIACOTO,D,222247,UTM / 18 SUR / WGS84,ANCASH,APROBADO CON RESOLUCION DE COMANDANCIA GENERAL DE LA POLICIA NACIONAL N° 149-2020-CG  PNP/ SCG DEL 30MAY2020,02,ANCASH,0201,HUARAZ,020110,PARIACOTO,01R1B,DIVOPUS HUARAZ,01,ANCASH,01R1,ANCASH,-9.55972629,-77.89025699
335,G,0963,4808,CPNP TARICA,D,222138,UTM / 18 SUR / WGS84,ANCASH,APROBADO CON RESOLUCION DE COMANDANCIA GENERAL DE LA POLICIA NACIONAL N° 149-2020-CG  PNP/ SCG DEL 30MAY2020,02,ANCASH,0201,HUARAZ,020112,TARICA,01R1B,DIVOPUS HUARAZ,01,ANCASH,01R1,ANCASH,-9.39288698,-77.5739404
336,F,0658,3487,CPNP POROY,C,218157,UTM / 18 SUR / WGS84,CUSCO,APROBADO CON RESOLUCION DE COMANDANCIA GENERAL DE LA POLICIA NACIONAL N° 149-2020-CG  PNP/ SCG DEL 30MAY2020,08,CUSCO,0801,CUSCO,080103,POROY,07R1B,DIVOPUS CUSCO,07,CUSCO,07R1,CUSCO,-13.49553531,-72.04182954
337,G,5053,1447,CPNP SAN PABLO - VALERA,E,222076,UTM / 18 SUR / WGS84,AMAZONAS,APROBADO CON RESOLUCION DE COMANDANCIA GENERAL DE LA POLICIA NACIONAL N° 149-2020-CG  PNP/ SCG DEL 30MAY2020,01,AMAZONAS,0103,BONGARA,010311,VALERA,19R1A,DIVOPUS AMAZONAS,19,SAN MARTIN,19R1,AMAZONAS,-6.042734499,-77.9190584
338,F,5005,3386,CPNP TOTOS,E,218541,UTM / 18 SUR / WGS84,AYACUCHO,APROBADO CON RESOLUCION DE COMANDANCIA GENERAL DE LA POLICIA NACIONAL N° 149-2020-CG  PNP/ SCG DEL 30MAY2020,05,AYACUCHO,0502,CANGALLO,050206,TOTOS,04R1A,DIVOPUS AYACUCHO,04,AYACUCHO,04R1,AYACUCHO,-13.5677258,-74.52272099
339,F,0968,4822,CPNP CAJACAY,C,222147,UTM / 18 SUR / WGS84,ANCASH,APROBADO CON RESOLUCION DE COMANDANCIA GENERAL DE LA POLICIA NACIONAL N° 149-2020-CG  PNP/ SCG DEL 30MAY2020,02,ANCASH,0205,BOLOGNESI,020505,CAJACAY,01R1B,DIVOPUS HUARAZ,01,ANCASH,01R1,ANCASH,-10.15375204,-77.43865901
340,E,0204,1221,CPNP CARTAVIO,C,217035,UTM / 17 SUR / WGS84,LA LIBERTAD,APROBADO CON RESOLUCION DE COMANDANCIA GENERAL DE LA POLICIA NACIONAL N° 149-2020-CG  PNP/ SCG DEL 30MAY2020,13,LA LIBERTAD,1302,ASCOPE,130207,SANTIAGO DE CAO,11R1A,DIVPOL PAIJAN,11,LA LIBERTAD,11R1,LA LIBERTAD,-7.886622341,-79.22040829
341,E,0205,1215,CPNP SANTIAGO DE CAO,D,217028,UTM / 17 SUR / WGS84,LA LIBERTAD,APROBADO CON RESOLUCION DE COMANDANCIA GENERAL DE LA POLICIA NACIONAL N° 149-2020-CG  PNP/ SCG DEL 30MAY2020,13,LA LIBERTAD,1302,ASCOPE,130207,SANTIAGO DE CAO,11R1A,DIVPOL PAIJAN,11,LA LIBERTAD,11R1,LA LIBERTAD,-7.96016994,-79.23903258
342,F,0357,3405,CPNP CARHUANCA,E,218548,UTM / 18 SUR / WGS84,AYACUCHO,APROBADO CON RESOLUCION DE COMANDANCIA GENERAL DE LA POLICIA NACIONAL N° 149-2020-CG  PNP/ SCG DEL 30MAY2020,05,AYACUCHO,0511,VILCAS HUAMAN,051103,CARHUANCA,04R1A,DIVOPUS AYACUCHO,04,AYACUCHO,04R1,AYACUCHO,-13.742375661,-73.78711592
343,F,0975,4877,CPNP MARCARA,D,222164,UTM / 18 SUR / WGS84,ANCASH,APROBADO CON RESOLUCION DE COMANDANCIA GENERAL DE LA POLICIA NACIONAL N° 149-2020-CG  PNP/ SCG DEL 30MAY2020,02,ANCASH,0206,CARHUAZ,020606,MARCARA,01R1B,DIVOPUS HUARAZ,01,ANCASH,01R1,ANCASH,-9.3223861200000009,-77.60430709
344,G,0124,1002,CPNP CHANCAY BA├æOS,D,223267,UTM / 17 SUR / WGS84,CAJAMARCA,APROBADO CON RESOLUCION DE COMANDANCIA GENERAL DE LA POLICIA NACIONAL N° 149-2020-CG  PNP/ SCG DEL 30MAY2020,06,CAJAMARCA,0613,SANTA CRUZ,061304,CHANCAYBA├æOS,05R1B,DIVOPUS CAJAMARCA,05,CAJAMARCA,05R1,CAJAMARCA,-6.57495206,-78.86817217
345,G,0126,1003,CPNP PULAN,D,223268,UTM / 17 SUR / WGS84,CAJAMARCA,APROBADO CON RESOLUCION DE COMANDANCIA GENERAL DE LA POLICIA NACIONAL N° 149-2020-CG  PNP/ SCG DEL 30MAY2020,06,CAJAMARCA,0613,SANTA CRUZ,061307,PULAN,05R1B,DIVOPUS CAJAMARCA,05,CAJAMARCA,05R1,CAJAMARCA,-6.7392826,-78.92054534
346,E,0993,4852,CPNP RAJAN,E,222171,UTM / 18 SUR / WGS84,ANCASH,APROBADO CON RESOLUCION DE COMANDANCIA GENERAL DE LA POLICIA NACIONAL N° 149-2020-CG  PNP/ SCG DEL 30MAY2020,02,ANCASH,0214,OCROS,021408,SAN CRISTOBAL DE RAJAN,01R1B,DIVOPUS HUARAZ,01,ANCASH,01R1,ANCASH,-10.386507651,-77.219232809
347,F,1087,5056,CPNP LA GRAMA,D,223221,UTM / 17 SUR / WGS84,CAJAMARCA,APROBADO CON RESOLUCION DE COMANDANCIA GENERAL DE LA POLICIA NACIONAL N° 149-2020-CG  PNP/ SCG DEL 30MAY2020,06,CAJAMARCA,0610,SAN MARCOS,061003,EDUARDO VILLANUEVA,05R1B,DIVOPUS CAJAMARCA,05,CAJAMARCA,05R1,CAJAMARCA,-7.46168664,-78.12830399
348,F,0972,4860,CPNP CA├æON DEL PATO,D,222176,UTM / 18 SUR / WGS84,ANCASH,APROBADO CON RESOLUCION DE COMANDANCIA GENERAL DE LA POLICIA NACIONAL N° 149-2020-CG  PNP/ SCG DEL 30MAY2020,02,ANCASH,0212,HUAYLAS,021202,HUALLANCA,01R1B,DIVOPUS HUARAZ,01,ANCASH,01R1,ANCASH,-8.818432591,-77.86211693
349,G,0990,4857,CPNP HUAYLAS,D,222175,UTM / 18 SUR / WGS84,ANCASH,APROBADO CON RESOLUCION DE COMANDANCIA GENERAL DE LA POLICIA NACIONAL N° 149-2020-CG  PNP/ SCG DEL 30MAY2020,02,ANCASH,0212,HUAYLAS,021204,HUAYLAS,01R1B,DIVOPUS HUARAZ,01,ANCASH,01R1,ANCASH,-8.87269233,-77.8923664
350,G,1088,5052,CPNP ICHOCAN,E,223219,UTM / 17 SUR / WGS84,CAJAMARCA,APROBADO CON RESOLUCION DE COMANDANCIA GENERAL DE LA POLICIA NACIONAL N° 149-2020-CG  PNP/ SCG DEL 30MAY2020,06,CAJAMARCA,0610,SAN MARCOS,061005,ICHOCAN,05R1B,DIVOPUS CAJAMARCA,05,CAJAMARCA,05R1,CAJAMARCA,-7.36451232,-78.1272327
351,F,0624,7510,CPNP HUAMANGUILLA,C,218549,UTM / 18 SUR / WGS84,AYACUCHO,APROBADO CON RESOLUCION DE COMANDANCIA GENERAL DE LA POLICIA NACIONAL N° 149-2020-CG  PNP/ SCG DEL 30MAY2020,05,AYACUCHO,0504,HUANTA,050403,HUAMANGUILLA,04R1A,DIVOPUS AYACUCHO,04,AYACUCHO,04R1,AYACUCHO,-13.011284951,-74.1729251
352,G,1043,5062,CPNP CAUDAY,E,223226,UTM / 17 SUR / WGS84,CAJAMARCA,APROBADO CON RESOLUCION DE COMANDANCIA GENERAL DE LA POLICIA NACIONAL N° 149-2020-CG  PNP/ SCG DEL 30MAY2020,06,CAJAMARCA,0602,CAJABAMBA,060203,CONDEBAMBA,05R1B,DIVOPUS CAJAMARCA,05,CAJAMARCA,05R1,CAJAMARCA,-7.57616307,-78.07019245
353,G,1046,5112,CPNP CHUMUCH,E,223238,UTM / 17 SUR / WGS84,CAJAMARCA,APROBADO CON RESOLUCION DE COMANDANCIA GENERAL DE LA POLICIA NACIONAL N° 149-2020-CG  PNP/ SCG DEL 30MAY2020,06,CAJAMARCA,0603,CELENDIN,060302,CHUMUCH,05R1B,DIVOPUS CAJAMARCA,05,CAJAMARCA,05R1,CAJAMARCA,-6.60311111,-78.20063105
354,G,1048,5108,CPNP MIGUEL IGLESIAS,E,223236,UTM / 17 SUR / WGS84,CAJAMARCA,APROBADO CON RESOLUCION DE COMANDANCIA GENERAL DE LA POLICIA NACIONAL N° 149-2020-CG  PNP/ SCG DEL 30MAY2020,06,CAJAMARCA,0603,CELENDIN,060307,MIGUEL IGLESIAS,05R1B,DIVOPUS CAJAMARCA,05,CAJAMARCA,05R1,CAJAMARCA,-6.64987998,-78.231704679
355,G,1049,5110,CPNP OXAMARCA,E,223237,UTM / 17 SUR / WGS84,CAJAMARCA,APROBADO CON RESOLUCION DE COMANDANCIA GENERAL DE LA POLICIA NACIONAL N° 149-2020-CG  PNP/ SCG DEL 30MAY2020,06,CAJAMARCA,0603,CELENDIN,060308,OXAMARCA,05R1B,DIVOPUS CAJAMARCA,05,CAJAMARCA,05R1,CAJAMARCA,-7.04164819,-78.06802431
356,G,1050,5106,CPNP SOROCHUCO,D,223235,UTM / 17 SUR / WGS84,CAJAMARCA,APROBADO CON RESOLUCION DE COMANDANCIA GENERAL DE LA POLICIA NACIONAL N° 149-2020-CG  PNP/ SCG DEL 30MAY2020,06,CAJAMARCA,0603,CELENDIN,060309,SOROCHUCO,05R1B,DIVOPUS CAJAMARCA,05,CAJAMARCA,05R1,CAJAMARCA,-6.91255567,-78.254943921
357,F,0664,3502,CPNP SAYLLA,C,218172,UTM / 19 SUR / WGS84,CUSCO,APROBADO CON RESOLUCION DE COMANDANCIA GENERAL DE LA POLICIA NACIONAL N° 149-2020-CG  PNP/ SCG DEL 30MAY2020,08,CUSCO,0801,CUSCO,080107,SAYLLA,07R1B,DIVOPUS CUSCO,07,CUSCO,07R1,CUSCO,-13.572585881,-71.8256151
358,G,1051,5102,CPNP SUCRE,D,223233,UTM / 17 SUR / WGS84,CAJAMARCA,APROBADO CON RESOLUCION DE COMANDANCIA GENERAL DE LA POLICIA NACIONAL N° 149-2020-CG  PNP/ SCG DEL 30MAY2020,06,CAJAMARCA,0603,CELENDIN,060310,SUCRE,05R1B,DIVOPUS CAJAMARCA,05,CAJAMARCA,05R1,CAJAMARCA,-6.93998343,-78.13472968
359,G,1053,5136,CPNP ANGUIA,E,223297,UTM / 17 SUR / WGS84,CAJAMARCA,APROBADO CON RESOLUCION DE COMANDANCIA GENERAL DE LA POLICIA NACIONAL N° 149-2020-CG  PNP/ SCG DEL 30MAY2020,06,CAJAMARCA,0604,CHOTA,060402,ANGUIA,05R1B,DIVOPUS CAJAMARCA,05,CAJAMARCA,05R1,CAJAMARCA,-6.34190069,-78.605288171
360,G,1026,4862,CPNP YANAMA,D,222168,UTM / 18 SUR / WGS84,ANCASH,APROBADO CON RESOLUCION DE COMANDANCIA GENERAL DE LA POLICIA NACIONAL N° 149-2020-CG  PNP/ SCG DEL 30MAY2020,02,ANCASH,0220,YUNGAY,022008,YANAMA,01R1B,DIVOPUS HUARAZ,01,ANCASH,01R1,ANCASH,-9.02100971,-77.470985779
361,G,1161,5422,CPNP HUANIPACA,E,223407,UTM / 18 SUR / WGS84,APURIMAC,APROBADO CON RESOLUCION DE COMANDANCIA GENERAL DE LA POLICIA NACIONAL N° 149-2020-CG  PNP/ SCG DEL 30MAY2020,03,APURIMAC,0301,ABANCAY,030105,HUANIPACA,02R1B,DIVOPUS ABANCAY,02,APURIMAC,02R1,APURIMAC,-13.49290577,-72.93293017
362,F,1162,5436,CPNP LAMBRAMA,E,223409,UTM / 18 SUR / WGS84,APURIMAC,APROBADO CON RESOLUCION DE COMANDANCIA GENERAL DE LA POLICIA NACIONAL N° 149-2020-CG  PNP/ SCG DEL 30MAY2020,03,APURIMAC,0301,ABANCAY,030106,LAMBRAMA,02R1B,DIVOPUS ABANCAY,02,APURIMAC,02R1,APURIMAC,-13.87103621,-72.76990206
363,G,1164,5420,CPNP SAN PEDRO DE CACHORA,E,223408,UTM / 18 SUR / WGS84,APURIMAC,APROBADO CON RESOLUCION DE COMANDANCIA GENERAL DE LA POLICIA NACIONAL N° 149-2020-CG  PNP/ SCG DEL 30MAY2020,03,APURIMAC,0301,ABANCAY,030108,SAN PEDRO DE CACHORA,02R1B,DIVOPUS ABANCAY,02,APURIMAC,02R1,APURIMAC,-13.51245188,-72.81312014
364,G,1055,5138,CPNP CHIMBAN,E,223298,UTM / 17 SUR / WGS84,CAJAMARCA,APROBADO CON RESOLUCION DE COMANDANCIA GENERAL DE LA POLICIA NACIONAL N° 149-2020-CG  PNP/ SCG DEL 30MAY2020,06,CAJAMARCA,0604,CHOTA,060405,CHIMBAN,05R1B,DIVOPUS CAJAMARCA,05,CAJAMARCA,05R1,CAJAMARCA,-6.251493451,-78.47827403
365,F,1137,5341,CPNP CHINCHA BAJA,D,225878,UTM / 18 SUR / WGS84,ICA,APROBADO CON RESOLUCION DE COMANDANCIA GENERAL DE LA POLICIA NACIONAL N° 149-2020-CG  PNP/ SCG DEL 30MAY2020,11,ICA,1102,CHINCHA,110204,CHINCHA BAJA,09R1A,DIVPOL CHINCHA,09,ICA,09R1,ICA,-13.458847351,-76.16161554
366,G,1182,5454,CPNP TAPAYRIHUA,E,223416,UTM / 18 SUR / WGS84,APURIMAC,APROBADO CON RESOLUCION DE COMANDANCIA GENERAL DE LA POLICIA NACIONAL N° 149-2020-CG  PNP/ SCG DEL 30MAY2020,03,APURIMAC,0304,AYMARAES,030414,TAPAIRIHUA,02R1B,DIVOPUS ABANCAY,02,APURIMAC,02R1,APURIMAC,-14.14152577,-73.140442081
367,G,1183,5457,CPNP TINTAY,E,223415,UTM / 18 SUR / WGS84,APURIMAC,APROBADO CON RESOLUCION DE COMANDANCIA GENERAL DE LA POLICIA NACIONAL N° 149-2020-CG  PNP/ SCG DEL 30MAY2020,03,APURIMAC,0304,AYMARAES,030415,TINTAY,02R1B,DIVOPUS ABANCAY,02,APURIMAC,02R1,APURIMAC,-13.96041507,-73.18352279
368,G,1095,5088,CPNP SAN GREGORIO,E,223247,UTM / 17 SUR / WGS84,CAJAMARCA,APROBADO CON RESOLUCION DE COMANDANCIA GENERAL DE LA POLICIA NACIONAL N° 149-2020-CG  PNP/ SCG DEL 30MAY2020,06,CAJAMARCA,0611,SAN MIGUEL,061110,SAN GREGORIO,05R1B,DIVOPUS CAJAMARCA,05,CAJAMARCA,05R1,CAJAMARCA,-7.05721836,-79.09527553
369,F,9061,5406,CPNP YANACA,E,223417,UTM / 18 SUR / WGS84,APURIMAC,APROBADO CON RESOLUCION DE COMANDANCIA GENERAL DE LA POLICIA NACIONAL N° 149-2020-CG  PNP/ SCG DEL 30MAY2020,03,APURIMAC,0304,AYMARAES,030417,YANACA,02R1B,DIVOPUS ABANCAY,02,APURIMAC,02R1,APURIMAC,-14.225944941,-73.16020696
370,F,0736,5460,CPNP COTABAMBAS,E,223443,UTM / 18 SUR / WGS84,APURIMAC,APROBADO CON RESOLUCION DE COMANDANCIA GENERAL DE LA POLICIA NACIONAL N° 149-2020-CG  PNP/ SCG DEL 30MAY2020,03,APURIMAC,0305,COTABAMBAS,030502,COTABAMBAS,02R1B,DIVOPUS ABANCAY,02,APURIMAC,02R1,APURIMAC,-13.747600001,-72.357056
371,G,0737,5462,CPNP CCOYLLURQUI,E,223444,UTM / 18 SUR / WGS84,APURIMAC,APROBADO CON RESOLUCION DE COMANDANCIA GENERAL DE LA POLICIA NACIONAL N° 149-2020-CG  PNP/ SCG DEL 30MAY2020,03,APURIMAC,0305,COTABAMBAS,030503,COYLLURQUI,02R1B,DIVOPUS ABANCAY,02,APURIMAC,02R1,APURIMAC,-13.83721338,-72.43218474
372,G,1056,5118,CPNP COCHABAMBA,D,223284,UTM / 17 SUR / WGS84,CAJAMARCA,APROBADO CON RESOLUCION DE COMANDANCIA GENERAL DE LA POLICIA NACIONAL N° 149-2020-CG  PNP/ SCG DEL 30MAY2020,06,CAJAMARCA,0604,CHOTA,060407,COCHABAMBA,05R1B,DIVOPUS CAJAMARCA,05,CAJAMARCA,05R1,CAJAMARCA,-6.47496651,-78.88594926
373,G,1057,5132,CPNP CONCHAN,E,223295,UTM / 17 SUR / WGS84,CAJAMARCA,APROBADO CON RESOLUCION DE COMANDANCIA GENERAL DE LA POLICIA NACIONAL N° 149-2020-CG  PNP/ SCG DEL 30MAY2020,06,CAJAMARCA,0604,CHOTA,060408,CONCHAN,05R1B,DIVOPUS CAJAMARCA,05,CAJAMARCA,05R1,CAJAMARCA,-6.44443592,-78.65537076
374,F,0738,5464,CPNP HAQUIRA,C,223448,UTM / 18 SUR / WGS84,APURIMAC,APROBADO CON RESOLUCION DE COMANDANCIA GENERAL DE LA POLICIA NACIONAL N° 149-2020-CG  PNP/ SCG DEL 30MAY2020,03,APURIMAC,0305,COTABAMBAS,030504,HAQUIRA,02R1B,DIVOPUS ABANCAY,02,APURIMAC,02R1,APURIMAC,-14.21388045,-72.18944681
375,G,5036,5461,CPNP MARA,C,223451,UTM / 18 SUR / WGS84,APURIMAC,APROBADO CON RESOLUCION DE COMANDANCIA GENERAL DE LA POLICIA NACIONAL N° 149-2020-CG  PNP/ SCG DEL 30MAY2020,03,APURIMAC,0305,COTABAMBAS,030505,MARA,02R1B,DIVOPUS ABANCAY,02,APURIMAC,02R1,APURIMAC,-14.08645351,-72.10228731
376,F,0739,5465,CPNP CHALLHUAHUACHO,B,223445,UTM / 18 SUR / WGS84,APURIMAC,APROBADO CON RESOLUCION DE COMANDANCIA GENERAL DE LA POLICIA NACIONAL N° 149-2020-CG  PNP/ SCG DEL 30MAY2020,03,APURIMAC,0305,COTABAMBAS,030506,CHALLHUAHUACHO,02R1B,DIVOPUS ABANCAY,02,APURIMAC,02R1,APURIMAC,-14.11842109,-72.24616186
377,F,0256,1419,CPNP GRANADA,E,222011,UTM / 18 SUR / WGS84,AMAZONAS,APROBADO CON RESOLUCION DE COMANDANCIA GENERAL DE LA POLICIA NACIONAL N° 149-2020-CG  PNP/ SCG DEL 30MAY2020,01,AMAZONAS,0101,CHACHAPOYAS,010107,GRANADA,19R1A,DIVOPUS AMAZONAS,19,SAN MARTIN,19R1,AMAZONAS,-6.1069592,-77.628010349
378,G,0096,0931,CPNP TOCMOCHE,E,223291,UTM / 17 SUR / WGS84,CAJAMARCA,APROBADO CON RESOLUCION DE COMANDANCIA GENERAL DE LA POLICIA NACIONAL N° 149-2020-CG  PNP/ SCG DEL 30MAY2020,06,CAJAMARCA,0604,CHOTA,060418,TOCMOCHE,05R1B,DIVOPUS CAJAMARCA,05,CAJAMARCA,05R1,CAJAMARCA,-6.41305696,-79.36084593
379,G,1192,5438,CPNP PALPACACHI - MARISCAL GAMARRA,E,223439,UTM / 18 SUR / WGS84,APURIMAC,APROBADO CON RESOLUCION DE COMANDANCIA GENERAL DE LA POLICIA NACIONAL N° 149-2020-CG  PNP/ SCG DEL 30MAY2020,03,APURIMAC,0307,GRAU,030703,GAMARRA,02R1B,DIVOPUS ABANCAY,02,APURIMAC,02R1,APURIMAC,-13.87203056,-72.508565609
380,G,1067,5042,CPNP TRINIDAD,E,223279,UTM / 17 SUR / WGS84,CAJAMARCA,APROBADO CON RESOLUCION DE COMANDANCIA GENERAL DE LA POLICIA NACIONAL N° 149-2020-CG  PNP/ SCG DEL 30MAY2020,06,CAJAMARCA,0605,CONTUMAZA,060503,CUPISNIQUE,05R1B,DIVOPUS CAJAMARCA,05,CAJAMARCA,05R1,CAJAMARCA,-7.349131289,-79.03021429
381,F,1071,5044,CPNP TANTARICA - CATAN,E,223262,UTM / 17 SUR / WGS84,CAJAMARCA,APROBADO CON RESOLUCION DE COMANDANCIA GENERAL DE LA POLICIA NACIONAL N° 149-2020-CG  PNP/ SCG DEL 30MAY2020,06,CAJAMARCA,0605,CONTUMAZA,060507,TANTARICA,05R1B,DIVOPUS CAJAMARCA,05,CAJAMARCA,05R1,CAJAMARCA,-7.3006765,-78.93310234
382,G,0090,1078,CPNP PIMPINGOS,E,223312,UTM / 17 SUR / WGS84,CAJAMARCA,APROBADO CON RESOLUCION DE COMANDANCIA GENERAL DE LA POLICIA NACIONAL N° 149-2020-CG  PNP/ SCG DEL 30MAY2020,06,CAJAMARCA,0606,CUTERVO,060606,PIMPINGOS,05R1B,DIVOPUS CAJAMARCA,05,CAJAMARCA,05R1,CAJAMARCA,-6.0613543,-78.75804229
383,F,1194,5430,CPNP PROGRESO,D,223437,UTM / 18 SUR / WGS84,APURIMAC,APROBADO CON RESOLUCION DE COMANDANCIA GENERAL DE LA POLICIA NACIONAL N° 149-2020-CG  PNP/ SCG DEL 30MAY2020,03,APURIMAC,0307,GRAU,030708,PROGRESO,02R1B,DIVOPUS ABANCAY,02,APURIMAC,02R1,APURIMAC,-14.074088919,-72.47545379
384,F,0672,3544,CPNP ANCAHUASI,E,218237,UTM / 18 SUR / WGS84,CUSCO,APROBADO CON RESOLUCION DE COMANDANCIA GENERAL DE LA POLICIA NACIONAL N° 149-2020-CG  PNP/ SCG DEL 30MAY2020,08,CUSCO,0803,ANTA,080302,ANCAHUASI,07R1B,DIVOPUS CUSCO,07,CUSCO,07R1,CUSCO,-13.456377949,-72.30148278
385,F,0679,3541,CPNP ZURITE,E,218236,UTM / 18 SUR / WGS84,CUSCO,APROBADO CON RESOLUCION DE COMANDANCIA GENERAL DE LA POLICIA NACIONAL N° 149-2020-CG  PNP/ SCG DEL 30MAY2020,08,CUSCO,0803,ANTA,080309,ZURITE,07R1B,DIVOPUS CUSCO,07,CUSCO,07R1,CUSCO,-13.45536535,-72.2553072
386,G,1120,5372,CPNP OTOCA,E,223566,UTM / 18 SUR / WGS84,AYACUCHO,MODIFICADO CON RESOLUCI├▓N DE COMANDANCIA GENERAL DE LA POLICIA NACIONAL N° 066-2021-CG PNP/ EMG DEL 13ABR2021,05,AYACUCHO,0506,LUCANAS,050613,OTOCA,09R1B,DIVOPUS ICA,09,ICA,09R1,ICA,-14.49024894,-74.68663969
387,F,5057,3467,CPNP PACAPAUSA,E,218563,UTM / 18 SUR / WGS84,AYACUCHO,APROBADO CON RESOLUCION DE COMANDANCIA GENERAL DE LA POLICIA NACIONAL N° 149-2020-CG  PNP/ SCG DEL 30MAY2020,05,AYACUCHO,0507,PARINACOCHAS,050704,PACAPAUSA,04R1A,DIVOPUS AYACUCHO,04,AYACUCHO,04R1,AYACUCHO,-14.949921181,-73.36799487
388,G,1061,5126,CPNP QUEROCOTO,E,223288,UTM / 17 SUR / WGS84,CAJAMARCA,APROBADO CON RESOLUCION DE COMANDANCIA GENERAL DE LA POLICIA NACIONAL N° 149-2020-CG  PNP/ SCG DEL 30MAY2020,06,CAJAMARCA,0604,CHOTA,060415,QUEROCOTO,05R1B,DIVOPUS CAJAMARCA,05,CAJAMARCA,05R1,CAJAMARCA,-6.35926065,-79.03444793
389,G,0095,0933,CPNP SAN JUAN DE LICUPIS,E,223292,UTM / 17 SUR / WGS84,CAJAMARCA,APROBADO CON RESOLUCION DE COMANDANCIA GENERAL DE LA POLICIA NACIONAL N° 149-2020-CG  PNP/ SCG DEL 30MAY2020,06,CAJAMARCA,0604,CHOTA,060416,SAN JUAN DE LICUPIS,05R1B,DIVOPUS CAJAMARCA,05,CAJAMARCA,05R1,CAJAMARCA,-6.42523315,-79.24320376
390,G,0092,1042,CPNP LA SACILIA,E,223315,UTM / 17 SUR / WGS84,CAJAMARCA,APROBADO CON RESOLUCION DE COMANDANCIA GENERAL DE LA POLICIA NACIONAL N° 149-2020-CG  PNP/ SCG DEL 30MAY2020,06,CAJAMARCA,0606,CUTERVO,060615,TORIBIO CASANOVA,05R1B,DIVOPUS CAJAMARCA,05,CAJAMARCA,05R1,CAJAMARCA,-6.00641773,-78.69956817
391,E,0262,1416,CPNP SAN FRANCISCO DE DAGUAS - PIPUS,D,222009,UTM / 18 SUR / WGS84,AMAZONAS,APROBADO CON RESOLUCION DE COMANDANCIA GENERAL DE LA POLICIA NACIONAL N° 149-2020-CG  PNP/ SCG DEL 30MAY2020,01,AMAZONAS,0101,CHACHAPOYAS,010118,SAN FRANCISCO DE DAGUAS,19R1A,DIVOPUS AMAZONAS,19,SAN MARTIN,19R1,AMAZONAS,-6.2289396,-77.7331947
392,B,0342,3370,CPNP CANGALLO,C,218529,UTM / 18 SUR / WGS84,AYACUCHO,APROBADO CON RESOLUCION DE COMANDANCIA GENERAL DE LA POLICIA NACIONAL N° 149-2020-CG  PNP/ SCG DEL 30MAY2020,05,NA,0502,CANGALLO,050201,CANGALLO,04R1A,DIVOPUS AYACUCHO,04,AYACUCHO,04R1,AYACUCHO,-13.628968301,-74.14362756
393,G,0583,3261,CPNP PILPICHACA,D,218079,UTM / 18 SUR / WGS84,HUANCAVELICA,APROBADO CON RESOLUCION DE COMANDANCIA GENERAL DE LA POLICIA NACIONAL N° 149-2020-CG  PNP/ SCG DEL 30MAY2020,09,NA,0906,HUAYTARA,090607,PILPICHACA,10R1A,DIVOPUS HUANCAVELICA,10,JUNIN,10R1,HUANCAVELICA,-13.33095924,-74.97686013
394,E,0258,1425,CPNP LEYMEBAMBA,E,222013,UTM / 18 SUR / WGS84,AMAZONAS,APROBADO CON RESOLUCION DE COMANDANCIA GENERAL DE LA POLICIA NACIONAL N° 149-2020-CG  PNP/ SCG DEL 30MAY2020,01,AMAZONAS,0101,CHACHAPOYAS,010110,LEIMEBAMBA,19R1A,DIVOPUS AMAZONAS,19,SAN MARTIN,19R1,AMAZONAS,-6.70773171,-77.80345723
395,E,0270,1462,CPNP JAZAN,B,222068,UTM / 18 SUR / WGS84,AMAZONAS,APROBADO CON RESOLUCION DE COMANDANCIA GENERAL DE LA POLICIA NACIONAL N° 149-2020-CG  PNP/ SCG DEL 30MAY2020,01,AMAZONAS,0103,BONGARA,010307,JAZAN,19R1A,DIVOPUS AMAZONAS,19,SAN MARTIN,19R1,AMAZONAS,-5.943296001,-77.9781838
396,B,0273,1440,CPNP LAMUD,B,222055,UTM / 18 SUR / WGS84,AMAZONAS,APROBADO CON RESOLUCION DE COMANDANCIA GENERAL DE LA POLICIA NACIONAL N° 149-2020-CG  PNP/ SCG DEL 30MAY2020,01,AMAZONAS,0105,LUYA,010501,LAMUD,19R1A,DIVOPUS AMAZONAS,19,SAN MARTIN,19R1,AMAZONAS,-6.139287,-77.9522495
397,B,0268,1465,CPNP JUMBILLA,E,222075,UTM / 18 SUR / WGS84,AMAZONAS,APROBADO CON RESOLUCION DE COMANDANCIA GENERAL DE LA POLICIA NACIONAL N° 149-2020-CG  PNP/ SCG DEL 30MAY2020,01,AMAZONAS,0103,BONGARA,010301,JUMBILLA,19R1A,DIVOPUS AMAZONAS,19,SAN MARTIN,19R1,AMAZONAS,-5.9032456,-77.7988505
398,B,0964,4845,CPNP AIJA,D,222140,UTM / 18 SUR / WGS84,ANCASH,APROBADO CON RESOLUCION DE COMANDANCIA GENERAL DE LA POLICIA NACIONAL N° 149-2020-CG  PNP/ SCG DEL 30MAY2020,02,ANCASH,0202,AIJA,020201,AIJA,01R1B,DIVOPUS HUARAZ,01,ANCASH,01R1,ANCASH,-9.78325764,-77.60940487
399,B,0965,4972,CPNP ANTONIO RAYMONDI - LLAMELLIN,E,222195,UTM / 18 SUR / WGS84,ANCASH,APROBADO CON RESOLUCION DE COMANDANCIA GENERAL DE LA POLICIA NACIONAL N° 149-2020-CG  PNP/ SCG DEL 30MAY2020,02,ANCASH,0203,ANTONIO RAYMONDI,020301,LLAMELLIN,01R1B,DIVOPUS HUARAZ,01,ANCASH,01R1,ANCASH,-9.10033245,-77.01650839
400,E,0969,4820,CPNP CHASQUITAMBO,C,222144,UTM / 18 SUR / WGS84,ANCASH,APROBADO CON RESOLUCION DE COMANDANCIA GENERAL DE LA POLICIA NACIONAL N° 149-2020-CG  PNP/ SCG DEL 30MAY2020,02,ANCASH,0205,BOLOGNESI,020507,COLQUIOC,01R1B,DIVOPUS HUARAZ,01,ANCASH,01R1,ANCASH,-10.31293277,-77.61756694
401,B,0966,4964,CPNP ASUNCION - CHACAS,D,222198,UTM / 18 SUR / WGS84,ANCASH,APROBADO CON RESOLUCION DE COMANDANCIA GENERAL DE LA POLICIA NACIONAL N° 149-2020-CG  PNP/ SCG DEL 30MAY2020,02,ANCASH,0204,ASUNCION,020401,CHACAS,01R1B,DIVOPUS HUARAZ,01,ANCASH,01R1,ANCASH,-9.16337613,-77.366534461
402,B,0967,4815,CPNP BOLOGNESI CHIQUIAN,B,222141,UTM / 18 SUR / WGS84,ANCASH,APROBADO CON RESOLUCION DE COMANDANCIA GENERAL DE LA POLICIA NACIONAL N° 149-2020-CG  PNP/ SCG DEL 30MAY2020,02,ANCASH,0205,BOLOGNESI,020501,CHIQUIAN,01R1B,DIVOPUS HUARAZ,01,ANCASH,01R1,ANCASH,-10.154785759,-77.15741416
403,B,0973,4870,CPNP CARHUAZ,B,222160,UTM / 18 SUR / WGS84,ANCASH,APROBADO CON RESOLUCION DE COMANDANCIA GENERAL DE LA POLICIA NACIONAL N° 149-2020-CG  PNP/ SCG DEL 30MAY2020,02,ANCASH,0206,CARHUAZ,020601,CARHUAZ,01R1B,DIVOPUS HUARAZ,01,ANCASH,01R1,ANCASH,-9.28248511,-77.64606581
404,B,0976,4966,CPNP SAN LUIS - CARLOS FERMIN FITZCARRALD,D,222193,UTM / 18 SUR / WGS84,ANCASH,APROBADO CON RESOLUCION DE COMANDANCIA GENERAL DE LA POLICIA NACIONAL N° 149-2020-CG  PNP/ SCG DEL 30MAY2020,02,ANCASH,0207,CARLOS FERMIN FITZCARRALD,020701,SAN LUIS,01R1B,DIVOPUS HUARAZ,01,ANCASH,01R1,ANCASH,-9.09459398,-77.33019334
405,E,0980,4882,CPNP LA PAMPA,E,222178,UTM / 18 SUR / WGS84,ANCASH,APROBADO CON RESOLUCION DE COMANDANCIA GENERAL DE LA POLICIA NACIONAL N° 149-2020-CG  PNP/ SCG DEL 30MAY2020,02,ANCASH,0209,CORONGO,020905,LA PAMPA,01R1B,DIVOPUS HUARAZ,01,ANCASH,01R1,ANCASH,-8.66255567,-77.901200421
406,B,0981,4950,CPNP HUARI,A,222179,UTM / 18 SUR / WGS84,ANCASH,APROBADO CON RESOLUCION DE COMANDANCIA GENERAL DE LA POLICIA NACIONAL N° 149-2020-CG  PNP/ SCG DEL 30MAY2020,02,ANCASH,0210,HUARI,021001,HUARI,01R1B,DIVOPUS HUARAZ,01,ANCASH,01R1,ANCASH,-9.34729651,-77.17070632
407,B,0989,4855,CPNP CARAZ,B,222172,UTM / 18 SUR / WGS84,ANCASH,APROBADO CON RESOLUCION DE COMANDANCIA GENERAL DE LA POLICIA NACIONAL N° 149-2020-CG  PNP/ SCG DEL 30MAY2020,02,ANCASH,0212,HUAYLAS,021201,CARAZ,01R1B,DIVOPUS HUARAZ,01,ANCASH,01R1,ANCASH,-9.04607706,-77.81157488
408,B,0992,4850,CPNP OCROS,D,222170,UTM / 18 SUR / WGS84,ANCASH,APROBADO CON RESOLUCION DE COMANDANCIA GENERAL DE LA POLICIA NACIONAL N° 149-2020-CG  PNP/ SCG DEL 30MAY2020,02,ANCASH,0214,OCROS,021401,OCROS,01R1B,DIVOPUS HUARAZ,01,ANCASH,01R1,ANCASH,-10.40369771,-77.396847821
409,B,1000,4970,CPNP POMABAMBA,C,222189,UTM / 18 SUR / WGS84,ANCASH,APROBADO CON RESOLUCION DE COMANDANCIA GENERAL DE LA POLICIA NACIONAL N° 149-2020-CG  PNP/ SCG DEL 30MAY2020,02,ANCASH,0216,POMABAMBA,021601,POMABAMBA,01R1B,DIVOPUS HUARAZ,01,ANCASH,01R1,ANCASH,-8.81941943,-77.461394241
410,E,1003,4840,CPNP COTAPARACO,E,222159,UTM / 18 SUR / WGS84,ANCASH,APROBADO CON RESOLUCION DE COMANDANCIA GENERAL DE LA POLICIA NACIONAL N° 149-2020-CG  PNP/ SCG DEL 30MAY2020,02,ANCASH,0217,RECUAY,021703,COTAPARACO,01R1B,DIVOPUS HUARAZ,01,ANCASH,01R1,ANCASH,-9.994516861,-77.58747285
411,B,1001,4830,CPNP RECUAY,B,222154,UTM / 18 SUR / WGS84,ANCASH,APROBADO CON RESOLUCION DE COMANDANCIA GENERAL DE LA POLICIA NACIONAL N° 149-2020-CG  PNP/ SCG DEL 30MAY2020,02,ANCASH,0217,RECUAY,021701,RECUAY,01R1B,DIVOPUS HUARAZ,01,ANCASH,01R1,ANCASH,-9.71903119,-77.45661348
412,E,1004,4837,CPNP MARCA,E,222158,UTM / 18 SUR / WGS84,ANCASH,APROBADO CON RESOLUCION DE COMANDANCIA GENERAL DE LA POLICIA NACIONAL N° 149-2020-CG  PNP/ SCG DEL 30MAY2020,02,ANCASH,0217,RECUAY,021706,MARCA,01R1B,DIVOPUS HUARAZ,01,ANCASH,01R1,ANCASH,-10.08881012,-77.47510949
413,E,1163,5408,CPNP CASINCHIHUA,E,223410,UTM / 18 SUR / WGS84,APURIMAC,APROBADO CON RESOLUCION DE COMANDANCIA GENERAL DE LA POLICIA NACIONAL N° 149-2020-CG  PNP/ SCG DEL 30MAY2020,03,APURIMAC,0301,ABANCAY,030102,CHACOCHE,02R1B,DIVOPUS ABANCAY,02,APURIMAC,02R1,APURIMAC,-13.87633666,-73.02693689
414,B,1023,4865,CPNP YUNGAY,A,222165,UTM / 18 SUR / WGS84,ANCASH,APROBADO CON RESOLUCION DE COMANDANCIA GENERAL DE LA POLICIA NACIONAL N° 149-2020-CG  PNP/ SCG DEL 30MAY2020,02,ANCASH,0220,YUNGAY,022001,YUNGAY,01R1B,DIVOPUS HUARAZ,01,ANCASH,01R1,ANCASH,-9.14096602,-77.744557801
415,E,1179,5445,CPNP PACHACONAS,E,223422,UTM / 18 SUR / WGS84,APURIMAC,APROBADO CON RESOLUCION DE COMANDANCIA GENERAL DE LA POLICIA NACIONAL N° 149-2020-CG  PNP/ SCG DEL 30MAY2020,03,APURIMAC,0303,ANTABAMBA,030306,PACHACONAS,02R1B,DIVOPUS ABANCAY,02,APURIMAC,02R1,APURIMAC,-14.22348574,-73.01631968
416,B,1177,5456,CPNP ANTABAMBA,C,223418,UTM / 18 SUR / WGS84,APURIMAC,APROBADO CON RESOLUCION DE COMANDANCIA GENERAL DE LA POLICIA NACIONAL N° 149-2020-CG  PNP/ SCG DEL 30MAY2020,03,APURIMAC,0303,ANTABAMBA,030301,ANTABAMBA,02R1B,DIVOPUS ABANCAY,02,APURIMAC,02R1,APURIMAC,-14.36750001,-72.87280001
417,E,1178,5452,CPNP TOTORA - OROPESA,E,223421,UTM / 18 SUR / WGS84,APURIMAC,APROBADO CON RESOLUCION DE COMANDANCIA GENERAL DE LA POLICIA NACIONAL N° 149-2020-CG  PNP/ SCG DEL 30MAY2020,03,APURIMAC,0303,ANTABAMBA,030305,OROPESA,02R1B,DIVOPUS ABANCAY,02,APURIMAC,02R1,APURIMAC,-14.26037045,-72.56335404
418,B,1180,5440,CPNP CHALHUANCA - AYMARAES,C,223411,UTM / 18 SUR / WGS84,APURIMAC,APROBADO CON RESOLUCION DE COMANDANCIA GENERAL DE LA POLICIA NACIONAL N° 149-2020-CG  PNP/ SCG DEL 30MAY2020,03,APURIMAC,0304,AYMARAES,030401,CHALHUANCA,02R1B,DIVOPUS ABANCAY,02,APURIMAC,02R1,APURIMAC,-14.295239231,-73.24763498
419,B,1191,7850,CPNP CHUQUIBAMBILLA,C,223433,UTM / 18 SUR / WGS84,APURIMAC,APROBADO CON RESOLUCION DE COMANDANCIA GENERAL DE LA POLICIA NACIONAL N° 149-2020-CG  PNP/ SCG DEL 30MAY2020,03,APURIMAC,0307,GRAU,030701,CHUQUIBAMBILLA,02R1B,DIVOPUS ABANCAY,02,APURIMAC,02R1,APURIMAC,-14.10328455,-72.70692152
420,B,0666,7845,CPNP ACOMAYO,B,218244,UTM / 19 SUR / WGS84,CUSCO,APROBADO CON RESOLUCION DE COMANDANCIA GENERAL DE LA POLICIA NACIONAL N° 149-2020-CG  PNP/ SCG DEL 30MAY2020,08,CUSCO,0802,ACOMAYO,080201,ACOMAYO,07R1B,DIVOPUS CUSCO,07,CUSCO,07R1,CUSCO,-13.92297639,-71.679629949
421,E,0596,3034,CPNP ORCOTUNA,C,217864,UTM / 18 SUR / WGS84,JUNIN,APROBADO CON RESOLUCION DE COMANDANCIA GENERAL DE LA POLICIA NACIONAL N° 149-2020-CG  PNP/ SCG DEL 30MAY2020,12,JUNIN,1202,CONCEPCION,120213,ORCOTUNA,10R2A,DIVOPUS HUANCAYO,10,JUNIN,10R2,JUNIN,-11.96710038,-75.30721848
422,E,5046,3471,CPNP MARCABAMBA,E,218568,UTM / 18 SUR / WGS84,AYACUCHO,MODIFICACION PARCIAL DEL LIMITE. APROBADO CON RESOLUCION DE COMANDANCIA GENERAL DE LA POLICIA NACIONAL N° 348-2023-CG┬ÁPNP/EMG DEL 06SEP2023,05,AYACUCHO,0508,PAUCAR DEL SARA SARA,050805,MARCABAMBA,04R1A,DIVOPUS AYACUCHO,04,AYACUCHO,04R1,AYACUCHO,-15.1490685,-73.34115433
423,B,0708,3554,CPNP QUISPICANCHIS - URCOS,B,218207,UTM / 19 SUR / WGS84,CUSCO,APROBADO CON RESOLUCION DE COMANDANCIA GENERAL DE LA POLICIA NACIONAL N° 149-2020-CG  PNP/ SCG DEL 30MAY2020,08,CUSCO,0812,QUISPICANCHI,081201,URCOS,07R1B,DIVOPUS CUSCO,07,CUSCO,07R1,CUSCO,-13.68845132,-71.625344
424,E,0718,3562,CPNP OROPESA,D,218214,UTM / 19 SUR / WGS84,CUSCO,APROBADO CON RESOLUCION DE COMANDANCIA GENERAL DE LA POLICIA NACIONAL N° 149-2020-CG  PNP/ SCG DEL 30MAY2020,08,CUSCO,0812,QUISPICANCHI,081211,OROPESA,07R1B,DIVOPUS CUSCO,07,CUSCO,07R1,CUSCO,-13.60034953,-71.766072271
425,B,0346,3415,CPNP LUCANAS - PUQUIO,B,218552,UTM / 18 SUR / WGS84,AYACUCHO,APROBADO CON RESOLUCION DE COMANDANCIA GENERAL DE LA POLICIA NACIONAL N° 149-2020-CG  PNP/ SCG DEL 30MAY2020,05,AYACUCHO,0506,LUCANAS,050601,PUQUIO,04R1A,DIVOPUS AYACUCHO,04,AYACUCHO,04R1,AYACUCHO,-14.6937357,-74.12811458
426,E,0347,3455,CPNP AUCARA,E,218556,UTM / 18 SUR / WGS84,AYACUCHO,APROBADO CON RESOLUCION DE COMANDANCIA GENERAL DE LA POLICIA NACIONAL N° 149-2020-CG  PNP/ SCG DEL 30MAY2020,05,AYACUCHO,0506,LUCANAS,050602,AUCARA,04R1A,DIVOPUS AYACUCHO,04,AYACUCHO,04R1,AYACUCHO,-14.28075007,-73.97468043
427,E,0348,3450,CPNP CABANA SUR,E,218555,UTM / 18 SUR / WGS84,AYACUCHO,APROBADO CON RESOLUCION DE COMANDANCIA GENERAL DE LA POLICIA NACIONAL N° 149-2020-CG  PNP/ SCG DEL 30MAY2020,05,AYACUCHO,0506,LUCANAS,050603,CABANA,04R1A,DIVOPUS AYACUCHO,04,AYACUCHO,04R1,AYACUCHO,-14.2888762,-73.967260069
428,E,0349,3457,CPNP ANDAMARCA,E,218557,UTM / 18 SUR / WGS84,AYACUCHO,APROBADO CON RESOLUCION DE COMANDANCIA GENERAL DE LA POLICIA NACIONAL N° 149-2020-CG  PNP/ SCG DEL 30MAY2020,05,AYACUCHO,0506,LUCANAS,050604,CARMEN SALCEDO,04R1A,DIVOPUS AYACUCHO,04,AYACUCHO,04R1,AYACUCHO,-14.38721606,-73.962692559
429,E,1314,3416,CPNP HUANCA,E,218559,UTM / 18 SUR / WGS84,AYACUCHO,APROBADO CON RESOLUCION DE COMANDANCIA GENERAL DE LA POLICIA NACIONAL N° 149-2020-CG  PNP/ SCG DEL 30MAY2020,05,AYACUCHO,0506,LUCANAS,050621,SANTA LUCIA,04R1A,DIVOPUS AYACUCHO,04,AYACUCHO,04R1,AYACUCHO,-15.11354621,-74.481057651
430,B,0352,3470,CPNP PAUCAR DEL SARA SARA,B,218565,UTM / 18 SUR / WGS84,AYACUCHO,APROBADO CON RESOLUCION DE COMANDANCIA GENERAL DE LA POLICIA NACIONAL N° 149-2020-CG  PNP/ SCG DEL 30MAY2020,05,AYACUCHO,0508,PAUCAR DEL SARA SARA,050801,PAUSA,04R1A,DIVOPUS AYACUCHO,04,AYACUCHO,04R1,AYACUCHO,-15.27854674,-73.34442303
431,B,0353,3406,CPNP QUEROBAMBA - SUCRE,E,218535,UTM / 18 SUR / WGS84,AYACUCHO,APROBADO CON RESOLUCION DE COMANDANCIA GENERAL DE LA POLICIA NACIONAL N° 149-2020-CG  PNP/ SCG DEL 30MAY2020,05,AYACUCHO,0509,SUCRE,050901,QUEROBAMBA,04R1A,DIVOPUS AYACUCHO,04,AYACUCHO,04R1,AYACUCHO,-14.01208008,-73.8386
432,B,0354,3377,CPNP HUANCAPI,D,218533,UTM / 18 SUR / WGS84,AYACUCHO,APROBADO CON RESOLUCION DE COMANDANCIA GENERAL DE LA POLICIA NACIONAL N° 149-2020-CG  PNP/ SCG DEL 30MAY2020,05,AYACUCHO,0510,VICTOR FAJARDO,051001,HUANCAPI,04R1A,DIVOPUS AYACUCHO,04,AYACUCHO,04R1,AYACUCHO,-13.751559581,-74.06588018
433,B,0700,3655,CPNP PARURO,C,221813,UTM / 19 SUR / WGS84,CUSCO,APROBADO CON RESOLUCION DE COMANDANCIA GENERAL DE LA POLICIA NACIONAL N° 149-2020-CG  PNP/ SCG DEL 30MAY2020,08,CUSCO,0810,PARURO,081001,PARURO,07R1B,DIVOPUS CUSCO,07,CUSCO,07R1,CUSCO,-13.760683061,-71.84950548
434,E,0355,3382,CPNP VILLA CANARIA,E,218537,UTM / 18 SUR / WGS84,AYACUCHO,APROBADO CON RESOLUCION DE COMANDANCIA GENERAL DE LA POLICIA NACIONAL N° 149-2020-CG  PNP/ SCG DEL 30MAY2020,05,AYACUCHO,0510,VICTOR FAJARDO,051005,CANARIA,04R1A,DIVOPUS AYACUCHO,04,AYACUCHO,04R1,AYACUCHO,-13.92344511,-73.9051856
435,E,1315,3385,CPNP TACA,E,218538,UTM / 18 SUR / WGS84,AYACUCHO,APROBADO CON RESOLUCION DE COMANDANCIA GENERAL DE LA POLICIA NACIONAL N° 149-2020-CG  PNP/ SCG DEL 30MAY2020,05,AYACUCHO,0510,VICTOR FAJARDO,051005,CANARIA,04R1A,DIVOPUS AYACUCHO,04,AYACUCHO,04R1,AYACUCHO,-13.958736279,-73.917663251
436,B,1086,5050,CPNP SAN MARCOS,B,223216,UTM / 17 SUR / WGS84,CAJAMARCA,APROBADO CON RESOLUCION DE COMANDANCIA GENERAL DE LA POLICIA NACIONAL N° 149-2020-CG  PNP/ SCG DEL 30MAY2020,06,CAJAMARCA,0610,SAN MARCOS,061001,PEDRO GALVEZ,05R1B,DIVOPUS CAJAMARCA,05,CAJAMARCA,05R1,CAJAMARCA,-7.33139051,-78.173255839
437,B,0356,3395,CPNP VILCASHUAMAN,D,218546,UTM / 18 SUR / WGS84,AYACUCHO,APROBADO CON RESOLUCION DE COMANDANCIA GENERAL DE LA POLICIA NACIONAL N° 149-2020-CG  PNP/ SCG DEL 30MAY2020,05,AYACUCHO,0511,VILCAS HUAMAN,051101,VILCAS HUAMAN,04R1A,DIVOPUS AYACUCHO,04,AYACUCHO,04R1,AYACUCHO,-13.65262181,-73.953840171
438,B,1039,5060,CPNP CAJABAMBA,A,223222,UTM / 17 SUR / WGS84,CAJAMARCA,APROBADO CON RESOLUCION DE COMANDANCIA GENERAL DE LA POLICIA NACIONAL N° 149-2020-CG  PNP/ SCG DEL 30MAY2020,06,CAJAMARCA,0602,CAJABAMBA,060201,CAJABAMBA,05R1B,DIVOPUS CAJAMARCA,05,CAJAMARCA,05R1,CAJAMARCA,-7.62785947,-78.04387459
439,B,1045,5100,CPNP CELENDIN,A,223230,UTM / 17 SUR / WGS84,CAJAMARCA,APROBADO CON RESOLUCION DE COMANDANCIA GENERAL DE LA POLICIA NACIONAL N° 149-2020-CG  PNP/ SCG DEL 30MAY2020,06,CAJAMARCA,0603,CELENDIN,060301,CELENDIN,05R1B,DIVOPUS CAJAMARCA,05,CAJAMARCA,05R1,CAJAMARCA,-6.872107501,-78.142804619
440,B,1064,5030,CPNP CONTUMAZA,C,223256,UTM / 17 SUR / WGS84,CAJAMARCA,APROBADO CON RESOLUCION DE COMANDANCIA GENERAL DE LA POLICIA NACIONAL N° 149-2020-CG  PNP/ SCG DEL 30MAY2020,06,CAJAMARCA,0605,CONTUMAZA,060501,CONTUMAZA,05R1B,DIVOPUS CAJAMARCA,05,CAJAMARCA,05R1,CAJAMARCA,-7.36669437,-78.80691486
441,B,0120,0998,CPNP SANTA CRUZ,B,223264,UTM / 17 SUR / WGS84,CAJAMARCA,APROBADO CON RESOLUCION DE COMANDANCIA GENERAL DE LA POLICIA NACIONAL N° 149-2020-CG  PNP/ SCG DEL 30MAY2020,06,CAJAMARCA,0613,SANTA CRUZ,061301,SANTA CRUZ,05R1B,DIVOPUS CAJAMARCA,05,CAJAMARCA,05R1,CAJAMARCA,-6.624765661,-78.94391623
442,E,0670,3624,CPNP SANGARARA,E,218248,UTM / 19 SUR / WGS84,CUSCO,APROBADO CON RESOLUCION DE COMANDANCIA GENERAL DE LA POLICIA NACIONAL N° 149-2020-CG  PNP/ SCG DEL 30MAY2020,08,CUSCO,0802,ACOMAYO,080207,SANGARARA,07R1B,DIVOPUS CUSCO,07,CUSCO,07R1,CUSCO,-13.94938839,-71.60529279
443,B,0655,3540,CPNP IZCUCHACA,C,218233,UTM / 18 SUR / WGS84,CUSCO,MODIFICACION PARCIAL DEL LIMITE. APROBADO CON RESOLUCION DE COMANDANCIA GENERAL DE LA POLICIA NACIONAL N° 348-2023-CG┬ÁPNP/EMG DEL 06SEP2023,08,CUSCO,0803,ANTA,080301,ANTA,07R1B,DIVOPUS CUSCO,07,CUSCO,07R1,CUSCO,-13.46410869,-72.14426798
444,B,0680,3550,CPNP CALCA,C,218198,UTM / 19 SUR / WGS84,CUSCO,APROBADO CON RESOLUCION DE COMANDANCIA GENERAL DE LA POLICIA NACIONAL N° 149-2020-CG  PNP/ SCG DEL 30MAY2020,08,CUSCO,0804,CALCA,080401,CALCA,07R1B,DIVOPUS CUSCO,07,CUSCO,07R1,CUSCO,-13.320335641,-71.95572567
445,E,0709,3560,CPNP ANDAHUAYLILLAS,E,218213,UTM / 19 SUR / WGS84,CUSCO,APROBADO CON RESOLUCION DE COMANDANCIA GENERAL DE LA POLICIA NACIONAL N° 149-2020-CG  PNP/ SCG DEL 30MAY2020,08,CUSCO,0812,QUISPICANCHI,081202,ANDAHUAYLILLAS,07R1B,DIVOPUS CUSCO,07,CUSCO,07R1,CUSCO,-13.67309767,-71.67762628
446,E,0714,3564,CPNP LUCRE,E,218215,UTM / 19 SUR / WGS84,CUSCO,APROBADO CON RESOLUCION DE COMANDANCIA GENERAL DE LA POLICIA NACIONAL N° 149-2020-CG  PNP/ SCG DEL 30MAY2020,08,CUSCO,0812,QUISPICANCHI,081208,LUCRE,07R1B,DIVOPUS CUSCO,07,CUSCO,07R1,CUSCO,-13.633964969,-71.736547691
447,E,0715,3566,CPNP HUAMBUTIO,E,218216,UTM / 19 SUR / WGS84,CUSCO,APROBADO CON RESOLUCION DE COMANDANCIA GENERAL DE LA POLICIA NACIONAL N° 149-2020-CG  PNP/ SCG DEL 30MAY2020,08,CUSCO,0812,QUISPICANCHI,081208,LUCRE,07R1B,DIVOPUS CUSCO,07,CUSCO,07R1,CUSCO,-13.58193127,-71.71378659
448,B,0720,3513,CPNP URUBAMBA,A,218188,UTM / 18 SUR / WGS84,CUSCO,APROBADO CON RESOLUCION DE COMANDANCIA GENERAL DE LA POLICIA NACIONAL N° 149-2020-CG  PNP/ SCG DEL 30MAY2020,08,CUSCO,0813,URUBAMBA,081301,URUBAMBA,07R1B,DIVOPUS CUSCO,07,CUSCO,07R1,CUSCO,-13.305558,-72.11487
449,B,0563,3265,CPNP ACOBAMBA,B,218080,UTM / 18 SUR / WGS84,HUANCAVELICA,APROBADO CON RESOLUCION DE COMANDANCIA GENERAL DE LA POLICIA NACIONAL N° 149-2020-CG  PNP/ SCG DEL 30MAY2020,09,HUANCAVELICA,0902,ACOBAMBA,090201,ACOBAMBA,10R1A,DIVOPUS HUANCAVELICA,10,JUNIN,10R1,HUANCAVELICA,-12.84196434,-74.56970035
450,E,0723,3535,CPNP MACHUPICCHU,D,218197,UTM / 18 SUR / WGS84,CUSCO,APROBADO CON RESOLUCION DE COMANDANCIA GENERAL DE LA POLICIA NACIONAL N° 149-2020-CG  PNP/ SCG DEL 30MAY2020,08,CUSCO,0813,URUBAMBA,081304,MACHUPICCHU,07R1B,DIVOPUS CUSCO,07,CUSCO,07R1,CUSCO,-13.154720961,-72.525454109
451,B,1107,5940,CPNP AMBO,C,217498,UTM / 18 SUR / WGS84,HUANUCO,APROBADO CON RESOLUCION DE COMANDANCIA GENERAL DE LA POLICIA NACIONAL N° 149-2020-CG  PNP/ SCG DEL 30MAY2020,10,HUANUCO,1002,AMBO,100201,AMBO,08R1B,DIVOPUS HUANUCO,08,HUANUCO,08R1,HUANUCO,-10.12759066,-76.20441456
452,B,1110,5934,CPNP DOS DE MAYO - LA UNI├ôN,B,217510,UTM / 18 SUR / WGS84,HUANUCO,APROBADO CON RESOLUCION DE COMANDANCIA GENERAL DE LA POLICIA NACIONAL N° 149-2020-CG  PNP/ SCG DEL 30MAY2020,10,HUANUCO,1003,DOS DE MAYO,100301,LA UNION,08R1B,DIVOPUS HUANUCO,08,HUANUCO,08R1,HUANUCO,-9.82810956,-76.801793581
453,B,1118,5930,CPNP CHAVINILLO,C,217503,UTM / 18 SUR / WGS84,HUANUCO,APROBADO CON RESOLUCION DE COMANDANCIA GENERAL DE LA POLICIA NACIONAL N° 149-2020-CG  PNP/ SCG DEL 30MAY2020,10,HUANUCO,1011,YAROWILCA,101101,CHAVINILLO,08R1B,DIVOPUS HUANUCO,08,HUANUCO,08R1,HUANUCO,-9.859308491,-76.60865167
454,E,1136,5353,CPNP ALTO LARAN,D,225880,UTM / 18 SUR / WGS84,ICA,APROBADO CON RESOLUCION DE COMANDANCIA GENERAL DE LA POLICIA NACIONAL N° 149-2020-CG  PNP/ SCG DEL 30MAY2020,11,ICA,1102,CHINCHA,110202,ALTO LARAN,09R1A,DIVPOL CHINCHA,09,ICA,09R1,ICA,-13.44238044,-76.08323594
455,E,1142,5347,CPNP TAMBO DE MORA,D,225877,UTM / 18 SUR / WGS84,ICA,APROBADO CON RESOLUCION DE COMANDANCIA GENERAL DE LA POLICIA NACIONAL N° 149-2020-CG  PNP/ SCG DEL 30MAY2020,11,ICA,1102,CHINCHA,110211,TAMBO DE MORA,09R1A,DIVPOL CHINCHA,09,ICA,09R1,ICA,-13.46066449,-76.183602249
456,B,1147,5365,CPNP PALPA,B,223562,UTM / 18 SUR / WGS84,ICA,APROBADO CON RESOLUCION DE COMANDANCIA GENERAL DE LA POLICIA NACIONAL N° 149-2020-CG  PNP/ SCG DEL 30MAY2020,11,ICA,1104,PALPA,110401,PALPA,09R1B,DIVOPUS ICA,09,ICA,09R1,ICA,-14.53429131,-75.18820985
457,E,0591,3036,CPNP SAN JERONIMO DE TUNAN,C,217861,UTM / 18 SUR / WGS84,JUNIN,APROBADO CON RESOLUCION DE COMANDANCIA GENERAL DE LA POLICIA NACIONAL N° 149-2020-CG  PNP/ SCG DEL 30MAY2020,12,JUNIN,1201,HUANCAYO,120130,SAN JERONIMO DE TUNAN,10R2A,DIVOPUS HUANCAYO,10,JUNIN,10R2,JUNIN,-11.94964771,-75.28232782
458,B,0594,3050,CPNP CONCEPCION,A,217858,UTM / 18 SUR / WGS84,JUNIN,APROBADO CON RESOLUCION DE COMANDANCIA GENERAL DE LA POLICIA NACIONAL N° 149-2020-CG  PNP/ SCG DEL 30MAY2020,12,JUNIN,1202,CONCEPCION,120201,CONCEPCION,10R2A,DIVOPUS HUANCAYO,10,JUNIN,10R2,JUNIN,-11.91878003,-75.31454353
459,E,0603,3043,CPNP ACOLLA,C,217879,UTM / 18 SUR / WGS84,JUNIN,APROBADO CON RESOLUCION DE COMANDANCIA GENERAL DE LA POLICIA NACIONAL N° 149-2020-CG  PNP/ SCG DEL 30MAY2020,12,JUNIN,1204,JAUJA,120402,ACOLLA,10R2A,DIVOPUS HUANCAYO,10,JUNIN,10R2,JUNIN,-11.73505831,-75.54305016
460,E,0608,3047,CPNP CARHUAMAYO,D,221803,UTM / 18 SUR / WGS84,JUNIN,APROBADO CON RESOLUCION DE COMANDANCIA GENERAL DE LA POLICIA NACIONAL N° 149-2020-CG  PNP/ SCG DEL 30MAY2020,12,JUNIN,1205,JUNIN,120502,CARHUAMAYO,10R2A,DIVOPUS HUANCAYO,10,JUNIN,10R2,JUNIN,-10.93403017,-76.05420784
461,B,0196,1201,CPNP ASCOPE,B,217029,UTM / 17 SUR / WGS84,LA LIBERTAD,MODIFICACION PARCIAL DEL LIMITE. APROBADO CON RESOLUCION DE COMANDANCIA GENERAL DE LA POLICIA NACIONAL N° 348-2023-CG┬ÁPNP/EMG DEL 06SEP2023,13,LA LIBERTAD,1302,ASCOPE,130201,ASCOPE,11R1A,DIVPOL PAIJAN,11,LA LIBERTAD,11R1,LA LIBERTAD,-7.71354433,-79.10697767
462,E,0615,3028,CPNP MOROCOCHA,C,217888,UTM / 18 SUR / WGS84,JUNIN,APROBADO CON RESOLUCION DE COMANDANCIA GENERAL DE LA POLICIA NACIONAL N° 149-2020-CG  PNP/ SCG DEL 30MAY2020,12,JUNIN,1208,YAULI,120805,MOROCOCHA,10R2A,DIVOPUS HUANCAYO,10,JUNIN,10R2,JUNIN,-11.587511339,-76.06255349
463,E,0201,1224,CPNP MAGDALENA DE CAO,D,217027,UTM / 17 SUR / WGS84,LA LIBERTAD,APROBADO CON RESOLUCION DE COMANDANCIA GENERAL DE LA POLICIA NACIONAL N° 149-2020-CG  PNP/ SCG DEL 30MAY2020,13,LA LIBERTAD,1302,ASCOPE,130204,MAGDALENA DE CAO,11R1A,DIVPOL PAIJAN,11,LA LIBERTAD,11R1,LA LIBERTAD,-7.87806654,-79.29400763
464,E,0214,1245,CPNP PUEBLO NUEVO,E,217068,UTM / 17 SUR / WGS84,LA LIBERTAD,APROBADO CON RESOLUCION DE COMANDANCIA GENERAL DE LA POLICIA NACIONAL N° 149-2020-CG  PNP/ SCG DEL 30MAY2020,13,LA LIBERTAD,1304,CHEPEN,130403,PUEBLO NUEVO,11R1A,DIVPOL PAIJAN,11,LA LIBERTAD,11R1,LA LIBERTAD,-7.18827516,-79.51493434
465,E,0212,1239,CPNP PACANGA,D,217066,UTM / 17 SUR / WGS84,LA LIBERTAD,APROBADO CON RESOLUCION DE COMANDANCIA GENERAL DE LA POLICIA NACIONAL N° 149-2020-CG  PNP/ SCG DEL 30MAY2020,13,LA LIBERTAD,1304,CHEPEN,130402,PACANGA,11R1A,DIVPOL PAIJAN,11,LA LIBERTAD,11R1,LA LIBERTAD,-7.17092864,-79.485751761
466,E,0213,1242,CPNP PACANGUILLA,E,217067,UTM / 17 SUR / WGS84,LA LIBERTAD,APROBADO CON RESOLUCION DE COMANDANCIA GENERAL DE LA POLICIA NACIONAL N° 149-2020-CG  PNP/ SCG DEL 30MAY2020,13,LA LIBERTAD,1304,CHEPEN,130402,PACANGA,11R1A,DIVPOL PAIJAN,11,LA LIBERTAD,11R1,LA LIBERTAD,-7.15907317,-79.44387505
467,E,0229,1198,CPNP JEQUETEPEQUE,D,217062,UTM / 17 SUR / WGS84,LA LIBERTAD,APROBADO CON RESOLUCION DE COMANDANCIA GENERAL DE LA POLICIA NACIONAL N° 149-2020-CG  PNP/ SCG DEL 30MAY2020,13,LA LIBERTAD,1307,PACASMAYO,130703,JEQUETEPEQUE,11R1A,DIVPOL PAIJAN,11,LA LIBERTAD,11R1,LA LIBERTAD,-7.337457879,-79.563903801
468,B,0215,1158,CPNP JULCAN,C,217001,UTM / 17 SUR / WGS84,LA LIBERTAD,APROBADO CON RESOLUCION DE COMANDANCIA GENERAL DE LA POLICIA NACIONAL N° 149-2020-CG  PNP/ SCG DEL 30MAY2020,13,LA LIBERTAD,1305,JULCAN,130501,JULCAN,11R1B,DIVPOL TRUJILLO,11,LA LIBERTAD,11R1,LA LIBERTAD,-8.04276771,-78.48697972
469,B,0217,1138,CPNP OTUZCO,B,216992,UTM / 17 SUR / WGS84,LA LIBERTAD,APROBADO CON RESOLUCION DE COMANDANCIA GENERAL DE LA POLICIA NACIONAL N° 149-2020-CG  PNP/ SCG DEL 30MAY2020,13,LA LIBERTAD,1306,OTUZCO,130601,OTUZCO,11R1B,DIVPOL TRUJILLO,11,LA LIBERTAD,11R1,LA LIBERTAD,-7.90523735,-78.565115569
470,B,0225,1142,CPNP SAMNE,E,216995,UTM / 17 SUR / WGS84,LA LIBERTAD,APROBADO CON RESOLUCION DE COMANDANCIA GENERAL DE LA POLICIA NACIONAL N° 149-2020-CG  PNP/ SCG DEL 30MAY2020,13,LA LIBERTAD,1306,OTUZCO,130601,OTUZCO,11R1B,DIVPOL TRUJILLO,11,LA LIBERTAD,11R1,LA LIBERTAD,-7.99523203,-78.68319098
471,B,0226,1186,CPNP SAN PEDRO DE LLOC,B,217052,UTM / 17 SUR / WGS84,LA LIBERTAD,APROBADO CON RESOLUCION DE COMANDANCIA GENERAL DE LA POLICIA NACIONAL N° 149-2020-CG  PNP/ SCG DEL 30MAY2020,13,LA LIBERTAD,1307,PACASMAYO,130701,SAN PEDRO DE LLOC,11R1A,DIVPOL PAIJAN,11,LA LIBERTAD,11R1,LA LIBERTAD,-7.42460358,-79.5029164
472,E,0231,1195,CPNP SAN JOSE,D,217061,UTM / 17 SUR / WGS84,LA LIBERTAD,APROBADO CON RESOLUCION DE COMANDANCIA GENERAL DE LA POLICIA NACIONAL N° 149-2020-CG  PNP/ SCG DEL 30MAY2020,13,LA LIBERTAD,1307,PACASMAYO,130705,SAN JOSE,11R1A,DIVPOL PAIJAN,11,LA LIBERTAD,11R1,LA LIBERTAD,-7.349758859,-79.45638237
473,B,0244,1251,CPNP CASCAS - GRAN CHIMU,C,217042,UTM / 17 SUR / WGS84,LA LIBERTAD,APROBADO CON RESOLUCION DE COMANDANCIA GENERAL DE LA POLICIA NACIONAL N° 149-2020-CG  PNP/ SCG DEL 30MAY2020,13,LA LIBERTAD,1311,GRAN CHIMU,131101,CASCAS,11R1A,DIVPOL PAIJAN,11,LA LIBERTAD,11R1,LA LIBERTAD,-7.48066344,-78.8182063
474,B,0245,1260,CPNP PUNTA MORENO,D,217047,UTM / 17 SUR / WGS84,LA LIBERTAD,APROBADO CON RESOLUCION DE COMANDANCIA GENERAL DE LA POLICIA NACIONAL N° 149-2020-CG  PNP/ SCG DEL 30MAY2020,13,LA LIBERTAD,1311,GRAN CHIMU,131101,CASCAS,11R1A,DIVPOL PAIJAN,11,LA LIBERTAD,11R1,LA LIBERTAD,-7.594582,-78.889628
475,E,0252,1174,CPNP GUADALUPITO,D,217017,UTM / 17 SUR / WGS84,LA LIBERTAD,APROBADO CON RESOLUCION DE COMANDANCIA GENERAL DE LA POLICIA NACIONAL N° 149-2020-CG  PNP/ SCG DEL 30MAY2020,13,LA LIBERTAD,1312,VIRU,131203,GUADALUPITO,11R1B,DIVPOL TRUJILLO,11,LA LIBERTAD,11R1,LA LIBERTAD,-8.95126213,-78.624220981
476,B,0949,4615,CPNP SANDIA,B,219348,UTM / 19 SUR / WGS84,PUNO,MODIFICACION PARCIAL DEL LIMITE. APROBADO CON RESOLUCION DE COMANDANCIA GENERAL DE LA POLICIA NACIONAL N° 348-2023-CG┬ÁPNP/EMG DEL 06SEP2023,21,PUNO,2112,SANDIA,211201,SANDIA,18R1A,DIVOPUS JULIACA,18,PUNO,18R1,PUNO,-14.32231477,-69.46571147
477,A,0899,4519,CPNP ICHU,D,219249,UTM / 19 SUR / WGS84,PUNO,APROBADO CON RESOLUCION DE COMANDANCIA GENERAL DE LA POLICIA NACIONAL N° 149-2020-CG  PNP/ SCG DEL 30MAY2020,21,PUNO,2101,PUNO,210101,PUNO,18R1B,DIVOPUS PUNO,18,PUNO,18R1,PUNO,-15.875624999,-69.927906999
478,G,0574,3252,CPNP HUACHOS,E,218074,UTM / 18 SUR / WGS84,HUANCAVELICA,APROBADO CON RESOLUCION DE COMANDANCIA GENERAL DE LA POLICIA NACIONAL N° 149-2020-CG  PNP/ SCG DEL 30MAY2020,09,HUANCAVELICA,0904,CASTROVIRREYNA,090407,HUACHOS,10R1A,DIVOPUS HUANCAVELICA,10,JUNIN,10R1,HUANCAVELICA,-13.2206907,-75.53260439
479,F,0575,3254,CPNP TANTARA,D,218075,UTM / 18 SUR / WGS84,HUANCAVELICA,APROBADO CON RESOLUCION DE COMANDANCIA GENERAL DE LA POLICIA NACIONAL N° 149-2020-CG  PNP/ SCG DEL 30MAY2020,09,HUANCAVELICA,0904,CASTROVIRREYNA,090412,TANTARA,10R1A,DIVOPUS HUANCAVELICA,10,JUNIN,10R1,HUANCAVELICA,-13.07527527,-75.64622848
480,E,0000,5816,CPNP SAN ISIDRO,D,223162,UTM / 17 SUR / WGS84,TUMBES,APROBADO CON RESOLUCION DE COMANDANCIA GENERAL DE LA POLICIA NACIONAL N° 149-2020-CG  PNP/ SCG DEL 30MAY2020,24,TUMBES,2401,TUMBES,240102,CORRALES,21R1A,DIVOPUS TUMBES,21,TUMBES,21R1,TUMBES,-3.61444898,-80.512389719
481,E,0000,5802,CPNP CORRALES,B,223132,UTM / 17 SUR / WGS84,TUMBES,APROBADO CON RESOLUCION DE COMANDANCIA GENERAL DE LA POLICIA NACIONAL N° 149-2020-CG  PNP/ SCG DEL 30MAY2020,24,TUMBES,2401,TUMBES,240102,CORRALES,21R1A,DIVOPUS TUMBES,21,TUMBES,21R1,TUMBES,-3.601427561,-80.48100007
482,E,1219,5808,CPNP LA CRUZ,C,223159,UTM / 17 SUR / WGS84,TUMBES,APROBADO CON RESOLUCION DE COMANDANCIA GENERAL DE LA POLICIA NACIONAL N° 149-2020-CG  PNP/ SCG DEL 30MAY2020,24,TUMBES,2401,TUMBES,240103,LA CRUZ,21R1A,DIVOPUS TUMBES,21,TUMBES,21R1,TUMBES,-3.63748811,-80.59301703
483,E,1221,5814,CPNP SAN JUAN DE LA VIRGEN,D,223135,UTM / 17 SUR / WGS84,TUMBES,APROBADO CON RESOLUCION DE COMANDANCIA GENERAL DE LA POLICIA NACIONAL N° 149-2020-CG  PNP/ SCG DEL 30MAY2020,24,TUMBES,2401,TUMBES,240106,SAN JUAN DE LA VIRGEN,21R1A,DIVOPUS TUMBES,21,TUMBES,21R1,TUMBES,-3.62698364,-80.43295963
484,B,1222,5830,CPNP ZORRITOS,B,223156,UTM / 17 SUR / WGS84,TUMBES,APROBADO CON RESOLUCION DE COMANDANCIA GENERAL DE LA POLICIA NACIONAL N° 149-2020-CG  PNP/ SCG DEL 30MAY2020,24,TUMBES,2402,CONTRALMIRANTE VILLAR,240201,ZORRITOS,21R1A,DIVOPUS TUMBES,21,TUMBES,21R1,TUMBES,-3.68025488,-80.67571814
485,E,1224,5832,CPNP CANCAS,C,223163,UTM / 17 SUR / WGS84,TUMBES,APROBADO CON RESOLUCION DE COMANDANCIA GENERAL DE LA POLICIA NACIONAL N° 149-2020-CG  PNP/ SCG DEL 30MAY2020,24,TUMBES,2402,CONTRALMIRANTE VILLAR,240203,CANOAS DE PUNTA SAL,21R1A,DIVOPUS TUMBES,21,TUMBES,21R1,TUMBES,-3.94496456,-80.93724725
486,G,0337,3354,CPNP ACOSVINCHOS,C,218522,UTM / 18 SUR / WGS84,AYACUCHO,APROBADO CON RESOLUCION DE COMANDANCIA GENERAL DE LA POLICIA NACIONAL N° 149-2020-CG  PNP/ SCG DEL 30MAY2020,05,NA,0501,HUAMANGA,050103,ACOS VINCHOS,04R1A,DIVOPUS AYACUCHO,04,AYACUCHO,04R1,AYACUCHO,-13.11291379,-74.09946411
487,F,0350,3460,CPNP CHIPAO,E,218558,UTM / 18 SUR / WGS84,AYACUCHO,APROBADO CON RESOLUCION DE COMANDANCIA GENERAL DE LA POLICIA NACIONAL N° 149-2020-CG  PNP/ SCG DEL 30MAY2020,05,AYACUCHO,0506,LUCANAS,050606,CHIPAO,04R1A,DIVOPUS AYACUCHO,04,AYACUCHO,04R1,AYACUCHO,-14.36609459,-73.8785362
488,F,5049,3468,CPNP PUYUSCA - INCUYO,E,218564,UTM / 18 SUR / WGS84,AYACUCHO,APROBADO CON RESOLUCION DE COMANDANCIA GENERAL DE LA POLICIA NACIONAL N° 149-2020-CG  PNP/ SCG DEL 30MAY2020,05,AYACUCHO,0507,PARINACOCHAS,050706,PUYUSCA,04R1A,DIVOPUS AYACUCHO,04,AYACUCHO,04R1,AYACUCHO,-15.24985,-73.569592
489,F,5043,3474,CPNP COLTA,E,218570,UTM / 18 SUR / WGS84,AYACUCHO,MODIFICACION PARCIAL DEL LIMITE. APROBADO CON RESOLUCION DE COMANDANCIA GENERAL DE LA POLICIA NACIONAL N° 348-2023-CG┬ÁPNP/EMG DEL 06SEP2023,05,AYACUCHO,0508,PAUCAR DEL SARA SARA,050802,COLTA,04R1A,DIVOPUS AYACUCHO,04,AYACUCHO,04R1,AYACUCHO,-15.16288492,-73.29490698
490,F,5044,3473,CPNP OYOLO,E,218569,UTM / 18 SUR / WGS84,AYACUCHO,APROBADO CON RESOLUCION DE COMANDANCIA GENERAL DE LA POLICIA NACIONAL N° 149-2020-CG  PNP/ SCG DEL 30MAY2020,05,AYACUCHO,0508,PAUCAR DEL SARA SARA,050806,OYOLO,04R1A,DIVOPUS AYACUCHO,04,AYACUCHO,04R1,AYACUCHO,-15.17988275,-73.18526623
491,G,0358,3400,CPNP CONCEPCION,E,218547,UTM / 18 SUR / WGS84,AYACUCHO,MODIFICACION PARCIAL DEL LIMITE. APROBADO CON RESOLUCION DE COMANDANCIA GENERAL DE LA POLICIA NACIONAL N° 348-2023-CG┬ÁPNP/EMG DEL 06SEP2023,05,NA,0511,VILCAS HUAMAN,051104,CONCEPCION,04R1A,DIVOPUS AYACUCHO,04,AYACUCHO,04R1,AYACUCHO,-13.53279884,-73.87474579
492,G,1030,5028,CPNP COSPAN,E,223215,UTM / 17 SUR / WGS84,CAJAMARCA,APROBADO CON RESOLUCION DE COMANDANCIA GENERAL DE LA POLICIA NACIONAL N° 149-2020-CG  PNP/ SCG DEL 30MAY2020,06,CAJAMARCA,0601,CAJAMARCA,060104,COSPAN,05R1B,DIVOPUS CAJAMARCA,05,CAJAMARCA,05R1,CAJAMARCA,-7.42703591,-78.54241106
493,G,1031,5018,CPNP LA ENCA├æADA,D,223210,UTM / 17 SUR / WGS84,CAJAMARCA,APROBADO CON RESOLUCION DE COMANDANCIA GENERAL DE LA POLICIA NACIONAL N° 149-2020-CG  PNP/ SCG DEL 30MAY2020,06,CAJAMARCA,0601,CAJAMARCA,060105,ENCA├æADA,05R1B,DIVOPUS CAJAMARCA,05,CAJAMARCA,05R1,CAJAMARCA,-7.0867102300000004,-78.34443193
494,G,1033,5016,CPNP CHANTA ALTA,E,223209,UTM / 17 SUR / WGS84,CAJAMARCA,APROBADO CON RESOLUCION DE COMANDANCIA GENERAL DE LA POLICIA NACIONAL N° 149-2020-CG  PNP/ SCG DEL 30MAY2020,06,CAJAMARCA,0601,CAJAMARCA,060105,ENCA├æADA,05R1B,DIVOPUS CAJAMARCA,05,CAJAMARCA,05R1,CAJAMARCA,-6.863555,-78.480421999
495,G,1044,5066,CPNP LLUCHUBAMBA,E,223225,UTM / 18 SUR / WGS84,CAJAMARCA,APROBADO CON RESOLUCION DE COMANDANCIA GENERAL DE LA POLICIA NACIONAL N° 149-2020-CG  PNP/ SCG DEL 30MAY2020,06,CAJAMARCA,0602,CAJABAMBA,060204,SITACOCHA,05R1B,DIVOPUS CAJAMARCA,05,CAJAMARCA,05R1,CAJAMARCA,-7.51953066,-77.96955403
496,G,1047,5104,CPNP HUASMIN,E,223234,UTM / 17 SUR / WGS84,CAJAMARCA,APROBADO CON RESOLUCION DE COMANDANCIA GENERAL DE LA POLICIA NACIONAL N° 149-2020-CG  PNP/ SCG DEL 30MAY2020,06,CAJAMARCA,0603,CELENDIN,060304,HUASMIN,05R1B,DIVOPUS CAJAMARCA,05,CAJAMARCA,05R1,CAJAMARCA,-6.83695911,-78.24504906
497,F,0093,0925,CPNP LLAMA,E,223289,UTM / 17 SUR / WGS84,CAJAMARCA,APROBADO CON RESOLUCION DE COMANDANCIA GENERAL DE LA POLICIA NACIONAL N° 149-2020-CG  PNP/ SCG DEL 30MAY2020,06,CAJAMARCA,0604,CHOTA,060411,LLAMA,05R1B,DIVOPUS CAJAMARCA,05,CAJAMARCA,05R1,CAJAMARCA,-6.51265303,-79.12031156
498,G,0094,0928,CPNP MIRACOSTA,E,223290,UTM / 17 SUR / WGS84,CAJAMARCA,APROBADO CON RESOLUCION DE COMANDANCIA GENERAL DE LA POLICIA NACIONAL N° 149-2020-CG  PNP/ SCG DEL 30MAY2020,06,CAJAMARCA,0604,CHOTA,060412,MIRACOSTA,05R1B,DIVOPUS CAJAMARCA,05,CAJAMARCA,05R1,CAJAMARCA,-6.405047191,-79.28352211
499,G,1069,5040,CPNP SAN BENITO,E,223260,UTM / 17 SUR / WGS84,CAJAMARCA,APROBADO CON RESOLUCION DE COMANDANCIA GENERAL DE LA POLICIA NACIONAL N° 149-2020-CG  PNP/ SCG DEL 30MAY2020,06,CAJAMARCA,0605,CONTUMAZA,060505,SAN BENITO,05R1B,DIVOPUS CAJAMARCA,05,CAJAMARCA,05R1,CAJAMARCA,-7.426388669,-78.926462999
500,G,5045,5041,CPNP LA PORTADA,E,223261,UTM / 17 SUR / WGS84,CAJAMARCA,APROBADO CON RESOLUCION DE COMANDANCIA GENERAL DE LA POLICIA NACIONAL N° 149-2020-CG  PNP/ SCG DEL 30MAY2020,06,CAJAMARCA,0605,CONTUMAZA,060505,SAN BENITO,05R1B,DIVOPUS CAJAMARCA,05,CAJAMARCA,05R1,CAJAMARCA,-7.607438,-78.955910001
501,G,1070,5046,CPNP SANTA CRUZ DE TOLEDO,E,223263,UTM / 17 SUR / WGS84,CAJAMARCA,APROBADO CON RESOLUCION DE COMANDANCIA GENERAL DE LA POLICIA NACIONAL N° 149-2020-CG  PNP/ SCG DEL 30MAY2020,06,CAJAMARCA,0605,CONTUMAZA,060506,SANTA CRUZ DE TOLED,05R1B,DIVOPUS CAJAMARCA,05,CAJAMARCA,05R1,CAJAMARCA,-7.34430303,-78.83718468
502,F,1072,5032,CPNP TEMBLADERA,C,223275,UTM / 17 SUR / WGS84,CAJAMARCA,APROBADO CON RESOLUCION DE COMANDANCIA GENERAL DE LA POLICIA NACIONAL N° 149-2020-CG  PNP/ SCG DEL 30MAY2020,06,CAJAMARCA,0605,CONTUMAZA,060508,YONAN,05R1B,DIVOPUS CAJAMARCA,05,CAJAMARCA,05R1,CAJAMARCA,-7.25356639,-79.13045468
503,G,0089,1048,CPNP CHOROS,E,223314,UTM / 17 SUR / WGS84,CAJAMARCA,APROBADO CON RESOLUCION DE COMANDANCIA GENERAL DE LA POLICIA NACIONAL N° 149-2020-CG  PNP/ SCG DEL 30MAY2020,06,CAJAMARCA,0606,CUTERVO,060603,CHOROS,05R1B,DIVOPUS CAJAMARCA,05,CAJAMARCA,05R1,CAJAMARCA,-5.90008694,-78.69385455
504,G,1076,5158,CPNP QUEROCOTILLO,E,223307,UTM / 17 SUR / WGS84,CAJAMARCA,APROBADO CON RESOLUCION DE COMANDANCIA GENERAL DE LA POLICIA NACIONAL N° 149-2020-CG  PNP/ SCG DEL 30MAY2020,06,CAJAMARCA,0606,CUTERVO,060607,QUEROCOTILLO,05R1B,DIVOPUS CAJAMARCA,05,CAJAMARCA,05R1,CAJAMARCA,-6.27338985,-79.03862673
505,F,0682,3537,CPNP PISAC,C,218202,UTM / 19 SUR / WGS84,CUSCO,APROBADO CON RESOLUCION DE COMANDANCIA GENERAL DE LA POLICIA NACIONAL N° 149-2020-CG  PNP/ SCG DEL 30MAY2020,08,CUSCO,0804,CALCA,080405,PISAC,07R1B,DIVOPUS CUSCO,07,CUSCO,07R1,CUSCO,-13.4232457,-71.85120354
506,G,1089,5054,CPNP JOSE SABOGAL,D,223220,UTM / 17 SUR / WGS84,CAJAMARCA,APROBADO CON RESOLUCION DE COMANDANCIA GENERAL DE LA POLICIA NACIONAL N° 149-2020-CG  PNP/ SCG DEL 30MAY2020,06,CAJAMARCA,0610,SAN MARCOS,061007,JOSE SABOGAL,05R1B,DIVOPUS CAJAMARCA,05,CAJAMARCA,05R1,CAJAMARCA,-7.25111009,-78.03688093
507,G,0117,0882,CPNP NANCHOC,E,223253,UTM / 17 SUR / WGS84,CAJAMARCA,APROBADO CON RESOLUCION DE COMANDANCIA GENERAL DE LA POLICIA NACIONAL N° 149-2020-CG  PNP/ SCG DEL 30MAY2020,06,CAJAMARCA,0611,SAN MIGUEL,061108,NANCHOC,05R1B,DIVOPUS CAJAMARCA,05,CAJAMARCA,05R1,CAJAMARCA,-6.95922395,-79.242146439
508,G,0118,0872,CPNP NIEPOS,E,223251,UTM / 17 SUR / WGS84,CAJAMARCA,APROBADO CON RESOLUCION DE COMANDANCIA GENERAL DE LA POLICIA NACIONAL N° 149-2020-CG  PNP/ SCG DEL 30MAY2020,06,CAJAMARCA,0611,SAN MIGUEL,061109,NIEPOS,05R1B,DIVOPUS CAJAMARCA,05,CAJAMARCA,05R1,CAJAMARCA,-6.92611243,-79.12983022
509,G,0119,0885,CPNP LANCHEZ,E,223254,UTM / 17 SUR / WGS84,CAJAMARCA,APROBADO CON RESOLUCION DE COMANDANCIA GENERAL DE LA POLICIA NACIONAL N° 149-2020-CG  PNP/ SCG DEL 30MAY2020,06,CAJAMARCA,0611,SAN MIGUEL,061109,NIEPOS,05R1B,DIVOPUS CAJAMARCA,05,CAJAMARCA,05R1,CAJAMARCA,-6.934422999,-79.087913
510,G,1097,5084,CPNP AGUA BLANCA,E,223245,UTM / 17 SUR / WGS84,CAJAMARCA,APROBADO CON RESOLUCION DE COMANDANCIA GENERAL DE LA POLICIA NACIONAL N° 149-2020-CG  PNP/ SCG DEL 30MAY2020,06,CAJAMARCA,0611,SAN MIGUEL,061113,UNION AGUA BLANCA,05R1B,DIVOPUS CAJAMARCA,05,CAJAMARCA,05R1,CAJAMARCA,-7.0473136,-79.06025067
511,G,0122,1022,CPNP CATACHE,E,223273,UTM / 17 SUR / WGS84,CAJAMARCA,APROBADO CON RESOLUCION DE COMANDANCIA GENERAL DE LA POLICIA NACIONAL N° 149-2020-CG  PNP/ SCG DEL 30MAY2020,06,CAJAMARCA,0613,SANTA CRUZ,061303,CATACHE,05R1B,DIVOPUS CAJAMARCA,05,CAJAMARCA,05R1,CAJAMARCA,-6.67484914,-79.03438879
512,G,0123,0892,CPNP UDIMA,E,223274,UTM / 17 SUR / WGS84,CAJAMARCA,APROBADO CON RESOLUCION DE COMANDANCIA GENERAL DE LA POLICIA NACIONAL N° 149-2020-CG  PNP/ SCG DEL 30MAY2020,06,CAJAMARCA,0613,SANTA CRUZ,061303,CATACHE,05R1B,DIVOPUS CAJAMARCA,05,CAJAMARCA,05R1,CAJAMARCA,-6.81319761,-79.08567677
513,F,0564,3272,CPNP MARCAS,D,218084,UTM / 18 SUR / WGS84,HUANCAVELICA,APROBADO CON RESOLUCION DE COMANDANCIA GENERAL DE LA POLICIA NACIONAL N° 149-2020-CG  PNP/ SCG DEL 30MAY2020,09,HUANCAVELICA,0902,ACOBAMBA,090205,MARCAS,10R1A,DIVOPUS HUANCAVELICA,10,JUNIN,10R1,HUANCAVELICA,-12.88868955,-74.39570712
514,F,0669,3622,CPNP POMACANCHI,E,218247,UTM / 19 SUR / WGS84,CUSCO,APROBADO CON RESOLUCION DE COMANDANCIA GENERAL DE LA POLICIA NACIONAL N° 149-2020-CG  PNP/ SCG DEL 30MAY2020,08,CUSCO,0802,ACOMAYO,080205,POMACANCHI,07R1B,DIVOPUS CUSCO,07,CUSCO,07R1,CUSCO,-14.03443684,-71.57052248
515,G,0674,3547,CPNP CHINCHAYPUCYO,E,218242,UTM / 18 SUR / WGS84,CUSCO,APROBADO CON RESOLUCION DE COMANDANCIA GENERAL DE LA POLICIA NACIONAL N° 149-2020-CG  PNP/ SCG DEL 30MAY2020,08,CUSCO,0803,ANTA,080304,CHINCHAYPUJIO,07R1B,DIVOPUS CUSCO,07,CUSCO,07R1,CUSCO,-13.63067856,-72.23568456
516,F,0675,3548,CPNP HUAROCONDO,E,218239,UTM / 18 SUR / WGS84,CUSCO,APROBADO CON RESOLUCION DE COMANDANCIA GENERAL DE LA POLICIA NACIONAL N° 149-2020-CG  PNP/ SCG DEL 30MAY2020,08,CUSCO,0803,ANTA,080305,HUAROCONDO,07R1B,DIVOPUS CUSCO,07,CUSCO,07R1,CUSCO,-13.41651708,-72.20524947
517,G,0683,3518,CPNP SAN SALVADOR,E,218201,UTM / 19 SUR / WGS84,CUSCO,APROBADO CON RESOLUCION DE COMANDANCIA GENERAL DE LA POLICIA NACIONAL N° 149-2020-CG  PNP/ SCG DEL 30MAY2020,08,CUSCO,0804,CALCA,080406,SAN SALVADOR,07R1B,DIVOPUS CUSCO,07,CUSCO,07R1,CUSCO,-13.49268874,-71.778320101
518,G,0676,3549,CPNP LIMATAMBO,D,218240,UTM / 18 SUR / WGS84,CUSCO,APROBADO CON RESOLUCION DE COMANDANCIA GENERAL DE LA POLICIA NACIONAL N° 149-2020-CG  PNP/ SCG DEL 30MAY2020,08,CUSCO,0803,ANTA,080306,LIMATAMBO,07R1B,DIVOPUS CUSCO,07,CUSCO,07R1,CUSCO,-13.48001561,-72.44599873
519,F,0677,3543,CPNP MOLLEPATA,E,218243,UTM / 18 SUR / WGS84,CUSCO,APROBADO CON RESOLUCION DE COMANDANCIA GENERAL DE LA POLICIA NACIONAL N° 149-2020-CG  PNP/ SCG DEL 30MAY2020,08,CUSCO,0803,ANTA,080307,MOLLEPATA,07R1B,DIVOPUS CUSCO,07,CUSCO,07R1,CUSCO,-13.50841259,-72.52750099
520,F,0678,3542,CPNP PUCYURA,E,218241,UTM / 18 SUR / WGS84,CUSCO,APROBADO CON RESOLUCION DE COMANDANCIA GENERAL DE LA POLICIA NACIONAL N° 149-2020-CG  PNP/ SCG DEL 30MAY2020,08,CUSCO,0803,ANTA,080308,PUCYURA,07R1B,DIVOPUS CUSCO,07,CUSCO,07R1,CUSCO,-13.4812832,-72.11184397
521,F,0681,3552,CPNP AMPARAES,E,218205,UTM / 19 SUR / WGS84,CUSCO,APROBADO CON RESOLUCION DE COMANDANCIA GENERAL DE LA POLICIA NACIONAL N° 149-2020-CG  PNP/ SCG DEL 30MAY2020,08,CUSCO,0804,CALCA,080404,LARES,07R1B,DIVOPUS CUSCO,07,CUSCO,07R1,CUSCO,-13.05479406,-71.945983561
522,F,0701,3662,CPNP ACCHA,E,218256,UTM / 19 SUR / WGS84,CUSCO,APROBADO CON RESOLUCION DE COMANDANCIA GENERAL DE LA POLICIA NACIONAL N° 149-2020-CG  PNP/ SCG DEL 30MAY2020,08,CUSCO,0810,PARURO,081002,ACCHA,07R1B,DIVOPUS CUSCO,07,CUSCO,07R1,CUSCO,-13.969630239,-71.83037314
523,G,8104,3659,CPNP CCAPI,E,218257,UTM / 18 SUR / WGS84,CUSCO,APROBADO CON RESOLUCION DE COMANDANCIA GENERAL DE LA POLICIA NACIONAL N° 149-2020-CG  PNP/ SCG DEL 30MAY2020,08,CUSCO,0810,PARURO,081003,CCAPI,07R1B,DIVOPUS CUSCO,07,CUSCO,07R1,CUSCO,-13.856891421,-72.07737686
524,F,0702,3660,CPNP HUANOQUITE,E,218254,UTM / 18 SUR / WGS84,CUSCO,APROBADO CON RESOLUCION DE COMANDANCIA GENERAL DE LA POLICIA NACIONAL N° 149-2020-CG  PNP/ SCG DEL 30MAY2020,08,CUSCO,0810,PARURO,081005,HUANOQUITE,07R1B,DIVOPUS CUSCO,07,CUSCO,07R1,CUSCO,-13.68196936,-72.01657107
525,G,0706,3584,CPNP HUANCARANI,E,218227,UTM / 19 SUR / WGS84,CUSCO,APROBADO CON RESOLUCION DE COMANDANCIA GENERAL DE LA POLICIA NACIONAL N° 149-2020-CG  PNP/ SCG DEL 30MAY2020,08,CUSCO,0811,PAUCARTAMBO,081105,HUANCARANI,07R1B,DIVOPUS CUSCO,07,CUSCO,07R1,CUSCO,-13.50313373,-71.65617668
526,F,0713,3556,CPNP HUARO,E,218212,UTM / 19 SUR / WGS84,CUSCO,APROBADO CON RESOLUCION DE COMANDANCIA GENERAL DE LA POLICIA NACIONAL N° 149-2020-CG  PNP/ SCG DEL 30MAY2020,08,CUSCO,0812,QUISPICANCHI,081207,HUARO,07R1B,DIVOPUS CUSCO,07,CUSCO,07R1,CUSCO,-13.69220199,-71.63924216
527,G,0711,3555,CPNP CCATCCA,D,218210,UTM / 19 SUR / WGS84,CUSCO,APROBADO CON RESOLUCION DE COMANDANCIA GENERAL DE LA POLICIA NACIONAL N° 149-2020-CG  PNP/ SCG DEL 30MAY2020,08,CUSCO,0812,QUISPICANCHI,081205,CCATCA,07R1B,DIVOPUS CUSCO,07,CUSCO,07R1,CUSCO,-13.604562681,-71.56202253
528,G,0712,3568,CPNP KCAURI,E,218221,UTM / 19 SUR / WGS84,CUSCO,APROBADO CON RESOLUCION DE COMANDANCIA GENERAL DE LA POLICIA NACIONAL N° 149-2020-CG  PNP/ SCG DEL 30MAY2020,08,CUSCO,0812,QUISPICANCHI,081205,CCATCA,07R1B,DIVOPUS CUSCO,07,CUSCO,07R1,CUSCO,-13.634598641,-71.528014249
529,F,0560,3216,CPNP MOYA,D,218064,UTM / 18 SUR / WGS84,HUANCAVELICA,APROBADO CON RESOLUCION DE COMANDANCIA GENERAL DE LA POLICIA NACIONAL N° 149-2020-CG  PNP/ SCG DEL 30MAY2020,09,HUANCAVELICA,0901,HUANCAVELICA,090112,MOYA,10R1A,DIVOPUS HUANCAVELICA,10,JUNIN,10R1,HUANCAVELICA,-12.42127058,-75.15118847
530,G,0717,3570,CPNP OCONGATE,D,218220,UTM / 19 SUR / WGS84,CUSCO,APROBADO CON RESOLUCION DE COMANDANCIA GENERAL DE LA POLICIA NACIONAL N° 149-2020-CG  PNP/ SCG DEL 30MAY2020,08,CUSCO,0812,QUISPICANCHI,081210,OCONGATE,07R1B,DIVOPUS CUSCO,07,CUSCO,07R1,CUSCO,-13.62715468,-71.38852211
531,G,0719,3557,CPNP QUIQUIJANA,D,218211,UTM / 19 SUR / WGS84,CUSCO,APROBADO CON RESOLUCION DE COMANDANCIA GENERAL DE LA POLICIA NACIONAL N° 149-2020-CG  PNP/ SCG DEL 30MAY2020,08,CUSCO,0812,QUISPICANCHI,081212,QUIQUIJANA,07R1B,DIVOPUS CUSCO,07,CUSCO,07R1,CUSCO,-13.82293405,-71.54134803
532,F,0557,3218,CPNP HUACHOCOLPA,D,218065,UTM / 18 SUR / WGS84,HUANCAVELICA,APROBADO CON RESOLUCION DE COMANDANCIA GENERAL DE LA POLICIA NACIONAL N° 149-2020-CG  PNP/ SCG DEL 30MAY2020,09,HUANCAVELICA,0901,HUANCAVELICA,090106,HUACHOCOLPA,10R1A,DIVOPUS HUANCAVELICA,10,JUNIN,10R1,HUANCAVELICA,-13.031562969,-74.94707881
533,F,0558,3205,CPNP IZCUCHACA,D,218055,UTM / 18 SUR / WGS84,HUANCAVELICA,APROBADO CON RESOLUCION DE COMANDANCIA GENERAL DE LA POLICIA NACIONAL N° 149-2020-CG  PNP/ SCG DEL 30MAY2020,09,HUANCAVELICA,0901,HUANCAVELICA,090108,IZCUCHACA,10R1A,DIVOPUS HUANCAVELICA,10,JUNIN,10R1,HUANCAVELICA,-12.5012166,-74.99582852
534,G,0561,3215,CPNP YAULI,D,218059,UTM / 18 SUR / WGS84,HUANCAVELICA,APROBADO CON RESOLUCION DE COMANDANCIA GENERAL DE LA POLICIA NACIONAL N° 149-2020-CG  PNP/ SCG DEL 30MAY2020,09,HUANCAVELICA,0901,HUANCAVELICA,090117,YAULI,10R1A,DIVOPUS HUANCAVELICA,10,JUNIN,10R1,HUANCAVELICA,-12.76932973,-74.85190958
535,G,0562,3212,CPNP HUANDO,D,218060,UTM / 18 SUR / WGS84,HUANCAVELICA,APROBADO CON RESOLUCION DE COMANDANCIA GENERAL DE LA POLICIA NACIONAL N° 149-2020-CG  PNP/ SCG DEL 30MAY2020,09,HUANCAVELICA,0901,HUANCAVELICA,090119,HUANDO,10R1A,DIVOPUS HUANCAVELICA,10,JUNIN,10R1,HUANCAVELICA,-12.56379297,-74.94752734
536,F,0565,3270,CPNP PAUCARA,D,218083,UTM / 18 SUR / WGS84,HUANCAVELICA,APROBADO CON RESOLUCION DE COMANDANCIA GENERAL DE LA POLICIA NACIONAL N° 149-2020-CG  PNP/ SCG DEL 30MAY2020,09,HUANCAVELICA,0902,ACOBAMBA,090206,PAUCARA,10R1A,DIVOPUS HUANCAVELICA,10,JUNIN,10R1,HUANCAVELICA,-12.7245615,-74.6658893
537,F,0567,3237,CPNP CCOCHACCASA,E,218089,UTM / 18 SUR / WGS84,HUANCAVELICA,APROBADO CON RESOLUCION DE COMANDANCIA GENERAL DE LA POLICIA NACIONAL N° 149-2020-CG  PNP/ SCG DEL 30MAY2020,09,HUANCAVELICA,0903,ANGARAES,090304,CCOCHACCASA,10R1A,DIVOPUS HUANCAVELICA,10,JUNIN,10R1,HUANCAVELICA,-12.93216772,-74.76628668
538,G,0568,3235,CPNP CONGALLA,E,218088,UTM / 18 SUR / WGS84,HUANCAVELICA,APROBADO CON RESOLUCION DE COMANDANCIA GENERAL DE LA POLICIA NACIONAL N° 149-2020-CG  PNP/ SCG DEL 30MAY2020,09,HUANCAVELICA,0903,ANGARAES,090306,CONGALLA,10R1A,DIVOPUS HUANCAVELICA,10,JUNIN,10R1,HUANCAVELICA,-12.95598365,-74.49253694
539,G,0571,3260,CPNP VILLA DE ARMA,D,218078,UTM / 18 SUR / WGS84,HUANCAVELICA,APROBADO CON RESOLUCION DE COMANDANCIA GENERAL DE LA POLICIA NACIONAL N° 149-2020-CG  PNP/ SCG DEL 30MAY2020,09,HUANCAVELICA,0904,CASTROVIRREYNA,090402,ARMA,10R1A,DIVOPUS HUANCAVELICA,10,JUNIN,10R1,HUANCAVELICA,-13.1259559,-75.54297241
540,F,0572,3258,CPNP AURAHUA,D,218077,UTM / 18 SUR / WGS84,HUANCAVELICA,APROBADO CON RESOLUCION DE COMANDANCIA GENERAL DE LA POLICIA NACIONAL N° 149-2020-CG  PNP/ SCG DEL 30MAY2020,09,HUANCAVELICA,0904,CASTROVIRREYNA,090403,AURAHUA,10R1A,DIVOPUS HUANCAVELICA,10,JUNIN,10R1,HUANCAVELICA,-13.03386155,-75.56988573
541,F,0579,3280,CPNP MAYOCC,D,220801,UTM / 18 SUR / WGS84,HUANCAVELICA,APROBADO CON RESOLUCION DE COMANDANCIA GENERAL DE LA POLICIA NACIONAL N° 149-2020-CG  PNP/ SCG DEL 30MAY2020,09,HUANCAVELICA,0905,CHURCAMPA,090508,SAN MIGUEL DE MAYOCC,10R1A,DIVOPUS HUANCAVELICA,10,JUNIN,10R1,HUANCAVELICA,-12.81023168,-74.3867751
542,G,0573,3262,CPNP CHUPAMARCA,E,218073,UTM / 18 SUR / WGS84,HUANCAVELICA,APROBADO CON RESOLUCION DE COMANDANCIA GENERAL DE LA POLICIA NACIONAL N° 149-2020-CG  PNP/ SCG DEL 30MAY2020,09,HUANCAVELICA,0904,CASTROVIRREYNA,090405,CHUPAMARCA,10R1A,DIVOPUS HUANCAVELICA,10,JUNIN,10R1,HUANCAVELICA,-13.0372412,-75.61032318
543,F,0576,3256,CPNP TICRAPO,D,218076,UTM / 18 SUR / WGS84,HUANCAVELICA,APROBADO CON RESOLUCION DE COMANDANCIA GENERAL DE LA POLICIA NACIONAL N° 149-2020-CG  PNP/ SCG DEL 30MAY2020,09,HUANCAVELICA,0904,CASTROVIRREYNA,090413,TICRAPO,10R1A,DIVOPUS HUANCAVELICA,10,JUNIN,10R1,HUANCAVELICA,-13.38734384,-75.43366373
544,G,7007,3281,CPNP ANCO,D,220804,UTM / 18 SUR / WGS84,HUANCAVELICA,APROBADO CON RESOLUCION DE COMANDANCIA GENERAL DE LA POLICIA NACIONAL N° 149-2020-CG  PNP/ SCG DEL 30MAY2020,09,HUANCAVELICA,0905,CHURCAMPA,090502,ANCO,10R1A,DIVOPUS HUANCAVELICA,10,JUNIN,10R1,HUANCAVELICA,-12.678768279,-74.58698541
545,G,0582,3294,CPNP CORDOVA,E,223605,UTM / 18 SUR / WGS84,HUANCAVELICA,APROBADO CON RESOLUCION DE COMANDANCIA GENERAL DE LA POLICIA NACIONAL N° 149-2020-CG  PNP/ SCG DEL 30MAY2020,09,HUANCAVELICA,0906,HUAYTARA,090603,CORDOVA,09R1B,DIVOPUS ICA,09,ICA,09R1,ICA,-14.03830759,-75.18395784
546,G,0644,7542,CPNP ACOSTAMBO,D,218067,UTM / 18 SUR / WGS84,HUANCAVELICA,APROBADO CON RESOLUCION DE COMANDANCIA GENERAL DE LA POLICIA NACIONAL N° 149-2020-CG  PNP/ SCG DEL 30MAY2020,09,HUANCAVELICA,0907,TAYACAJA,090702,ACOSTAMBO,10R1A,DIVOPUS HUANCAVELICA,10,JUNIN,10R1,HUANCAVELICA,-12.36232111,-75.0550676
547,G,0559,3210,CPNP MARISCAL CACERES,D,218058,UTM / 18 SUR / WGS84,HUANCAVELICA,APROBADO CON RESOLUCION DE COMANDANCIA GENERAL DE LA POLICIA NACIONAL N° 149-2020-CG  PNP/ SCG DEL 30MAY2020,09,HUANCAVELICA,0907,TAYACAJA,090704,AHUAYCHA,10R1A,DIVOPUS HUANCAVELICA,10,JUNIN,10R1,HUANCAVELICA,-12.533128,-74.93013
548,G,5033,3204,CPNP QUICHUAS,D,224298,UTM / 18 SUR / WGS84,HUANCAVELICA,APROBADO CON RESOLUCION DE COMANDANCIA GENERAL DE LA POLICIA NACIONAL N° 149-2020-CG  PNP/ SCG DEL 30MAY2020,09,HUANCAVELICA,0907,TAYACAJA,090719,QUICHUAS,10R1A,DIVOPUS HUANCAVELICA,10,JUNIN,10R1,HUANCAVELICA,-12.47225258,-74.76764327
549,F,0646,7535,CPNP PAZOS,D,220798,UTM / 18 SUR / WGS84,HUANCAVELICA,APROBADO CON RESOLUCION DE COMANDANCIA GENERAL DE LA POLICIA NACIONAL N° 149-2020-CG  PNP/ SCG DEL 30MAY2020,09,HUANCAVELICA,0907,TAYACAJA,090711,PAZOS,10R1A,DIVOPUS HUANCAVELICA,10,JUNIN,10R1,HUANCAVELICA,-12.25918784,-75.07029485
550,F,1104,5910,CPNP MARGOS,D,217497,UTM / 18 SUR / WGS84,HUANUCO,APROBADO CON RESOLUCION DE COMANDANCIA GENERAL DE LA POLICIA NACIONAL N° 149-2020-CG  PNP/ SCG DEL 30MAY2020,10,HUANUCO,1001,HUANUCO,100105,MARGOS,08R1B,DIVOPUS HUANUCO,08,HUANUCO,08R1,HUANUCO,-10.00453417,-76.52337715
551,F,1108,5942,CPNP CAYNA,E,217501,UTM / 18 SUR / WGS84,HUANUCO,APROBADO CON RESOLUCION DE COMANDANCIA GENERAL DE LA POLICIA NACIONAL N° 149-2020-CG  PNP/ SCG DEL 30MAY2020,10,HUANUCO,1002,AMBO,100202,CAYNA,08R1B,DIVOPUS HUANUCO,08,HUANUCO,08R1,HUANUCO,-10.27181154,-76.38899441
552,G,1105,5912,CPNP SAN PEDRO DE CHAULAN,D,217496,UTM / 18 SUR / WGS84,HUANUCO,APROBADO CON RESOLUCION DE COMANDANCIA GENERAL DE LA POLICIA NACIONAL N° 149-2020-CG  PNP/ SCG DEL 30MAY2020,10,HUANUCO,1001,HUANUCO,100108,SAN PEDRO DE CHAULAN,08R1B,DIVOPUS HUANUCO,08,HUANUCO,08R1,HUANUCO,-10.05600623,-76.48557247
553,G,1109,5945,CPNP SAN RAFAEL,D,217502,UTM / 18 SUR / WGS84,HUANUCO,APROBADO CON RESOLUCION DE COMANDANCIA GENERAL DE LA POLICIA NACIONAL N° 149-2020-CG  PNP/ SCG DEL 30MAY2020,10,HUANUCO,1002,AMBO,100207,SAN RAFAEL,08R1B,DIVOPUS HUANUCO,08,HUANUCO,08R1,HUANUCO,-10.338499981,-76.182125019
554,F,0000,8395,CPNP CHAVIN DE PARIARCA,E,226572,UTM / 18 SUR / WGS84,HUANUCO,MODIFICACION PARCIAL DEL LIMITE. APROBADO CON RESOLUCION DE COMANDANCIA GENERAL DE LA POLICIA NACIONAL N° 348-2023-CG┬ÁPNP/EMG DEL 06SEP2023,10,HUANUCO,1005,HUAMALIES,100503,CHAVIN DE PARIARCA,08R1B,DIVOPUS HUANUCO,08,HUANUCO,08R1,HUANUCO,-9.4229788,-76.7713562
555,F,1151,5346,CPNP INDEPENDENCIA,D,223594,UTM / 18 SUR / WGS84,ICA,APROBADO CON RESOLUCION DE COMANDANCIA GENERAL DE LA POLICIA NACIONAL N° 149-2020-CG  PNP/ SCG DEL 30MAY2020,11,ICA,1105,PISCO,110504,INDEPENDENCIA,09R1B,DIVOPUS ICA,09,ICA,09R1,ICA,-13.69323348,-76.03019211
556,F,1116,5925,CPNP BA├æOS,E,221729,UTM / 18 SUR / WGS84,HUANUCO,APROBADO CON RESOLUCION DE COMANDANCIA GENERAL DE LA POLICIA NACIONAL N° 149-2020-CG  PNP/ SCG DEL 30MAY2020,10,HUANUCO,1010,LAURICOCHA,101002,BA├æOS,08R1B,DIVOPUS HUANUCO,08,HUANUCO,08R1,HUANUCO,-10.0757086,-76.73554699
557,G,1117,5935,CPNP RONDOS,E,221727,UTM / 18 SUR / WGS84,HUANUCO,APROBADO CON RESOLUCION DE COMANDANCIA GENERAL DE LA POLICIA NACIONAL N° 149-2020-CG  PNP/ SCG DEL 30MAY2020,10,HUANUCO,1010,LAURICOCHA,101005,RONDOS,08R1B,DIVOPUS HUANUCO,08,HUANUCO,08R1,HUANUCO,-9.983718541,-76.689017501
558,F,1125,5320,CPNP OCUCAJE,C,223548,UTM / 18 SUR / WGS84,ICA,APROBADO CON RESOLUCION DE COMANDANCIA GENERAL DE LA POLICIA NACIONAL N° 149-2020-CG  PNP/ SCG DEL 30MAY2020,11,ICA,1101,ICA,110104,OCUCAJE,09R1B,DIVOPUS ICA,09,ICA,09R1,ICA,-14.34687395,-75.6715948
559,F,1144,5362,CPNP EL INGENIO,D,223558,UTM / 18 SUR / WGS84,ICA,APROBADO CON RESOLUCION DE COMANDANCIA GENERAL DE LA POLICIA NACIONAL N° 149-2020-CG  PNP/ SCG DEL 30MAY2020,11,ICA,1103,NASCA,110303,EL INGENIO,09R1B,DIVOPUS ICA,09,ICA,09R1,ICA,-14.64544368,-75.059790891
560,F,1150,5350,CPNP HUMAY,D,223598,UTM / 18 SUR / WGS84,ICA,APROBADO CON RESOLUCION DE COMANDANCIA GENERAL DE LA POLICIA NACIONAL N° 149-2020-CG  PNP/ SCG DEL 30MAY2020,11,ICA,1105,PISCO,110503,HUMAY,09R1B,DIVOPUS ICA,09,ICA,09R1,ICA,-13.723638341,-75.88929409
561,F,0600,3120,CPNP SAN LUIS DE SHUARO,D,217918,UTM / 18 SUR / WGS84,JUNIN,APROBADO CON RESOLUCION DE COMANDANCIA GENERAL DE LA POLICIA NACIONAL N° 149-2020-CG  PNP/ SCG DEL 30MAY2020,12,JUNIN,1203,CHANCHAMAYO,120304,SAN LUIS DE SHUARO,10R2B,DIVOPUS CHANCHAMAYO,10,JUNIN,10R2,JUNIN,-10.887960899,-75.28732449
562,F,0606,3042,CPNP SINCOS,C,217876,UTM / 18 SUR / WGS84,JUNIN,APROBADO CON RESOLUCION DE COMANDANCIA GENERAL DE LA POLICIA NACIONAL N° 149-2020-CG  PNP/ SCG DEL 30MAY2020,12,JUNIN,1204,JAUJA,120431,SINCOS,10R2A,DIVOPUS HUANCAYO,10,JUNIN,10R2,JUNIN,-11.891443121,-75.386758569
563,G,0000,3023,CPNP RIO NEGRO,C,224299,UTM / 18 SUR / WGS84,JUNIN,APROBADO CON RESOLUCION DE COMANDANCIA GENERAL DE LA POLICIA NACIONAL N° 149-2020-CG  PNP/ SCG DEL 30MAY2020,12,JUNIN,1206,SATIPO,120607,RIO NEGRO,10R2B,DIVOPUS CHANCHAMAYO,10,JUNIN,10R2,JUNIN,-11.209452595,-74.659512066
564,F,0613,3135,CPNP PALCA,D,217922,UTM / 18 SUR / WGS84,JUNIN,APROBADO CON RESOLUCION DE COMANDANCIA GENERAL DE LA POLICIA NACIONAL N° 149-2020-CG  PNP/ SCG DEL 30MAY2020,12,JUNIN,1207,TARMA,120706,PALCA,10R2B,DIVOPUS CHANCHAMAYO,10,JUNIN,10R2,JUNIN,-11.34447371,-75.565091769
565,G,0192,1132,CPNP POROTO,E,216990,UTM / 17 SUR / WGS84,LA LIBERTAD,MODIFICACION PARCIAL DEL LIMITE. APROBADO CON RESOLUCION DE COMANDANCIA GENERAL DE LA POLICIA NACIONAL N° 348-2023-CG┬ÁPNP/EMG DEL 06SEP2023,13,LA LIBERTAD,1301,TRUJILLO,130108,POROTO,11R1B,DIVPOL TRUJILLO,11,LA LIBERTAD,11R1,LA LIBERTAD,-8.01101973,-78.76910689
566,G,0194,1135,CPNP SIMBAL,E,216991,UTM / 17 SUR / WGS84,LA LIBERTAD,APROBADO CON RESOLUCION DE COMANDANCIA GENERAL DE LA POLICIA NACIONAL N° 149-2020-CG  PNP/ SCG DEL 30MAY2020,13,LA LIBERTAD,1301,TRUJILLO,130110,SIMBAL,11R1B,DIVPOL TRUJILLO,11,LA LIBERTAD,11R1,LA LIBERTAD,-7.9764324,-78.81396659
567,F,0203,1227,CPNP RAZURI,C,217024,UTM / 17 SUR / WGS84,LA LIBERTAD,APROBADO CON RESOLUCION DE COMANDANCIA GENERAL DE LA POLICIA NACIONAL N° 149-2020-CG  PNP/ SCG DEL 30MAY2020,13,LA LIBERTAD,1302,ASCOPE,130206,RAZURI,11R1A,DIVPOL PAIJAN,11,LA LIBERTAD,11R1,LA LIBERTAD,-7.70096697,-79.43761769
568,G,0216,1166,CPNP CARABAMBA,E,217006,UTM / 17 SUR / WGS84,LA LIBERTAD,APROBADO CON RESOLUCION DE COMANDANCIA GENERAL DE LA POLICIA NACIONAL N° 149-2020-CG  PNP/ SCG DEL 30MAY2020,13,LA LIBERTAD,1305,JULCAN,130503,CARABAMBA,11R1B,DIVPOL TRUJILLO,11,LA LIBERTAD,11R1,LA LIBERTAD,-8.110834809,-78.60633377
569,G,0221,1162,CPNP MACHE,E,217005,UTM / 17 SUR / WGS84,LA LIBERTAD,APROBADO CON RESOLUCION DE COMANDANCIA GENERAL DE LA POLICIA NACIONAL N° 149-2020-CG  PNP/ SCG DEL 30MAY2020,13,LA LIBERTAD,1306,OTUZCO,130608,MACHE,11R1B,DIVPOL TRUJILLO,11,LA LIBERTAD,11R1,LA LIBERTAD,-8.03081371,-78.53407491
570,G,0218,1164,CPNP AGALLPAMPA,D,217007,UTM / 17 SUR / WGS84,LA LIBERTAD,APROBADO CON RESOLUCION DE COMANDANCIA GENERAL DE LA POLICIA NACIONAL N° 149-2020-CG  PNP/ SCG DEL 30MAY2020,13,LA LIBERTAD,1306,OTUZCO,130602,AGALLPAMPA,11R1B,DIVPOL TRUJILLO,11,LA LIBERTAD,11R1,LA LIBERTAD,-7.98198121,-78.54630922
571,G,0219,1148,CPNP CHARAT,E,216997,UTM / 17 SUR / WGS84,LA LIBERTAD,APROBADO CON RESOLUCION DE COMANDANCIA GENERAL DE LA POLICIA NACIONAL N° 149-2020-CG  PNP/ SCG DEL 30MAY2020,13,LA LIBERTAD,1306,OTUZCO,130604,CHARAT,11R1B,DIVPOL TRUJILLO,11,LA LIBERTAD,11R1,LA LIBERTAD,-7.82320096,-78.44832824
572,G,3007,1154,CPNP CALLANCAS,E,217000,UTM / 17 SUR / WGS84,LA LIBERTAD,APROBADO CON RESOLUCION DE COMANDANCIA GENERAL DE LA POLICIA NACIONAL N° 149-2020-CG  PNP/ SCG DEL 30MAY2020,13,LA LIBERTAD,1306,OTUZCO,130604,CHARAT,11R1B,DIVPOL TRUJILLO,11,LA LIBERTAD,11R1,LA LIBERTAD,-7.76637241,-78.4785868
573,F,0220,1152,CPNP HUARANCHAL,E,216999,UTM / 17 SUR / WGS84,LA LIBERTAD,APROBADO CON RESOLUCION DE COMANDANCIA GENERAL DE LA POLICIA NACIONAL N° 149-2020-CG  PNP/ SCG DEL 30MAY2020,13,LA LIBERTAD,1306,OTUZCO,130605,HUARANCHAL,11R1B,DIVPOL TRUJILLO,11,LA LIBERTAD,11R1,LA LIBERTAD,-7.68953672,-78.442512191
574,G,0222,1167,CPNP SALPO,E,217009,UTM / 17 SUR / WGS84,LA LIBERTAD,APROBADO CON RESOLUCION DE COMANDANCIA GENERAL DE LA POLICIA NACIONAL N° 149-2020-CG  PNP/ SCG DEL 30MAY2020,13,LA LIBERTAD,1306,OTUZCO,130611,SALPO,11R1B,DIVPOL TRUJILLO,11,LA LIBERTAD,11R1,LA LIBERTAD,-8.00264489,-78.59812552
575,G,0223,1145,CPNP SINSICAP,D,216996,UTM / 17 SUR / WGS84,LA LIBERTAD,APROBADO CON RESOLUCION DE COMANDANCIA GENERAL DE LA POLICIA NACIONAL N° 149-2020-CG  PNP/ SCG DEL 30MAY2020,13,LA LIBERTAD,1306,OTUZCO,130613,SINSICAP,11R1B,DIVPOL TRUJILLO,11,LA LIBERTAD,11R1,LA LIBERTAD,-7.85155915,-78.75449365
576,G,0224,1150,CPNP USQUIL,D,216998,UTM / 17 SUR / WGS84,LA LIBERTAD,APROBADO CON RESOLUCION DE COMANDANCIA GENERAL DE LA POLICIA NACIONAL N° 149-2020-CG  PNP/ SCG DEL 30MAY2020,13,LA LIBERTAD,1306,OTUZCO,130614,USQUIL,11R1B,DIVPOL TRUJILLO,11,LA LIBERTAD,11R1,LA LIBERTAD,-7.81644964,-78.41734861
577,G,0246,1263,CPNP LUCMA,E,217048,UTM / 17 SUR / WGS84,LA LIBERTAD,APROBADO CON RESOLUCION DE COMANDANCIA GENERAL DE LA POLICIA NACIONAL N° 149-2020-CG  PNP/ SCG DEL 30MAY2020,13,LA LIBERTAD,1311,GRAN CHIMU,131102,LUCMA,11R1A,DIVPOL PAIJAN,11,LA LIBERTAD,11R1,LA LIBERTAD,-7.64069437,-78.55204719
578,G,0247,1254,CPNP COMPIN,E,217045,UTM / 17 SUR / WGS84,LA LIBERTAD,APROBADO CON RESOLUCION DE COMANDANCIA GENERAL DE LA POLICIA NACIONAL N° 149-2020-CG  PNP/ SCG DEL 30MAY2020,13,LA LIBERTAD,1311,GRAN CHIMU,131103,MARMOT,11R1A,DIVPOL PAIJAN,11,LA LIBERTAD,11R1,LA LIBERTAD,-7.69818127,-78.62586619
579,G,0248,1257,CPNP SAYAPULLO,D,217046,UTM / 17 SUR / WGS84,LA LIBERTAD,APROBADO CON RESOLUCION DE COMANDANCIA GENERAL DE LA POLICIA NACIONAL N° 149-2020-CG  PNP/ SCG DEL 30MAY2020,13,LA LIBERTAD,1311,GRAN CHIMU,131104,SAYAPULLO,11R1A,DIVPOL PAIJAN,11,LA LIBERTAD,11R1,LA LIBERTAD,-7.5957274,-78.46623662
580,G,0940,4570,CPNP CONIMA,D,219339,UTM / 19 SUR / WGS84,PUNO,APROBADO CON RESOLUCION DE COMANDANCIA GENERAL DE LA POLICIA NACIONAL N° 149-2020-CG  PNP/ SCG DEL 30MAY2020,21,PUNO,2109,MOHO,210902,CONIMA,18R1A,DIVOPUS JULIACA,18,PUNO,18R1,PUNO,-15.45931916,-69.4366506
581,F,0913,4602,CPNP JOSE DOMINGO CHOQUEHUANCA,E,219344,UTM / 19 SUR / WGS84,PUNO,APROBADO CON RESOLUCION DE COMANDANCIA GENERAL DE LA POLICIA NACIONAL N° 149-2020-CG  PNP/ SCG DEL 30MAY2020,21,PUNO,2102,AZANGARO,210207,JOSE DOMINGO CHOQUEHUANCA,18R1A,DIVOPUS JULIACA,18,PUNO,18R1,PUNO,-15.03095991,-70.34078021
582,G,0911,4608,CPNP ARAPA,D,219347,UTM / 19 SUR / WGS84,PUNO,APROBADO CON RESOLUCION DE COMANDANCIA GENERAL DE LA POLICIA NACIONAL N° 149-2020-CG  PNP/ SCG DEL 30MAY2020,21,PUNO,2102,AZANGARO,210203,ARAPA,18R1A,DIVOPUS JULIACA,18,PUNO,18R1,PUNO,-15.13943619,-70.10989562
583,G,0912,4604,CPNP ASILLO,E,219345,UTM / 19 SUR / WGS84,PUNO,APROBADO CON RESOLUCION DE COMANDANCIA GENERAL DE LA POLICIA NACIONAL N° 149-2020-CG  PNP/ SCG DEL 30MAY2020,21,PUNO,2102,AZANGARO,210204,ASILLO,18R1A,DIVOPUS JULIACA,18,PUNO,18R1,PUNO,-14.7862671,-70.35431337
584,F,0914,4606,CPNP SAN ANTON,E,219346,UTM / 19 SUR / WGS84,PUNO,APROBADO CON RESOLUCION DE COMANDANCIA GENERAL DE LA POLICIA NACIONAL N° 149-2020-CG  PNP/ SCG DEL 30MAY2020,21,PUNO,2102,AZANGARO,210211,SAN ANTON,18R1A,DIVOPUS JULIACA,18,PUNO,18R1,PUNO,-14.5837711,-70.31689138
585,G,0926,4552,CPNP PUSI,E,219336,UTM / 19 SUR / WGS84,PUNO,APROBADO CON RESOLUCION DE COMANDANCIA GENERAL DE LA POLICIA NACIONAL N° 149-2020-CG  PNP/ SCG DEL 30MAY2020,21,PUNO,2106,HUANCANE,210605,PUSI,18R1A,DIVOPUS JULIACA,18,PUNO,18R1,PUNO,-15.44216505,-69.92913693
586,G,0927,4565,CPNP ROSASPATA,E,219340,UTM / 19 SUR / WGS84,PUNO,APROBADO CON RESOLUCION DE COMANDANCIA GENERAL DE LA POLICIA NACIONAL N° 149-2020-CG  PNP/ SCG DEL 30MAY2020,21,PUNO,2106,HUANCANE,210606,ROSASPATA,18R1A,DIVOPUS JULIACA,18,PUNO,18R1,PUNO,-15.23501787,-69.52808824
587,G,5050,4581,CPNP CABANILLA,E,219314,UTM / 19 SUR / WGS84,PUNO,APROBADO CON RESOLUCION DE COMANDANCIA GENERAL DE LA POLICIA NACIONAL N° 149-2020-CG  PNP/ SCG DEL 30MAY2020,21,PUNO,2107,LAMPA,210702,CABANILLA,18R1A,DIVOPUS JULIACA,18,PUNO,18R1,PUNO,-15.61970264,-70.344262491
588,F,0932,4582,CPNP PUCARA,D,219329,UTM / 19 SUR / WGS84,PUNO,APROBADO CON RESOLUCION DE COMANDANCIA GENERAL DE LA POLICIA NACIONAL N° 149-2020-CG  PNP/ SCG DEL 30MAY2020,21,PUNO,2107,LAMPA,210708,PUCARA,18R1A,DIVOPUS JULIACA,18,PUNO,18R1,PUNO,-15.04096857,-70.3656846
589,F,0935,4631,CPNP ANTAUTA,E,219358,UTM / 19 SUR / WGS84,PUNO,APROBADO CON RESOLUCION DE COMANDANCIA GENERAL DE LA POLICIA NACIONAL N° 149-2020-CG  PNP/ SCG DEL 30MAY2020,21,PUNO,2108,MELGAR,210802,ANTAUTA,18R1A,DIVOPUS JULIACA,18,PUNO,18R1,PUNO,-14.30043094,-70.29102807
590,G,0937,4598,CPNP ORURILLO,E,219330,UTM / 19 SUR / WGS84,PUNO,APROBADO CON RESOLUCION DE COMANDANCIA GENERAL DE LA POLICIA NACIONAL N° 149-2020-CG  PNP/ SCG DEL 30MAY2020,21,PUNO,2108,MELGAR,210807,ORURILLO,18R1A,DIVOPUS JULIACA,18,PUNO,18R1,PUNO,-14.72710446,-70.511604139
591,F,0931,4536,CPNP CABANILLAS,D,219310,UTM / 19 SUR / WGS84,PUNO,APROBADO CON RESOLUCION DE COMANDANCIA GENERAL DE LA POLICIA NACIONAL N° 149-2020-CG  PNP/ SCG DEL 30MAY2020,21,PUNO,2111,SAN ROMAN,211103,CABANILLAS,18R1A,DIVOPUS JULIACA,18,PUNO,18R1,PUNO,-15.64358721,-70.351371
592,G,0948,4538,CPNP CARACOTO,D,219306,UTM / 19 SUR / WGS84,PUNO,APROBADO CON RESOLUCION DE COMANDANCIA GENERAL DE LA POLICIA NACIONAL N° 149-2020-CG  PNP/ SCG DEL 30MAY2020,21,PUNO,2111,SAN ROMAN,211104,CARACOTO,18R1A,DIVOPUS JULIACA,18,PUNO,18R1,PUNO,-15.56649904,-70.10163841
593,G,5054,4623,CPNP QUIACA,E,219353,UTM / 19 SUR / WGS84,PUNO,APROBADO CON RESOLUCION DE COMANDANCIA GENERAL DE LA POLICIA NACIONAL N° 149-2020-CG  PNP/ SCG DEL 30MAY2020,21,PUNO,2112,SANDIA,211206,QUIACA,18R1A,DIVOPUS JULIACA,18,PUNO,18R1,PUNO,-14.42219389,-69.345010961
594,F,0951,4622,CPNP SAN JUAN DEL ORO,D,219352,UTM / 19 SUR / WGS84,PUNO,APROBADO CON RESOLUCION DE COMANDANCIA GENERAL DE LA POLICIA NACIONAL N° 149-2020-CG  PNP/ SCG DEL 30MAY2020,21,PUNO,2112,SANDIA,211207,SAN JUAN DEL ORO,18R1A,DIVOPUS JULIACA,18,PUNO,18R1,PUNO,-14.22160951,-69.15457213
595,A,0318,1371,CPNP MAYOR PNP JAIME ERNESTO COBIAN,A,224305,UTM / 18 SUR / WGS84,SAN MARTIN,APROBADO CON RESOLUCION DE COMANDANCIA GENERAL DE LA POLICIA NACIONAL N° 149-2020-CG  PNP/ SCG DEL 30MAY2020,22,SAN MARTIN,2206,MARISCAL CACERES,220601,JUANJUI,19R2B,DIVOPUS TARAPOTO,19,SAN MARTIN,19R2,SAN MARTIN,-7.17983529,-76.72650323
596,A,0001,7000,CPNP TINGO MARIA,A,217528,UTM / 18 SUR / WGS84,HUANUCO,APROBADO CON RESOLUCION DE COMANDANCIA GENERAL DE LA POLICIA NACIONAL N° 149-2020-CG  PNP/ SCG DEL 30MAY2020,10,HUANUCO,1006,LEONCIO PRADO,100601,RUPA-RUPA,08R1A,DIVPOL LEONCIO PRADO,08,HUANUCO,08R1,HUANUCO,-9.29806953,-76.00260836
597,A,5017,7013,CPNP VENENILLO,D,217542,UTM / 18 SUR / WGS84,HUANUCO,APROBADO CON RESOLUCION DE COMANDANCIA GENERAL DE LA POLICIA NACIONAL N° 149-2020-CG  PNP/ SCG DEL 30MAY2020,10,HUANUCO,1006,LEONCIO PRADO,100601,RUPA-RUPA,08R1A,DIVPOL LEONCIO PRADO,08,HUANUCO,08R1,HUANUCO,-9.089125,-76.09476
598,E,0870,4296,CPNP BOCA DEL RIO,D,222432,UTM / 19 SUR / WGS84,TACNA,APROBADO CON RESOLUCION DE COMANDANCIA GENERAL DE LA POLICIA NACIONAL N° 149-2020-CG  PNP/ SCG DEL 30MAY2020,23,TACNA,2301,TACNA,230109,SAMA,20R2A,DIVOPUS TACNA,20,TACNA,20R2,TACNA,-18.15801252,-70.67886955
599,E,0878,4300,CPNP SAMA LAS YARAS,E,222434,UTM / 19 SUR / WGS84,TACNA,APROBADO CON RESOLUCION DE COMANDANCIA GENERAL DE LA POLICIA NACIONAL N° 149-2020-CG  PNP/ SCG DEL 30MAY2020,23,TACNA,2301,TACNA,230109,SAMA,20R2A,DIVOPUS TACNA,20,TACNA,20R2,TACNA,-17.86290277,-70.56007625
600,G,0804,4172,CPNP QUILCA,E,218915,UTM / 18 SUR / WGS84,AREQUIPA,APROBADO CON RESOLUCION DE COMANDANCIA GENERAL DE LA POLICIA NACIONAL N° 149-2020-CG  PNP/ SCG DEL 30MAY2020,04,AREQUIPA,0402,CAMANA,040207,QUILCA,03R1A,DIVOPUS AREQUIPA,03,AREQUIPA,03R1,AREQUIPA,-16.71627376,-72.426175039
601,F,0850,4252,CPNP CARUMAS,C,222515,UTM / 19 SUR / WGS84,MOQUEGUA,APROBADO CON RESOLUCION DE COMANDANCIA GENERAL DE LA POLICIA NACIONAL N° 149-2020-CG  PNP/ SCG DEL 30MAY2020,18,MOQUEGUA,1801,MARISCAL NIETO,180102,CARUMAS,20R1A,DIVOPUS MOQUEGUA,20,TACNA,20R1,MOQUEGUA,-16.80936367,-70.69457958
602,A,0838,4078,CPNP MOLLENDO,A,218864,UTM / 18 SUR / WGS84,AREQUIPA,APROBADO CON RESOLUCION DE COMANDANCIA GENERAL DE LA POLICIA NACIONAL N° 149-2020-CG  PNP/ SCG DEL 30MAY2020,04,AREQUIPA,0407,ISLAY,040701,MOLLENDO,03R1A,DIVOPUS AREQUIPA,03,AREQUIPA,03R1,AREQUIPA,-17.026090157,-72.008236705
603,E,0839,4134,CPNP COCACHACRA,B,218876,UTM / 19 SUR / WGS84,AREQUIPA,APROBADO CON RESOLUCION DE COMANDANCIA GENERAL DE LA POLICIA NACIONAL N° 149-2020-CG  PNP/ SCG DEL 30MAY2020,04,AREQUIPA,0407,ISLAY,040702,COCACHACRA,03R1A,DIVOPUS AREQUIPA,03,AREQUIPA,03R1,AREQUIPA,-17.09226847,-71.76450875
604,G,0924,4642,CPNP MAZOCRUZ,B,219261,UTM / 19 SUR / WGS84,PUNO,APROBADO CON RESOLUCION DE COMANDANCIA GENERAL DE LA POLICIA NACIONAL N° 149-2020-CG  PNP/ SCG DEL 30MAY2020,21,PUNO,2105,EL COLLAO,210504,SANTA ROSA,18R1B,DIVOPUS PUNO,18,PUNO,18R1,PUNO,-16.741266689,-69.71717447
605,F,0811,4214,CPNP ACHANIZO,D,218936,UTM / 18 SUR / WGS84,AREQUIPA,APROBADO CON RESOLUCION DE COMANDANCIA GENERAL DE LA POLICIA NACIONAL N° 149-2020-CG  PNP/ SCG DEL 30MAY2020,04,AREQUIPA,0403,CARAVELI,040308,CHAPARRA,03R1A,DIVOPUS AREQUIPA,03,AREQUIPA,03R1,AREQUIPA,-15.80488227,-73.96647011
606,D,0833,4004,CPNP PEDREGAL,A,218879,UTM / 18 SUR / WGS84,AREQUIPA,APROBADO CON RESOLUCION DE COMANDANCIA GENERAL DE LA POLICIA NACIONAL N° 149-2020-CG  PNP/ SCG DEL 30MAY2020,04,AREQUIPA,0405,CAYLLOMA,040520,MAJES,03R1A,DIVOPUS AREQUIPA,03,AREQUIPA,03R1,AREQUIPA,-16.34866792,-72.187859169
607,B,1113,7025,CPNP HUACRACHUCO,D,224321,UTM / 18 SUR / WGS84,HUANUCO,APROBADO CON RESOLUCION DE COMANDANCIA GENERAL DE LA POLICIA NACIONAL N° 149-2020-CG  PNP/ SCG DEL 30MAY2020,10,HUANUCO,1007,MARA├æON,100701,HUACRACHUCO,08R1A,DIVPOL LEONCIO PRADO,08,HUANUCO,08R1,HUANUCO,-8.604290269,-77.14917593
608,G,0902,4518,CPNP ACORA,D,219248,UTM / 19 SUR / WGS84,PUNO,APROBADO CON RESOLUCION DE COMANDANCIA GENERAL DE LA POLICIA NACIONAL N° 149-2020-CG  PNP/ SCG DEL 30MAY2020,21,PUNO,2101,PUNO,210102,ACORA,18R1B,DIVOPUS PUNO,18,PUNO,18R1,PUNO,-15.97640161,-69.7965453
609,A,0922,4635,CPNP COLLAO - ILAVE,A,219257,UTM / 19 SUR / WGS84,PUNO,APROBADO CON RESOLUCION DE COMANDANCIA GENERAL DE LA POLICIA NACIONAL N° 149-2020-CG  PNP/ SCG DEL 30MAY2020,21,PUNO,2105,EL COLLAO,210501,ILAVE,18R1B,DIVOPUS PUNO,18,PUNO,18R1,PUNO,-16.07527158,-69.62864283
610,F,0386,1650,CPNP SANTA ELENA,E,221718,UTM / 18 SUR / WGS84,LORETO,APROBADO CON RESOLUCION DE COMANDANCIA GENERAL DE LA POLICIA NACIONAL N° 149-2020-CG  PNP/ SCG DEL 30MAY2020,16,LORETO,1605,REQUENA,160502,ALTO TAPICHE,14R1A,DIVOPUS LORETO,14,LORETO,14R1,LORETO,-6.025866711,-74.09381425
611,F,0837,4224,CPNP SALAMANCA,D,218952,UTM / 18 SUR / WGS84,AREQUIPA,APROBADO CON RESOLUCION DE COMANDANCIA GENERAL DE LA POLICIA NACIONAL N° 149-2020-CG  PNP/ SCG DEL 30MAY2020,04,AREQUIPA,0406,CONDESUYOS,040607,SALAMANCA,03R1A,DIVOPUS AREQUIPA,03,AREQUIPA,03R1,AREQUIPA,-15.50469496,-72.83391643
612,D,0729,3670,CPNP PLANCHON,D,222599,UTM / 19 SUR / WGS84,MADRE DE DIOS,APROBADO CON RESOLUCION DE COMANDANCIA GENERAL DE LA POLICIA NACIONAL N° 149-2020-CG  PNP/ SCG DEL 30MAY2020,17,MADRE DE DIOS,1701,TAMBOPATA,170103,LAS PIEDRAS,15R1A,DIVOPUS MADRE DE DIOS,15,MADRE DE DIOS,15R1,MADRE DE DIOS,-12.27563476,-69.15193464
613,D,0000,3671,CPNP MAVILA,E,222600,UTM / 19 SUR / WGS84,MADRE DE DIOS,APROBADO CON RESOLUCION DE COMANDANCIA GENERAL DE LA POLICIA NACIONAL N° 149-2020-CG  PNP/ SCG DEL 30MAY2020,17,MADRE DE DIOS,1701,TAMBOPATA,170103,LAS PIEDRAS,15R1A,DIVOPUS MADRE DE DIOS,15,MADRE DE DIOS,15R1,MADRE DE DIOS,-11.934158348,-69.118757278
614,G,0595,3032,CPNP COMAS,C,222652,UTM / 18 SUR / WGS84,JUNIN,APROBADO CON RESOLUCION DE COMANDANCIA GENERAL DE LA POLICIA NACIONAL N° 149-2020-CG  PNP/ SCG DEL 30MAY2020,12,JUNIN,1202,CONCEPCION,120206,COMAS,23R1A,DIVOPUS VRAEM,23,VRAEM,23R1,VRAEM,-11.72257882,-75.086276979
615,A,0397,1700,CPNP PUCALLPA,A,222321,UTM / 18 SUR / WGS84,UCAYALI,APROBADO CON RESOLUCION DE COMANDANCIA GENERAL DE LA POLICIA NACIONAL N° 149-2020-CG  PNP/ SCG DEL 30MAY2020,25,UCAYALI,2501,CORONEL PORTILLO,250101,CALLERIA,22R1A,DIVOPUS UCAYALI,22,UCAYALI,22R1,UCAYALI,-8.38179797,-74.53205265
616,B,0239,1290,CPNP SANTIAGO DE CHUCO,B,225904,UTM / 17 SUR / WGS84,LA LIBERTAD,APROBADO CON RESOLUCION DE COMANDANCIA GENERAL DE LA POLICIA NACIONAL N° 149-2020-CG  PNP/ SCG DEL 30MAY2020,13,LA LIBERTAD,1310,SANTIAGO DE CHUCO,131001,SANTIAGO DE CHUCO,11R1C,DIVPOL HUAMACHUCO,11,LA LIBERTAD,11R1,LA LIBERTAD,-8.14538461,-78.1736834
617,F,0000,7910,CPNP SARAYACU,E,221723,UTM / 18 SUR / WGS84,LORETO,APROBADO CON RESOLUCION DE COMANDANCIA GENERAL DE LA POLICIA NACIONAL N° 149-2020-CG  PNP/ SCG DEL 30MAY2020,16,LORETO,1606,UCAYALI,160605,SARAYACU,22R1A,DIVOPUS UCAYALI,22,UCAYALI,22R1,UCAYALI,-6.038259703,-74.853800129
618,G,0035,0738,CPNP SUYO,C,216194,UTM / 17 SUR / WGS84,PIURA,APROBADO CON RESOLUCION DE COMANDANCIA GENERAL DE LA POLICIA NACIONAL N° 149-2020-CG  PNP/ SCG DEL 30MAY2020,20,PIURA,2002,AYABACA,200210,SUYO,16R1A,DIVOPUS SULLANA,16,PIURA,16R1,PIURA,-4.51284906,-80.00124038
619,D,0141,0806,CPNP LA VICTORIA,A,216423,UTM / 17 SUR / WGS84,LAMBAYEQUE,APROBADO CON RESOLUCION DE COMANDANCIA GENERAL DE LA POLICIA NACIONAL N° 149-2020-CG  PNP/ SCG DEL 30MAY2020,14,LAMBAYEQUE,1401,CHICLAYO,140106,LA VICTORIA,12R1A,DIVOPUS LAMBAYEQUE,12,LAMBAYEQUE,12R1,LAMBAYEQUE,-6.798673,-79.835768
620,G,0234,1287,CPNP CHAGUAL,D,225918,UTM / 18 SUR / WGS84,LA LIBERTAD,APROBADO CON RESOLUCION DE COMANDANCIA GENERAL DE LA POLICIA NACIONAL N° 149-2020-CG  PNP/ SCG DEL 30MAY2020,13,LA LIBERTAD,1308,PATAZ,130809,PATAZ,11R1C,DIVPOL HUAMACHUCO,11,LA LIBERTAD,11R1,LA LIBERTAD,-7.833162,-77.634778
621,G,0235,1288,CPNP VIJUS,E,225909,UTM / 18 SUR / WGS84,LA LIBERTAD,APROBADO CON RESOLUCION DE COMANDANCIA GENERAL DE LA POLICIA NACIONAL N° 149-2020-CG  PNP/ SCG DEL 30MAY2020,13,LA LIBERTAD,1308,PATAZ,130809,PATAZ,11R1C,DIVPOL HUAMACHUCO,11,LA LIBERTAD,11R1,LA LIBERTAD,-7.72787177,-77.663529289
622,G,5006,7533,CPNP CHUNGUI,C,220770,UTM / 18 SUR / WGS84,AYACUCHO,APROBADO CON RESOLUCION DE COMANDANCIA GENERAL DE LA POLICIA NACIONAL N° 149-2020-CG  PNP/ SCG DEL 30MAY2020,05,AYACUCHO,0505,LA MAR,050505,CHUNGUI,23R1B,DIVPOL HUANTA,23,VRAEM,23R1,VRAEM,-13.221777951,-73.621577475
623,D,0649,7586,CPNP SAN MARTIN DE PANGOA,B,222658,UTM / 18 SUR / WGS84,JUNIN,APROBADO CON RESOLUCION DE COMANDANCIA GENERAL DE LA POLICIA NACIONAL N° 149-2020-CG  PNP/ SCG DEL 30MAY2020,12,JUNIN,1206,SATIPO,120606,PANGOA,23R1A,DIVOPUS VRAEM,23,VRAEM,23R1,VRAEM,-11.42882696,-74.488468
624,A,0849,4240,CPNP MOQUEGUA,A,222498,UTM / 19 SUR / WGS84,MOQUEGUA,APROBADO CON RESOLUCION DE COMANDANCIA GENERAL DE LA POLICIA NACIONAL N° 149-2020-CG  PNP/ SCG DEL 30MAY2020,18,MOQUEGUA,1801,MARISCAL NIETO,180101,MOQUEGUA,20R1A,DIVOPUS MOQUEGUA,20,TACNA,20R1,MOQUEGUA,-17.19305538,-70.93263213
625,A,0852,4244,CPNP LOS ANGELES,C,222504,UTM / 19 SUR / WGS84,MOQUEGUA,APROBADO CON RESOLUCION DE COMANDANCIA GENERAL DE LA POLICIA NACIONAL N° 149-2020-CG  PNP/ SCG DEL 30MAY2020,18,MOQUEGUA,1801,MARISCAL NIETO,180101,MOQUEGUA,20R1A,DIVOPUS MOQUEGUA,20,TACNA,20R1,MOQUEGUA,-17.169634999,-70.906915
626,A,1395,4243,CPNP SAN ANTONIO,B,222507,UTM / 19 SUR / WGS84,MOQUEGUA,APROBADO CON RESOLUCION DE COMANDANCIA GENERAL DE LA POLICIA NACIONAL N° 149-2020-CG  PNP/ SCG DEL 30MAY2020,18,MOQUEGUA,1801,MARISCAL NIETO,180101,MOQUEGUA,20R1A,DIVOPUS MOQUEGUA,20,TACNA,20R1,MOQUEGUA,-17.20785862,-70.94883587
627,A,0896,4500,CPNP PUNO,A,219240,UTM / 19 SUR / WGS84,PUNO,APROBADO CON RESOLUCION DE COMANDANCIA GENERAL DE LA POLICIA NACIONAL N° 149-2020-CG  PNP/ SCG DEL 30MAY2020,21,PUNO,2101,PUNO,210101,PUNO,18R1B,DIVOPUS PUNO,18,PUNO,18R1,PUNO,-15.840215,-70.028607
628,A,0898,4512,CPNP HUASCAR,D,219244,UTM / 19 SUR / WGS84,PUNO,APROBADO CON RESOLUCION DE COMANDANCIA GENERAL DE LA POLICIA NACIONAL N° 149-2020-CG  PNP/ SCG DEL 30MAY2020,21,PUNO,2101,PUNO,210101,PUNO,18R1B,DIVOPUS PUNO,18,PUNO,18R1,PUNO,-15.827807941,-70.034247479
629,A,0901,4520,CPNP ALTO PUNO,D,219243,UTM / 19 SUR / WGS84,PUNO,APROBADO CON RESOLUCION DE COMANDANCIA GENERAL DE LA POLICIA NACIONAL N° 149-2020-CG  PNP/ SCG DEL 30MAY2020,21,PUNO,2101,PUNO,210101,PUNO,18R1B,DIVOPUS PUNO,18,PUNO,18R1,PUNO,-15.81997645,-70.02946646
630,F,2002,7023,CPNP CURIMANA,C,222349,UTM / 18 SUR / WGS84,UCAYALI,APROBADO CON RESOLUCION DE COMANDANCIA GENERAL DE LA POLICIA NACIONAL N° 149-2020-CG  PNP/ SCG DEL 30MAY2020,25,UCAYALI,2503,PADRE ABAD,250303,CURIMANA,22R1A,DIVOPUS UCAYALI,22,UCAYALI,22R1,UCAYALI,-8.434792071,-75.150586461
631,B,0396,1732,CPNP PUERTO INCA,A,222625,UTM / 18 SUR / WGS84,HUANUCO,APROBADO CON RESOLUCION DE COMANDANCIA GENERAL DE LA POLICIA NACIONAL N° 149-2020-CG  PNP/ SCG DEL 30MAY2020,10,HUANUCO,1009,PUERTO INCA,100901,PUERTO INCA,17R1A,DIVOPUS PUERTO INCA,17,PUERTO INCA,17R1,PUERTO INCA,-9.37882579,-74.96695008
632,E,0781,4064,CPNP TAMBILLO,D,218893,UTM / 18 SUR / WGS84,AREQUIPA,MODIFICACION PARCIAL DEL LIMITE. APROBADO CON RESOLUCION DE COMANDANCIA GENERAL DE LA POLICIA NACIONAL N° 348-2023-CG┬ÁPNP/EMG DEL 06SEP2023,04,AREQUIPA,0401,AREQUIPA,040118,SAN JUAN DE SIGUAS,03R1A,DIVOPUS AREQUIPA,03,AREQUIPA,03R1,AREQUIPA,-16.34963588,-72.127170971
633,E,0842,4112,CPNP MATARANI,B,218867,UTM / 18 SUR / WGS84,AREQUIPA,APROBADO CON RESOLUCION DE COMANDANCIA GENERAL DE LA POLICIA NACIONAL N° 149-2020-CG  PNP/ SCG DEL 30MAY2020,04,AREQUIPA,0407,ISLAY,040704,ISLAY,03R1A,DIVOPUS AREQUIPA,03,AREQUIPA,03R1,AREQUIPA,-17.00053238,-72.09624863
634,B,0917,4647,CPNP JULI,C,219268,UTM / 19 SUR / WGS84,PUNO,APROBADO CON RESOLUCION DE COMANDANCIA GENERAL DE LA POLICIA NACIONAL N° 149-2020-CG  PNP/ SCG DEL 30MAY2020,21,PUNO,2104,CHUCUITO,210401,JULI,18R1B,DIVOPUS PUNO,18,PUNO,18R1,PUNO,-16.21931535,-69.46841559
635,F,0780,4120,CPNP SAN JUAN DE TARUCANI,D,218899,UTM / 19 SUR / WGS84,AREQUIPA,MODIFICACION PARCIAL DEL LIMITE. APROBADO CON RESOLUCION DE COMANDANCIA GENERAL DE LA POLICIA NACIONAL N° 348-2023-CG┬ÁPNP/EMG DEL 06SEP2023,04,AREQUIPA,0401,AREQUIPA,040119,SAN JUAN DE TARUCANI,03R1A,DIVOPUS AREQUIPA,03,AREQUIPA,03R1,AREQUIPA,-16.18304318,-71.06187867
636,E,0086,0651,CPNP BERNAL,D,216063,UTM / 17 SUR / WGS84,PIURA,APROBADO CON RESOLUCION DE COMANDANCIA GENERAL DE LA POLICIA NACIONAL N° 149-2020-CG  PNP/ SCG DEL 30MAY2020,20,PIURA,2008,SECHURA,200803,BERNAL,16R1B,DIVOPUS PIURA,16,PIURA,16R1,PIURA,-5.45725918,-80.741744779
637,F,0302,1367,CPNP NUEVO SAN MIGUEL,E,221963,UTM / 18 SUR / WGS84,SAN MARTIN,APROBADO CON RESOLUCION DE COMANDANCIA GENERAL DE LA POLICIA NACIONAL N° 149-2020-CG  PNP/ SCG DEL 30MAY2020,22,SAN MARTIN,2201,MOYOBAMBA,220104,JEPELACIO,19R2A,DIVPOL MOYOBAMBA,19,SAN MARTIN,19R2,SAN MARTIN,-6.212735,-76.915293
638,F,0304,1344,CPNP JEPELACIO,E,221962,UTM / 18 SUR / WGS84,SAN MARTIN,APROBADO CON RESOLUCION DE COMANDANCIA GENERAL DE LA POLICIA NACIONAL N° 149-2020-CG  PNP/ SCG DEL 30MAY2020,22,SAN MARTIN,2201,MOYOBAMBA,220104,JEPELACIO,19R2A,DIVPOL MOYOBAMBA,19,SAN MARTIN,19R2,SAN MARTIN,-6.10809122,-76.91530741
639,G,0361,1566,CPNP SANTA MARIA DE NANAY,E,217398,UTM / 18 SUR / WGS84,LORETO,APROBADO CON RESOLUCION DE COMANDANCIA GENERAL DE LA POLICIA NACIONAL N° 149-2020-CG  PNP/ SCG DEL 30MAY2020,16,LORETO,1601,MAYNAS,160102,ALTO NANAY,14R1A,DIVOPUS LORETO,14,LORETO,14R1,LORETO,-3.88873512,-73.69630896
640,F,0298,1404,CPNP LAGUNAS,D,221937,UTM / 18 SUR / WGS84,LORETO,APROBADO CON RESOLUCION DE COMANDANCIA GENERAL DE LA POLICIA NACIONAL N° 149-2020-CG  PNP/ SCG DEL 30MAY2020,16,LORETO,1602,ALTO AMAZONAS,160206,LAGUNAS,19R2B,DIVOPUS TARAPOTO,19,SAN MARTIN,19R2,SAN MARTIN,-5.226604787,-75.678851001
641,G,0378,1616,CPNP MAYPUCO,D,221708,UTM / 18 SUR / WGS84,LORETO,APROBADO CON RESOLUCION DE COMANDANCIA GENERAL DE LA POLICIA NACIONAL N° 149-2020-CG  PNP/ SCG DEL 30MAY2020,16,LORETO,1603,LORETO,160305,URARINAS,14R1A,DIVOPUS LORETO,14,LORETO,14R1,LORETO,-4.82982448,-75.12068006
642,G,0640,7582,CPNP PUCYURA,C,220741,UTM / 18 SUR / WGS84,CUSCO,APROBADO CON RESOLUCION DE COMANDANCIA GENERAL DE LA POLICIA NACIONAL N° 149-2020-CG  PNP/ SCG DEL 30MAY2020,08,CUSCO,0809,LA CONVENCION,080909,VILCABAMBA,23R1A,DIVOPUS VRAEM,23,VRAEM,23R1,VRAEM,-13.096562001,-72.936032
643,G,0114,1058,CPNP SAN JOSE DE LOURDES,E,223361,UTM / 17 SUR / WGS84,CAJAMARCA,APROBADO CON RESOLUCION DE COMANDANCIA GENERAL DE LA POLICIA NACIONAL N° 149-2020-CG  PNP/ SCG DEL 30MAY2020,06,CAJAMARCA,0609,SAN IGNACIO,060906,SAN JOSE DE LOURDES,05R1A,DIVPOL JAEN,05,CAJAMARCA,05R1,CAJAMARCA,-5.103090088,-78.914342922
644,C,0450,2030,CPNP LA VICTORIA,A,219905,UTM / 18 SUR / WGS84,LIMAMETRO,APROBADO CON RESOLUCION DE DIRECCION GENERAL DE LA POLICIA NACIONAL N° 276-2018-DIRGEN/SUB.DG-PNP 23JUL2018,15,LIMA,1501,LIMA,150115,LA VICTORIA,13R1J,DIVPOL CENTRO 2,13,LIMA,13R1,LIMA,-12.063003,-77.025787
645,C,0441,2040,CPNP SAN COSME,B,219911,UTM / 18 SUR / WGS84,LIMAMETRO,APROBADO CON RESOLUCION DE DIRECCION GENERAL DE LA POLICIA NACIONAL N° 276-2018-DIRGEN/SUB.DG-PNP 23JUL2018,15,LIMA,1501,LIMA,150115,LA VICTORIA,13R1J,DIVPOL CENTRO 2,13,LIMA,13R1,LIMA,-12.064417044,-77.007696636
646,C,0449,2035,CPNP APOLO,A,219908,UTM / 18 SUR / WGS84,LIMAMETRO,APROBADO CON RESOLUCION DE DIRECCION GENERAL DE LA POLICIA NACIONAL N° 276-2018-DIRGEN/SUB.DG-PNP 23JUL2018,15,LIMA,1501,LIMA,150115,LA VICTORIA,13R1J,DIVPOL CENTRO 2,13,LIMA,13R1,LIMA,-12.071410834,-77.009943778
647,G,0103,1038,CPNP LAS PIRIAS,E,223349,UTM / 17 SUR / WGS84,CAJAMARCA,APROBADO CON RESOLUCION DE COMANDANCIA GENERAL DE LA POLICIA NACIONAL N° 149-2020-CG  PNP/ SCG DEL 30MAY2020,06,CAJAMARCA,0608,JAEN,060806,LAS PIRIAS,05R1A,DIVPOL JAEN,05,CAJAMARCA,05R1,CAJAMARCA,-5.62807177,-78.85211025
648,F,0855,4250,CPNP TORATA,B,222511,UTM / 19 SUR / WGS84,MOQUEGUA,APROBADO CON RESOLUCION DE COMANDANCIA GENERAL DE LA POLICIA NACIONAL N° 149-2020-CG  PNP/ SCG DEL 30MAY2020,18,MOQUEGUA,1801,MARISCAL NIETO,180106,TORATA,20R1A,DIVOPUS MOQUEGUA,20,TACNA,20R1,MOQUEGUA,-17.07618695,-70.84428378
649,G,8003,8065,CPNP TOURNAVISTA,D,222630,UTM / 18 SUR / WGS84,HUANUCO,APROBADO CON RESOLUCION DE COMANDANCIA GENERAL DE LA POLICIA NACIONAL N° 149-2020-CG  PNP/ SCG DEL 30MAY2020,10,HUANUCO,1009,PUERTO INCA,100904,TOURNAVISTA,17R1A,DIVOPUS PUERTO INCA,17,PUERTO INCA,17R1,PUERTO INCA,-8.93077042,-74.70666534
650,F,0398,1714,CPNP CAMPO VERDE,B,222330,UTM / 18 SUR / WGS84,UCAYALI,APROBADO CON RESOLUCION DE COMANDANCIA GENERAL DE LA POLICIA NACIONAL N° 149-2020-CG  PNP/ SCG DEL 30MAY2020,25,UCAYALI,2501,CORONEL PORTILLO,250102,CAMPOVERDE,22R1A,DIVOPUS UCAYALI,22,UCAYALI,22R1,UCAYALI,-8.474155,-74.804098
651,F,0401,1716,CPNP NUEVA REQUENA,E,222333,UTM / 18 SUR / WGS84,UCAYALI,APROBADO CON RESOLUCION DE COMANDANCIA GENERAL DE LA POLICIA NACIONAL N° 149-2020-CG  PNP/ SCG DEL 30MAY2020,25,UCAYALI,2501,CORONEL PORTILLO,250106,NUEVA REQUENA,22R1A,DIVOPUS UCAYALI,22,UCAYALI,22R1,UCAYALI,-8.310415489,-74.86320221
652,F,0009,7022,CPNP SAN ALEJANDRO,D,222345,UTM / 18 SUR / WGS84,UCAYALI,APROBADO CON RESOLUCION DE COMANDANCIA GENERAL DE LA POLICIA NACIONAL N° 149-2020-CG  PNP/ SCG DEL 30MAY2020,25,UCAYALI,2503,PADRE ABAD,250302,IRAZOLA,22R1A,DIVOPUS UCAYALI,22,UCAYALI,22R1,UCAYALI,-8.82951452,-75.21614922
653,F,5008,7016,CPNP NESHUYA,C,222352,UTM / 18 SUR / WGS84,UCAYALI,APROBADO CON RESOLUCION DE COMANDANCIA GENERAL DE LA POLICIA NACIONAL N° 149-2020-CG  PNP/ SCG DEL 30MAY2020,25,UCAYALI,2503,PADRE ABAD,250304,NESHUYA,22R1A,DIVOPUS UCAYALI,22,UCAYALI,22R1,UCAYALI,-8.64206622,-74.96161491
654,B,0815,4174,CPNP APLAO,A,218937,UTM / 18 SUR / WGS84,AREQUIPA,APROBADO CON RESOLUCION DE COMANDANCIA GENERAL DE LA POLICIA NACIONAL N° 149-2020-CG  PNP/ SCG DEL 30MAY2020,04,AREQUIPA,0404,CASTILLA,040401,APLAO,03R1A,DIVOPUS AREQUIPA,03,AREQUIPA,03R1,AREQUIPA,-16.07950772,-72.49406345
655,G,8490,7589,CPNP CAMISEA,D,220747,UTM / 18 SUR / WGS84,CUSCO,APROBADO CON RESOLUCION DE COMANDANCIA GENERAL DE LA POLICIA NACIONAL N° 149-2020-CG  PNP/ SCG DEL 30MAY2020,08,CUSCO,0809,LA CONVENCION,080914,MEGANTONI,23R1A,DIVOPUS VRAEM,23,VRAEM,23R1,VRAEM,-11.731073,-72.942742
656,G,5022,1372,CPNP CAMPANILLA,D,221926,UTM / 18 SUR / WGS84,SAN MARTIN,APROBADO CON RESOLUCION DE COMANDANCIA GENERAL DE LA POLICIA NACIONAL N° 149-2020-CG  PNP/ SCG DEL 30MAY2020,22,SAN MARTIN,2206,MARISCAL CACERES,220602,CAMPANILLA,19R2B,DIVOPUS TARAPOTO,19,SAN MARTIN,19R2,SAN MARTIN,-7.48389471,-76.64948701
657,D,0881,4320,CPNP GREGORIO ALBARRACIN LANCHIPA,B,222440,UTM / 19 SUR / WGS84,TACNA,APROBADO CON RESOLUCION DE COMANDANCIA GENERAL DE LA POLICIA NACIONAL N° 149-2020-CG  PNP/ SCG DEL 30MAY2020,23,TACNA,2301,TACNA,230110,CORONEL GREGORIO ALBARRACIN LANCHIPA,20R2A,DIVOPUS TACNA,20,TACNA,20R2,TACNA,-18.04198479,-70.2513182
658,B,0796,4145,CPNP CAMANA,A,218900,UTM / 18 SUR / WGS84,AREQUIPA,MODIFICACION PARCIAL DEL LIMITE. APROBADO CON RESOLUCION DE COMANDANCIA GENERAL DE LA POLICIA NACIONAL N° 348-2023-CG┬ÁPNP/EMG DEL 06SEP2023,04,AREQUIPA,0402,CAMANA,040201,CAMANA,03R1A,DIVOPUS AREQUIPA,03,AREQUIPA,03R1,AREQUIPA,-16.62728383,-72.71148512
659,A,0163,0934,CPNP LAMBAYEQUE,A,221625,UTM / 17 SUR / WGS84,LAMBAYEQUE,APROBADO CON RESOLUCION DE COMANDANCIA GENERAL DE LA POLICIA NACIONAL N° 149-2020-CG  PNP/ SCG DEL 30MAY2020,14,LAMBAYEQUE,1403,LAMBAYEQUE,140301,LAMBAYEQUE,12R1A,DIVOPUS LAMBAYEQUE,12,LAMBAYEQUE,12R1,LAMBAYEQUE,-6.70112701,-79.90658736
660,A,0164,0937,CPNP SAN MARTIN DE PORRES,B,221628,UTM / 17 SUR / WGS84,LAMBAYEQUE,APROBADO CON RESOLUCION DE COMANDANCIA GENERAL DE LA POLICIA NACIONAL N° 149-2020-CG  PNP/ SCG DEL 30MAY2020,14,LAMBAYEQUE,1403,LAMBAYEQUE,140301,LAMBAYEQUE,12R1A,DIVOPUS LAMBAYEQUE,12,LAMBAYEQUE,12R1,LAMBAYEQUE,-6.708128951,-79.914311889
661,F,0763,4036,CPNP SAN ISIDRO,D,218890,UTM / 19 SUR / WGS84,AREQUIPA,APROBADO CON RESOLUCION DE COMANDANCIA GENERAL DE LA POLICIA NACIONAL N° 149-2020-CG  PNP/ SCG DEL 30MAY2020,04,AREQUIPA,0401,AREQUIPA,040125,VITOR,03R1A,DIVOPUS AREQUIPA,03,AREQUIPA,03R1,AREQUIPA,-16.586439999,-71.92794
662,F,0788,4044,CPNP VICTOR SOTILLO,D,218891,UTM / 19 SUR / WGS84,AREQUIPA,APROBADO CON RESOLUCION DE COMANDANCIA GENERAL DE LA POLICIA NACIONAL N° 149-2020-CG  PNP/ SCG DEL 30MAY2020,04,AREQUIPA,0401,AREQUIPA,040125,VITOR,03R1A,DIVOPUS AREQUIPA,03,AREQUIPA,03R1,AREQUIPA,-16.46897,-71.924783
663,G,0171,0965,CPNP OLMOS,B,216509,UTM / 17 SUR / WGS84,LAMBAYEQUE,APROBADO CON RESOLUCION DE COMANDANCIA GENERAL DE LA POLICIA NACIONAL N° 149-2020-CG  PNP/ SCG DEL 30MAY2020,14,LAMBAYEQUE,1403,LAMBAYEQUE,140308,OLMOS,12R1A,DIVOPUS LAMBAYEQUE,12,LAMBAYEQUE,12R1,LAMBAYEQUE,-5.987476081,-79.74313371
664,G,0110,1057,CPNP PUERTO CIRUELO,D,223360,UTM / 17 SUR / WGS84,CAJAMARCA,APROBADO CON RESOLUCION DE COMANDANCIA GENERAL DE LA POLICIA NACIONAL N° 149-2020-CG  PNP/ SCG DEL 30MAY2020,06,CAJAMARCA,0609,SAN IGNACIO,060903,HUARANGO,05R1A,DIVPOL JAEN,05,CAJAMARCA,05R1,CAJAMARCA,-5.28662761,-78.80647898
665,B,0381,1621,CPNP CABALLOCOCHA,B,217411,UTM / 19 SUR / WGS84,LORETO,APROBADO CON RESOLUCION DE COMANDANCIA GENERAL DE LA POLICIA NACIONAL N° 149-2020-CG  PNP/ SCG DEL 30MAY2020,16,LORETO,1604,MARISCAL RAMON CASTILLA,160401,RAMON CASTILLA,14R1A,DIVOPUS LORETO,14,LORETO,14R1,LORETO,-3.90539562,-70.51613807
666,B,0382,1625,CPNP CHIMBOTE,E,217414,UTM / 19 SUR / WGS84,LORETO,APROBADO CON RESOLUCION DE COMANDANCIA GENERAL DE LA POLICIA NACIONAL N° 149-2020-CG  PNP/ SCG DEL 30MAY2020,16,LORETO,1604,MARISCAL RAMON CASTILLA,160401,RAMON CASTILLA,14R1A,DIVOPUS LORETO,14,LORETO,14R1,LORETO,-3.929604001,-70.779137
667,F,0698,3648,CPNP VELILLE,D,218292,UTM / 19 SUR / WGS84,CUSCO,APROBADO CON RESOLUCION DE COMANDANCIA GENERAL DE LA POLICIA NACIONAL N° 149-2020-CG  PNP/ SCG DEL 30MAY2020,08,CUSCO,0807,CHUMBIVILCAS,080708,VELILLE,07R1C,DIVOPUS SICUANI,07,CUSCO,07R1,CUSCO,-14.509913881,-71.88380252
668,F,0648,7594,CPNP MAZAMARI,A,222661,UTM / 18 SUR / WGS84,JUNIN,APROBADO CON RESOLUCION DE COMANDANCIA GENERAL DE LA POLICIA NACIONAL N° 149-2020-CG  PNP/ SCG DEL 30MAY2020,12,JUNIN,1206,SATIPO,120604,MAZAMARI,23R1A,DIVOPUS VRAEM,23,VRAEM,23R1,VRAEM,-11.32821165,-74.52869457
669,F,0692,3610,CPNP CHECACUPE,E,218281,UTM / 19 SUR / WGS84,CUSCO,APROBADO CON RESOLUCION DE COMANDANCIA GENERAL DE LA POLICIA NACIONAL N° 149-2020-CG  PNP/ SCG DEL 30MAY2020,08,CUSCO,0806,CANCHIS,080602,CHECACUPE,07R1C,DIVOPUS SICUANI,07,CUSCO,07R1,CUSCO,-14.02617286,-71.45254411
670,G,0638,7578,CPNP QUELLOUNO,E,218318,UTM / 18 SUR / WGS84,CUSCO,APROBADO CON RESOLUCION DE COMANDANCIA GENERAL DE LA POLICIA NACIONAL N° 149-2020-CG  PNP/ SCG DEL 30MAY2020,08,CUSCO,0809,LA CONVENCION,080906,QUELLOUNO,07R1A,DIVOPUS LA CONVENCION,07,CUSCO,07R1,CUSCO,-12.63711792,-72.55636216
671,E,0802,4157,CPNP OCO├æA,D,218906,UTM / 18 SUR / WGS84,AREQUIPA,APROBADO CON RESOLUCION DE COMANDANCIA GENERAL DE LA POLICIA NACIONAL N° 149-2020-CG  PNP/ SCG DEL 30MAY2020,04,AREQUIPA,0402,CAMANA,040206,OCO├æA,03R1A,DIVOPUS AREQUIPA,03,AREQUIPA,03R1,AREQUIPA,-16.43492937,-73.106498381
672,E,0820,4182,CPNP ORCOPAMPA,D,218946,UTM / 18 SUR / WGS84,AREQUIPA,APROBADO CON RESOLUCION DE COMANDANCIA GENERAL DE LA POLICIA NACIONAL N° 149-2020-CG  PNP/ SCG DEL 30MAY2020,04,AREQUIPA,0404,CASTILLA,040409,ORCOPAMPA,03R1A,DIVOPUS AREQUIPA,03,AREQUIPA,03R1,AREQUIPA,-15.268263515,-72.343862251
673,C,0452,1805,CPNP LAURA CALLER IBERICO,A,219666,UTM / 18 SUR / WGS84,LIMAMETRO,MODIFICACION PARCIAL DEL LIMITE. APROBADO CON RESOLUCION DE COMANDANCIA GENERAL DE LA POLICIA NACIONAL N° 348-2023-CG┬ÁPNP/EMG DEL 06SEP2023,15,LIMA,1501,LIMA,150117,LOS OLIVOS,13R1D,DIVPOL NORTE 1,13,LIMA,13R1,LIMA,-11.970663346,-77.078082758
674,C,0453,1800,CPNP PRO,A,219663,UTM / 18 SUR / WGS84,LIMAMETRO,MODIFICACION PARCIAL DEL LIMITE. APROBADO CON RESOLUCION DE COMANDANCIA GENERAL DE LA POLICIA NACIONAL N° 348-2023-CG┬ÁPNP/EMG DEL 06SEP2023,15,LIMA,1501,LIMA,150117,LOS OLIVOS,13R1D,DIVPOL NORTE 1,13,LIMA,13R1,LIMA,-11.93458849,-77.077767682
675,C,0454,1810,CPNP SOL DE ORO,A,219669,UTM / 18 SUR / WGS84,LIMAMETRO,MODIFICACION PARCIAL DEL LIMITE. APROBADO CON RESOLUCION DE COMANDANCIA GENERAL DE LA POLICIA NACIONAL N° 348-2023-CG┬ÁPNP/EMG DEL 06SEP2023,15,LIMA,1501,LIMA,150117,LOS OLIVOS,13R1D,DIVPOL NORTE 1,13,LIMA,13R1,LIMA,-11.997620504,-77.063862523
676,G,0104,1064,CPNP POMAHUACA,E,223369,UTM / 17 SUR / WGS84,CAJAMARCA,APROBADO CON RESOLUCION DE COMANDANCIA GENERAL DE LA POLICIA NACIONAL N° 149-2020-CG  PNP/ SCG DEL 30MAY2020,06,CAJAMARCA,0608,JAEN,060807,POMAHUACA,05R1A,DIVPOL JAEN,05,CAJAMARCA,05R1,CAJAMARCA,-5.93150489,-79.22997282
677,B,0697,3645,CPNP SANTO TOMAS,C,218289,UTM / 18 SUR / WGS84,CUSCO,APROBADO CON RESOLUCION DE COMANDANCIA GENERAL DE LA POLICIA NACIONAL N° 149-2020-CG  PNP/ SCG DEL 30MAY2020,08,CUSCO,0807,CHUMBIVILCAS,080701,SANTO TOMAS,07R1C,DIVOPUS SICUANI,07,CUSCO,07R1,CUSCO,-14.44809705,-72.08440231
678,G,7004,5507,CPNP RANRACANCHA,D,223493,UTM / 18 SUR / WGS84,APURIMAC,APROBADO CON RESOLUCION DE COMANDANCIA GENERAL DE LA POLICIA NACIONAL N° 149-2020-CG  PNP/ SCG DEL 30MAY2020,03,APURIMAC,0306,CHINCHEROS,030608,RANRACANCHA,02R1A,DIVOPUS ANDAHUAYLAS,02,APURIMAC,02R1,APURIMAC,-13.533340001,-73.606662
679,E,0003,7002,CPNP AUCAYACU,B,217536,UTM / 18 SUR / WGS84,HUANUCO,APROBADO CON RESOLUCION DE COMANDANCIA GENERAL DE LA POLICIA NACIONAL N° 149-2020-CG  PNP/ SCG DEL 30MAY2020,10,HUANUCO,1006,LEONCIO PRADO,100604,JOSE CRESPO Y CASTILLO,08R1A,DIVPOL LEONCIO PRADO,08,HUANUCO,08R1,HUANUCO,-8.93140901,-76.11188986
680,E,0535,2505,CPNP AUCALLAMA,C,220436,UTM / 18 SUR / WGS84,PROVINCIA,APROBADO CON RESOLUCION DE COMANDANCIA GENERAL DE LA POLICIA NACIONAL N° 149-2020-CG  PNP/ SCG DEL 30MAY2020,15,LIMA,1506,HUARAL,150604,AUCALLAMA,13R1C,DIVPOL HUARAL,13,LIMA,13R1,LIMA,-11.558586321,-77.179267415
681,E,0073,0726,CPNP MARCAVELICA,C,216188,UTM / 17 SUR / WGS84,PIURA,APROBADO CON RESOLUCION DE COMANDANCIA GENERAL DE LA POLICIA NACIONAL N° 149-2020-CG  PNP/ SCG DEL 30MAY2020,20,PIURA,2006,SULLANA,200605,MARCAVELICA,16R1A,DIVOPUS SULLANA,16,PIURA,16R1,PIURA,-4.88174691,-80.70672473
682,B,0000,1730,CPNP CONTAMANA,B,222334,UTM / 18 SUR / WGS84,LORETO,APROBADO CON RESOLUCION DE COMANDANCIA GENERAL DE LA POLICIA NACIONAL N° 149-2020-CG  PNP/ SCG DEL 30MAY2020,16,LORETO,1606,UCAYALI,160601,CONTAMANA,22R1A,DIVOPUS UCAYALI,22,UCAYALI,22R1,UCAYALI,-7.34976148,-75.008329569
683,E,0000,7905,CPNP ORELLANA,E,222338,UTM / 18 SUR / WGS84,LORETO,APROBADO CON RESOLUCION DE COMANDANCIA GENERAL DE LA POLICIA NACIONAL N° 149-2020-CG  PNP/ SCG DEL 30MAY2020,16,LORETO,1606,UCAYALI,160606,VARGAS GUERRA,22R1A,DIVOPUS UCAYALI,22,UCAYALI,22R1,UCAYALI,-6.911467109,-75.157324447
684,B,8101,1578,CPNP EL ESTRECHO,D,217399,UTM / 18 SUR / WGS84,LORETO,APROBADO CON RESOLUCION DE COMANDANCIA GENERAL DE LA POLICIA NACIONAL N° 149-2020-CG  PNP/ SCG DEL 30MAY2020,16,LORETO,1608,PUTUMAYO,160801,PUTUMAYO,14R1A,DIVOPUS LORETO,14,LORETO,14R1,LORETO,-2.447182724,-72.668711074
685,E,0733,3680,CPNP HUEPETUHE,C,222604,UTM / 19 SUR / WGS84,MADRE DE DIOS,APROBADO CON RESOLUCION DE COMANDANCIA GENERAL DE LA POLICIA NACIONAL N° 149-2020-CG  PNP/ SCG DEL 30MAY2020,17,MADRE DE DIOS,1702,MANU,170204,HUEPETUHE,15R1A,DIVOPUS MADRE DE DIOS,15,MADRE DE DIOS,15R1,MADRE DE DIOS,-13.00166207,-70.52989877
686,B,1207,5628,CPNP DANIEL ALCIDES CARRION,B,221789,UTM / 18 SUR / WGS84,PASCO,APROBADO CON RESOLUCION DE COMANDANCIA GENERAL DE LA POLICIA NACIONAL N° 149-2020-CG  PNP/ SCG DEL 30MAY2020,19,PASCO,1902,DANIEL ALCIDES CARRION,190201,YANAHUANCA,08R2A,DIVOPUS PASCO,08,HUANUCO,08R2,PASCO,-10.49164355,-76.51453662
687,E,0054,0665,CPNP SALITRAL,D,216213,UTM / 17 SUR / WGS84,PIURA,APROBADO CON RESOLUCION DE COMANDANCIA GENERAL DE LA POLICIA NACIONAL N° 149-2020-CG  PNP/ SCG DEL 30MAY2020,20,PIURA,2004,MORROPON,200406,SALITRAL,16R1B,DIVOPUS PIURA,16,PIURA,16R1,PIURA,-5.342040839,-79.83327967
688,G,1085,5143,CPNP CHUGUR,E,223321,UTM / 17 SUR / WGS84,CAJAMARCA,APROBADO CON RESOLUCION DE COMANDANCIA GENERAL DE LA POLICIA NACIONAL N° 149-2020-CG  PNP/ SCG DEL 30MAY2020,06,CAJAMARCA,0607,HUALGAYOC,060702,CHUGUR,05R1B,DIVOPUS CAJAMARCA,05,CAJAMARCA,05R1,CAJAMARCA,-6.670515199,-78.73839375
689,B,0891,4335,CPNP TARATA,B,222452,UTM / 19 SUR / WGS84,TACNA,APROBADO CON RESOLUCION DE COMANDANCIA GENERAL DE LA POLICIA NACIONAL N° 149-2020-CG  PNP/ SCG DEL 30MAY2020,23,TACNA,2304,TARATA,230401,TARATA,20R2A,DIVOPUS TACNA,20,TACNA,20R2,TACNA,-17.472593851,-70.03109202
690,A,0977,4925,CPNP CASMA,A,222243,UTM / 17 SUR / WGS84,ANCASH,APROBADO CON RESOLUCION DE COMANDANCIA GENERAL DE LA POLICIA NACIONAL N° 149-2020-CG  PNP/ SCG DEL 30MAY2020,02,ANCASH,0208,CASMA,020801,CASMA,01R1A,DIVPOL CHIMBOTE,01,ANCASH,01R1,ANCASH,-9.47565505,-78.30596287
691,D,0143,0820,CPNP MONSEFU,B,216471,UTM / 17 SUR / WGS84,LAMBAYEQUE,APROBADO CON RESOLUCION DE COMANDANCIA GENERAL DE LA POLICIA NACIONAL N° 149-2020-CG  PNP/ SCG DEL 30MAY2020,14,LAMBAYEQUE,1401,CHICLAYO,140108,MONSEFU,12R1A,DIVOPUS LAMBAYEQUE,12,LAMBAYEQUE,12R1,LAMBAYEQUE,-6.87796991,-79.87231319
692,G,0639,7558,CPNP SANTA TERESA,C,218312,UTM / 18 SUR / WGS84,CUSCO,APROBADO CON RESOLUCION DE COMANDANCIA GENERAL DE LA POLICIA NACIONAL N° 149-2020-CG  PNP/ SCG DEL 30MAY2020,08,CUSCO,0809,LA CONVENCION,080908,SANTA TERESA,07R1A,DIVOPUS LA CONVENCION,07,CUSCO,07R1,CUSCO,-13.13044465,-72.59439284
693,F,0732,3686,CPNP BOCA COLORADO,E,222607,UTM / 19 SUR / WGS84,MADRE DE DIOS,APROBADO CON RESOLUCION DE COMANDANCIA GENERAL DE LA POLICIA NACIONAL N° 149-2020-CG  PNP/ SCG DEL 30MAY2020,17,MADRE DE DIOS,1702,MANU,170203,MADRE DE DIOS,15R1A,DIVOPUS MADRE DE DIOS,15,MADRE DE DIOS,15R1,MADRE DE DIOS,-12.62075986,-70.39681944
694,F,0000,3682,CPNP DELTA 1,E,222608,UTM / 19 SUR / WGS84,MADRE DE DIOS,APROBADO CON RESOLUCION DE COMANDANCIA GENERAL DE LA POLICIA NACIONAL N° 149-2020-CG  PNP/ SCG DEL 30MAY2020,17,MADRE DE DIOS,1702,MANU,170203,MADRE DE DIOS,15R1A,DIVOPUS MADRE DE DIOS,15,MADRE DE DIOS,15R1,MADRE DE DIOS,-12.789892649,-70.522169913
695,D,0021,0642,CPNP LA UNION,C,216076,UTM / 17 SUR / WGS84,PIURA,APROBADO CON RESOLUCION DE COMANDANCIA GENERAL DE LA POLICIA NACIONAL N° 149-2020-CG  PNP/ SCG DEL 30MAY2020,20,PIURA,2001,PIURA,200110,LA UNION,16R1B,DIVOPUS PIURA,16,PIURA,16R1,PIURA,-5.402414376,-80.743492051
696,B,0299,1401,CPNP SAN LORENZO,E,221934,UTM / 18 SUR / WGS84,LORETO,APROBADO CON RESOLUCION DE COMANDANCIA GENERAL DE LA POLICIA NACIONAL N° 149-2020-CG  PNP/ SCG DEL 30MAY2020,16,LORETO,1607,DATEM DEL MARA├æON,160701,BARRANCA,19R2B,DIVOPUS TARAPOTO,19,SAN MARTIN,19R2,SAN MARTIN,-4.83147641,-76.55503033
697,F,0695,3612,CPNP PITUMARCA,E,218282,UTM / 19 SUR / WGS84,CUSCO,APROBADO CON RESOLUCION DE COMANDANCIA GENERAL DE LA POLICIA NACIONAL N° 149-2020-CG  PNP/ SCG DEL 30MAY2020,08,CUSCO,0806,CANCHIS,080605,PITUMARCA,07R1C,DIVOPUS SICUANI,07,CUSCO,07R1,CUSCO,-13.979891059,-71.4173442
698,D,0147,0822,CPNP PIMENTEL,C,216444,UTM / 17 SUR / WGS84,LAMBAYEQUE,APROBADO CON RESOLUCION DE COMANDANCIA GENERAL DE LA POLICIA NACIONAL N° 149-2020-CG  PNP/ SCG DEL 30MAY2020,14,LAMBAYEQUE,1401,CHICLAYO,140112,PIMENTEL,12R1A,DIVOPUS LAMBAYEQUE,12,LAMBAYEQUE,12R1,LAMBAYEQUE,-6.834865229,-79.93584375
699,F,0518,1900,CPNP YANGAS,C,219746,UTM / 18 SUR / WGS84,LIMAMETRO,APROBADO CON RESOLUCION DE COMANDANCIA GENERAL DE LA POLICIA NACIONAL N° 149-2020-CG  PNP/ SCG DEL 30MAY2020,15,LIMA,1504,CANTA,150407,SANTA ROSA DE QUIVES,13R1D,DIVPOL NORTE 1,13,LIMA,13R1,LIMA,-11.695011724,-76.845730518
700,D,0011,0606,CPNP SAN MARTIN,B,216046,UTM / 17 SUR / WGS84,PIURA,APROBADO CON RESOLUCION DE COMANDANCIA GENERAL DE LA POLICIA NACIONAL N° 149-2020-CG  PNP/ SCG DEL 30MAY2020,20,PIURA,2001,PIURA,200115,VEINTISEIS DE OCTUBRE,16R1B,DIVOPUS PIURA,16,PIURA,16R1,PIURA,-5.185295,-80.668668
701,D,8482,0728,CPNP VEINTISEIS DE OCTUBRE,A,216056,UTM / 17 SUR / WGS84,PIURA,APROBADO CON RESOLUCION DE COMANDANCIA GENERAL DE LA POLICIA NACIONAL N° 149-2020-CG  PNP/ SCG DEL 30MAY2020,20,PIURA,2001,PIURA,200115,VEINTISEIS DE OCTUBRE,16R1B,DIVOPUS PIURA,16,PIURA,16R1,PIURA,-5.17552213,-80.68074463
702,G,0632,7570,CPNP ECHARATE,B,220732,UTM / 18 SUR / WGS84,CUSCO,APROBADO CON RESOLUCION DE COMANDANCIA GENERAL DE LA POLICIA NACIONAL N° 149-2020-CG  PNP/ SCG DEL 30MAY2020,08,CUSCO,0809,LA CONVENCION,080902,ECHARATE,23R1A,DIVOPUS VRAEM,23,VRAEM,23R1,VRAEM,-12.76766453,-72.57769459
703,G,0633,7574,CPNP PALMA REAL,C,220738,UTM / 18 SUR / WGS84,CUSCO,APROBADO CON RESOLUCION DE COMANDANCIA GENERAL DE LA POLICIA NACIONAL N° 149-2020-CG  PNP/ SCG DEL 30MAY2020,08,CUSCO,0809,LA CONVENCION,080902,ECHARATE,23R1A,DIVOPUS VRAEM,23,VRAEM,23R1,VRAEM,-12.62741959,-72.69216776
704,G,0634,7572,CPNP KITENI,C,220735,UTM / 18 SUR / WGS84,CUSCO,APROBADO CON RESOLUCION DE COMANDANCIA GENERAL DE LA POLICIA NACIONAL N° 149-2020-CG  PNP/ SCG DEL 30MAY2020,08,CUSCO,0809,LA CONVENCION,080902,ECHARATE,23R1A,DIVOPUS VRAEM,23,VRAEM,23R1,VRAEM,-12.647639266,-73.047121461
705,NA,0000,8381,CPNP KEPASHIATO,C,226521,UTM / 18 SUR / WGS84,CUSCO,MODIFICADO CON RESOLUCI├▓N DE COMANDANCIA GENERAL DE LA POLICIA NACIONAL N° 066-2021-CG PNP/ EMG DEL 13ABR2021,08,CUSCO,0809,LA CONVENCION,080902,ECHARATE,23R1A,DIVOPUS VRAEM,23,VRAEM,23R1,VRAEM,-12.637042046,-73.202052763
706,D,0516,2380,CPNP SUPE PUERTO,B,225848,UTM / 18 SUR / WGS84,PROVINCIA,APROBADO CON RESOLUCION DE COMANDANCIA GENERAL DE LA POLICIA NACIONAL N° 149-2020-CG  PNP/ SCG DEL 30MAY2020,15,LIMA,1502,BARRANCA,150205,SUPE PUERTO,13R1A,DIVPOL BARRANCA,13,LIMA,13R1,LIMA,-10.796977442,-77.741790003
707,A,0726,3663,CPNP PUERTO MALDONADO,B,222592,UTM / 19 SUR / WGS84,MADRE DE DIOS,APROBADO CON RESOLUCION DE COMANDANCIA GENERAL DE LA POLICIA NACIONAL N° 149-2020-CG  PNP/ SCG DEL 30MAY2020,17,MADRE DE DIOS,1701,TAMBOPATA,170101,TAMBOPATA,15R1A,DIVOPUS MADRE DE DIOS,15,MADRE DE DIOS,15R1,MADRE DE DIOS,-12.59353205,-69.17815847
708,A,0727,3664,CPNP TAMBOPATA,B,222595,UTM / 19 SUR / WGS84,MADRE DE DIOS,APROBADO CON RESOLUCION DE COMANDANCIA GENERAL DE LA POLICIA NACIONAL N° 149-2020-CG  PNP/ SCG DEL 30MAY2020,17,MADRE DE DIOS,1701,TAMBOPATA,170101,TAMBOPATA,15R1A,DIVOPUS MADRE DE DIOS,15,MADRE DE DIOS,15R1,MADRE DE DIOS,-12.58326933,-69.193215821
709,A,0300,1338,CPNP MOYOBAMBA,A,221949,UTM / 18 SUR / WGS84,SAN MARTIN,APROBADO CON RESOLUCION DE COMANDANCIA GENERAL DE LA POLICIA NACIONAL N° 149-2020-CG  PNP/ SCG DEL 30MAY2020,22,SAN MARTIN,2201,MOYOBAMBA,220101,MOYOBAMBA,19R2A,DIVPOL MOYOBAMBA,19,SAN MARTIN,19R2,SAN MARTIN,-6.03455473,-76.97422804
710,A,0301,1341,CPNP UCHUGLLA,B,221953,UTM / 18 SUR / WGS84,SAN MARTIN,APROBADO CON RESOLUCION DE COMANDANCIA GENERAL DE LA POLICIA NACIONAL N° 149-2020-CG  PNP/ SCG DEL 30MAY2020,22,SAN MARTIN,2201,MOYOBAMBA,220101,MOYOBAMBA,19R2A,DIVPOL MOYOBAMBA,19,SAN MARTIN,19R2,SAN MARTIN,-6.04768144,-76.97175824
711,C,0492,2114,CPNP SAN LUIS,A,219929,UTM / 18 SUR / WGS84,LIMAMETRO,APROBADO CON RESOLUCION DE DIRECCION GENERAL DE LA POLICIA NACIONAL N° 276-2018-DIRGEN/SUB.DG-PNP 23JUL2018,15,LIMA,1501,LIMA,150134,SAN LUIS,13R1J,DIVPOL CENTRO 2,13,LIMA,13R1,LIMA,-12.073071557,-76.99944455
712,C,0493,2115,CPNP YERBATEROS,B,219932,UTM / 18 SUR / WGS84,LIMAMETRO,APROBADO CON RESOLUCION DE DIRECCION GENERAL DE LA POLICIA NACIONAL N° 276-2018-DIRGEN/SUB.DG-PNP 23JUL2018,15,LIMA,1501,LIMA,150134,SAN LUIS,13R1J,DIVPOL CENTRO 2,13,LIMA,13R1,LIMA,-12.064744322,-76.997293277
713,D,0877,4310,CPNP POCOLLAY,B,222435,UTM / 19 SUR / WGS84,TACNA,APROBADO CON RESOLUCION DE COMANDANCIA GENERAL DE LA POLICIA NACIONAL N° 149-2020-CG  PNP/ SCG DEL 30MAY2020,23,TACNA,2301,TACNA,230108,POCOLLAY,20R2A,DIVOPUS TACNA,20,TACNA,20R2,TACNA,-17.99519991,-70.22017646
714,D,0757,4098,CPNP HUNTER,B,218851,UTM / 19 SUR / WGS84,AREQUIPA,APROBADO CON RESOLUCION DE COMANDANCIA GENERAL DE LA POLICIA NACIONAL N° 149-2020-CG  PNP/ SCG DEL 30MAY2020,04,AREQUIPA,0401,AREQUIPA,040107,JACOBO HUNTER,03R1A,DIVOPUS AREQUIPA,03,AREQUIPA,03R1,AREQUIPA,-16.44142789,-71.55500186
715,D,0758,4099,CPNP ANDRES AVELINO CACERES,C,218854,UTM / 19 SUR / WGS84,AREQUIPA,APROBADO CON RESOLUCION DE COMANDANCIA GENERAL DE LA POLICIA NACIONAL N° 149-2020-CG  PNP/ SCG DEL 30MAY2020,04,AREQUIPA,0401,AREQUIPA,040107,JACOBO HUNTER,03R1A,DIVOPUS AREQUIPA,03,AREQUIPA,03R1,AREQUIPA,-16.45253376,-71.55349149
716,G,5051,7017,CPNP TULUMAYO,C,217539,UTM / 18 SUR / WGS84,HUANUCO,APROBADO CON RESOLUCION DE COMANDANCIA GENERAL DE LA POLICIA NACIONAL N° 149-2020-CG  PNP/ SCG DEL 30MAY2020,10,HUANUCO,1006,LEONCIO PRADO,100609,PUEBLO NUEVO,08R1A,DIVPOL LEONCIO PRADO,08,HUANUCO,08R1,HUANUCO,-9.132626,-76.0325
717,F,7001,7018,CPNP LA MORADA,D,217545,UTM / 18 SUR / WGS84,HUANUCO,APROBADO CON RESOLUCION DE COMANDANCIA GENERAL DE LA POLICIA NACIONAL N° 149-2020-CG  PNP/ SCG DEL 30MAY2020,10,HUANUCO,1007,MARA├æON,100704,LA MORADA,08R1A,DIVPOL LEONCIO PRADO,08,HUANUCO,08R1,HUANUCO,-8.79440821,-76.25056488
718,D,0778,4124,CPNP SABANDIA,D,218858,UTM / 19 SUR / WGS84,AREQUIPA,APROBADO CON RESOLUCION DE COMANDANCIA GENERAL DE LA POLICIA NACIONAL N° 149-2020-CG  PNP/ SCG DEL 30MAY2020,04,AREQUIPA,0401,AREQUIPA,040116,SABANDIA,03R1A,DIVOPUS AREQUIPA,03,AREQUIPA,03R1,AREQUIPA,-16.449920843,-71.495484242
719,D,0783,4076,CPNP CIUDAD MI TRABAJO,A,218848,UTM / 19 SUR / WGS84,AREQUIPA,APROBADO CON RESOLUCION DE COMANDANCIA GENERAL DE LA POLICIA NACIONAL N° 149-2020-CG  PNP/ SCG DEL 30MAY2020,04,AREQUIPA,0401,AREQUIPA,040122,SOCABAYA,03R1A,DIVOPUS AREQUIPA,03,AREQUIPA,03R1,AREQUIPA,-16.44826012,-71.53252805
720,D,0784,4102,CPNP SOCABAYA,B,218895,UTM / 19 SUR / WGS84,AREQUIPA,APROBADO CON RESOLUCION DE COMANDANCIA GENERAL DE LA POLICIA NACIONAL N° 149-2020-CG  PNP/ SCG DEL 30MAY2020,04,AREQUIPA,0401,AREQUIPA,040122,SOCABAYA,03R1A,DIVOPUS AREQUIPA,03,AREQUIPA,03R1,AREQUIPA,-16.472109036,-71.528455585
721,D,0766,4090,CPNP ALTO MISTI,B,218812,UTM / 19 SUR / WGS84,AREQUIPA,APROBADO CON RESOLUCION DE COMANDANCIA GENERAL DE LA POLICIA NACIONAL N° 149-2020-CG  PNP/ SCG DEL 30MAY2020,04,AREQUIPA,0401,AREQUIPA,040110,MIRAFLORES,03R1A,DIVOPUS AREQUIPA,03,AREQUIPA,03R1,AREQUIPA,-16.38885224,-71.51502125
722,D,0767,4072,CPNP MIRAFLORES,A,218809,UTM / 19 SUR / WGS84,AREQUIPA,APROBADO CON RESOLUCION DE COMANDANCIA GENERAL DE LA POLICIA NACIONAL N° 149-2020-CG  PNP/ SCG DEL 30MAY2020,04,AREQUIPA,0401,AREQUIPA,040110,MIRAFLORES,03R1A,DIVOPUS AREQUIPA,03,AREQUIPA,03R1,AREQUIPA,-16.39487452,-71.524029379
723,D,0768,4082,CPNP EL PORVENIR,C,218815,UTM / 19 SUR / WGS84,AREQUIPA,APROBADO CON RESOLUCION DE COMANDANCIA GENERAL DE LA POLICIA NACIONAL N° 149-2020-CG  PNP/ SCG DEL 30MAY2020,04,AREQUIPA,0401,AREQUIPA,040110,MIRAFLORES,03R1A,DIVOPUS AREQUIPA,03,AREQUIPA,03R1,AREQUIPA,-16.37723349,-71.50860008
724,D,0790,4000,CPNP YANAHUARA,A,218755,UTM / 19 SUR / WGS84,AREQUIPA,APROBADO CON RESOLUCION DE COMANDANCIA GENERAL DE LA POLICIA NACIONAL N° 149-2020-CG  PNP/ SCG DEL 30MAY2020,04,AREQUIPA,0401,AREQUIPA,040126,YANAHUARA,03R1A,DIVOPUS AREQUIPA,03,AREQUIPA,03R1,AREQUIPA,-16.391462046,-71.543404511
725,D,0744,4092,CPNP ALTO SELVA ALEGRE,B,218803,UTM / 19 SUR / WGS84,AREQUIPA,APROBADO CON RESOLUCION DE COMANDANCIA GENERAL DE LA POLICIA NACIONAL N° 149-2020-CG  PNP/ SCG DEL 30MAY2020,04,AREQUIPA,0401,AREQUIPA,040102,ALTO SELVA ALEGRE,03R1A,DIVOPUS AREQUIPA,03,AREQUIPA,03R1,AREQUIPA,-16.383258325,-71.51735578
726,D,0745,4094,CPNP INDEPENDENCIA,B,218806,UTM / 19 SUR / WGS84,AREQUIPA,APROBADO CON RESOLUCION DE COMANDANCIA GENERAL DE LA POLICIA NACIONAL N° 149-2020-CG  PNP/ SCG DEL 30MAY2020,04,AREQUIPA,0401,AREQUIPA,040102,ALTO SELVA ALEGRE,03R1A,DIVOPUS AREQUIPA,03,AREQUIPA,03R1,AREQUIPA,-16.36606751,-71.51909527
727,D,0793,4060,CPNP YURA,D,218783,UTM / 19 SUR / WGS84,AREQUIPA,APROBADO CON RESOLUCION DE COMANDANCIA GENERAL DE LA POLICIA NACIONAL N° 149-2020-CG  PNP/ SCG DEL 30MAY2020,04,AREQUIPA,0401,AREQUIPA,040128,YURA,03R1A,DIVOPUS AREQUIPA,03,AREQUIPA,03R1,AREQUIPA,-16.246406671,-71.69215912
728,D,0792,4058,CPNP CIUDAD DE DIOS,B,218780,UTM / 19 SUR / WGS84,AREQUIPA,MODIFICACION PARCIAL DEL LIMITE. APROBADO CON RESOLUCION DE COMANDANCIA GENERAL DE LA POLICIA NACIONAL N° 348-2023-CG┬ÁPNP/EMG DEL 06SEP2023,04,AREQUIPA,0401,AREQUIPA,040128,YURA,03R1A,DIVOPUS AREQUIPA,03,AREQUIPA,03R1,AREQUIPA,-16.303439131,-71.61919418
729,A,0699,3650,CPNP ESPINAR,A,218283,UTM / 19 SUR / WGS84,CUSCO,APROBADO CON RESOLUCION DE COMANDANCIA GENERAL DE LA POLICIA NACIONAL N° 149-2020-CG  PNP/ SCG DEL 30MAY2020,08,CUSCO,0808,ESPINAR,080801,ESPINAR,07R1C,DIVOPUS SICUANI,07,CUSCO,07R1,CUSCO,-14.79273584,-71.413655829
730,E,0808,4204,CPNP ATICO,B,218919,UTM / 18 SUR / WGS84,AREQUIPA,APROBADO CON RESOLUCION DE COMANDANCIA GENERAL DE LA POLICIA NACIONAL N° 149-2020-CG  PNP/ SCG DEL 30MAY2020,04,AREQUIPA,0403,CARAVELI,040303,ATICO,03R1A,DIVOPUS AREQUIPA,03,AREQUIPA,03R1,AREQUIPA,-16.22838027,-73.609633559
731,B,0834,4216,CPNP CHUQUIBAMBA CONDESUYOS,B,218940,UTM / 18 SUR / WGS84,AREQUIPA,APROBADO CON RESOLUCION DE COMANDANCIA GENERAL DE LA POLICIA NACIONAL N° 149-2020-CG  PNP/ SCG DEL 30MAY2020,04,AREQUIPA,0406,CONDESUYOS,040601,CHUQUIBAMBA,03R1A,DIVOPUS AREQUIPA,03,AREQUIPA,03R1,AREQUIPA,-15.84047907,-72.65105661
732,F,0831,4066,CPNP SAN ANTONIO DE CHUCA - IMATA,D,218969,UTM / 19 SUR / WGS84,AREQUIPA,APROBADO CON RESOLUCION DE COMANDANCIA GENERAL DE LA POLICIA NACIONAL N° 149-2020-CG  PNP/ SCG DEL 30MAY2020,04,AREQUIPA,0405,CAYLLOMA,040514,SAN ANTONIO DE CHUCA,03R1A,DIVOPUS AREQUIPA,03,AREQUIPA,03R1,AREQUIPA,-15.83807214,-71.091574281
733,G,0836,4222,CPNP ANDARAY,E,218950,UTM / 18 SUR / WGS84,AREQUIPA,APROBADO CON RESOLUCION DE COMANDANCIA GENERAL DE LA POLICIA NACIONAL N° 149-2020-CG  PNP/ SCG DEL 30MAY2020,04,AREQUIPA,0406,CONDESUYOS,040602,ANDARAY,03R1A,DIVOPUS AREQUIPA,03,AREQUIPA,03R1,AREQUIPA,-15.79727012,-72.860146629
734,F,0861,4270,CPNP UBINAS,D,222523,UTM / 19 SUR / WGS84,MOQUEGUA,APROBADO CON RESOLUCION DE COMANDANCIA GENERAL DE LA POLICIA NACIONAL N° 149-2020-CG  PNP/ SCG DEL 30MAY2020,18,MOQUEGUA,1802,GENERAL SANCHEZ CERRO,180210,UBINAS,20R1A,DIVOPUS MOQUEGUA,20,TACNA,20R1,MOQUEGUA,-16.38671946,-70.85553754
735,F,5034,4140,CPNP YALAGUA,D,222528,UTM / 19 SUR / WGS84,MOQUEGUA,APROBADO CON RESOLUCION DE COMANDANCIA GENERAL DE LA POLICIA NACIONAL N° 149-2020-CG  PNP/ SCG DEL 30MAY2020,18,MOQUEGUA,1802,GENERAL SANCHEZ CERRO,180210,UBINAS,20R1A,DIVOPUS MOQUEGUA,20,TACNA,20R1,MOQUEGUA,-16.28320904,-70.75523614
736,E,0087,0654,CPNP VICE,D,216064,UTM / 17 SUR / WGS84,PIURA,APROBADO CON RESOLUCION DE COMANDANCIA GENERAL DE LA POLICIA NACIONAL N° 149-2020-CG  PNP/ SCG DEL 30MAY2020,20,PIURA,2008,SECHURA,200805,VICE,16R1B,DIVOPUS PIURA,16,PIURA,16R1,PIURA,-5.41959545,-80.77622797
737,F,0368,1567,CPNP MAYNAS - MAZAN,B,217386,UTM / 18 SUR / WGS84,LORETO,APROBADO CON RESOLUCION DE COMANDANCIA GENERAL DE LA POLICIA NACIONAL N° 149-2020-CG  PNP/ SCG DEL 30MAY2020,16,LORETO,1601,MAYNAS,160106,MAZAN,14R1A,DIVOPUS LORETO,14,LORETO,14R1,LORETO,-3.49893179,-73.09097002
738,G,0379,1612,CPNP INTUTO,E,221706,UTM / 18 SUR / WGS84,LORETO,APROBADO CON RESOLUCION DE COMANDANCIA GENERAL DE LA POLICIA NACIONAL N° 149-2020-CG  PNP/ SCG DEL 30MAY2020,16,LORETO,1603,LORETO,160303,TIGRE,14R1A,DIVOPUS LORETO,14,LORETO,14R1,LORETO,-3.48933068,-74.781678779
739,F,8007,5626,CPNP TICLACAYAN,E,221788,UTM / 18 SUR / WGS84,PASCO,APROBADO CON RESOLUCION DE COMANDANCIA GENERAL DE LA POLICIA NACIONAL N° 149-2020-CG  PNP/ SCG DEL 30MAY2020,19,PASCO,1901,PASCO,190110,TICLACAYAN,08R2A,DIVOPUS PASCO,08,HUANUCO,08R2,PASCO,-10.534627699,-76.16585129
740,G,0618,3125,CPNP ISCOZACIN - PALCAZU,C,220634,UTM / 18 SUR / WGS84,PASCO,MODIFICACION PARCIAL DEL LIMITE. APROBADO CON RESOLUCION DE COMANDANCIA GENERAL DE LA POLICIA NACIONAL N° 348-2023-CG┬ÁPNP/EMG DEL 06SEP2023,19,PASCO,1903,OXAPAMPA,190304,PALCAZU,17R1A,DIVOPUS PUERTO INCA,17,PUERTO INCA,17R1,PUERTO INCA,-10.18521108,-75.15055241
741,F,0034,0746,CPNP SICCHEZ,D,216205,UTM / 17 SUR / WGS84,PIURA,APROBADO CON RESOLUCION DE COMANDANCIA GENERAL DE LA POLICIA NACIONAL N° 149-2020-CG  PNP/ SCG DEL 30MAY2020,20,PIURA,2002,AYABACA,200209,SICCHEZ,16R1A,DIVOPUS SULLANA,16,PIURA,16R1,PIURA,-4.57030661,-79.76424243
742,G,1169,5490,CPNP HUANCARAY,E,223469,UTM / 18 SUR / WGS84,APURIMAC,APROBADO CON RESOLUCION DE COMANDANCIA GENERAL DE LA POLICIA NACIONAL N° 149-2020-CG  PNP/ SCG DEL 30MAY2020,03,APURIMAC,0302,ANDAHUAYLAS,030205,HUANCARAY,02R1A,DIVOPUS ANDAHUAYLAS,02,APURIMAC,02R1,APURIMAC,-13.756987339,-73.529099191
743,G,0042,0695,CPNP SONDOR,D,216119,UTM / 17 SUR / WGS84,PIURA,APROBADO CON RESOLUCION DE COMANDANCIA GENERAL DE LA POLICIA NACIONAL N° 149-2020-CG  PNP/ SCG DEL 30MAY2020,20,PIURA,2003,HUANCABAMBA,200307,SONDOR,16R1B,DIVOPUS PIURA,16,PIURA,16R1,PIURA,-5.315301441,-79.40981625
744,G,0903,4504,CPNP CAPACHICA,E,219255,UTM / 19 SUR / WGS84,PUNO,APROBADO CON RESOLUCION DE COMANDANCIA GENERAL DE LA POLICIA NACIONAL N° 149-2020-CG  PNP/ SCG DEL 30MAY2020,21,PUNO,2101,PUNO,210105,CAPACHICA,18R1B,DIVOPUS PUNO,18,PUNO,18R1,PUNO,-15.64187738,-69.83118167
745,G,7002,4517,CPNP PLATERIA,E,219256,UTM / 19 SUR / WGS84,PUNO,APROBADO CON RESOLUCION DE COMANDANCIA GENERAL DE LA POLICIA NACIONAL N° 149-2020-CG  PNP/ SCG DEL 30MAY2020,21,PUNO,2101,PUNO,210112,PLATERIA,18R1B,DIVOPUS PUNO,18,PUNO,18R1,PUNO,-15.9466942,-69.83231493
746,F,0908,4508,CPNP LARAQUERI,E,219250,UTM / 19 SUR / WGS84,PUNO,APROBADO CON RESOLUCION DE COMANDANCIA GENERAL DE LA POLICIA NACIONAL N° 149-2020-CG  PNP/ SCG DEL 30MAY2020,21,PUNO,2101,PUNO,210111,PICHACANI,18R1B,DIVOPUS PUNO,18,PUNO,18R1,PUNO,-16.15056892,-70.064292141
747,F,7005,3158,CPNP HUANCABAMBA,D,220624,UTM / 18 SUR / WGS84,PASCO,APROBADO CON RESOLUCION DE COMANDANCIA GENERAL DE LA POLICIA NACIONAL N° 149-2020-CG  PNP/ SCG DEL 30MAY2020,19,PASCO,1903,OXAPAMPA,190303,HUANCABAMBA,17R1A,DIVOPUS PUERTO INCA,17,PUERTO INCA,17R1,PUERTO INCA,-10.427234559,-75.52275699
748,G,0921,4652,CPNP ZEPITA,D,219267,UTM / 19 SUR / WGS84,PUNO,APROBADO CON RESOLUCION DE COMANDANCIA GENERAL DE LA POLICIA NACIONAL N° 149-2020-CG  PNP/ SCG DEL 30MAY2020,21,PUNO,2104,CHUCUITO,210407,ZEPITA,18R1B,DIVOPUS PUNO,18,PUNO,18R1,PUNO,-16.49899379,-69.1000699
749,E,1364,5609,CPNP COLQUIJIRCA TINYAHUARCO,A,221771,UTM / 18 SUR / WGS84,PASCO,APROBADO CON RESOLUCION DE COMANDANCIA GENERAL DE LA POLICIA NACIONAL N° 149-2020-CG  PNP/ SCG DEL 30MAY2020,19,PASCO,1901,PASCO,190111,TINYAHUARCO,08R2A,DIVOPUS PASCO,08,HUANUCO,08R2,PASCO,-10.75502472,-76.264839489
750,E,1209,5638,CPNP GOYLLARISQUIZGA,E,221795,UTM / 18 SUR / WGS84,PASCO,APROBADO CON RESOLUCION DE COMANDANCIA GENERAL DE LA POLICIA NACIONAL N° 149-2020-CG  PNP/ SCG DEL 30MAY2020,19,PASCO,1902,DANIEL ALCIDES CARRION,190203,GOYLLARISQUIZGA,08R2A,DIVOPUS PASCO,08,HUANUCO,08R2,PASCO,-10.473451581,-76.40886365
751,D,0158,0919,CPNP CALUPE,D,216508,UTM / 17 SUR / WGS84,LAMBAYEQUE,APROBADO CON RESOLUCION DE COMANDANCIA GENERAL DE LA POLICIA NACIONAL N° 149-2020-CG  PNP/ SCG DEL 30MAY2020,14,LAMBAYEQUE,1401,CHICLAYO,140120,TUMAN,12R1A,DIVOPUS LAMBAYEQUE,12,LAMBAYEQUE,12R1,LAMBAYEQUE,-6.77877084,-79.67878803
752,D,0156,0895,CPNP TUMAN,B,216489,UTM / 17 SUR / WGS84,LAMBAYEQUE,APROBADO CON RESOLUCION DE COMANDANCIA GENERAL DE LA POLICIA NACIONAL N° 149-2020-CG  PNP/ SCG DEL 30MAY2020,14,LAMBAYEQUE,1401,CHICLAYO,140120,TUMAN,12R1A,DIVOPUS LAMBAYEQUE,12,LAMBAYEQUE,12R1,LAMBAYEQUE,-6.749977,-79.70303654
753,F,0328,1326,CPNP CHAZUTA,D,221897,UTM / 18 SUR / WGS84,SAN MARTIN,APROBADO CON RESOLUCION DE COMANDANCIA GENERAL DE LA POLICIA NACIONAL N° 149-2020-CG  PNP/ SCG DEL 30MAY2020,22,SAN MARTIN,2209,SAN MARTIN,220904,CHAZUTA,19R2B,DIVOPUS TARAPOTO,19,SAN MARTIN,19R2,SAN MARTIN,-6.57383596,-76.13727744
754,G,0000,7900,CPNP MASISEA,E,222337,UTM / 18 SUR / WGS84,UCAYALI,APROBADO CON RESOLUCION DE COMANDANCIA GENERAL DE LA POLICIA NACIONAL N° 149-2020-CG  PNP/ SCG DEL 30MAY2020,25,UCAYALI,2501,CORONEL PORTILLO,250104,MASISEA,22R1A,DIVOPUS UCAYALI,22,UCAYALI,22R1,UCAYALI,-8.605827866,-74.305894804
755,G,0000,7920,CPNP TAHUANIA,E,220640,UTM / 18 SUR / WGS84,UCAYALI,APROBADO CON RESOLUCION DE COMANDANCIA GENERAL DE LA POLICIA NACIONAL N° 149-2020-CG  PNP/ SCG DEL 30MAY2020,25,UCAYALI,2502,ATALAYA,250203,TAHUANIA,17R1A,DIVOPUS PUERTO INCA,17,PUERTO INCA,17R1,PUERTO INCA,-10.030289952,-73.956316018
756,G,8004,7915,CPNP CODO DEL POZUZO,C,222632,UTM / 18 SUR / WGS84,HUANUCO,APROBADO CON RESOLUCION DE COMANDANCIA GENERAL DE LA POLICIA NACIONAL N° 149-2020-CG  PNP/ SCG DEL 30MAY2020,10,HUANUCO,1009,PUERTO INCA,100902,CODO DEL POZUZO,17R1A,DIVOPUS PUERTO INCA,17,PUERTO INCA,17R1,PUERTO INCA,-9.669198,-75.46248
757,G,5000,7009,CPNP PUMAHUASI,D,217532,UTM / 18 SUR / WGS84,HUANUCO,APROBADO CON RESOLUCION DE COMANDANCIA GENERAL DE LA POLICIA NACIONAL N° 149-2020-CG  PNP/ SCG DEL 30MAY2020,10,HUANUCO,1006,LEONCIO PRADO,100602,DANIEL ALOMIA ROBLES,08R1A,DIVPOL LEONCIO PRADO,08,HUANUCO,08R1,HUANUCO,-9.188253731,-75.9543898
758,F,1199,5621,CPNP HUACHON,D,221787,UTM / 18 SUR / WGS84,PASCO,APROBADO CON RESOLUCION DE COMANDANCIA GENERAL DE LA POLICIA NACIONAL N° 149-2020-CG  PNP/ SCG DEL 30MAY2020,19,PASCO,1901,PASCO,190102,HUACHON,08R2A,DIVOPUS PASCO,08,HUANUCO,08R2,PASCO,-10.636765329,-75.95085081
759,A,0512,2360,CPNP BARRANCA,A,225836,UTM / 18 SUR / WGS84,PROVINCIA,APROBADO CON RESOLUCION DE COMANDANCIA GENERAL DE LA POLICIA NACIONAL N° 149-2020-CG  PNP/ SCG DEL 30MAY2020,15,LIMA,1502,BARRANCA,150201,BARRANCA,13R1A,DIVPOL BARRANCA,13,LIMA,13R1,LIMA,-10.750784646,-77.764939955
760,F,0005,7042,CPNP NUEVO PROGRESO,B,221928,UTM / 18 SUR / WGS84,SAN MARTIN,APROBADO CON RESOLUCION DE COMANDANCIA GENERAL DE LA POLICIA NACIONAL N° 149-2020-CG  PNP/ SCG DEL 30MAY2020,22,SAN MARTIN,2210,TOCACHE,221002,NUEVO PROGRESO,19R2B,DIVOPUS TARAPOTO,19,SAN MARTIN,19R2,SAN MARTIN,-8.45341229,-76.3241724
761,F,5001,7008,CPNP MADRE MIA,D,221923,UTM / 18 SUR / WGS84,SAN MARTIN,APROBADO CON RESOLUCION DE COMANDANCIA GENERAL DE LA POLICIA NACIONAL N° 149-2020-CG  PNP/ SCG DEL 30MAY2020,22,SAN MARTIN,2210,TOCACHE,221002,NUEVO PROGRESO,19R2B,DIVOPUS TARAPOTO,19,SAN MARTIN,19R2,SAN MARTIN,-8.748712,-76.223505
762,A,0689,3600,CPNP SICUANI,A,218270,UTM / 19 SUR / WGS84,CUSCO,APROBADO CON RESOLUCION DE COMANDANCIA GENERAL DE LA POLICIA NACIONAL N° 149-2020-CG  PNP/ SCG DEL 30MAY2020,08,CUSCO,0806,CANCHIS,080601,SICUANI,07R1C,DIVOPUS SICUANI,07,CUSCO,07R1,CUSCO,-14.27944744,-71.224333256
763,A,0690,3614,CPNP TORCOMA,B,218273,UTM / 19 SUR / WGS84,CUSCO,APROBADO CON RESOLUCION DE COMANDANCIA GENERAL DE LA POLICIA NACIONAL N° 149-2020-CG  PNP/ SCG DEL 30MAY2020,08,CUSCO,0806,CANCHIS,080601,SICUANI,07R1C,DIVOPUS SICUANI,07,CUSCO,07R1,CUSCO,-14.25534337,-71.22945859
764,A,0297,1398,CPNP YURIMAGUAS,A,221931,UTM / 18 SUR / WGS84,LORETO,APROBADO CON RESOLUCION DE COMANDANCIA GENERAL DE LA POLICIA NACIONAL N° 149-2020-CG  PNP/ SCG DEL 30MAY2020,16,LORETO,1602,ALTO AMAZONAS,160201,YURIMAGUAS,19R2B,DIVOPUS TARAPOTO,19,SAN MARTIN,19R2,SAN MARTIN,-5.897247129,-76.114448854
765,A,0236,1266,CPNP HUAMACHUCO,A,225901,UTM / 17 SUR / WGS84,LA LIBERTAD,APROBADO CON RESOLUCION DE COMANDANCIA GENERAL DE LA POLICIA NACIONAL N° 149-2020-CG  PNP/ SCG DEL 30MAY2020,13,LA LIBERTAD,1309,SANCHEZ CARRION,130901,HUAMACHUCO,11R1C,DIVPOL HUAMACHUCO,11,LA LIBERTAD,11R1,LA LIBERTAD,-7.816946201,-78.0423777
766,A,0077,0774,CPNP TALARA,B,216227,UTM / 17 SUR / WGS84,PIURA,APROBADO CON RESOLUCION DE COMANDANCIA GENERAL DE LA POLICIA NACIONAL N° 149-2020-CG  PNP/ SCG DEL 30MAY2020,20,PIURA,2007,TALARA,200701,PARI├æAS,16R1A,DIVOPUS SULLANA,16,PIURA,16R1,PIURA,-4.57614258,-81.27634703
767,A,0078,0776,CPNP TALARA ALTA,A,216230,UTM / 17 SUR / WGS84,PIURA,APROBADO CON RESOLUCION DE COMANDANCIA GENERAL DE LA POLICIA NACIONAL N° 149-2020-CG  PNP/ SCG DEL 30MAY2020,20,PIURA,2007,TALARA,200701,PARI├æAS,16R1A,DIVOPUS SULLANA,16,PIURA,16R1,PIURA,-4.58946337,-81.25665852
768,B,0109,1055,CPNP SAN IGNACIO,B,223356,UTM / 17 SUR / WGS84,CAJAMARCA,APROBADO CON RESOLUCION DE COMANDANCIA GENERAL DE LA POLICIA NACIONAL N° 149-2020-CG  PNP/ SCG DEL 30MAY2020,06,CAJAMARCA,0609,SAN IGNACIO,060901,SAN IGNACIO,05R1A,DIVPOL JAEN,05,CAJAMARCA,05R1,CAJAMARCA,-5.14599915,-78.99973088
769,B,0026,0735,CPNP AYABACA,B,216198,UTM / 17 SUR / WGS84,PIURA,APROBADO CON RESOLUCION DE COMANDANCIA GENERAL DE LA POLICIA NACIONAL N° 149-2020-CG  PNP/ SCG DEL 30MAY2020,20,PIURA,2002,AYABACA,200201,AYABACA,16R1A,DIVOPUS SULLANA,16,PIURA,16R1,PIURA,-4.63912067,-79.71481699
770,G,0111,1059,CPNP CHIRINOS,E,223362,UTM / 17 SUR / WGS84,CAJAMARCA,APROBADO CON RESOLUCION DE COMANDANCIA GENERAL DE LA POLICIA NACIONAL N° 149-2020-CG  PNP/ SCG DEL 30MAY2020,06,CAJAMARCA,0609,SAN IGNACIO,060902,CHIRINOS,05R1A,DIVPOL JAEN,05,CAJAMARCA,05R1,CAJAMARCA,-5.306407941,-78.89794733
771,G,7003,1061,CPNP TABACONAS,D,223364,UTM / 17 SUR / WGS84,CAJAMARCA,APROBADO CON RESOLUCION DE COMANDANCIA GENERAL DE LA POLICIA NACIONAL N° 149-2020-CG  PNP/ SCG DEL 30MAY2020,06,CAJAMARCA,0609,SAN IGNACIO,060907,TABACONAS,05R1A,DIVPOL JAEN,05,CAJAMARCA,05R1,CAJAMARCA,-5.31631408,-79.28330476
772,D,0069,0732,CPNP BELLAVISTA,B,216181,UTM / 17 SUR / WGS84,PIURA,APROBADO CON RESOLUCION DE COMANDANCIA GENERAL DE LA POLICIA NACIONAL N° 149-2020-CG  PNP/ SCG DEL 30MAY2020,20,PIURA,2006,SULLANA,200602,BELLAVISTA,16R1A,DIVOPUS SULLANA,16,PIURA,16R1,PIURA,-4.89115111,-80.68176779
773,D,0024,0615,CPNP TAMBOGRANDE,B,216185,UTM / 17 SUR / WGS84,PIURA,MODIFICACION PARCIAL DEL LIMITE. APROBADO CON RESOLUCION DE COMANDANCIA GENERAL DE LA POLICIA NACIONAL N° 348-2023-CG┬ÁPNP/EMG DEL 06SEP2023,20,PIURA,2001,PIURA,200114,TAMBO GRANDE,16R1A,DIVOPUS SULLANA,16,PIURA,16R1,PIURA,-4.932257891,-80.34184538
774,D,0025,0618,CPNP CRUCETA,D,216191,UTM / 17 SUR / WGS84,PIURA,APROBADO CON RESOLUCION DE COMANDANCIA GENERAL DE LA POLICIA NACIONAL N° 149-2020-CG  PNP/ SCG DEL 30MAY2020,20,PIURA,2001,PIURA,200114,TAMBO GRANDE,16R1A,DIVOPUS SULLANA,16,PIURA,16R1,PIURA,-4.83713722,-80.27016632
775,A,0067,0705,CPNP SULLANA,A,216175,UTM / 17 SUR / WGS84,PIURA,APROBADO CON RESOLUCION DE COMANDANCIA GENERAL DE LA POLICIA NACIONAL N° 149-2020-CG  PNP/ SCG DEL 30MAY2020,20,PIURA,2006,SULLANA,200601,SULLANA,16R1A,DIVOPUS SULLANA,16,PIURA,16R1,PIURA,-4.899412599,-80.69050448
776,A,0068,0711,CPNP NUEVA SULLANA,D,216184,UTM / 17 SUR / WGS84,PIURA,APROBADO CON RESOLUCION DE COMANDANCIA GENERAL DE LA POLICIA NACIONAL N° 149-2020-CG  PNP/ SCG DEL 30MAY2020,20,PIURA,2006,SULLANA,200601,SULLANA,16R1A,DIVOPUS SULLANA,16,PIURA,16R1,PIURA,-4.90933622,-80.7238478
777,A,8002,0783,CPNP EL OBRERO,B,216178,UTM / 17 SUR / WGS84,PIURA,APROBADO CON RESOLUCION DE COMANDANCIA GENERAL DE LA POLICIA NACIONAL N° 149-2020-CG  PNP/ SCG DEL 30MAY2020,20,PIURA,2006,SULLANA,200601,SULLANA,16R1A,DIVOPUS SULLANA,16,PIURA,16R1,PIURA,-4.91054252,-80.68257311
778,F,0022,0621,CPNP LAS LOMAS,D,216192,UTM / 17 SUR / WGS84,PIURA,APROBADO CON RESOLUCION DE COMANDANCIA GENERAL DE LA POLICIA NACIONAL N° 149-2020-CG  PNP/ SCG DEL 30MAY2020,20,PIURA,2001,PIURA,200111,LAS LOMAS,16R1A,DIVOPUS SULLANA,16,PIURA,16R1,PIURA,-4.65659873,-80.24390865
779,F,0023,0622,CPNP CHIPILLICO,E,216193,UTM / 17 SUR / WGS84,PIURA,APROBADO CON RESOLUCION DE COMANDANCIA GENERAL DE LA POLICIA NACIONAL N° 149-2020-CG  PNP/ SCG DEL 30MAY2020,20,PIURA,2001,PIURA,200111,LAS LOMAS,16R1A,DIVOPUS SULLANA,16,PIURA,16R1,PIURA,-4.71969697,-80.13059805
780,D,0002,7004,CPNP CAYUMBA,D,217531,UTM / 18 SUR / WGS84,HUANUCO,APROBADO CON RESOLUCION DE COMANDANCIA GENERAL DE LA POLICIA NACIONAL N° 149-2020-CG  PNP/ SCG DEL 30MAY2020,10,HUANUCO,1006,LEONCIO PRADO,100606,MARIANO DAMASO BERAUN,08R1A,DIVPOL LEONCIO PRADO,08,HUANUCO,08R1,HUANUCO,-9.494613419,-75.95306846
781,G,3012,3652,CPNP LIVITACA,E,218293,UTM / 19 SUR / WGS84,CUSCO,APROBADO CON RESOLUCION DE COMANDANCIA GENERAL DE LA POLICIA NACIONAL N° 149-2020-CG  PNP/ SCG DEL 30MAY2020,08,CUSCO,0807,CHUMBIVILCAS,080705,LIVITACA,07R1C,DIVOPUS SICUANI,07,CUSCO,07R1,CUSCO,-14.313747449,-71.68900208
782,E,0082,0782,CPNP MANCORA,C,216238,UTM / 17 SUR / WGS84,PIURA,APROBADO CON RESOLUCION DE COMANDANCIA GENERAL DE LA POLICIA NACIONAL N° 149-2020-CG  PNP/ SCG DEL 30MAY2020,20,PIURA,2007,TALARA,200706,MANCORA,16R1A,DIVOPUS SULLANA,16,PIURA,16R1,PIURA,-4.106694699,-81.05311791
783,E,1203,5622,CPNP PAUCARTAMBO,D,221777,UTM / 18 SUR / WGS84,PASCO,APROBADO CON RESOLUCION DE COMANDANCIA GENERAL DE LA POLICIA NACIONAL N° 149-2020-CG  PNP/ SCG DEL 30MAY2020,19,PASCO,1901,PASCO,190107,PAUCARTAMBO,08R2A,DIVOPUS PASCO,08,HUANUCO,08R2,PASCO,-10.77490648,-75.81342353
784,E,0088,0633,CPNP RINCONADA LLICUAR,D,216069,UTM / 17 SUR / WGS84,PIURA,APROBADO CON RESOLUCION DE COMANDANCIA GENERAL DE LA POLICIA NACIONAL N° 149-2020-CG  PNP/ SCG DEL 30MAY2020,20,PIURA,2008,SECHURA,200806,RINCONADA LLICUAR,16R1B,DIVOPUS PIURA,16,PIURA,16R1,PIURA,-5.45540201,-80.76212518
785,B,0404,1715,CPNP PURUS,D,222340,UTM / 19 SUR / WGS84,UCAYALI,APROBADO CON RESOLUCION DE COMANDANCIA GENERAL DE LA POLICIA NACIONAL N° 149-2020-CG  PNP/ SCG DEL 30MAY2020,25,UCAYALI,2504,PURUS,250401,PURUS,22R1A,DIVOPUS UCAYALI,22,UCAYALI,22R1,UCAYALI,-9.77232179,-70.71072398
786,G,0369,1573,CPNP SANTA CLOTILDE,E,217392,UTM / 18 SUR / WGS84,LORETO,APROBADO CON RESOLUCION DE COMANDANCIA GENERAL DE LA POLICIA NACIONAL N° 149-2020-CG  PNP/ SCG DEL 30MAY2020,16,LORETO,1601,MAYNAS,160107,NAPO,14R1A,DIVOPUS LORETO,14,LORETO,14R1,LORETO,-2.48951472,-73.675652781
787,G,0380,1618,CPNP TROMPETEROS,D,221709,UTM / 18 SUR / WGS84,LORETO,APROBADO CON RESOLUCION DE COMANDANCIA GENERAL DE LA POLICIA NACIONAL N° 149-2020-CG  PNP/ SCG DEL 30MAY2020,16,LORETO,1603,LORETO,160304,TROMPETEROS,14R1A,DIVOPUS LORETO,14,LORETO,14R1,LORETO,-3.80678532,-75.060405849
788,F,0728,3681,CPNP MAZUKO,B,222601,UTM / 19 SUR / WGS84,MADRE DE DIOS,APROBADO CON RESOLUCION DE COMANDANCIA GENERAL DE LA POLICIA NACIONAL N° 149-2020-CG  PNP/ SCG DEL 30MAY2020,17,MADRE DE DIOS,1701,TAMBOPATA,170102,INAMBARI,15R1A,DIVOPUS MADRE DE DIOS,15,MADRE DE DIOS,15R1,MADRE DE DIOS,-13.100647539,-70.36707189
789,F,0000,3683,CPNP SANTA ROSA,E,222609,UTM / 19 SUR / WGS84,MADRE DE DIOS,APROBADO CON RESOLUCION DE COMANDANCIA GENERAL DE LA POLICIA NACIONAL N° 149-2020-CG  PNP/ SCG DEL 30MAY2020,17,MADRE DE DIOS,1701,TAMBOPATA,170102,INAMBARI,15R1A,DIVOPUS MADRE DE DIOS,15,MADRE DE DIOS,15R1,MADRE DE DIOS,-12.926396309,-70.302756034
790,E,0000,8410,CPNP BELLAVISTA LA UNION,E,226592,UTM / 17 SUR / WGS84,PIURA,MODIFICACION PARCIAL DEL LIMITE. APROBADO CON RESOLUCION DE COMANDANCIA GENERAL DE LA POLICIA NACIONAL N° 348-2023-CG┬ÁPNP/EMG DEL 06SEP2023,20,PIURA,2008,SECHURA,200802,BELLAVISTA DE LA UNION,16R1B,DIVOPUS PIURA,16,PIURA,16R1,PIURA,-5.4392526,-80.7549159
791,B,0403,3157,CPNP ATALAYA - RAIMONDI,A,220637,UTM / 18 SUR / WGS84,UCAYALI,APROBADO CON RESOLUCION DE COMANDANCIA GENERAL DE LA POLICIA NACIONAL N° 149-2020-CG  PNP/ SCG DEL 30MAY2020,25,UCAYALI,2502,ATALAYA,250201,RAIMONDI,17R1A,DIVOPUS PUERTO INCA,17,PUERTO INCA,17R1,PUERTO INCA,-10.73237648,-73.7505627
792,B,0007,7015,CPNP PADRE ABAD - AGUAYTIA,A,222342,UTM / 18 SUR / WGS84,UCAYALI,APROBADO CON RESOLUCION DE COMANDANCIA GENERAL DE LA POLICIA NACIONAL N° 149-2020-CG  PNP/ SCG DEL 30MAY2020,25,UCAYALI,2503,PADRE ABAD,250301,PADRE ABAD,22R1A,DIVOPUS UCAYALI,22,UCAYALI,22R1,UCAYALI,-9.03794253,-75.50689252
793,E,0008,7020,CPNP ALEXANDER VON HUMBOLDT,B,222346,UTM / 18 SUR / WGS84,UCAYALI,MODIFICACION PARCIAL DEL LIMITE. APROBADO CON RESOLUCION DE COMANDANCIA GENERAL DE LA POLICIA NACIONAL N° 348-2023-CG┬ÁPNP/EMG DEL 06SEP2023,25,UCAYALI,2503,PADRE ABAD,250305,ALEXANDER VON HUMBOLDT,22R1A,DIVOPUS UCAYALI,22,UCAYALI,22R1,UCAYALI,-8.82538,-75.051606999
794,G,0637,7580,CPNP OCOBAMBA,E,218319,UTM / 18 SUR / WGS84,CUSCO,MODIFICACION PARCIAL DEL LIMITE. APROBADO CON RESOLUCION DE COMANDANCIA GENERAL DE LA POLICIA NACIONAL N° 348-2023-CG┬ÁPNP/EMG DEL 06SEP2023,08,CUSCO,0809,LA CONVENCION,080905,OCOBAMBA,07R1A,DIVOPUS LA CONVENCION,07,CUSCO,07R1,CUSCO,-12.871938129,-72.44755774
795,F,0099,1032,CPNP BELLAVISTA,D,223352,UTM / 17 SUR / WGS84,CAJAMARCA,APROBADO CON RESOLUCION DE COMANDANCIA GENERAL DE LA POLICIA NACIONAL N° 149-2020-CG  PNP/ SCG DEL 30MAY2020,06,CAJAMARCA,0608,JAEN,060802,BELLAVISTA,05R1A,DIVPOL JAEN,05,CAJAMARCA,05R1,CAJAMARCA,-5.666172229,-78.67991621
796,F,0112,1056,CPNP TAMBORAPA,D,223359,UTM / 17 SUR / WGS84,CAJAMARCA,APROBADO CON RESOLUCION DE COMANDANCIA GENERAL DE LA POLICIA NACIONAL N° 149-2020-CG  PNP/ SCG DEL 30MAY2020,06,CAJAMARCA,0608,JAEN,060802,BELLAVISTA,05R1A,DIVPOL JAEN,05,CAJAMARCA,05R1,CAJAMARCA,-5.4506835,-78.83357423
797,F,5012,7011,CPNP CACHICOTO,D,217534,UTM / 18 SUR / WGS84,HUANUCO,APROBADO CON RESOLUCION DE COMANDANCIA GENERAL DE LA POLICIA NACIONAL N° 149-2020-CG  PNP/ SCG DEL 30MAY2020,10,HUANUCO,1005,HUAMALIES,100507,MONZON,08R1A,DIVPOL LEONCIO PRADO,08,HUANUCO,08R1,HUANUCO,-9.21845482,-76.21240834
798,F,5013,7007,CPNP MONZON,D,217533,UTM / 18 SUR / WGS84,HUANUCO,APROBADO CON RESOLUCION DE COMANDANCIA GENERAL DE LA POLICIA NACIONAL N° 149-2020-CG  PNP/ SCG DEL 30MAY2020,10,HUANUCO,1005,HUAMALIES,100507,MONZON,08R1A,DIVPOL LEONCIO PRADO,08,HUANUCO,08R1,HUANUCO,-9.27879,-76.400525
799,F,5014,7006,CPNP PALO DE ACERO,D,217535,UTM / 18 SUR / WGS84,HUANUCO,APROBADO CON RESOLUCION DE COMANDANCIA GENERAL DE LA POLICIA NACIONAL N° 149-2020-CG  PNP/ SCG DEL 30MAY2020,10,HUANUCO,1005,HUAMALIES,100507,MONZON,08R1A,DIVPOL LEONCIO PRADO,08,HUANUCO,08R1,HUANUCO,-9.23589585,-76.08925336
800,G,0395,1725,CPNP PAMPA HERMOSA,E,222341,UTM / 18 SUR / WGS84,LORETO,APROBADO CON RESOLUCION DE COMANDANCIA GENERAL DE LA POLICIA NACIONAL N° 149-2020-CG  PNP/ SCG DEL 30MAY2020,16,LORETO,1606,UCAYALI,160604,PAMPA HERMOSA,22R1A,DIVOPUS UCAYALI,22,UCAYALI,22R1,UCAYALI,-7.195640681,-75.294050311
801,F,1175,5476,CPNP SANTA MARIA DE CHICMO,E,223471,UTM / 18 SUR / WGS84,APURIMAC,APROBADO CON RESOLUCION DE COMANDANCIA GENERAL DE LA POLICIA NACIONAL N° 149-2020-CG  PNP/ SCG DEL 30MAY2020,03,APURIMAC,0302,ANDAHUAYLAS,030215,SANTA MARIA DE CHICMO,02R1A,DIVOPUS ANDAHUAYLAS,02,APURIMAC,02R1,APURIMAC,-13.65784382,-73.49472981
802,G,1186,5502,CPNP COCHARCAS,D,223492,UTM / 18 SUR / WGS84,APURIMAC,APROBADO CON RESOLUCION DE COMANDANCIA GENERAL DE LA POLICIA NACIONAL N° 149-2020-CG  PNP/ SCG DEL 30MAY2020,03,APURIMAC,0306,CHINCHEROS,030603,COCHARCAS,02R1A,DIVOPUS ANDAHUAYLAS,02,APURIMAC,02R1,APURIMAC,-13.611764029,-73.74092909
803,G,1060,5122,CPNP PACCHA,E,223286,UTM / 17 SUR / WGS84,CAJAMARCA,APROBADO CON RESOLUCION DE COMANDANCIA GENERAL DE LA POLICIA NACIONAL N° 149-2020-CG  PNP/ SCG DEL 30MAY2020,06,CAJAMARCA,0604,CHOTA,060413,PACCHA,05R1B,DIVOPUS CAJAMARCA,05,CAJAMARCA,05R1,CAJAMARCA,-6.49705979,-78.42400849
804,G,1075,5150,CPNP LA RAMADA,E,223303,UTM / 17 SUR / WGS84,CAJAMARCA,APROBADO CON RESOLUCION DE COMANDANCIA GENERAL DE LA POLICIA NACIONAL N° 149-2020-CG  PNP/ SCG DEL 30MAY2020,06,CAJAMARCA,0606,CUTERVO,060610,SAN LUIS DE LUCMA,05R1B,DIVOPUS CAJAMARCA,05,CAJAMARCA,05R1,CAJAMARCA,-6.252981694,-78.575542226
805,F,0696,3608,CPNP TINTA,E,218279,UTM / 19 SUR / WGS84,CUSCO,APROBADO CON RESOLUCION DE COMANDANCIA GENERAL DE LA POLICIA NACIONAL N° 149-2020-CG  PNP/ SCG DEL 30MAY2020,08,CUSCO,0806,CANCHIS,080608,TINTA,07R1C,DIVOPUS SICUANI,07,CUSCO,07R1,CUSCO,-14.14298482,-71.40253201
806,E,0734,3675,CPNP IBERIA,C,222610,UTM / 19 SUR / WGS84,MADRE DE DIOS,APROBADO CON RESOLUCION DE COMANDANCIA GENERAL DE LA POLICIA NACIONAL N° 149-2020-CG  PNP/ SCG DEL 30MAY2020,17,MADRE DE DIOS,1703,TAHUAMANU,170302,IBERIA,15R1A,DIVOPUS MADRE DE DIOS,15,MADRE DE DIOS,15R1,MADRE DE DIOS,-11.40534037,-69.489797309
807,G,5021,7012,CPNP PUERTO PIZANA,D,221924,UTM / 18 SUR / WGS84,SAN MARTIN,APROBADO CON RESOLUCION DE COMANDANCIA GENERAL DE LA POLICIA NACIONAL N° 149-2020-CG  PNP/ SCG DEL 30MAY2020,22,SAN MARTIN,2210,TOCACHE,221003,POLVORA,19R2B,DIVOPUS TARAPOTO,19,SAN MARTIN,19R2,SAN MARTIN,-8.009047,-76.650326
808,G,5023,7003,CPNP NUEVO SAN MARTIN,D,221925,UTM / 18 SUR / WGS84,SAN MARTIN,APROBADO CON RESOLUCION DE COMANDANCIA GENERAL DE LA POLICIA NACIONAL N° 149-2020-CG  PNP/ SCG DEL 30MAY2020,22,SAN MARTIN,2210,TOCACHE,221003,POLVORA,19R2B,DIVOPUS TARAPOTO,19,SAN MARTIN,19R2,SAN MARTIN,-7.78148,-76.670709999
809,D,1198,5604,CPNP CHAUPIMARCA - LA ESPERANZA,C,221763,UTM / 18 SUR / WGS84,PASCO,APROBADO CON RESOLUCION DE COMANDANCIA GENERAL DE LA POLICIA NACIONAL N° 149-2020-CG  PNP/ SCG DEL 30MAY2020,19,PASCO,1901,PASCO,190109,SIMON BOLIVAR,08R2A,DIVOPUS PASCO,08,HUANUCO,08R2,PASCO,-10.70366816,-76.2915926
810,E,0730,3668,CPNP LABERINTO,D,222598,UTM / 19 SUR / WGS84,MADRE DE DIOS,APROBADO CON RESOLUCION DE COMANDANCIA GENERAL DE LA POLICIA NACIONAL N° 149-2020-CG  PNP/ SCG DEL 30MAY2020,17,MADRE DE DIOS,1701,TAMBOPATA,170104,LABERINTO,15R1A,DIVOPUS MADRE DE DIOS,15,MADRE DE DIOS,15R1,MADRE DE DIOS,-12.71921651,-69.58846224
811,E,1201,5624,CPNP HUAYLLAY,C,221774,UTM / 18 SUR / WGS84,PASCO,APROBADO CON RESOLUCION DE COMANDANCIA GENERAL DE LA POLICIA NACIONAL N° 149-2020-CG  PNP/ SCG DEL 30MAY2020,19,PASCO,1901,PASCO,190104,HUAYLLAY,08R2A,DIVOPUS PASCO,08,HUANUCO,08R2,PASCO,-11.00011875,-76.36156631
812,F,0000,7925,CPNP SEPAHUA,E,220641,UTM / 18 SUR / WGS84,UCAYALI,APROBADO CON RESOLUCION DE COMANDANCIA GENERAL DE LA POLICIA NACIONAL N° 149-2020-CG  PNP/ SCG DEL 30MAY2020,25,UCAYALI,2502,ATALAYA,250202,SEPAHUA,17R1A,DIVOPUS PUERTO INCA,17,PUERTO INCA,17R1,PUERTO INCA,-11.144789217,-73.044827889
813,D,0794,4074,CPNP JOSE LUIS BUSTAMANTE Y RIVERO,A,218842,UTM / 19 SUR / WGS84,AREQUIPA,APROBADO CON RESOLUCION DE COMANDANCIA GENERAL DE LA POLICIA NACIONAL N° 149-2020-CG  PNP/ SCG DEL 30MAY2020,04,AREQUIPA,0401,AREQUIPA,040129,JOSE LUIS BUSTAMANTE Y RIVERO,03R1A,DIVOPUS AREQUIPA,03,AREQUIPA,03R1,AREQUIPA,-16.424289619,-71.52954198
814,D,0795,4096,CPNP SIMON BOLIVAR,B,218845,UTM / 19 SUR / WGS84,AREQUIPA,APROBADO CON RESOLUCION DE COMANDANCIA GENERAL DE LA POLICIA NACIONAL N° 149-2020-CG  PNP/ SCG DEL 30MAY2020,04,AREQUIPA,0401,AREQUIPA,040129,JOSE LUIS BUSTAMANTE Y RIVERO,03R1A,DIVOPUS AREQUIPA,03,AREQUIPA,03R1,AREQUIPA,-16.44342823,-71.51377569
815,D,0874,4290,CPNP CIUDAD NUEVA,B,222425,UTM / 19 SUR / WGS84,TACNA,APROBADO CON RESOLUCION DE COMANDANCIA GENERAL DE LA POLICIA NACIONAL N° 149-2020-CG  PNP/ SCG DEL 30MAY2020,23,TACNA,2301,TACNA,230104,CIUDAD NUEVA,20R2A,DIVOPUS TACNA,20,TACNA,20R2,TACNA,-17.98429313,-70.23542409
816,D,0779,4032,CPNP SACHACA,C,218791,UTM / 19 SUR / WGS84,AREQUIPA,APROBADO CON RESOLUCION DE COMANDANCIA GENERAL DE LA POLICIA NACIONAL N° 149-2020-CG  PNP/ SCG DEL 30MAY2020,04,AREQUIPA,0401,AREQUIPA,040117,SACHACA,03R1A,DIVOPUS AREQUIPA,03,AREQUIPA,03R1,AREQUIPA,-16.423279367,-71.564916416
817,D,0789,4030,CPNP PAMPA DE CAMARONES,C,218794,UTM / 19 SUR / WGS84,AREQUIPA,APROBADO CON RESOLUCION DE COMANDANCIA GENERAL DE LA POLICIA NACIONAL N° 149-2020-CG  PNP/ SCG DEL 30MAY2020,04,AREQUIPA,0401,AREQUIPA,040117,SACHACA,03R1A,DIVOPUS AREQUIPA,03,AREQUIPA,03R1,AREQUIPA,-16.411368439,-71.571874917
818,D,0769,4110,CPNP MOLLEBAYA,D,218863,UTM / 19 SUR / WGS84,AREQUIPA,APROBADO CON RESOLUCION DE COMANDANCIA GENERAL DE LA POLICIA NACIONAL N° 149-2020-CG  PNP/ SCG DEL 30MAY2020,04,AREQUIPA,0401,AREQUIPA,040111,MOLLEBAYA,03R1A,DIVOPUS AREQUIPA,03,AREQUIPA,03R1,AREQUIPA,-16.486823021,-71.46552404
819,D,0872,4292,CPNP ALTO DE LA ALIANZA,B,222429,UTM / 19 SUR / WGS84,TACNA,APROBADO CON RESOLUCION DE COMANDANCIA GENERAL DE LA POLICIA NACIONAL N° 149-2020-CG  PNP/ SCG DEL 30MAY2020,23,TACNA,2301,TACNA,230102,ALTO DE LA ALIANZA,20R2A,DIVOPUS TACNA,20,TACNA,20R2,TACNA,-17.98798706,-70.24132402
820,D,0785,4028,CPNP TIABAYA,C,218788,UTM / 19 SUR / WGS84,AREQUIPA,MODIFICACION PARCIAL DEL LIMITE. APROBADO CON RESOLUCION DE COMANDANCIA GENERAL DE LA POLICIA NACIONAL N° 348-2023-CG┬ÁPNP/EMG DEL 06SEP2023,04,AREQUIPA,0401,AREQUIPA,040123,TIABAYA,03R1A,DIVOPUS AREQUIPA,03,AREQUIPA,03R1,AREQUIPA,-16.44970419,-71.5886745
821,D,0865,4282,CPNP EL ALGARROBAL,C,222535,UTM / 19 SUR / WGS84,MOQUEGUA,APROBADO CON RESOLUCION DE COMANDANCIA GENERAL DE LA POLICIA NACIONAL N° 149-2020-CG  PNP/ SCG DEL 30MAY2020,18,MOQUEGUA,1803,ILO,180302,EL ALGARROBAL,20R1A,DIVOPUS MOQUEGUA,20,TACNA,20R1,MOQUEGUA,-17.62268926,-71.26838282
822,D,0851,4242,CPNP SAMEGUA,B,222501,UTM / 19 SUR / WGS84,MOQUEGUA,APROBADO CON RESOLUCION DE COMANDANCIA GENERAL DE LA POLICIA NACIONAL N° 149-2020-CG  PNP/ SCG DEL 30MAY2020,18,MOQUEGUA,1801,MARISCAL NIETO,180104,SAMEGUA,20R1A,DIVOPUS MOQUEGUA,20,TACNA,20R1,MOQUEGUA,-17.18238041,-70.89957874
823,D,0765,4088,CPNP MARIANO MELGAR,B,218818,UTM / 19 SUR / WGS84,AREQUIPA,APROBADO CON RESOLUCION DE COMANDANCIA GENERAL DE LA POLICIA NACIONAL N° 149-2020-CG  PNP/ SCG DEL 30MAY2020,04,AREQUIPA,0401,AREQUIPA,040109,MARIANO MELGAR,03R1A,DIVOPUS AREQUIPA,03,AREQUIPA,03R1,AREQUIPA,-16.39949222,-71.50666411
824,D,3010,4089,CPNP JERUSALEN,C,218821,UTM / 19 SUR / WGS84,AREQUIPA,APROBADO CON RESOLUCION DE COMANDANCIA GENERAL DE LA POLICIA NACIONAL N° 149-2020-CG  PNP/ SCG DEL 30MAY2020,04,AREQUIPA,0401,AREQUIPA,040109,MARIANO MELGAR,03R1A,DIVOPUS AREQUIPA,03,AREQUIPA,03R1,AREQUIPA,-16.40098415,-71.49091877
825,D,0866,4277,CPNP CIUDAD NUEVA,B,222532,UTM / 19 SUR / WGS84,MOQUEGUA,APROBADO CON RESOLUCION DE COMANDANCIA GENERAL DE LA POLICIA NACIONAL N° 149-2020-CG  PNP/ SCG DEL 30MAY2020,18,MOQUEGUA,1803,ILO,180303,PACOCHA,20R1A,DIVOPUS MOQUEGUA,20,TACNA,20R1,MOQUEGUA,-17.6152603,-71.34120369
826,D,0755,4108,CPNP CHARACATO,D,218857,UTM / 19 SUR / WGS84,AREQUIPA,APROBADO CON RESOLUCION DE COMANDANCIA GENERAL DE LA POLICIA NACIONAL N° 149-2020-CG  PNP/ SCG DEL 30MAY2020,04,AREQUIPA,0401,AREQUIPA,040105,CHARACATO,03R1A,DIVOPUS AREQUIPA,03,AREQUIPA,03R1,AREQUIPA,-16.468424888,-71.484793702
827,D,0756,4118,CPNP CHIGUATA,D,218898,UTM / 19 SUR / WGS84,AREQUIPA,MODIFICACION PARCIAL DEL LIMITE. APROBADO CON RESOLUCION DE COMANDANCIA GENERAL DE LA POLICIA NACIONAL N° 348-2023-CG┬ÁPNP/EMG DEL 06SEP2023,04,AREQUIPA,0401,AREQUIPA,040106,CHIGUATA,03R1A,DIVOPUS AREQUIPA,03,AREQUIPA,03R1,AREQUIPA,-16.40210506,-71.39225166
828,D,0771,4084,CPNP JUAN DE DIOS COLCA APAZA,B,218827,UTM / 19 SUR / WGS84,AREQUIPA,APROBADO CON RESOLUCION DE COMANDANCIA GENERAL DE LA POLICIA NACIONAL N° 149-2020-CG  PNP/ SCG DEL 30MAY2020,04,AREQUIPA,0401,AREQUIPA,040112,PAUCARPATA,03R1A,DIVOPUS AREQUIPA,03,AREQUIPA,03R1,AREQUIPA,-16.41145825,-71.49676229
829,D,0772,4116,CPNP ISRAEL,C,218833,UTM / 19 SUR / WGS84,AREQUIPA,APROBADO CON RESOLUCION DE COMANDANCIA GENERAL DE LA POLICIA NACIONAL N° 149-2020-CG  PNP/ SCG DEL 30MAY2020,04,AREQUIPA,0401,AREQUIPA,040112,PAUCARPATA,03R1A,DIVOPUS AREQUIPA,03,AREQUIPA,03R1,AREQUIPA,-16.41889631,-71.48503073
830,D,0773,4086,CPNP MIGUEL GRAU,B,218830,UTM / 19 SUR / WGS84,AREQUIPA,MODIFICACION PARCIAL DEL LIMITE. APROBADO CON RESOLUCION DE COMANDANCIA GENERAL DE LA POLICIA NACIONAL N° 348-2023-CG┬ÁPNP/EMG DEL 06SEP2023,04,AREQUIPA,0401,AREQUIPA,040112,PAUCARPATA,03R1A,DIVOPUS AREQUIPA,03,AREQUIPA,03R1,AREQUIPA,-16.40852033,-71.483873571
831,D,0774,4126,CPNP JESUS MARIA,C,218836,UTM / 19 SUR / WGS84,AREQUIPA,APROBADO CON RESOLUCION DE COMANDANCIA GENERAL DE LA POLICIA NACIONAL N° 149-2020-CG  PNP/ SCG DEL 30MAY2020,04,AREQUIPA,0401,AREQUIPA,040112,PAUCARPATA,03R1A,DIVOPUS AREQUIPA,03,AREQUIPA,03R1,AREQUIPA,-16.42079102,-71.50920312
832,D,0775,4128,CPNP CAMPO MARTE,C,218839,UTM / 19 SUR / WGS84,AREQUIPA,MODIFICACION PARCIAL DEL LIMITE. APROBADO CON RESOLUCION DE COMANDANCIA GENERAL DE LA POLICIA NACIONAL N° 348-2023-CG┬ÁPNP/EMG DEL 06SEP2023,04,AREQUIPA,0401,AREQUIPA,040112,PAUCARPATA,03R1A,DIVOPUS AREQUIPA,03,AREQUIPA,03R1,AREQUIPA,-16.42711642,-71.496680701
833,D,0750,4056,CPNP CIUDAD MUNICIPAL,C,218767,UTM / 19 SUR / WGS84,AREQUIPA,APROBADO CON RESOLUCION DE COMANDANCIA GENERAL DE LA POLICIA NACIONAL N° 149-2020-CG  PNP/ SCG DEL 30MAY2020,04,AREQUIPA,0401,AREQUIPA,040104,CERRO COLORADO,03R1A,DIVOPUS AREQUIPA,03,AREQUIPA,03R1,AREQUIPA,-16.32774849,-71.59292568
834,D,0751,4006,CPNP MARISCAL CASTILLA,B,218761,UTM / 19 SUR / WGS84,AREQUIPA,APROBADO CON RESOLUCION DE COMANDANCIA GENERAL DE LA POLICIA NACIONAL N° 149-2020-CG  PNP/ SCG DEL 30MAY2020,04,AREQUIPA,0401,AREQUIPA,040104,CERRO COLORADO,03R1A,DIVOPUS AREQUIPA,03,AREQUIPA,03R1,AREQUIPA,-16.39274655,-71.56777059
835,D,0752,4002,CPNP CERRO COLORADO,A,218758,UTM / 19 SUR / WGS84,AREQUIPA,APROBADO CON RESOLUCION DE COMANDANCIA GENERAL DE LA POLICIA NACIONAL N° 149-2020-CG  PNP/ SCG DEL 30MAY2020,04,AREQUIPA,0401,AREQUIPA,040104,CERRO COLORADO,03R1A,DIVOPUS AREQUIPA,03,AREQUIPA,03R1,AREQUIPA,-16.37825497,-71.55950633
836,D,0753,4022,CPNP ZAMACOLA,B,218764,UTM / 19 SUR / WGS84,AREQUIPA,APROBADO CON RESOLUCION DE COMANDANCIA GENERAL DE LA POLICIA NACIONAL N° 149-2020-CG  PNP/ SCG DEL 30MAY2020,04,AREQUIPA,0401,AREQUIPA,040104,CERRO COLORADO,03R1A,DIVOPUS AREQUIPA,03,AREQUIPA,03R1,AREQUIPA,-16.35177358,-71.5634369
837,D,0746,4008,CPNP CAYMA,B,218770,UTM / 19 SUR / WGS84,AREQUIPA,APROBADO CON RESOLUCION DE COMANDANCIA GENERAL DE LA POLICIA NACIONAL N° 149-2020-CG  PNP/ SCG DEL 30MAY2020,04,AREQUIPA,0401,AREQUIPA,040103,CAYMA,03R1A,DIVOPUS AREQUIPA,03,AREQUIPA,03R1,AREQUIPA,-16.381286963,-71.545079279
838,D,0747,4010,CPNP ACEQUIA ALTA,C,218773,UTM / 19 SUR / WGS84,AREQUIPA,APROBADO CON RESOLUCION DE COMANDANCIA GENERAL DE LA POLICIA NACIONAL N° 149-2020-CG  PNP/ SCG DEL 30MAY2020,04,AREQUIPA,0401,AREQUIPA,040103,CAYMA,03R1A,DIVOPUS AREQUIPA,03,AREQUIPA,03R1,AREQUIPA,-16.35616676,-71.54126113
839,D,0748,4014,CPNP CASIMIRO CUADROS,D,218779,UTM / 19 SUR / WGS84,AREQUIPA,APROBADO CON RESOLUCION DE COMANDANCIA GENERAL DE LA POLICIA NACIONAL N° 149-2020-CG  PNP/ SCG DEL 30MAY2020,04,AREQUIPA,0401,AREQUIPA,040103,CAYMA,03R1A,DIVOPUS AREQUIPA,03,AREQUIPA,03R1,AREQUIPA,-16.34927252,-71.552480551
840,D,0749,4012,CPNP DEAN VALDIVIA,C,218776,UTM / 19 SUR / WGS84,AREQUIPA,APROBADO CON RESOLUCION DE COMANDANCIA GENERAL DE LA POLICIA NACIONAL N° 149-2020-CG  PNP/ SCG DEL 30MAY2020,04,AREQUIPA,0401,AREQUIPA,040103,CAYMA,03R1A,DIVOPUS AREQUIPA,03,AREQUIPA,03R1,AREQUIPA,-16.33172933,-71.543685641
841,A,1197,5600,CPNP CHAUPIMARCA,B,221760,UTM / 18 SUR / WGS84,PASCO,APROBADO CON RESOLUCION DE COMANDANCIA GENERAL DE LA POLICIA NACIONAL N° 149-2020-CG  PNP/ SCG DEL 30MAY2020,19,PASCO,1901,PASCO,190101,CHAUPIMARCA,08R2A,DIVOPUS PASCO,08,HUANUCO,08R2,PASCO,-10.68499509,-76.25407162
842,E,0827,4046,CPNP CAYLLOMA,C,218961,UTM / 19 SUR / WGS84,AREQUIPA,APROBADO CON RESOLUCION DE COMANDANCIA GENERAL DE LA POLICIA NACIONAL N° 149-2020-CG  PNP/ SCG DEL 30MAY2020,04,AREQUIPA,0405,CAYLLOMA,040505,CAYLLOMA,03R1A,DIVOPUS AREQUIPA,03,AREQUIPA,03R1,AREQUIPA,-15.18823522,-71.773335099
843,G,8005,8066,CPNP YUYAPICHIS,C,222631,UTM / 18 SUR / WGS84,HUANUCO,APROBADO CON RESOLUCION DE COMANDANCIA GENERAL DE LA POLICIA NACIONAL N° 149-2020-CG  PNP/ SCG DEL 30MAY2020,10,HUANUCO,1009,PUERTO INCA,100905,YUYAPICHIS,17R1A,DIVOPUS PUERTO INCA,17,PUERTO INCA,17R1,PUERTO INCA,-9.627817,-74.97534
844,F,0620,3152,CPNP CIUDAD CONSTITUCION,B,220628,UTM / 18 SUR / WGS84,PASCO,APROBADO CON RESOLUCION DE COMANDANCIA GENERAL DE LA POLICIA NACIONAL N° 149-2020-CG  PNP/ SCG DEL 30MAY2020,19,PASCO,1903,OXAPAMPA,190308,CONSTITUCION,17R1A,DIVOPUS PUERTO INCA,17,PUERTO INCA,17R1,PUERTO INCA,-9.85440123,-75.016329829
845,D,1196,5612,CPNP CHICRIN,C,221781,UTM / 18 SUR / WGS84,PASCO,APROBADO CON RESOLUCION DE COMANDANCIA GENERAL DE LA POLICIA NACIONAL N° 149-2020-CG  PNP/ SCG DEL 30MAY2020,19,PASCO,1901,PASCO,190113,YANACANCHA,08R2A,DIVOPUS PASCO,08,HUANUCO,08R2,PASCO,-10.579339631,-76.18762394
846,D,1205,5602,CPNP YANACANCHA,B,221757,UTM / 18 SUR / WGS84,PASCO,APROBADO CON RESOLUCION DE COMANDANCIA GENERAL DE LA POLICIA NACIONAL N° 149-2020-CG  PNP/ SCG DEL 30MAY2020,19,PASCO,1901,PASCO,190113,YANACANCHA,08R2A,DIVOPUS PASCO,08,HUANUCO,08R2,PASCO,-10.66593077,-76.25292858
847,D,1206,5610,CPNP LA QUINUA,C,221778,UTM / 18 SUR / WGS84,PASCO,APROBADO CON RESOLUCION DE COMANDANCIA GENERAL DE LA POLICIA NACIONAL N° 149-2020-CG  PNP/ SCG DEL 30MAY2020,19,PASCO,1901,PASCO,190113,YANACANCHA,08R2A,DIVOPUS PASCO,08,HUANUCO,08R2,PASCO,-10.61492305,-76.179585301
848,D,0330,1314,CPNP BANDA DE SHILCAYO,B,221892,UTM / 18 SUR / WGS84,SAN MARTIN,APROBADO CON RESOLUCION DE COMANDANCIA GENERAL DE LA POLICIA NACIONAL N° 149-2020-CG  PNP/ SCG DEL 30MAY2020,22,SAN MARTIN,2209,SAN MARTIN,220909,LA BANDA DE SHILCAYO,19R2B,DIVOPUS TARAPOTO,19,SAN MARTIN,19R2,SAN MARTIN,-6.49071847,-76.35405159
849,D,1174,5472,CPNP SAN JERONIMO,C,223477,UTM / 18 SUR / WGS84,APURIMAC,APROBADO CON RESOLUCION DE COMANDANCIA GENERAL DE LA POLICIA NACIONAL N° 149-2020-CG  PNP/ SCG DEL 30MAY2020,03,APURIMAC,0302,ANDAHUAYLAS,030213,SAN JERONIMO,02R1A,DIVOPUS ANDAHUAYLAS,02,APURIMAC,02R1,APURIMAC,-13.65171414,-73.36533111
850,C,0415,1850,CPNP ANCON,B,219693,UTM / 18 SUR / WGS84,LIMAMETRO,APROBADO CON RESOLUCION DE DIRECCION GENERAL DE LA POLICIA NACIONAL N° 276-2018-DIRGEN/SUB.DG-PNP 23JUL2018,15,LIMA,1501,LIMA,150102,ANCON,13R1D,DIVPOL NORTE 1,13,LIMA,13R1,LIMA,-11.77603959,-77.1692574
851,G,0371,1575,CPNP TORRES CAUSANA PANTOJA,D,217393,UTM / 18 SUR / WGS84,LORETO,APROBADO CON RESOLUCION DE COMANDANCIA GENERAL DE LA POLICIA NACIONAL N° 149-2020-CG  PNP/ SCG DEL 30MAY2020,16,LORETO,1601,MAYNAS,160110,TORRES CAUSANA,14R1A,DIVOPUS LORETO,14,LORETO,14R1,LORETO,-0.97055224,-75.175037429
852,E,0000,7547,CPNP KIMBIRI,D,226415,UTM / 18 SUR / WGS84,CUSCO,APROBADO CON RESOLUCION DE COMANDANCIA GENERAL DE LA POLICIA NACIONAL N° 149-2020-CG  PNP/ SCG DEL 30MAY2020,08,CUSCO,0809,LA CONVENCION,080907,KIMBIRI,23R1A,DIVOPUS VRAEM,23,VRAEM,23R1,VRAEM,-12.617627424,-73.791483938
853,D,0020,0638,CPNP LA ARENA,C,216073,UTM / 17 SUR / WGS84,PIURA,APROBADO CON RESOLUCION DE COMANDANCIA GENERAL DE LA POLICIA NACIONAL N° 149-2020-CG  PNP/ SCG DEL 30MAY2020,20,PIURA,2001,PIURA,200109,LA ARENA,16R1B,DIVOPUS PIURA,16,PIURA,16R1,PIURA,-5.34800031,-80.71298264
854,D,0139,0804,CPNP JOSE LEONARDO ORTIZ,A,216420,UTM / 17 SUR / WGS84,LAMBAYEQUE,APROBADO CON RESOLUCION DE COMANDANCIA GENERAL DE LA POLICIA NACIONAL N° 149-2020-CG  PNP/ SCG DEL 30MAY2020,14,LAMBAYEQUE,1401,CHICLAYO,140105,JOSE LEONARDO ORTIZ,12R1A,DIVOPUS LAMBAYEQUE,12,LAMBAYEQUE,12R1,LAMBAYEQUE,-6.75261187,-79.84265129
855,D,0140,0812,CPNP ATUSPARIA,B,216432,UTM / 17 SUR / WGS84,LAMBAYEQUE,APROBADO CON RESOLUCION DE COMANDANCIA GENERAL DE LA POLICIA NACIONAL N° 149-2020-CG  PNP/ SCG DEL 30MAY2020,14,LAMBAYEQUE,1401,CHICLAYO,140105,JOSE LEONARDO ORTIZ,12R1A,DIVOPUS LAMBAYEQUE,12,LAMBAYEQUE,12R1,LAMBAYEQUE,-6.75910468,-79.825706349
856,A,0740,4070,CPNP SANTA MARTA,A,218800,UTM / 19 SUR / WGS84,AREQUIPA,APROBADO CON RESOLUCION DE COMANDANCIA GENERAL DE LA POLICIA NACIONAL N° 149-2020-CG  PNP/ SCG DEL 30MAY2020,04,AREQUIPA,0401,AREQUIPA,040101,AREQUIPA,03R1A,DIVOPUS AREQUIPA,03,AREQUIPA,03R1,AREQUIPA,-16.39747653,-71.532590161
857,A,0741,4068,CPNP PALACIO VIEJO,A,218797,UTM / 19 SUR / WGS84,AREQUIPA,APROBADO CON RESOLUCION DE COMANDANCIA GENERAL DE LA POLICIA NACIONAL N° 149-2020-CG  PNP/ SCG DEL 30MAY2020,04,AREQUIPA,0401,AREQUIPA,040101,AREQUIPA,03R1A,DIVOPUS AREQUIPA,03,AREQUIPA,03R1,AREQUIPA,-16.40116589,-71.53598777
858,D,0515,2375,CPNP SUPE PUEBLO,B,225845,UTM / 18 SUR / WGS84,PROVINCIA,APROBADO CON RESOLUCION DE COMANDANCIA GENERAL DE LA POLICIA NACIONAL N° 149-2020-CG  PNP/ SCG DEL 30MAY2020,15,LIMA,1502,BARRANCA,150204,SUPE,13R1A,DIVPOL BARRANCA,13,LIMA,13R1,LIMA,-10.796006157,-77.715294313
859,A,0083,0648,CPNP SECHURA,B,216060,UTM / 17 SUR / WGS84,PIURA,APROBADO CON RESOLUCION DE COMANDANCIA GENERAL DE LA POLICIA NACIONAL N° 149-2020-CG  PNP/ SCG DEL 30MAY2020,20,PIURA,2008,SECHURA,200801,SECHURA,16R1B,DIVOPUS PIURA,16,PIURA,16R1,PIURA,-5.55448087,-80.823088129
860,A,0084,0657,CPNP PUERTO RICO,D,216065,UTM / 17 SUR / WGS84,PIURA,APROBADO CON RESOLUCION DE COMANDANCIA GENERAL DE LA POLICIA NACIONAL N° 149-2020-CG  PNP/ SCG DEL 30MAY2020,20,PIURA,2008,SECHURA,200801,SECHURA,16R1B,DIVOPUS PIURA,16,PIURA,16R1,PIURA,-5.82570248,-81.035404
861,A,0085,0630,CPNP PARACHIQUE,C,216066,UTM / 17 SUR / WGS84,PIURA,APROBADO CON RESOLUCION DE COMANDANCIA GENERAL DE LA POLICIA NACIONAL N° 149-2020-CG  PNP/ SCG DEL 30MAY2020,20,PIURA,2008,SECHURA,200801,SECHURA,16R1B,DIVOPUS PIURA,16,PIURA,16R1,PIURA,-5.76203811,-80.86286029
862,D,1176,5470,CPNP TALAVERA,B,223474,UTM / 18 SUR / WGS84,APURIMAC,APROBADO CON RESOLUCION DE COMANDANCIA GENERAL DE LA POLICIA NACIONAL N° 149-2020-CG  PNP/ SCG DEL 30MAY2020,03,APURIMAC,0302,ANDAHUAYLAS,030216,TALAVERA,02R1A,DIVOPUS ANDAHUAYLAS,02,APURIMAC,02R1,APURIMAC,-13.65629865,-73.430007421
863,D,0155,0904,CPNP POMALCA,C,216495,UTM / 17 SUR / WGS84,LAMBAYEQUE,APROBADO CON RESOLUCION DE COMANDANCIA GENERAL DE LA POLICIA NACIONAL N° 149-2020-CG  PNP/ SCG DEL 30MAY2020,14,LAMBAYEQUE,1401,CHICLAYO,140118,POMALCA,12R1A,DIVOPUS LAMBAYEQUE,12,LAMBAYEQUE,12R1,LAMBAYEQUE,-6.76930383,-79.77265477
864,D,0399,1704,CPNP YARINACOCHA,A,222324,UTM / 18 SUR / WGS84,UCAYALI,APROBADO CON RESOLUCION DE COMANDANCIA GENERAL DE LA POLICIA NACIONAL N° 149-2020-CG  PNP/ SCG DEL 30MAY2020,25,UCAYALI,2501,CORONEL PORTILLO,250105,YARINACOCHA,22R1A,DIVOPUS UCAYALI,22,UCAYALI,22R1,UCAYALI,-8.35511685,-74.57641171
865,D,0402,1706,CPNP SAN FERNANDO,A,222327,UTM / 18 SUR / WGS84,UCAYALI,APROBADO CON RESOLUCION DE COMANDANCIA GENERAL DE LA POLICIA NACIONAL N° 149-2020-CG  PNP/ SCG DEL 30MAY2020,25,UCAYALI,2501,CORONEL PORTILLO,250107,MANANTAY,22R1A,DIVOPUS UCAYALI,22,UCAYALI,22R1,UCAYALI,-8.39780766,-74.53673981
866,D,0000,8370,CPNP NARANJILLO,D,225327,UTM / 18 SUR / WGS84,SAN MARTIN,APROBADO CON RESOLUCION DE COMANDANCIA GENERAL DE LA POLICIA NACIONAL N° 149-2020-CG  PNP/ SCG DEL 30MAY2020,22,SAN MARTIN,2208,RIOJA,220804,NUEVA CAJAMARCA,19R2A,DIVPOL MOYOBAMBA,19,SAN MARTIN,19R2,SAN MARTIN,-5.804994825,-77.39777163
867,D,0322,1359,CPNP NUEVA CAJAMARCA,B,221968,UTM / 18 SUR / WGS84,SAN MARTIN,APROBADO CON RESOLUCION DE COMANDANCIA GENERAL DE LA POLICIA NACIONAL N° 149-2020-CG  PNP/ SCG DEL 30MAY2020,22,SAN MARTIN,2208,RIOJA,220804,NUEVA CAJAMARCA,19R2A,DIVPOL MOYOBAMBA,19,SAN MARTIN,19R2,SAN MARTIN,-5.942943939,-77.30622535
868,F,0323,1362,CPNP NARANJOS,D,221972,UTM / 18 SUR / WGS84,SAN MARTIN,APROBADO CON RESOLUCION DE COMANDANCIA GENERAL DE LA POLICIA NACIONAL N° 149-2020-CG  PNP/ SCG DEL 30MAY2020,22,SAN MARTIN,2208,RIOJA,220805,PARDO MIGUEL,19R2A,DIVPOL MOYOBAMBA,19,SAN MARTIN,19R2,SAN MARTIN,-5.7403436900000004,-77.50381017
869,D,0331,1308,CPNP MORALES,B,221880,UTM / 18 SUR / WGS84,SAN MARTIN,APROBADO CON RESOLUCION DE COMANDANCIA GENERAL DE LA POLICIA NACIONAL N° 149-2020-CG  PNP/ SCG DEL 30MAY2020,22,SAN MARTIN,2209,SAN MARTIN,220910,MORALES,19R2B,DIVOPUS TARAPOTO,19,SAN MARTIN,19R2,SAN MARTIN,-6.47937892,-76.38290349
870,D,0370,1543,CPNP PUNCHANA,A,217367,UTM / 18 SUR / WGS84,LORETO,APROBADO CON RESOLUCION DE COMANDANCIA GENERAL DE LA POLICIA NACIONAL N° 149-2020-CG  PNP/ SCG DEL 30MAY2020,16,LORETO,1601,MAYNAS,160108,PUNCHANA,14R1A,DIVOPUS LORETO,14,LORETO,14R1,LORETO,-3.72922918,-73.24080278
871,D,0372,1546,CPNP 9 DE OCTUBRE,A,217370,UTM / 18 SUR / WGS84,LORETO,APROBADO CON RESOLUCION DE COMANDANCIA GENERAL DE LA POLICIA NACIONAL N° 149-2020-CG  PNP/ SCG DEL 30MAY2020,16,LORETO,1601,MAYNAS,160112,BELEN,14R1A,DIVOPUS LORETO,14,LORETO,14R1,LORETO,-3.766286507,-73.261060788
872,D,0373,1549,CPNP BELEN,B,217373,UTM / 18 SUR / WGS84,LORETO,APROBADO CON RESOLUCION DE COMANDANCIA GENERAL DE LA POLICIA NACIONAL N° 149-2020-CG  PNP/ SCG DEL 30MAY2020,16,LORETO,1601,MAYNAS,160112,BELEN,14R1A,DIVOPUS LORETO,14,LORETO,14R1,LORETO,-3.76099487,-73.24919339
873,G,0383,1630,CPNP PEBAS,C,217416,UTM / 18 SUR / WGS84,LORETO,APROBADO CON RESOLUCION DE COMANDANCIA GENERAL DE LA POLICIA NACIONAL N° 149-2020-CG  PNP/ SCG DEL 30MAY2020,16,LORETO,1604,MARISCAL RAMON CASTILLA,160402,PEBAS,14R1A,DIVOPUS LORETO,14,LORETO,14R1,LORETO,-3.32087658,-71.861118411
874,D,0017,0632,CPNP LA LEGUA,D,216055,UTM / 17 SUR / WGS84,PIURA,APROBADO CON RESOLUCION DE COMANDANCIA GENERAL DE LA POLICIA NACIONAL N° 149-2020-CG  PNP/ SCG DEL 30MAY2020,20,PIURA,2001,PIURA,200105,CATACAOS,16R1B,DIVOPUS PIURA,16,PIURA,16R1,PIURA,-5.24248333,-80.6637766
875,D,0018,0628,CPNP CATACAOS,B,216070,UTM / 17 SUR / WGS84,PIURA,APROBADO CON RESOLUCION DE COMANDANCIA GENERAL DE LA POLICIA NACIONAL N° 149-2020-CG  PNP/ SCG DEL 30MAY2020,20,PIURA,2001,PIURA,200105,CATACAOS,16R1B,DIVOPUS PIURA,16,PIURA,16R1,PIURA,-5.26451445,-80.67036549
876,D,0012,0609,CPNP TACALA,C,216052,UTM / 17 SUR / WGS84,PIURA,MODIFICACION PARCIAL DEL LIMITE. APROBADO CON RESOLUCION DE COMANDANCIA GENERAL DE LA POLICIA NACIONAL N° 348-2023-CG┬ÁPNP/EMG DEL 06SEP2023,20,PIURA,2001,PIURA,200104,CASTILLA,16R1B,DIVOPUS PIURA,16,PIURA,16R1,PIURA,-5.18713728,-80.59871083
877,D,0013,0612,CPNP EL INDIO,C,216049,UTM / 17 SUR / WGS84,PIURA,APROBADO CON RESOLUCION DE COMANDANCIA GENERAL DE LA POLICIA NACIONAL N° 149-2020-CG  PNP/ SCG DEL 30MAY2020,20,PIURA,2001,PIURA,200104,CASTILLA,16R1B,DIVOPUS PIURA,16,PIURA,16R1,PIURA,-5.22489622,-80.61842704
878,D,0014,0603,CPNP CASTILLA,B,216043,UTM / 17 SUR / WGS84,PIURA,APROBADO CON RESOLUCION DE COMANDANCIA GENERAL DE LA POLICIA NACIONAL N° 149-2020-CG  PNP/ SCG DEL 30MAY2020,20,PIURA,2001,PIURA,200104,CASTILLA,16R1B,DIVOPUS PIURA,16,PIURA,16R1,PIURA,-5.20563191,-80.620540449
879,G,0028,0754,CPNP FRIAS,D,216083,UTM / 17 SUR / WGS84,PIURA,APROBADO CON RESOLUCION DE COMANDANCIA GENERAL DE LA POLICIA NACIONAL N° 149-2020-CG  PNP/ SCG DEL 30MAY2020,20,PIURA,2002,AYABACA,200202,FRIAS,16R1B,DIVOPUS PIURA,16,PIURA,16R1,PIURA,-4.9312108,-79.94810821
880,G,0053,0756,CPNP SAN JORGE,D,216088,UTM / 17 SUR / WGS84,PIURA,APROBADO CON RESOLUCION DE COMANDANCIA GENERAL DE LA POLICIA NACIONAL N° 149-2020-CG  PNP/ SCG DEL 30MAY2020,20,PIURA,2002,AYABACA,200202,FRIAS,16R1B,DIVOPUS PIURA,16,PIURA,16R1,PIURA,-4.99727654,-79.95886617
881,G,0031,0740,CPNP PACAIPAMPA,C,216106,UTM / 17 SUR / WGS84,PIURA,APROBADO CON RESOLUCION DE COMANDANCIA GENERAL DE LA POLICIA NACIONAL N° 149-2020-CG  PNP/ SCG DEL 30MAY2020,20,PIURA,2002,AYABACA,200206,PACAIPAMPA,16R1B,DIVOPUS PIURA,16,PIURA,16R1,PIURA,-4.99551553,-79.6689123
882,G,0072,0724,CPNP LOS ENCUENTROS DE PILARES,D,216211,UTM / 17 SUR / WGS84,PIURA,APROBADO CON RESOLUCION DE COMANDANCIA GENERAL DE LA POLICIA NACIONAL N° 149-2020-CG  PNP/ SCG DEL 30MAY2020,20,PIURA,2006,SULLANA,200604,LANCONES,16R1A,DIVOPUS SULLANA,16,PIURA,16R1,PIURA,-4.323998,-80.503130999
883,D,0513,2365,CPNP PARAMONGA,A,225839,UTM / 18 SUR / WGS84,PROVINCIA,APROBADO CON RESOLUCION DE COMANDANCIA GENERAL DE LA POLICIA NACIONAL N° 149-2020-CG  PNP/ SCG DEL 30MAY2020,15,LIMA,1502,BARRANCA,150202,PARAMONGA,13R1A,DIVPOL BARRANCA,13,LIMA,13R1,LIMA,-10.673451991,-77.819196942
884,D,0536,2510,CPNP CHANCAY,A,220439,UTM / 18 SUR / WGS84,PROVINCIA,APROBADO CON RESOLUCION DE COMANDANCIA GENERAL DE LA POLICIA NACIONAL N° 149-2020-CG  PNP/ SCG DEL 30MAY2020,15,LIMA,1506,HUARAL,150605,CHANCAY,13R1C,DIVPOL HUARAL,13,LIMA,13R1,LIMA,-11.562677738,-77.269185766
885,A,0623,7500,CPNP HUANTA,A,222664,UTM / 18 SUR / WGS84,AYACUCHO,APROBADO CON RESOLUCION DE COMANDANCIA GENERAL DE LA POLICIA NACIONAL N° 149-2020-CG  PNP/ SCG DEL 30MAY2020,05,AYACUCHO,0504,HUANTA,050401,HUANTA,23R1B,DIVPOL HUANTA,23,VRAEM,23R1,VRAEM,-12.94150354,-74.247165115
886,A,0321,1356,CPNP RIOJA,B,221956,UTM / 18 SUR / WGS84,SAN MARTIN,APROBADO CON RESOLUCION DE COMANDANCIA GENERAL DE LA POLICIA NACIONAL N° 149-2020-CG  PNP/ SCG DEL 30MAY2020,22,SAN MARTIN,2208,RIOJA,220801,RIOJA,19R2A,DIVPOL MOYOBAMBA,19,SAN MARTIN,19R2,SAN MARTIN,-6.06376252,-77.167907621
887,A,0534,2500,CPNP HUARAL,A,220433,UTM / 18 SUR / WGS84,PROVINCIA,APROBADO CON RESOLUCION DE COMANDANCIA GENERAL DE LA POLICIA NACIONAL N° 149-2020-CG  PNP/ SCG DEL 30MAY2020,15,LIMA,1506,HUARAL,150601,HUARAL,13R1C,DIVPOL HUARAL,13,LIMA,13R1,LIMA,-11.494720205,-77.206761965
888,A,0159,0975,CPNP FERRE├æAFE,A,216519,UTM / 17 SUR / WGS84,LAMBAYEQUE,APROBADO CON RESOLUCION DE COMANDANCIA GENERAL DE LA POLICIA NACIONAL N° 149-2020-CG  PNP/ SCG DEL 30MAY2020,14,LAMBAYEQUE,1402,FERRE├æAFE,140201,FERRE├æAFE,12R1A,DIVOPUS LAMBAYEQUE,12,LAMBAYEQUE,12R1,LAMBAYEQUE,-6.635207229,-79.7911479
889,A,0869,4287,CPNP GONZALES VIGIL,B,222422,UTM / 19 SUR / WGS84,TACNA,APROBADO CON RESOLUCION DE COMANDANCIA GENERAL DE LA POLICIA NACIONAL N° 149-2020-CG  PNP/ SCG DEL 30MAY2020,23,TACNA,2301,TACNA,230101,TACNA,20R2A,DIVOPUS TACNA,20,TACNA,20R2,TACNA,-17.997467561,-70.245635051
890,A,0871,4285,CPNP CENTRAL,A,222419,UTM / 19 SUR / WGS84,TACNA,MODIFICADO CON RESOLUCI├▓N DE COMANDANCIA GENERAL DE LA POLICIA NACIONAL N° 066-2021-CG PNP/ EMG DEL 13ABR2021,23,TACNA,2301,TACNA,230101,TACNA,20R2A,DIVOPUS TACNA,20,TACNA,20R2,TACNA,-18.01462946,-70.2517487
891,A,0879,4330,CPNP LA NATIVIDAD,B,222446,UTM / 19 SUR / WGS84,TACNA,APROBADO CON RESOLUCION DE COMANDANCIA GENERAL DE LA POLICIA NACIONAL N° 149-2020-CG  PNP/ SCG DEL 30MAY2020,23,TACNA,2301,TACNA,230101,TACNA,20R2A,DIVOPUS TACNA,20,TACNA,20R2,TACNA,-18.01164492,-70.2331991
892,A,0882,4325,CPNP AUGUSTO B LEGUIA,C,222443,UTM / 19 SUR / WGS84,TACNA,APROBADO CON RESOLUCION DE COMANDANCIA GENERAL DE LA POLICIA NACIONAL N° 149-2020-CG  PNP/ SCG DEL 30MAY2020,23,TACNA,2301,TACNA,230101,TACNA,20R2A,DIVOPUS TACNA,20,TACNA,20R2,TACNA,-18.034444469,-70.276661197
893,A,0864,4280,CPNP PAMPA INALAMBRICA,B,222538,UTM / 19 SUR / WGS84,MOQUEGUA,APROBADO CON RESOLUCION DE COMANDANCIA GENERAL DE LA POLICIA NACIONAL N° 149-2020-CG  PNP/ SCG DEL 30MAY2020,18,MOQUEGUA,1803,ILO,180301,ILO,20R1A,DIVOPUS MOQUEGUA,20,TACNA,20R1,MOQUEGUA,-17.65243204,-71.32480803
894,A,5037,4275,CPNP ILO,A,222529,UTM / 19 SUR / WGS84,MOQUEGUA,APROBADO CON RESOLUCION DE COMANDANCIA GENERAL DE LA POLICIA NACIONAL N° 149-2020-CG  PNP/ SCG DEL 30MAY2020,18,MOQUEGUA,1803,ILO,180301,ILO,20R1A,DIVOPUS MOQUEGUA,20,TACNA,20R1,MOQUEGUA,-17.644669809,-71.34376432
895,A,0129,0802,CPNP CESAR LLATAS CASTRO,A,216417,UTM / 17 SUR / WGS84,LAMBAYEQUE,APROBADO CON RESOLUCION DE COMANDANCIA GENERAL DE LA POLICIA NACIONAL N° 149-2020-CG  PNP/ SCG DEL 30MAY2020,14,LAMBAYEQUE,1401,CHICLAYO,140101,CHICLAYO,12R1A,DIVOPUS LAMBAYEQUE,12,LAMBAYEQUE,12R1,LAMBAYEQUE,-6.771076999,-79.835565
896,A,0130,0808,CPNP DEL NORTE,B,216426,UTM / 17 SUR / WGS84,LAMBAYEQUE,APROBADO CON RESOLUCION DE COMANDANCIA GENERAL DE LA POLICIA NACIONAL N° 149-2020-CG  PNP/ SCG DEL 30MAY2020,14,LAMBAYEQUE,1401,CHICLAYO,140101,CHICLAYO,12R1A,DIVOPUS LAMBAYEQUE,12,LAMBAYEQUE,12R1,LAMBAYEQUE,-6.76944737,-79.85570227
897,A,0133,0810,CPNP CAMPODONICO,B,216429,UTM / 17 SUR / WGS84,LAMBAYEQUE,APROBADO CON RESOLUCION DE COMANDANCIA GENERAL DE LA POLICIA NACIONAL N° 149-2020-CG  PNP/ SCG DEL 30MAY2020,14,LAMBAYEQUE,1401,CHICLAYO,140101,CHICLAYO,12R1A,DIVOPUS LAMBAYEQUE,12,LAMBAYEQUE,12R1,LAMBAYEQUE,-6.76830595,-79.83000309
898,A,0134,0814,CPNP EL PORVENIR,C,216435,UTM / 17 SUR / WGS84,LAMBAYEQUE,APROBADO CON RESOLUCION DE COMANDANCIA GENERAL DE LA POLICIA NACIONAL N° 149-2020-CG  PNP/ SCG DEL 30MAY2020,14,LAMBAYEQUE,1401,CHICLAYO,140101,CHICLAYO,12R1A,DIVOPUS LAMBAYEQUE,12,LAMBAYEQUE,12R1,LAMBAYEQUE,-6.76607733,-79.84471269
899,A,1073,5145,CPNP CUTERVO,A,223299,UTM / 17 SUR / WGS84,CAJAMARCA,APROBADO CON RESOLUCION DE COMANDANCIA GENERAL DE LA POLICIA NACIONAL N° 149-2020-CG  PNP/ SCG DEL 30MAY2020,06,CAJAMARCA,0606,CUTERVO,060601,CUTERVO,05R1B,DIVOPUS CAJAMARCA,05,CAJAMARCA,05R1,CAJAMARCA,-6.38295781,-78.81666828
900,A,5002,5164,CPNP LIBERTAD NARANJITO DE CAMSE,E,223311,UTM / 17 SUR / WGS84,CAJAMARCA,APROBADO CON RESOLUCION DE COMANDANCIA GENERAL DE LA POLICIA NACIONAL N° 149-2020-CG  PNP/ SCG DEL 30MAY2020,06,CAJAMARCA,0606,CUTERVO,060601,CUTERVO,05R1B,DIVOPUS CAJAMARCA,05,CAJAMARCA,05R1,CAJAMARCA,-6.318790001,-78.90573
901,A,5003,5163,CPNP SINCHIMACHE,E,223310,UTM / 17 SUR / WGS84,CAJAMARCA,APROBADO CON RESOLUCION DE COMANDANCIA GENERAL DE LA POLICIA NACIONAL N° 149-2020-CG  PNP/ SCG DEL 30MAY2020,06,CAJAMARCA,0606,CUTERVO,060601,CUTERVO,05R1B,DIVOPUS CAJAMARCA,05,CAJAMARCA,05R1,CAJAMARCA,-6.280394999,-78.959052999
902,A,0010,0600,CPNP PIURA,A,216037,UTM / 17 SUR / WGS84,PIURA,MODIFICACION PARCIAL DEL LIMITE. APROBADO CON RESOLUCION DE COMANDANCIA GENERAL DE LA POLICIA NACIONAL N° 348-2023-CG┬ÁPNP/EMG DEL 06SEP2023,20,PIURA,2001,PIURA,200101,PIURA,16R1B,DIVOPUS PIURA,16,PIURA,16R1,PIURA,-5.19025882,-80.63408522
903,A,0016,0645,CPNP LOS ALGARROBOS,B,216040,UTM / 17 SUR / WGS84,PIURA,APROBADO CON RESOLUCION DE COMANDANCIA GENERAL DE LA POLICIA NACIONAL N° 149-2020-CG  PNP/ SCG DEL 30MAY2020,20,PIURA,2001,PIURA,200101,PIURA,16R1B,DIVOPUS PIURA,16,PIURA,16R1,PIURA,-5.172635401,-80.64974278
904,A,0629,7552,CPNP QUILLABAMBA,B,218306,UTM / 18 SUR / WGS84,CUSCO,APROBADO CON RESOLUCION DE COMANDANCIA GENERAL DE LA POLICIA NACIONAL N° 149-2020-CG  PNP/ SCG DEL 30MAY2020,08,CUSCO,0809,LA CONVENCION,080901,SANTA ANA,07R1A,DIVOPUS LA CONVENCION,07,CUSCO,07R1,CUSCO,-12.857263395,-72.696871081
905,A,0630,7554,CPNP PAVAYOC,D,218310,UTM / 18 SUR / WGS84,CUSCO,APROBADO CON RESOLUCION DE COMANDANCIA GENERAL DE LA POLICIA NACIONAL N° 149-2020-CG  PNP/ SCG DEL 30MAY2020,08,CUSCO,0809,LA CONVENCION,080901,SANTA ANA,07R1A,DIVOPUS LA CONVENCION,07,CUSCO,07R1,CUSCO,-12.86276,-72.689147999
906,A,0631,7556,CPNP HUAYANAY,E,218311,UTM / 18 SUR / WGS84,CUSCO,APROBADO CON RESOLUCION DE COMANDANCIA GENERAL DE LA POLICIA NACIONAL N° 149-2020-CG  PNP/ SCG DEL 30MAY2020,08,CUSCO,0809,LA CONVENCION,080901,SANTA ANA,07R1A,DIVOPUS LA CONVENCION,07,CUSCO,07R1,CUSCO,-12.810095,-72.653135001
907,A,1165,5468,CPNP ANDAHUAYLAS,A,223465,UTM / 18 SUR / WGS84,APURIMAC,APROBADO CON RESOLUCION DE COMANDANCIA GENERAL DE LA POLICIA NACIONAL N° 149-2020-CG  PNP/ SCG DEL 30MAY2020,03,APURIMAC,0302,ANDAHUAYLAS,030201,ANDAHUAYLAS,02R1A,DIVOPUS ANDAHUAYLAS,02,APURIMAC,02R1,APURIMAC,-13.65659553,-73.38469236
908,A,0359,1538,CPNP IQUITOS,A,217361,UTM / 18 SUR / WGS84,LORETO,APROBADO CON RESOLUCION DE COMANDANCIA GENERAL DE LA POLICIA NACIONAL N° 149-2020-CG  PNP/ SCG DEL 30MAY2020,16,LORETO,1601,MAYNAS,160101,IQUITOS,14R1A,DIVOPUS LORETO,14,LORETO,14R1,LORETO,-3.752208564,-73.244614538
909,A,0360,1541,CPNP MORONACOCHA,A,217364,UTM / 18 SUR / WGS84,LORETO,APROBADO CON RESOLUCION DE COMANDANCIA GENERAL DE LA POLICIA NACIONAL N° 149-2020-CG  PNP/ SCG DEL 30MAY2020,16,LORETO,1601,MAYNAS,160101,IQUITOS,14R1A,DIVOPUS LORETO,14,LORETO,14R1,LORETO,-3.745306204,-73.265014039
910,A,0327,1305,CPNP TARAPOTO,A,221877,UTM / 18 SUR / WGS84,SAN MARTIN,APROBADO CON RESOLUCION DE COMANDANCIA GENERAL DE LA POLICIA NACIONAL N° 149-2020-CG  PNP/ SCG DEL 30MAY2020,22,SAN MARTIN,2209,SAN MARTIN,220901,TARAPOTO,19R2B,DIVOPUS TARAPOTO,19,SAN MARTIN,19R2,SAN MARTIN,-6.48671258,-76.35915687
911,C,0501,1845,CPNP SANTA ROSA,B,219690,UTM / 18 SUR / WGS84,LIMAMETRO,APROBADO CON RESOLUCION DE DIRECCION GENERAL DE LA POLICIA NACIONAL N° 276-2018-DIRGEN/SUB.DG-PNP 23JUL2018,15,LIMA,1501,LIMA,150139,SANTA ROSA,13R1D,DIVPOL NORTE 1,13,LIMA,13R1,LIMA,-11.796652517,-77.170899207
912,C,0422,1835,CPNP SANTA ISABEL,B,219684,UTM / 18 SUR / WGS84,LIMAMETRO,APROBADO CON RESOLUCION DE DIRECCION GENERAL DE LA POLICIA NACIONAL N° 276-2018-DIRGEN/SUB.DG-PNP 23JUL2018,15,LIMA,1501,LIMA,150106,CARABAYLLO,13R1D,DIVPOL NORTE 1,13,LIMA,13R1,LIMA,-11.901800048,-77.032334339
913,C,0423,1840,CPNP EL PROGRESO,B,219687,UTM / 18 SUR / WGS84,LIMAMETRO,APROBADO CON RESOLUCION DE DIRECCION GENERAL DE LA POLICIA NACIONAL N° 276-2018-DIRGEN/SUB.DG-PNP 23JUL2018,15,LIMA,1501,LIMA,150106,CARABAYLLO,13R1D,DIVPOL NORTE 1,13,LIMA,13R1,LIMA,-11.874618479,-77.015836131
914,C,0424,1830,CPNP CARABAYLLO,A,219681,UTM / 18 SUR / WGS84,LIMAMETRO,APROBADO CON RESOLUCION DE DIRECCION GENERAL DE LA POLICIA NACIONAL N° 276-2018-DIRGEN/SUB.DG-PNP 23JUL2018,15,LIMA,1501,LIMA,150106,CARABAYLLO,13R1D,DIVPOL NORTE 1,13,LIMA,13R1,LIMA,-11.854042154,-77.037765974
915,A,0385,1635,CPNP REQUENA,B,221712,UTM / 18 SUR / WGS84,LORETO,APROBADO CON RESOLUCION DE COMANDANCIA GENERAL DE LA POLICIA NACIONAL N° 149-2020-CG  PNP/ SCG DEL 30MAY2020,16,LORETO,1605,REQUENA,160501,REQUENA,14R1A,DIVOPUS LORETO,14,LORETO,14R1,LORETO,-5.063555,-73.85653547
916,C,0473,1910,CPNP CIUDAD Y CAMPO,B,219773,UTM / 18 SUR / WGS84,LIMAMETRO,APROBADO CON RESOLUCION DE DIRECCION GENERAL DE LA POLICIA NACIONAL N° 276-2018-DIRGEN/SUB.DG-PNP 23JUL2018,15,LIMA,1501,LIMA,150128,RIMAC,13R1F,DIVPOL NORTE 3,13,LIMA,13R1,LIMA,-12.024308909,-77.02803816
917,C,0474,1912,CPNP PIEDRA LIZA,B,219782,UTM / 18 SUR / WGS84,LIMAMETRO,APROBADO CON RESOLUCION DE DIRECCION GENERAL DE LA POLICIA NACIONAL N° 276-2018-DIRGEN/SUB.DG-PNP 23JUL2018,15,LIMA,1501,LIMA,150128,RIMAC,13R1F,DIVPOL NORTE 3,13,LIMA,13R1,LIMA,-12.039719382,-77.017738857
918,C,0475,1917,CPNP EL RIMAC,A,219770,UTM / 18 SUR / WGS84,LIMAMETRO,APROBADO CON RESOLUCION DE DIRECCION GENERAL DE LA POLICIA NACIONAL N° 276-2018-DIRGEN/SUB.DG-PNP 23JUL2018,15,LIMA,1501,LIMA,150128,RIMAC,13R1F,DIVPOL NORTE 3,13,LIMA,13R1,LIMA,-12.039638118,-77.027962491
919,C,2005,1915,CPNP EL MANZANO,B,219779,UTM / 18 SUR / WGS84,LIMAMETRO,APROBADO CON RESOLUCION DE COMANDANCIA GENERAL DE LA POLICIA NACIONAL N° 149-2020-CG  PNP/ SCG DEL 30MAY2020,15,LIMA,1501,LIMA,150128,RIMAC,13R1F,DIVPOL NORTE 3,13,LIMA,13R1,LIMA,-12.028306316,-77.030054609
920,C,7008,1911,CPNP FLOR DE AMANCAES,C,219776,UTM / 18 SUR / WGS84,LIMAMETRO,MODIFICACION PARCIAL DEL LIMITE. APROBADO CON RESOLUCION DE COMANDANCIA GENERAL DE LA POLICIA NACIONAL N° 348-2023-CG┬ÁPNP/EMG DEL 06SEP2023,15,LIMA,1501,LIMA,150128,RIMAC,13R1F,DIVPOL NORTE 3,13,LIMA,13R1,LIMA,-12.010211252,-77.033362902
921,C,0436,2055,CPNP SAN CAYETANO,B,219920,UTM / 18 SUR / WGS84,LIMAMETRO,APROBADO CON RESOLUCION DE DIRECCION GENERAL DE LA POLICIA NACIONAL N° 276-2018-DIRGEN/SUB.DG-PNP 23JUL2018,15,LIMA,1501,LIMA,150111,EL AGUSTINO,13R1J,DIVPOL CENTRO 2,13,LIMA,13R1,LIMA,-12.056728911,-77.007846298
922,C,0437,2060,CPNP SAN PEDRO,B,219923,UTM / 18 SUR / WGS84,LIMAMETRO,APROBADO CON RESOLUCION DE DIRECCION GENERAL DE LA POLICIA NACIONAL N° 276-2018-DIRGEN/SUB.DG-PNP 23JUL2018,15,LIMA,1501,LIMA,150111,EL AGUSTINO,13R1J,DIVPOL CENTRO 2,13,LIMA,13R1,LIMA,-12.059794127,-77.002881391
923,C,0438,2050,CPNP SANTOYO,B,219917,UTM / 18 SUR / WGS84,LIMAMETRO,APROBADO CON RESOLUCION DE DIRECCION GENERAL DE LA POLICIA NACIONAL N° 276-2018-DIRGEN/SUB.DG-PNP 23JUL2018,15,LIMA,1501,LIMA,150111,EL AGUSTINO,13R1J,DIVPOL CENTRO 2,13,LIMA,13R1,LIMA,-12.051128087,-77.008653059
924,C,0439,2065,CPNP VILLA HERMOSA,B,219926,UTM / 18 SUR / WGS84,LIMAMETRO,APROBADO CON RESOLUCION DE DIRECCION GENERAL DE LA POLICIA NACIONAL N° 276-2018-DIRGEN/SUB.DG-PNP 23JUL2018,15,LIMA,1501,LIMA,150111,EL AGUSTINO,13R1J,DIVPOL CENTRO 2,13,LIMA,13R1,LIMA,-12.041419915,-76.988779262
925,C,0440,2045,CPNP EL AGUSTINO,A,219914,UTM / 18 SUR / WGS84,LIMAMETRO,APROBADO CON RESOLUCION DE DIRECCION GENERAL DE LA POLICIA NACIONAL N° 276-2018-DIRGEN/SUB.DG-PNP 23JUL2018,15,LIMA,1501,LIMA,150111,EL AGUSTINO,13R1J,DIVPOL CENTRO 2,13,LIMA,13R1,LIMA,-12.049469524,-76.997607934
926,C,0494,1930,CPNP BARBONCITOS,B,219791,UTM / 18 SUR / WGS84,LIMAMETRO,APROBADO CON RESOLUCION DE DIRECCION GENERAL DE LA POLICIA NACIONAL N° 276-2018-DIRGEN/SUB.DG-PNP 23JUL2018,15,LIMA,1501,LIMA,150135,SAN MARTIN DE PORRES,13R1F,DIVPOL NORTE 3,13,LIMA,13R1,LIMA,-12.030829582,-77.070052992
927,C,0495,1925,CPNP CONDEVILLA,B,219788,UTM / 18 SUR / WGS84,LIMAMETRO,APROBADO CON RESOLUCION DE DIRECCION GENERAL DE LA POLICIA NACIONAL N° 276-2018-DIRGEN/SUB.DG-PNP 23JUL2018,15,LIMA,1501,LIMA,150135,SAN MARTIN DE PORRES,13R1F,DIVPOL NORTE 3,13,LIMA,13R1,LIMA,-12.02041918,-77.085457414
928,C,0496,1920,CPNP SAN MARTIN DE PORRES,A,219785,UTM / 18 SUR / WGS84,LIMAMETRO,APROBADO CON RESOLUCION DE DIRECCION GENERAL DE LA POLICIA NACIONAL N° 276-2018-DIRGEN/SUB.DG-PNP 23JUL2018,15,LIMA,1501,LIMA,150135,SAN MARTIN DE PORRES,13R1F,DIVPOL NORTE 3,13,LIMA,13R1,LIMA,-12.025782408,-77.055892726
929,C,0468,1815,CPNP PUENTE PIEDRA,A,219672,UTM / 18 SUR / WGS84,LIMAMETRO,MODIFICACION PARCIAL DEL LIMITE. APROBADO CON RESOLUCION DE COMANDANCIA GENERAL DE LA POLICIA NACIONAL N° 348-2023-CG┬ÁPNP/EMG DEL 06SEP2023,15,LIMA,1501,LIMA,150125,PUENTE PIEDRA,13R1D,DIVPOL NORTE 1,13,LIMA,13R1,LIMA,-11.866187902,-77.077705906
930,C,0470,1820,CPNP LA ENSENADA,B,219675,UTM / 18 SUR / WGS84,LIMAMETRO,MODIFICACION PARCIAL DEL LIMITE. APROBADO CON RESOLUCION DE COMANDANCIA GENERAL DE LA POLICIA NACIONAL N° 348-2023-CG┬ÁPNP/EMG DEL 06SEP2023,15,LIMA,1501,LIMA,150125,PUENTE PIEDRA,13R1D,DIVPOL NORTE 1,13,LIMA,13R1,LIMA,-11.935893,-77.094277
931,C,0469,1825,CPNP ZAPALLAL,B,219678,UTM / 18 SUR / WGS84,LIMAMETRO,APROBADO CON RESOLUCION DE DIRECCION GENERAL DE LA POLICIA NACIONAL N° 276-2018-DIRGEN/SUB.DG-PNP 23JUL2018,15,LIMA,1501,LIMA,150125,PUENTE PIEDRA,13R1D,DIVPOL NORTE 1,13,LIMA,13R1,LIMA,-11.827997083,-77.1175953
932,A,0097,1025,CPNP JAEN,A,223345,UTM / 17 SUR / WGS84,CAJAMARCA,APROBADO CON RESOLUCION DE COMANDANCIA GENERAL DE LA POLICIA NACIONAL N° 149-2020-CG  PNP/ SCG DEL 30MAY2020,06,CAJAMARCA,0608,JAEN,060801,JAEN,05R1A,DIVPOL JAEN,05,CAJAMARCA,05R1,CAJAMARCA,-5.71005432,-78.806613279
933,A,0098,1028,CPNP CHAMAYA,D,223351,UTM / 17 SUR / WGS84,CAJAMARCA,APROBADO CON RESOLUCION DE COMANDANCIA GENERAL DE LA POLICIA NACIONAL N° 149-2020-CG  PNP/ SCG DEL 30MAY2020,06,CAJAMARCA,0608,JAEN,060801,JAEN,05R1A,DIVPOL JAEN,05,CAJAMARCA,05R1,CAJAMARCA,-5.83859684,-78.7570235
934,A,0044,0636,CPNP CHULUCANAS,A,216080,UTM / 17 SUR / WGS84,PIURA,APROBADO CON RESOLUCION DE COMANDANCIA GENERAL DE LA POLICIA NACIONAL N° 149-2020-CG  PNP/ SCG DEL 30MAY2020,20,PIURA,2004,MORROPON,200401,CHULUCANAS,16R1B,DIVOPUS PIURA,16,PIURA,16R1,PIURA,-5.093897951,-80.16047174
935,A,0045,0639,CPNP KILOMETRO 50,D,216084,UTM / 17 SUR / WGS84,PIURA,APROBADO CON RESOLUCION DE COMANDANCIA GENERAL DE LA POLICIA NACIONAL N° 149-2020-CG  PNP/ SCG DEL 30MAY2020,20,PIURA,2004,MORROPON,200401,CHULUCANAS,16R1B,DIVOPUS PIURA,16,PIURA,16R1,PIURA,-5.16925819,-80.18602417
936,A,0046,0643,CPNP PACCHA,D,216085,UTM / 17 SUR / WGS84,PIURA,APROBADO CON RESOLUCION DE COMANDANCIA GENERAL DE LA POLICIA NACIONAL N° 149-2020-CG  PNP/ SCG DEL 30MAY2020,20,PIURA,2004,MORROPON,200401,CHULUCANAS,16R1B,DIVOPUS PIURA,16,PIURA,16R1,PIURA,-5.01624496,-80.2208425
937,A,0047,0653,CPNP YAPATERA,D,216086,UTM / 17 SUR / WGS84,PIURA,APROBADO CON RESOLUCION DE COMANDANCIA GENERAL DE LA POLICIA NACIONAL N° 149-2020-CG  PNP/ SCG DEL 30MAY2020,20,PIURA,2004,MORROPON,200401,CHULUCANAS,16R1B,DIVOPUS PIURA,16,PIURA,16R1,PIURA,-5.06271714,-80.13989801
938,A,0048,0652,CPNP TALANDRACAS,D,216089,UTM / 17 SUR / WGS84,PIURA,APROBADO CON RESOLUCION DE COMANDANCIA GENERAL DE LA POLICIA NACIONAL N° 149-2020-CG  PNP/ SCG DEL 30MAY2020,20,PIURA,2004,MORROPON,200401,CHULUCANAS,16R1B,DIVOPUS PIURA,16,PIURA,16R1,PIURA,-5.11075,-80.062964
939,A,0059,0760,CPNP PAITA,A,216215,UTM / 17 SUR / WGS84,PIURA,APROBADO CON RESOLUCION DE COMANDANCIA GENERAL DE LA POLICIA NACIONAL N° 149-2020-CG  PNP/ SCG DEL 30MAY2020,20,PIURA,2005,PAITA,200501,PAITA,16R1A,DIVOPUS SULLANA,16,PIURA,16R1,PIURA,-5.08647422,-81.11042915
940,A,0060,0762,CPNP CIUDAD DEL PESCADOR,B,216218,UTM / 17 SUR / WGS84,PIURA,APROBADO CON RESOLUCION DE COMANDANCIA GENERAL DE LA POLICIA NACIONAL N° 149-2020-CG  PNP/ SCG DEL 30MAY2020,20,PIURA,2005,PAITA,200501,PAITA,16R1A,DIVOPUS SULLANA,16,PIURA,16R1,PIURA,-5.094664,-81.100153499
941,E,0797,4170,CPNP EL CARDO,E,218914,UTM / 18 SUR / WGS84,AREQUIPA,APROBADO CON RESOLUCION DE COMANDANCIA GENERAL DE LA POLICIA NACIONAL N° 149-2020-CG  PNP/ SCG DEL 30MAY2020,04,AREQUIPA,0402,CAMANA,040202,JOSE MARIA QUIMPER,03R1A,DIVOPUS AREQUIPA,03,AREQUIPA,03R1,AREQUIPA,-16.60291453,-72.726499529
942,E,0798,4168,CPNP HUACAPUY,E,218913,UTM / 18 SUR / WGS84,AREQUIPA,APROBADO CON RESOLUCION DE COMANDANCIA GENERAL DE LA POLICIA NACIONAL N° 149-2020-CG  PNP/ SCG DEL 30MAY2020,04,AREQUIPA,0402,CAMANA,040202,JOSE MARIA QUIMPER,03R1A,DIVOPUS AREQUIPA,03,AREQUIPA,03R1,AREQUIPA,-16.60153513,-72.74995566
943,E,0138,0857,CPNP PUERTO ETEN,D,216479,UTM / 17 SUR / WGS84,LAMBAYEQUE,APROBADO CON RESOLUCION DE COMANDANCIA GENERAL DE LA POLICIA NACIONAL N° 149-2020-CG  PNP/ SCG DEL 30MAY2020,14,LAMBAYEQUE,1401,CHICLAYO,140104,ETEN PUERTO,12R1A,DIVOPUS LAMBAYEQUE,12,LAMBAYEQUE,12R1,LAMBAYEQUE,-6.927182489,-79.863594729
944,G,1170,5482,CPNP KISHUARA,D,223473,UTM / 18 SUR / WGS84,APURIMAC,APROBADO CON RESOLUCION DE COMANDANCIA GENERAL DE LA POLICIA NACIONAL N° 149-2020-CG  PNP/ SCG DEL 30MAY2020,03,APURIMAC,0302,ANDAHUAYLAS,030207,KISHUARA,02R1A,DIVOPUS ANDAHUAYLAS,02,APURIMAC,02R1,APURIMAC,-13.69157951,-73.11830639
945,F,0803,4160,CPNP MINAS OCO├æA,C,218907,UTM / 18 SUR / WGS84,AREQUIPA,APROBADO CON RESOLUCION DE COMANDANCIA GENERAL DE LA POLICIA NACIONAL N° 149-2020-CG  PNP/ SCG DEL 30MAY2020,04,AREQUIPA,0406,CONDESUYOS,040606,RIO GRANDE,03R1A,DIVOPUS AREQUIPA,03,AREQUIPA,03R1,AREQUIPA,-15.9405076,-73.1313835
946,G,0173,0972,CPNP SALAS,C,216512,UTM / 17 SUR / WGS84,LAMBAYEQUE,APROBADO CON RESOLUCION DE COMANDANCIA GENERAL DE LA POLICIA NACIONAL N° 149-2020-CG  PNP/ SCG DEL 30MAY2020,14,LAMBAYEQUE,1403,LAMBAYEQUE,140310,SALAS,12R1A,DIVOPUS LAMBAYEQUE,12,LAMBAYEQUE,12R1,LAMBAYEQUE,-6.2749732,-79.607738849
947,G,0174,0973,CPNP PENACHI,D,216518,UTM / 17 SUR / WGS84,LAMBAYEQUE,APROBADO CON RESOLUCION DE COMANDANCIA GENERAL DE LA POLICIA NACIONAL N° 149-2020-CG  PNP/ SCG DEL 30MAY2020,14,LAMBAYEQUE,1403,LAMBAYEQUE,140310,SALAS,12R1A,DIVOPUS LAMBAYEQUE,12,LAMBAYEQUE,12R1,LAMBAYEQUE,-6.16794051,-79.473429669
948,F,0847,4234,CPNP CHARCANA,E,218957,UTM / 18 SUR / WGS84,AREQUIPA,APROBADO CON RESOLUCION DE COMANDANCIA GENERAL DE LA POLICIA NACIONAL N° 149-2020-CG  PNP/ SCG DEL 30MAY2020,04,AREQUIPA,0408,LA UNION,040803,CHARCANA,03R1A,DIVOPUS AREQUIPA,03,AREQUIPA,03R1,AREQUIPA,-15.24058666,-73.07005224
949,F,0105,1062,CPNP PUCARA,B,223365,UTM / 17 SUR / WGS84,CAJAMARCA,APROBADO CON RESOLUCION DE COMANDANCIA GENERAL DE LA POLICIA NACIONAL N° 149-2020-CG  PNP/ SCG DEL 30MAY2020,06,CAJAMARCA,0608,JAEN,060808,PUCARA,05R1A,DIVPOL JAEN,05,CAJAMARCA,05R1,CAJAMARCA,-6.03980065,-79.128674409
950,F,1260,1063,CPNP HUACAPAMPA,E,223368,UTM / 17 SUR / WGS84,CAJAMARCA,APROBADO CON RESOLUCION DE COMANDANCIA GENERAL DE LA POLICIA NACIONAL N° 149-2020-CG  PNP/ SCG DEL 30MAY2020,06,CAJAMARCA,0608,JAEN,060808,PUCARA,05R1A,DIVPOL JAEN,05,CAJAMARCA,05R1,CAJAMARCA,-6.102498,-79.179037
951,G,0108,1035,CPNP SANTA ROSA DE LA YUNGA,E,223348,UTM / 17 SUR / WGS84,CAJAMARCA,APROBADO CON RESOLUCION DE COMANDANCIA GENERAL DE LA POLICIA NACIONAL N° 149-2020-CG  PNP/ SCG DEL 30MAY2020,06,CAJAMARCA,0608,JAEN,060812,SANTA ROSA,05R1A,DIVPOL JAEN,05,CAJAMARCA,05R1,CAJAMARCA,-5.43311796,-78.56937357
952,E,0148,0848,CPNP REQUE,C,216474,UTM / 17 SUR / WGS84,LAMBAYEQUE,APROBADO CON RESOLUCION DE COMANDANCIA GENERAL DE LA POLICIA NACIONAL N° 149-2020-CG  PNP/ SCG DEL 30MAY2020,14,LAMBAYEQUE,1401,CHICLAYO,140113,REQUE,12R1A,DIVOPUS LAMBAYEQUE,12,LAMBAYEQUE,12R1,LAMBAYEQUE,-6.86326013,-79.81844693
953,G,3006,5113,CPNP CORTEGANA,E,223239,UTM / 17 SUR / WGS84,CAJAMARCA,APROBADO CON RESOLUCION DE COMANDANCIA GENERAL DE LA POLICIA NACIONAL N° 149-2020-CG  PNP/ SCG DEL 30MAY2020,06,CAJAMARCA,0603,CELENDIN,060303,CORTEGANA,05R1B,DIVOPUS CAJAMARCA,05,CAJAMARCA,05R1,CAJAMARCA,-6.51301098,-78.32930925
954,G,1091,5090,CPNP CALQUIS,E,223248,UTM / 17 SUR / WGS84,CAJAMARCA,APROBADO CON RESOLUCION DE COMANDANCIA GENERAL DE LA POLICIA NACIONAL N° 149-2020-CG  PNP/ SCG DEL 30MAY2020,06,CAJAMARCA,0611,SAN MIGUEL,061103,CALQUIS,05R1B,DIVOPUS CAJAMARCA,05,CAJAMARCA,05R1,CAJAMARCA,-6.98005403,-78.84991583
955,G,1092,5082,CPNP CATILLUC,E,223244,UTM / 17 SUR / WGS84,CAJAMARCA,APROBADO CON RESOLUCION DE COMANDANCIA GENERAL DE LA POLICIA NACIONAL N° 149-2020-CG  PNP/ SCG DEL 30MAY2020,06,CAJAMARCA,0611,SAN MIGUEL,061104,CATILLUC,05R1B,DIVOPUS CAJAMARCA,05,CAJAMARCA,05R1,CAJAMARCA,-6.80180503,-78.77719654
956,G,1093,5086,CPNP EL PRADO,E,223246,UTM / 17 SUR / WGS84,CAJAMARCA,APROBADO CON RESOLUCION DE COMANDANCIA GENERAL DE LA POLICIA NACIONAL N° 149-2020-CG  PNP/ SCG DEL 30MAY2020,06,CAJAMARCA,0611,SAN MIGUEL,061105,EL PRADO,05R1B,DIVOPUS CAJAMARCA,05,CAJAMARCA,05R1,CAJAMARCA,-7.03422484,-79.01100748
957,G,1167,5487,CPNP ANDARAPA,D,223482,UTM / 18 SUR / WGS84,APURIMAC,APROBADO CON RESOLUCION DE COMANDANCIA GENERAL DE LA POLICIA NACIONAL N° 149-2020-CG  PNP/ SCG DEL 30MAY2020,03,APURIMAC,0302,ANDAHUAYLAS,030202,ANDARAPA,02R1A,DIVOPUS ANDAHUAYLAS,02,APURIMAC,02R1,APURIMAC,-13.52823785,-73.36619916
958,E,0149,0851,CPNP SANTA ROSA,D,216477,UTM / 17 SUR / WGS84,LAMBAYEQUE,APROBADO CON RESOLUCION DE COMANDANCIA GENERAL DE LA POLICIA NACIONAL N° 149-2020-CG  PNP/ SCG DEL 30MAY2020,14,LAMBAYEQUE,1401,CHICLAYO,140114,SANTA ROSA,12R1A,DIVOPUS LAMBAYEQUE,12,LAMBAYEQUE,12R1,LAMBAYEQUE,-6.879729811,-79.92338899
959,F,1168,5485,CPNP HUANCARAMA,D,223472,UTM / 18 SUR / WGS84,APURIMAC,APROBADO CON RESOLUCION DE COMANDANCIA GENERAL DE LA POLICIA NACIONAL N° 149-2020-CG  PNP/ SCG DEL 30MAY2020,03,APURIMAC,0302,ANDAHUAYLAS,030204,HUANCARAMA,02R1A,DIVOPUS ANDAHUAYLAS,02,APURIMAC,02R1,APURIMAC,-13.64551483,-73.08410603
960,G,1171,5474,CPNP PACUCHA,D,223480,UTM / 18 SUR / WGS84,APURIMAC,APROBADO CON RESOLUCION DE COMANDANCIA GENERAL DE LA POLICIA NACIONAL N° 149-2020-CG  PNP/ SCG DEL 30MAY2020,03,APURIMAC,0302,ANDAHUAYLAS,030209,PACUCHA,02R1A,DIVOPUS ANDAHUAYLAS,02,APURIMAC,02R1,APURIMAC,-13.609190061,-73.342537789
961,F,1173,5492,CPNP SAN ANTONIO DE CACHI,D,223468,UTM / 18 SUR / WGS84,APURIMAC,APROBADO CON RESOLUCION DE COMANDANCIA GENERAL DE LA POLICIA NACIONAL N° 149-2020-CG  PNP/ SCG DEL 30MAY2020,03,APURIMAC,0302,ANDAHUAYLAS,030212,SAN ANTONIO DE CACHI,02R1A,DIVOPUS ANDAHUAYLAS,02,APURIMAC,02R1,APURIMAC,-13.77271562,-73.60266085
962,G,1172,5478,CPNP PAMPACHIRI,E,223470,UTM / 18 SUR / WGS84,APURIMAC,APROBADO CON RESOLUCION DE COMANDANCIA GENERAL DE LA POLICIA NACIONAL N° 149-2020-CG  PNP/ SCG DEL 30MAY2020,03,APURIMAC,0302,ANDAHUAYLAS,030210,PAMPACHIRI,02R1A,DIVOPUS ANDAHUAYLAS,02,APURIMAC,02R1,APURIMAC,-14.18713911,-73.5440726
963,G,1094,5092,CPNP LLAPA,E,223249,UTM / 17 SUR / WGS84,CAJAMARCA,APROBADO CON RESOLUCION DE COMANDANCIA GENERAL DE LA POLICIA NACIONAL N° 149-2020-CG  PNP/ SCG DEL 30MAY2020,06,CAJAMARCA,0611,SAN MIGUEL,061107,LLAPA,05R1B,DIVOPUS CAJAMARCA,05,CAJAMARCA,05R1,CAJAMARCA,-6.98032563,-78.808889441
964,G,1062,5128,CPNP TACABAMBA,D,223293,UTM / 17 SUR / WGS84,CAJAMARCA,APROBADO CON RESOLUCION DE COMANDANCIA GENERAL DE LA POLICIA NACIONAL N° 149-2020-CG  PNP/ SCG DEL 30MAY2020,06,CAJAMARCA,0604,CHOTA,060417,TACABAMBA,05R1B,DIVOPUS CAJAMARCA,05,CAJAMARCA,05R1,CAJAMARCA,-6.39452817,-78.61376945
965,F,1187,5504,CPNP HUACCANA,D,223490,UTM / 18 SUR / WGS84,APURIMAC,APROBADO CON RESOLUCION DE COMANDANCIA GENERAL DE LA POLICIA NACIONAL N° 149-2020-CG  PNP/ SCG DEL 30MAY2020,03,NA,0306,CHINCHEROS,030604,HUACCANA,02R1A,DIVOPUS ANDAHUAYLAS,02,APURIMAC,02R1,APURIMAC,-13.38914091,-73.68960378
966,G,1188,5500,CPNP OCOBAMBA,D,223489,UTM / 18 SUR / WGS84,APURIMAC,APROBADO CON RESOLUCION DE COMANDANCIA GENERAL DE LA POLICIA NACIONAL N° 149-2020-CG  PNP/ SCG DEL 30MAY2020,03,APURIMAC,0306,CHINCHEROS,030605,OCOBAMBA,02R1A,DIVOPUS ANDAHUAYLAS,02,APURIMAC,02R1,APURIMAC,-13.48280437,-73.56007697
967,G,1189,5508,CPNP ONGOY,D,223494,UTM / 18 SUR / WGS84,APURIMAC,APROBADO CON RESOLUCION DE COMANDANCIA GENERAL DE LA POLICIA NACIONAL N° 149-2020-CG  PNP/ SCG DEL 30MAY2020,03,APURIMAC,0306,CHINCHEROS,030606,ONGOY,02R1A,DIVOPUS ANDAHUAYLAS,02,APURIMAC,02R1,APURIMAC,-13.40310796,-73.66800253
968,F,1190,5506,CPNP URANMARCA,D,223491,UTM / 18 SUR / WGS84,APURIMAC,APROBADO CON RESOLUCION DE COMANDANCIA GENERAL DE LA POLICIA NACIONAL N° 149-2020-CG  PNP/ SCG DEL 30MAY2020,03,APURIMAC,0306,CHINCHEROS,030607,URANMARCA,02R1A,DIVOPUS ANDAHUAYLAS,02,APURIMAC,02R1,APURIMAC,-13.67208309,-73.66937125
969,G,1063,5130,CPNP CHALAMARCA,E,223294,UTM / 17 SUR / WGS84,CAJAMARCA,APROBADO CON RESOLUCION DE COMANDANCIA GENERAL DE LA POLICIA NACIONAL N° 149-2020-CG  PNP/ SCG DEL 30MAY2020,06,CAJAMARCA,0604,CHOTA,060419,CHALAMARCA,05R1B,DIVOPUS CAJAMARCA,05,CAJAMARCA,05R1,CAJAMARCA,-6.50387233,-78.48009014
970,F,1065,5036,CPNP EL SALITRE,E,223280,UTM / 17 SUR / WGS84,CAJAMARCA,APROBADO CON RESOLUCION DE COMANDANCIA GENERAL DE LA POLICIA NACIONAL N° 149-2020-CG  PNP/ SCG DEL 30MAY2020,06,CAJAMARCA,0605,CONTUMAZA,060507,TANTARICA,05R1B,DIVOPUS CAJAMARCA,05,CAJAMARCA,05R1,CAJAMARCA,-7.21321554,-78.92707393
971,G,1077,5160,CPNP SAN ANDRES,E,223308,UTM / 17 SUR / WGS84,CAJAMARCA,APROBADO CON RESOLUCION DE COMANDANCIA GENERAL DE LA POLICIA NACIONAL N° 149-2020-CG  PNP/ SCG DEL 30MAY2020,06,CAJAMARCA,0606,CUTERVO,060608,SAN ANDRES DE CUTERVO,05R1B,DIVOPUS CAJAMARCA,05,CAJAMARCA,05R1,CAJAMARCA,-6.238810549,-78.71179
972,G,1078,5162,CPNP SANTA CRUZ DE CUTERVO,E,223309,UTM / 17 SUR / WGS84,CAJAMARCA,APROBADO CON RESOLUCION DE COMANDANCIA GENERAL DE LA POLICIA NACIONAL N° 149-2020-CG  PNP/ SCG DEL 30MAY2020,06,CAJAMARCA,0606,CUTERVO,060611,SANTA CRUZ,05R1B,DIVOPUS CAJAMARCA,05,CAJAMARCA,05R1,CAJAMARCA,-6.094923381,-78.85275206
973,G,1079,5152,CPNP LA CAPILLA,E,223304,UTM / 17 SUR / WGS84,CAJAMARCA,APROBADO CON RESOLUCION DE COMANDANCIA GENERAL DE LA POLICIA NACIONAL N° 149-2020-CG  PNP/ SCG DEL 30MAY2020,06,CAJAMARCA,0606,CUTERVO,060612,SANTO DOMINGO DE LA CAPILLA,05R1B,DIVOPUS CAJAMARCA,05,CAJAMARCA,05R1,CAJAMARCA,-6.244356329,-78.85508026
974,G,1081,5154,CPNP SOCOTA,E,223305,UTM / 17 SUR / WGS84,CAJAMARCA,APROBADO CON RESOLUCION DE COMANDANCIA GENERAL DE LA POLICIA NACIONAL N° 149-2020-CG  PNP/ SCG DEL 30MAY2020,06,CAJAMARCA,0606,CUTERVO,060614,SOCOTA,05R1B,DIVOPUS CAJAMARCA,05,CAJAMARCA,05R1,CAJAMARCA,-6.31690761,-78.699032431
975,F,0776,4122,CPNP POCSI,E,218860,UTM / 19 SUR / WGS84,AREQUIPA,APROBADO CON RESOLUCION DE COMANDANCIA GENERAL DE LA POLICIA NACIONAL N° 149-2020-CG  PNP/ SCG DEL 30MAY2020,04,AREQUIPA,0401,AREQUIPA,040113,POCSI,03R1A,DIVOPUS AREQUIPA,03,AREQUIPA,03R1,AREQUIPA,-16.51754326,-71.38905567
976,F,0777,4104,CPNP POLOBAYA,D,218859,UTM / 19 SUR / WGS84,AREQUIPA,APROBADO CON RESOLUCION DE COMANDANCIA GENERAL DE LA POLICIA NACIONAL N° 149-2020-CG  PNP/ SCG DEL 30MAY2020,04,AREQUIPA,0401,AREQUIPA,040114,POLOBAYA,03R1A,DIVOPUS AREQUIPA,03,AREQUIPA,03R1,AREQUIPA,-16.56546481,-71.36968958
977,G,1080,5147,CPNP SANTO TOMAS,E,223302,UTM / 17 SUR / WGS84,CAJAMARCA,APROBADO CON RESOLUCION DE COMANDANCIA GENERAL DE LA POLICIA NACIONAL N° 149-2020-CG  PNP/ SCG DEL 30MAY2020,06,CAJAMARCA,0606,CUTERVO,060613,SANTO TOMAS,05R1B,DIVOPUS CAJAMARCA,05,CAJAMARCA,05R1,CAJAMARCA,-6.151400949,-78.682558759
978,F,0625,7512,CPNP SIVIA,B,220692,UTM / 18 SUR / WGS84,AYACUCHO,APROBADO CON RESOLUCION DE COMANDANCIA GENERAL DE LA POLICIA NACIONAL N° 149-2020-CG  PNP/ SCG DEL 30MAY2020,05,AYACUCHO,0504,HUANTA,050407,SIVIA,23R1A,DIVOPUS VRAEM,23,VRAEM,23R1,VRAEM,-12.51019141,-73.859271481
979,F,0819,4186,CPNP MACHAHUAY,E,218948,UTM / 18 SUR / WGS84,AREQUIPA,APROBADO CON RESOLUCION DE COMANDANCIA GENERAL DE LA POLICIA NACIONAL N° 149-2020-CG  PNP/ SCG DEL 30MAY2020,04,AREQUIPA,0404,CASTILLA,040408,MACHAGUAY,03R1A,DIVOPUS AREQUIPA,03,AREQUIPA,03R1,AREQUIPA,-15.650791009,-72.50536875
980,G,1084,5141,CPNP HUALGAYOC,D,223319,UTM / 17 SUR / WGS84,CAJAMARCA,APROBADO CON RESOLUCION DE COMANDANCIA GENERAL DE LA POLICIA NACIONAL N° 149-2020-CG  PNP/ SCG DEL 30MAY2020,06,CAJAMARCA,0607,HUALGAYOC,060703,HUALGAYOC,05R1B,DIVOPUS CAJAMARCA,05,CAJAMARCA,05R1,CAJAMARCA,-6.76708447,-78.60890021
981,G,0102,1052,CPNP HUABAL,E,223355,UTM / 17 SUR / WGS84,CAJAMARCA,APROBADO CON RESOLUCION DE COMANDANCIA GENERAL DE LA POLICIA NACIONAL N° 149-2020-CG  PNP/ SCG DEL 30MAY2020,06,CAJAMARCA,0608,JAEN,060805,HUABAL,05R1A,DIVPOL JAEN,05,CAJAMARCA,05R1,CAJAMARCA,-5.61276992,-78.89925233
982,F,0822,4178,CPNP CORIRE,D,218944,UTM / 18 SUR / WGS84,AREQUIPA,MODIFICACION PARCIAL DEL LIMITE. APROBADO CON RESOLUCION DE COMANDANCIA GENERAL DE LA POLICIA NACIONAL N° 348-2023-CG┬ÁPNP/EMG DEL 06SEP2023,04,AREQUIPA,0404,CASTILLA,040413,URACA,03R1A,DIVOPUS AREQUIPA,03,AREQUIPA,03R1,AREQUIPA,-16.222027489,-72.47133516
983,F,0828,4050,CPNP HUAMBO,E,221826,UTM / 18 SUR / WGS84,AREQUIPA,APROBADO CON RESOLUCION DE COMANDANCIA GENERAL DE LA POLICIA NACIONAL N° 149-2020-CG  PNP/ SCG DEL 30MAY2020,04,AREQUIPA,0405,CAYLLOMA,040507,HUAMBO,03R1A,DIVOPUS AREQUIPA,03,AREQUIPA,03R1,AREQUIPA,-15.73063305,-72.107765109
984,F,0829,4026,CPNP HUANCA,E,218968,UTM / 19 SUR / WGS84,AREQUIPA,APROBADO CON RESOLUCION DE COMANDANCIA GENERAL DE LA POLICIA NACIONAL N° 149-2020-CG  PNP/ SCG DEL 30MAY2020,04,AREQUIPA,0405,CAYLLOMA,040508,HUANCA,03R1A,DIVOPUS AREQUIPA,03,AREQUIPA,03R1,AREQUIPA,-16.0342544,-71.878171051
985,E,1166,5480,CPNP HUANCABAMBA,D,223481,UTM / 18 SUR / WGS84,APURIMAC,APROBADO CON RESOLUCION DE COMANDANCIA GENERAL DE LA POLICIA NACIONAL N° 149-2020-CG  PNP/ SCG DEL 30MAY2020,03,APURIMAC,0302,ANDAHUAYLAS,030220,JOSE MARIA ARGUEDAS,02R1A,DIVOPUS ANDAHUAYLAS,02,APURIMAC,02R1,APURIMAC,-13.73001452,-73.35362315
986,B,1184,5495,CPNP CHINCHEROS,B,223483,UTM / 18 SUR / WGS84,APURIMAC,APROBADO CON RESOLUCION DE COMANDANCIA GENERAL DE LA POLICIA NACIONAL N° 149-2020-CG  PNP/ SCG DEL 30MAY2020,03,APURIMAC,0306,CHINCHEROS,030601,CHINCHEROS,02R1A,DIVOPUS ANDAHUAYLAS,02,APURIMAC,02R1,APURIMAC,-13.51717753,-73.72016752
987,E,1185,5497,CPNP URIPA,C,223486,UTM / 18 SUR / WGS84,APURIMAC,APROBADO CON RESOLUCION DE COMANDANCIA GENERAL DE LA POLICIA NACIONAL N° 149-2020-CG  PNP/ SCG DEL 30MAY2020,03,APURIMAC,0306,CHINCHEROS,030602,ANCO_HUALLO,02R1A,DIVOPUS ANDAHUAYLAS,02,APURIMAC,02R1,APURIMAC,-13.53226947,-73.67853853
988,E,0760,4034,CPNP LA JOYA,B,218882,UTM / 19 SUR / WGS84,AREQUIPA,APROBADO CON RESOLUCION DE COMANDANCIA GENERAL DE LA POLICIA NACIONAL N° 149-2020-CG  PNP/ SCG DEL 30MAY2020,04,AREQUIPA,0401,AREQUIPA,040108,LA JOYA,03R1A,DIVOPUS AREQUIPA,03,AREQUIPA,03R1,AREQUIPA,-16.42455391,-71.81816914
989,E,0761,4042,CPNP EL TRIUNFO,C,218885,UTM / 19 SUR / WGS84,AREQUIPA,APROBADO CON RESOLUCION DE COMANDANCIA GENERAL DE LA POLICIA NACIONAL N° 149-2020-CG  PNP/ SCG DEL 30MAY2020,04,AREQUIPA,0401,AREQUIPA,040108,LA JOYA,03R1A,DIVOPUS AREQUIPA,03,AREQUIPA,03R1,AREQUIPA,-16.496320239,-71.83761657
990,E,0762,4038,CPNP SAN JOSE,D,218889,UTM / 19 SUR / WGS84,AREQUIPA,APROBADO CON RESOLUCION DE COMANDANCIA GENERAL DE LA POLICIA NACIONAL N° 149-2020-CG  PNP/ SCG DEL 30MAY2020,04,AREQUIPA,0401,AREQUIPA,040108,LA JOYA,03R1A,DIVOPUS AREQUIPA,03,AREQUIPA,03R1,AREQUIPA,-16.580904,-71.84012642
991,E,0764,4040,CPNP SAN CAMILO,D,218888,UTM / 19 SUR / WGS84,AREQUIPA,APROBADO CON RESOLUCION DE COMANDANCIA GENERAL DE LA POLICIA NACIONAL N° 149-2020-CG  PNP/ SCG DEL 30MAY2020,04,AREQUIPA,0401,AREQUIPA,040108,LA JOYA,03R1A,DIVOPUS AREQUIPA,03,AREQUIPA,03R1,AREQUIPA,-16.68555877,-71.88608575
992,E,0782,4062,CPNP SANTA RITA DE SIGUAS,D,218892,UTM / 18 SUR / WGS84,AREQUIPA,APROBADO CON RESOLUCION DE COMANDANCIA GENERAL DE LA POLICIA NACIONAL N° 149-2020-CG  PNP/ SCG DEL 30MAY2020,04,AREQUIPA,0401,AREQUIPA,040121,SANTA RITA DE SIGUAS,03R1A,DIVOPUS AREQUIPA,03,AREQUIPA,03R1,AREQUIPA,-16.49334529,-72.094730219
993,E,0786,4016,CPNP UCHUMAYO,D,218784,UTM / 19 SUR / WGS84,AREQUIPA,MODIFICACION PARCIAL DEL LIMITE. APROBADO CON RESOLUCION DE COMANDANCIA GENERAL DE LA POLICIA NACIONAL N° 348-2023-CG┬ÁPNP/EMG DEL 06SEP2023,04,AREQUIPA,0401,AREQUIPA,040124,UCHUMAYO,03R1A,DIVOPUS AREQUIPA,03,AREQUIPA,03R1,AREQUIPA,-16.425895491,-71.67322575
994,E,0787,4018,CPNP CONGATA,C,218785,UTM / 19 SUR / WGS84,AREQUIPA,APROBADO CON RESOLUCION DE COMANDANCIA GENERAL DE LA POLICIA NACIONAL N° 149-2020-CG  PNP/ SCG DEL 30MAY2020,04,AREQUIPA,0401,AREQUIPA,040124,UCHUMAYO,03R1A,DIVOPUS AREQUIPA,03,AREQUIPA,03R1,AREQUIPA,-16.44615808,-71.61920635
995,E,0791,4106,CPNP YARABAMBA,D,218862,UTM / 19 SUR / WGS84,AREQUIPA,MODIFICACION PARCIAL DEL LIMITE. APROBADO CON RESOLUCION DE COMANDANCIA GENERAL DE LA POLICIA NACIONAL N° 348-2023-CG┬ÁPNP/EMG DEL 06SEP2023,04,AREQUIPA,0401,AREQUIPA,040127,YARABAMBA,03R1A,DIVOPUS AREQUIPA,03,AREQUIPA,03R1,AREQUIPA,-16.54677145,-71.47511549
996,E,0799,4164,CPNP PUCCHUN,E,218911,UTM / 18 SUR / WGS84,AREQUIPA,APROBADO CON RESOLUCION DE COMANDANCIA GENERAL DE LA POLICIA NACIONAL N° 149-2020-CG  PNP/ SCG DEL 30MAY2020,04,AREQUIPA,0402,CAMANA,040204,MARISCAL CACERES,03R1A,DIVOPUS AREQUIPA,03,AREQUIPA,03R1,AREQUIPA,-16.598154581,-72.77455035
997,E,0800,4166,CPNP SAN JOSE,E,218912,UTM / 18 SUR / WGS84,AREQUIPA,APROBADO CON RESOLUCION DE COMANDANCIA GENERAL DE LA POLICIA NACIONAL N° 149-2020-CG  PNP/ SCG DEL 30MAY2020,04,AREQUIPA,0402,CAMANA,040204,MARISCAL CACERES,03R1A,DIVOPUS AREQUIPA,03,AREQUIPA,03R1,AREQUIPA,-16.61943164,-72.73589648
998,E,0801,4162,CPNP SAN GREGORIO,D,218910,UTM / 18 SUR / WGS84,AREQUIPA,APROBADO CON RESOLUCION DE COMANDANCIA GENERAL DE LA POLICIA NACIONAL N° 149-2020-CG  PNP/ SCG DEL 30MAY2020,04,AREQUIPA,0402,CAMANA,040205,NICOLAS DE PIEROLA,03R1A,DIVOPUS AREQUIPA,03,AREQUIPA,03R1,AREQUIPA,-16.57310092,-72.71635982
999,E,0805,4155,CPNP LA PAMPA,B,218903,UTM / 18 SUR / WGS84,AREQUIPA,APROBADO CON RESOLUCION DE COMANDANCIA GENERAL DE LA POLICIA NACIONAL N° 149-2020-CG  PNP/ SCG DEL 30MAY2020,04,AREQUIPA,0402,CAMANA,040208,SAMUEL PASTOR,03R1A,DIVOPUS AREQUIPA,03,AREQUIPA,03R1,AREQUIPA,-16.61348758,-72.69862999
1000,B,0806,4198,CPNP CARAVELI,E,218916,UTM / 18 SUR / WGS84,AREQUIPA,APROBADO CON RESOLUCION DE COMANDANCIA GENERAL DE LA POLICIA NACIONAL N° 149-2020-CG  PNP/ SCG DEL 30MAY2020,04,AREQUIPA,0403,CARAVELI,040301,CARAVELI,03R1A,DIVOPUS AREQUIPA,03,AREQUIPA,03R1,AREQUIPA,-15.7740414,-73.36795875
1001,E,0807,4202,CPNP ACARI,C,218925,UTM / 18 SUR / WGS84,AREQUIPA,APROBADO CON RESOLUCION DE COMANDANCIA GENERAL DE LA POLICIA NACIONAL N° 149-2020-CG  PNP/ SCG DEL 30MAY2020,04,AREQUIPA,0403,CARAVELI,040302,ACARI,03R1A,DIVOPUS AREQUIPA,03,AREQUIPA,03R1,AREQUIPA,-15.43613476,-74.61726369
1002,E,0809,4208,CPNP BELLA UNION,D,218931,UTM / 18 SUR / WGS84,AREQUIPA,APROBADO CON RESOLUCION DE COMANDANCIA GENERAL DE LA POLICIA NACIONAL N° 149-2020-CG  PNP/ SCG DEL 30MAY2020,04,AREQUIPA,0403,CARAVELI,040305,BELLA UNION,03R1A,DIVOPUS AREQUIPA,03,AREQUIPA,03R1,AREQUIPA,-15.45042336,-74.65600391
1003,E,0810,4200,CPNP CHALA,B,218922,UTM / 18 SUR / WGS84,AREQUIPA,APROBADO CON RESOLUCION DE COMANDANCIA GENERAL DE LA POLICIA NACIONAL N° 149-2020-CG  PNP/ SCG DEL 30MAY2020,04,AREQUIPA,0403,CARAVELI,040307,CHALA,03R1A,DIVOPUS AREQUIPA,03,AREQUIPA,03R1,AREQUIPA,-15.86630459,-74.24699164
1004,E,0840,4130,CPNP LA CURVA,D,218873,UTM / 19 SUR / WGS84,AREQUIPA,APROBADO CON RESOLUCION DE COMANDANCIA GENERAL DE LA POLICIA NACIONAL N° 149-2020-CG  PNP/ SCG DEL 30MAY2020,04,AREQUIPA,0407,ISLAY,040703,DEAN VALDIVIA,03R1A,DIVOPUS AREQUIPA,03,AREQUIPA,03R1,AREQUIPA,-17.143999731,-71.8213852
1005,E,0841,4138,CPNP EL ARENAL,D,218875,UTM / 19 SUR / WGS84,AREQUIPA,APROBADO CON RESOLUCION DE COMANDANCIA GENERAL DE LA POLICIA NACIONAL N° 149-2020-CG  PNP/ SCG DEL 30MAY2020,04,AREQUIPA,0407,ISLAY,040703,DEAN VALDIVIA,03R1A,DIVOPUS AREQUIPA,03,AREQUIPA,03R1,AREQUIPA,-17.12104332,-71.795991939
1006,E,0812,4206,CPNP JAQUI,C,218928,UTM / 18 SUR / WGS84,AREQUIPA,APROBADO CON RESOLUCION DE COMANDANCIA GENERAL DE LA POLICIA NACIONAL N° 149-2020-CG  PNP/ SCG DEL 30MAY2020,04,AREQUIPA,0403,CARAVELI,040310,JAQUI,03R1A,DIVOPUS AREQUIPA,03,AREQUIPA,03R1,AREQUIPA,-15.4785065,-74.44317687
1007,E,0843,4132,CPNP MEJIA,D,224401,UTM / 19 SUR / WGS84,AREQUIPA,APROBADO CON RESOLUCION DE COMANDANCIA GENERAL DE LA POLICIA NACIONAL N° 149-2020-CG  PNP/ SCG DEL 30MAY2020,04,AREQUIPA,0407,ISLAY,040705,MEJIA,03R1A,DIVOPUS AREQUIPA,03,AREQUIPA,03R1,AREQUIPA,-17.1017687,-71.906253489
1008,E,0813,4210,CPNP LOMAS,D,218932,UTM / 18 SUR / WGS84,AREQUIPA,APROBADO CON RESOLUCION DE COMANDANCIA GENERAL DE LA POLICIA NACIONAL N° 149-2020-CG  PNP/ SCG DEL 30MAY2020,04,AREQUIPA,0403,CARAVELI,040311,LOMAS,03R1A,DIVOPUS AREQUIPA,03,AREQUIPA,03R1,AREQUIPA,-15.569628999,-74.85095783
1009,E,0814,4212,CPNP YAUCA,C,218933,UTM / 18 SUR / WGS84,AREQUIPA,APROBADO CON RESOLUCION DE COMANDANCIA GENERAL DE LA POLICIA NACIONAL N° 149-2020-CG  PNP/ SCG DEL 30MAY2020,04,AREQUIPA,0403,CARAVELI,040313,YAUCA,03R1A,DIVOPUS AREQUIPA,03,AREQUIPA,03R1,AREQUIPA,-15.66238963,-74.52762903
1010,E,0817,4184,CPNP ANDAGUA,E,218947,UTM / 18 SUR / WGS84,AREQUIPA,APROBADO CON RESOLUCION DE COMANDANCIA GENERAL DE LA POLICIA NACIONAL N° 149-2020-CG  PNP/ SCG DEL 30MAY2020,04,AREQUIPA,0404,CASTILLA,040402,ANDAGUA,03R1A,DIVOPUS AREQUIPA,03,AREQUIPA,03R1,AREQUIPA,-15.49860811,-72.3564859
1011,E,0821,4180,CPNP PAMPACOLCA,D,218945,UTM / 18 SUR / WGS84,AREQUIPA,APROBADO CON RESOLUCION DE COMANDANCIA GENERAL DE LA POLICIA NACIONAL N° 149-2020-CG  PNP/ SCG DEL 30MAY2020,04,AREQUIPA,0404,CASTILLA,040410,PAMPACOLCA,03R1A,DIVOPUS AREQUIPA,03,AREQUIPA,03R1,AREQUIPA,-15.71472887,-72.573131721
1012,E,0823,4176,CPNP VIRACO,D,218943,UTM / 18 SUR / WGS84,AREQUIPA,APROBADO CON RESOLUCION DE COMANDANCIA GENERAL DE LA POLICIA NACIONAL N° 149-2020-CG  PNP/ SCG DEL 30MAY2020,04,AREQUIPA,0404,CASTILLA,040414,VIRACO,03R1A,DIVOPUS AREQUIPA,03,AREQUIPA,03R1,AREQUIPA,-15.65846823,-72.5247746
1013,B,0824,4020,CPNP CHIVAY CAYLLOMA,B,218958,UTM / 19 SUR / WGS84,AREQUIPA,APROBADO CON RESOLUCION DE COMANDANCIA GENERAL DE LA POLICIA NACIONAL N° 149-2020-CG  PNP/ SCG DEL 30MAY2020,04,AREQUIPA,0405,CAYLLOMA,040501,CHIVAY,03R1A,DIVOPUS AREQUIPA,03,AREQUIPA,03R1,AREQUIPA,-15.63693945,-71.60172461
1014,E,0825,4048,CPNP CABANACONDE,D,218964,UTM / 19 SUR / WGS84,AREQUIPA,APROBADO CON RESOLUCION DE COMANDANCIA GENERAL DE LA POLICIA NACIONAL N° 149-2020-CG  PNP/ SCG DEL 30MAY2020,04,AREQUIPA,0405,CAYLLOMA,040503,CABANACONDE,03R1A,DIVOPUS AREQUIPA,03,AREQUIPA,03R1,AREQUIPA,-15.62264488,-71.98046065
1015,E,0830,4054,CPNP MINAS MADRIGAL,D,218967,UTM / 19 SUR / WGS84,AREQUIPA,APROBADO CON RESOLUCION DE COMANDANCIA GENERAL DE LA POLICIA NACIONAL N° 149-2020-CG  PNP/ SCG DEL 30MAY2020,04,AREQUIPA,0405,CAYLLOMA,040513,MADRIGAL,03R1A,DIVOPUS AREQUIPA,03,AREQUIPA,03R1,AREQUIPA,-15.608268799,-71.80721538
1016,E,0832,4052,CPNP SIBAYO,D,218966,UTM / 19 SUR / WGS84,AREQUIPA,APROBADO CON RESOLUCION DE COMANDANCIA GENERAL DE LA POLICIA NACIONAL N° 149-2020-CG  PNP/ SCG DEL 30MAY2020,04,AREQUIPA,0405,CAYLLOMA,040515,SIBAYO,03R1A,DIVOPUS AREQUIPA,03,AREQUIPA,03R1,AREQUIPA,-15.49297009,-71.464663641
1017,E,0844,4136,CPNP PUNTA DE BOMBON,D,218874,UTM / 19 SUR / WGS84,AREQUIPA,APROBADO CON RESOLUCION DE COMANDANCIA GENERAL DE LA POLICIA NACIONAL N° 149-2020-CG  PNP/ SCG DEL 30MAY2020,04,AREQUIPA,0407,ISLAY,040706,PUNTA DE BOMBON,03R1A,DIVOPUS AREQUIPA,03,AREQUIPA,03R1,AREQUIPA,-17.17187128,-71.79037531
1018,B,0845,4230,CPNP COTAHUASI,C,218953,UTM / 18 SUR / WGS84,AREQUIPA,APROBADO CON RESOLUCION DE COMANDANCIA GENERAL DE LA POLICIA NACIONAL N° 149-2020-CG  PNP/ SCG DEL 30MAY2020,04,AREQUIPA,0408,LA UNION,040801,COTAHUASI,03R1A,DIVOPUS AREQUIPA,03,AREQUIPA,03R1,AREQUIPA,-15.211757519,-72.89054162
1019,E,0846,4232,CPNP ALCA,E,218956,UTM / 18 SUR / WGS84,AREQUIPA,APROBADO CON RESOLUCION DE COMANDANCIA GENERAL DE LA POLICIA NACIONAL N° 149-2020-CG  PNP/ SCG DEL 30MAY2020,04,AREQUIPA,0408,LA UNION,040802,ALCA,03R1A,DIVOPUS AREQUIPA,03,AREQUIPA,03R1,AREQUIPA,-15.13479034,-72.7645544
1020,B,0626,7515,CPNP SAN MIGUEL - LA MAR,A,222667,UTM / 18 SUR / WGS84,AYACUCHO,MODIFICACION PARCIAL DEL LIMITE. APROBADO CON RESOLUCION DE COMANDANCIA GENERAL DE LA POLICIA NACIONAL N° 348-2023-CG┬ÁPNP/EMG DEL 06SEP2023,05,AYACUCHO,0505,LA MAR,050501,SAN MIGUEL,23R1B,DIVPOL HUANTA,23,VRAEM,23R1,VRAEM,-13.013625093,-73.980465372
1021,E,0627,7520,CPNP SAN FRANCISCO,B,220689,UTM / 18 SUR / WGS84,AYACUCHO,APROBADO CON RESOLUCION DE COMANDANCIA GENERAL DE LA POLICIA NACIONAL N° 149-2020-CG  PNP/ SCG DEL 30MAY2020,05,AYACUCHO,0505,LA MAR,050503,AYNA,23R1A,DIVOPUS VRAEM,23,VRAEM,23R1,VRAEM,-12.624187136,-73.78912779
1022,F,7009,7543,CPNP SANTA ROSA,D,220698,UTM / 18 SUR / WGS84,AYACUCHO,APROBADO CON RESOLUCION DE COMANDANCIA GENERAL DE LA POLICIA NACIONAL N° 149-2020-CG  PNP/ SCG DEL 30MAY2020,05,AYACUCHO,0505,LA MAR,050507,SANTA ROSA,23R1A,DIVOPUS VRAEM,23,VRAEM,23R1,VRAEM,-12.68943476,-73.73740306
1023,B,1098,5080,CPNP SAN PABLO,C,223243,UTM / 17 SUR / WGS84,CAJAMARCA,APROBADO CON RESOLUCION DE COMANDANCIA GENERAL DE LA POLICIA NACIONAL N° 149-2020-CG  PNP/ SCG DEL 30MAY2020,06,CAJAMARCA,0612,SAN PABLO,061201,SAN PABLO,05R1B,DIVOPUS CAJAMARCA,05,CAJAMARCA,05R1,CAJAMARCA,-7.11750483,-78.82433831
1024,E,1066,5034,CPNP CHILETE,D,223278,UTM / 17 SUR / WGS84,CAJAMARCA,APROBADO CON RESOLUCION DE COMANDANCIA GENERAL DE LA POLICIA NACIONAL N° 149-2020-CG  PNP/ SCG DEL 30MAY2020,06,CAJAMARCA,0605,CONTUMAZA,060502,CHILETE,05R1B,DIVOPUS CAJAMARCA,05,CAJAMARCA,05R1,CAJAMARCA,-7.22173888,-78.83893031
1025,B,1082,5140,CPNP BAMBAMARCA,B,223316,UTM / 17 SUR / WGS84,CAJAMARCA,APROBADO CON RESOLUCION DE COMANDANCIA GENERAL DE LA POLICIA NACIONAL N° 149-2020-CG  PNP/ SCG DEL 30MAY2020,06,CAJAMARCA,0607,HUALGAYOC,060701,BAMBAMARCA,05R1B,DIVOPUS CAJAMARCA,05,CAJAMARCA,05R1,CAJAMARCA,-6.67814736,-78.51771221
1026,B,1083,5142,CPNP LLAUCAN,E,223320,UTM / 17 SUR / WGS84,CAJAMARCA,APROBADO CON RESOLUCION DE COMANDANCIA GENERAL DE LA POLICIA NACIONAL N° 149-2020-CG  PNP/ SCG DEL 30MAY2020,06,CAJAMARCA,0607,HUALGAYOC,060701,BAMBAMARCA,05R1B,DIVOPUS CAJAMARCA,05,CAJAMARCA,05R1,CAJAMARCA,-6.746303,-78.529497
1027,B,1090,5075,CPNP SAN MIGUEL,B,223240,UTM / 17 SUR / WGS84,CAJAMARCA,APROBADO CON RESOLUCION DE COMANDANCIA GENERAL DE LA POLICIA NACIONAL N° 149-2020-CG  PNP/ SCG DEL 30MAY2020,06,CAJAMARCA,0611,SAN MIGUEL,061101,SAN MIGUEL,05R1B,DIVOPUS CAJAMARCA,05,CAJAMARCA,05R1,CAJAMARCA,-7.00018492,-78.8512831
1028,B,0685,3630,CPNP YANAOCA,D,218280,UTM / 19 SUR / WGS84,CUSCO,APROBADO CON RESOLUCION DE COMANDANCIA GENERAL DE LA POLICIA NACIONAL N° 149-2020-CG  PNP/ SCG DEL 30MAY2020,08,CUSCO,0805,CANAS,080501,YANAOCA,07R1C,DIVOPUS SICUANI,07,CUSCO,07R1,CUSCO,-14.214755,-71.43208
1029,E,0642,7550,CPNP PICHARI,B,222637,UTM / 18 SUR / WGS84,CUSCO,APROBADO CON RESOLUCION DE COMANDANCIA GENERAL DE LA POLICIA NACIONAL N° 149-2020-CG  PNP/ SCG DEL 30MAY2020,08,CUSCO,0809,LA CONVENCION,080910,PICHARI,23R1A,DIVOPUS VRAEM,23,VRAEM,23R1,VRAEM,-12.523218376,-73.828734546
1030,E,8106,7553,CPNP NATIVIDAD,C,220686,UTM / 18 SUR / WGS84,CUSCO,APROBADO CON RESOLUCION DE COMANDANCIA GENERAL DE LA POLICIA NACIONAL N° 149-2020-CG  PNP/ SCG DEL 30MAY2020,08,CUSCO,0809,LA CONVENCION,080910,PICHARI,23R1A,DIVOPUS VRAEM,23,VRAEM,23R1,VRAEM,-12.257573,-73.957078001
1031,B,0577,3277,CPNP CHURCAMPA,B,222670,UTM / 18 SUR / WGS84,HUANCAVELICA,APROBADO CON RESOLUCION DE COMANDANCIA GENERAL DE LA POLICIA NACIONAL N° 149-2020-CG  PNP/ SCG DEL 30MAY2020,09,HUANCAVELICA,0905,CHURCAMPA,090501,CHURCAMPA,23R1B,DIVPOL HUANTA,23,VRAEM,23R1,VRAEM,-12.73973786,-74.38633546
1032,B,0643,7530,CPNP PAMPAS TAYACAJA,A,222640,UTM / 18 SUR / WGS84,HUANCAVELICA,APROBADO CON RESOLUCION DE COMANDANCIA GENERAL DE LA POLICIA NACIONAL N° 149-2020-CG  PNP/ SCG DEL 30MAY2020,09,HUANCAVELICA,0907,TAYACAJA,090701,PAMPAS,23R1A,DIVOPUS VRAEM,23,VRAEM,23R1,VRAEM,-12.39786165,-74.86902653
1033,E,0019,0635,CPNP CUCUNGARA,D,216079,UTM / 17 SUR / WGS84,PIURA,APROBADO CON RESOLUCION DE COMANDANCIA GENERAL DE LA POLICIA NACIONAL N° 149-2020-CG  PNP/ SCG DEL 30MAY2020,20,PIURA,2001,PIURA,200107,CURA MORI,16R1B,DIVOPUS PIURA,16,PIURA,16R1,PIURA,-5.32463504,-80.664887141
1034,B,0115,1275,CPNP BOLIVAR,E,225922,UTM / 18 SUR / WGS84,LA LIBERTAD,APROBADO CON RESOLUCION DE COMANDANCIA GENERAL DE LA POLICIA NACIONAL N° 149-2020-CG  PNP/ SCG DEL 30MAY2020,13,LA LIBERTAD,1303,BOLIVAR,130301,BOLIVAR,11R1C,DIVPOL HUAMACHUCO,11,LA LIBERTAD,11R1,LA LIBERTAD,-7.153779531,-77.70321981
1035,E,0137,0854,CPNP CIUDAD ETEN,D,216478,UTM / 17 SUR / WGS84,LAMBAYEQUE,APROBADO CON RESOLUCION DE COMANDANCIA GENERAL DE LA POLICIA NACIONAL N° 149-2020-CG  PNP/ SCG DEL 30MAY2020,14,LAMBAYEQUE,1401,CHICLAYO,140103,ETEN,12R1A,DIVOPUS LAMBAYEQUE,12,LAMBAYEQUE,12R1,LAMBAYEQUE,-6.90722048,-79.86165937
1036,E,0142,0863,CPNP MOCUPE,C,216483,UTM / 17 SUR / WGS84,LAMBAYEQUE,APROBADO CON RESOLUCION DE COMANDANCIA GENERAL DE LA POLICIA NACIONAL N° 149-2020-CG  PNP/ SCG DEL 30MAY2020,14,LAMBAYEQUE,1401,CHICLAYO,140107,LAGUNAS,12R1A,DIVOPUS LAMBAYEQUE,12,LAMBAYEQUE,12R1,LAMBAYEQUE,-6.99077362,-79.622004081
1037,B,0232,1281,CPNP TAYABAMBA PATAZ,C,225914,UTM / 18 SUR / WGS84,LA LIBERTAD,APROBADO CON RESOLUCION DE COMANDANCIA GENERAL DE LA POLICIA NACIONAL N° 149-2020-CG  PNP/ SCG DEL 30MAY2020,13,LA LIBERTAD,1308,PATAZ,130801,TAYABAMBA,11R1C,DIVPOL HUAMACHUCO,11,LA LIBERTAD,11R1,LA LIBERTAD,-8.296243,-77.305127
1038,E,0135,0910,CPNP PAMPA GRANDE,D,216501,UTM / 17 SUR / WGS84,LAMBAYEQUE,APROBADO CON RESOLUCION DE COMANDANCIA GENERAL DE LA POLICIA NACIONAL N° 149-2020-CG  PNP/ SCG DEL 30MAY2020,14,LAMBAYEQUE,1401,CHICLAYO,140102,CHONGOYAPE,12R1A,DIVOPUS LAMBAYEQUE,12,LAMBAYEQUE,12R1,LAMBAYEQUE,-6.74604247,-79.47916165
1039,E,0136,0922,CPNP CHONGOYAPE,C,221622,UTM / 17 SUR / WGS84,LAMBAYEQUE,APROBADO CON RESOLUCION DE COMANDANCIA GENERAL DE LA POLICIA NACIONAL N° 149-2020-CG  PNP/ SCG DEL 30MAY2020,14,LAMBAYEQUE,1401,CHICLAYO,140102,CHONGOYAPE,12R1A,DIVOPUS LAMBAYEQUE,12,LAMBAYEQUE,12R1,LAMBAYEQUE,-6.63659594,-79.39419429
1040,E,0144,0878,CPNP NUEVA ARICA,D,216488,UTM / 17 SUR / WGS84,LAMBAYEQUE,APROBADO CON RESOLUCION DE COMANDANCIA GENERAL DE LA POLICIA NACIONAL N° 149-2020-CG  PNP/ SCG DEL 30MAY2020,14,LAMBAYEQUE,1401,CHICLAYO,140109,NUEVA ARICA,12R1A,DIVOPUS LAMBAYEQUE,12,LAMBAYEQUE,12R1,LAMBAYEQUE,-6.87425603,-79.34384129
1041,E,0514,2370,CPNP PATIVILCA,B,225842,UTM / 18 SUR / WGS84,PROVINCIA,APROBADO CON RESOLUCION DE COMANDANCIA GENERAL DE LA POLICIA NACIONAL N° 149-2020-CG  PNP/ SCG DEL 30MAY2020,15,LIMA,1502,BARRANCA,150203,PATIVILCA,13R1A,DIVPOL BARRANCA,13,LIMA,13R1,LIMA,-10.695919507,-77.778220108
1042,E,0145,0869,CPNP OYOTUN,D,216487,UTM / 17 SUR / WGS84,LAMBAYEQUE,APROBADO CON RESOLUCION DE COMANDANCIA GENERAL DE LA POLICIA NACIONAL N° 149-2020-CG  PNP/ SCG DEL 30MAY2020,14,LAMBAYEQUE,1401,CHICLAYO,140110,OYOTUN,12R1A,DIVOPUS LAMBAYEQUE,12,LAMBAYEQUE,12R1,LAMBAYEQUE,-6.84643454,-79.30194352
1043,E,0146,0988,CPNP PICSI,C,216523,UTM / 17 SUR / WGS84,LAMBAYEQUE,APROBADO CON RESOLUCION DE COMANDANCIA GENERAL DE LA POLICIA NACIONAL N° 149-2020-CG  PNP/ SCG DEL 30MAY2020,14,LAMBAYEQUE,1401,CHICLAYO,140111,PICSI,12R1A,DIVOPUS LAMBAYEQUE,12,LAMBAYEQUE,12R1,LAMBAYEQUE,-6.71468998,-79.77079465
1044,E,0150,0866,CPNP ZA├æA,D,216486,UTM / 17 SUR / WGS84,LAMBAYEQUE,APROBADO CON RESOLUCION DE COMANDANCIA GENERAL DE LA POLICIA NACIONAL N° 149-2020-CG  PNP/ SCG DEL 30MAY2020,14,LAMBAYEQUE,1401,CHICLAYO,140115,SA├æA,12R1A,DIVOPUS LAMBAYEQUE,12,LAMBAYEQUE,12R1,LAMBAYEQUE,-6.92376,-79.583015
1045,E,0151,0916,CPNP SALTUR,C,216505,UTM / 17 SUR / WGS84,LAMBAYEQUE,APROBADO CON RESOLUCION DE COMANDANCIA GENERAL DE LA POLICIA NACIONAL N° 149-2020-CG  PNP/ SCG DEL 30MAY2020,14,LAMBAYEQUE,1401,CHICLAYO,140115,SA├æA,12R1A,DIVOPUS LAMBAYEQUE,12,LAMBAYEQUE,12R1,LAMBAYEQUE,-6.8117834,-79.64041278
1046,E,0152,0860,CPNP CAYALTI,B,216480,UTM / 17 SUR / WGS84,LAMBAYEQUE,APROBADO CON RESOLUCION DE COMANDANCIA GENERAL DE LA POLICIA NACIONAL N° 149-2020-CG  PNP/ SCG DEL 30MAY2020,14,LAMBAYEQUE,1401,CHICLAYO,140116,CAYALTI,12R1A,DIVOPUS LAMBAYEQUE,12,LAMBAYEQUE,12R1,LAMBAYEQUE,-6.89144842,-79.561375739
1047,E,0153,0913,CPNP PATAPO,C,216502,UTM / 17 SUR / WGS84,LAMBAYEQUE,APROBADO CON RESOLUCION DE COMANDANCIA GENERAL DE LA POLICIA NACIONAL N° 149-2020-CG  PNP/ SCG DEL 30MAY2020,14,LAMBAYEQUE,1401,CHICLAYO,140117,PATAPO,12R1A,DIVOPUS LAMBAYEQUE,12,LAMBAYEQUE,12R1,LAMBAYEQUE,-6.73773795,-79.64038217
1048,E,0154,0898,CPNP POSOPE ALTO,C,216492,UTM / 17 SUR / WGS84,LAMBAYEQUE,APROBADO CON RESOLUCION DE COMANDANCIA GENERAL DE LA POLICIA NACIONAL N° 149-2020-CG  PNP/ SCG DEL 30MAY2020,14,LAMBAYEQUE,1401,CHICLAYO,140117,PATAPO,12R1A,DIVOPUS LAMBAYEQUE,12,LAMBAYEQUE,12R1,LAMBAYEQUE,-6.73519227,-79.63468427
1049,E,0157,0907,CPNP PUCALA,C,216498,UTM / 17 SUR / WGS84,LAMBAYEQUE,APROBADO CON RESOLUCION DE COMANDANCIA GENERAL DE LA POLICIA NACIONAL N° 149-2020-CG  PNP/ SCG DEL 30MAY2020,14,LAMBAYEQUE,1401,CHICLAYO,140119,PUCALA,12R1A,DIVOPUS LAMBAYEQUE,12,LAMBAYEQUE,12R1,LAMBAYEQUE,-6.7801603,-79.6108792
1050,E,0175,0949,CPNP SAN JOSE,D,221639,UTM / 17 SUR / WGS84,LAMBAYEQUE,APROBADO CON RESOLUCION DE COMANDANCIA GENERAL DE LA POLICIA NACIONAL N° 149-2020-CG  PNP/ SCG DEL 30MAY2020,14,LAMBAYEQUE,1403,LAMBAYEQUE,140311,SAN JOSE,12R1A,DIVOPUS LAMBAYEQUE,12,LAMBAYEQUE,12R1,LAMBAYEQUE,-6.76829495,-79.96851658
1051,E,0062,0767,CPNP SAN LUCAS DE COLAN,D,216223,UTM / 17 SUR / WGS84,PIURA,APROBADO CON RESOLUCION DE COMANDANCIA GENERAL DE LA POLICIA NACIONAL N° 149-2020-CG  PNP/ SCG DEL 30MAY2020,20,PIURA,2005,PAITA,200504,COLAN,16R1A,DIVOPUS SULLANA,16,PIURA,16R1,PIURA,-5.00698584,-81.05667254
1052,E,0063,0766,CPNP PUEBLO NUEVO DE COLAN,D,216222,UTM / 17 SUR / WGS84,PIURA,APROBADO CON RESOLUCION DE COMANDANCIA GENERAL DE LA POLICIA NACIONAL N° 149-2020-CG  PNP/ SCG DEL 30MAY2020,20,PIURA,2005,PAITA,200504,COLAN,16R1A,DIVOPUS SULLANA,16,PIURA,16R1,PIURA,-4.90669855,-81.05745131
1053,E,0066,0768,CPNP VICHAYAL,D,216224,UTM / 17 SUR / WGS84,PIURA,APROBADO CON RESOLUCION DE COMANDANCIA GENERAL DE LA POLICIA NACIONAL N° 149-2020-CG  PNP/ SCG DEL 30MAY2020,20,PIURA,2005,PAITA,200507,VICHAYAL,16R1A,DIVOPUS SULLANA,16,PIURA,16R1,PIURA,-4.86449087,-81.07221414
1054,B,0517,1895,CPNP CANTA,B,219743,UTM / 18 SUR / WGS84,LIMAMETRO,APROBADO CON RESOLUCION DE COMANDANCIA GENERAL DE LA POLICIA NACIONAL N° 149-2020-CG  PNP/ SCG DEL 30MAY2020,15,LIMA,1504,CANTA,150401,CANTA,13R1D,DIVPOL NORTE 1,13,LIMA,13R1,LIMA,-11.469067624,-76.624354557
1055,E,0070,0714,CPNP SAN JACINTO,D,216214,UTM / 17 SUR / WGS84,PIURA,APROBADO CON RESOLUCION DE COMANDANCIA GENERAL DE LA POLICIA NACIONAL N° 149-2020-CG  PNP/ SCG DEL 30MAY2020,20,PIURA,2006,SULLANA,200603,IGNACIO ESCUDERO,16R1A,DIVOPUS SULLANA,16,PIURA,16R1,PIURA,-4.84749877,-80.8736486
1056,E,0074,0717,CPNP MIGUEL CHECA,D,216212,UTM / 17 SUR / WGS84,PIURA,APROBADO CON RESOLUCION DE COMANDANCIA GENERAL DE LA POLICIA NACIONAL N° 149-2020-CG  PNP/ SCG DEL 30MAY2020,20,PIURA,2006,SULLANA,200606,MIGUEL CHECA,16R1A,DIVOPUS SULLANA,16,PIURA,16R1,PIURA,-4.90166212,-80.81486546
1057,E,0079,0784,CPNP EL ALTO,D,216241,UTM / 17 SUR / WGS84,PIURA,APROBADO CON RESOLUCION DE COMANDANCIA GENERAL DE LA POLICIA NACIONAL N° 149-2020-CG  PNP/ SCG DEL 30MAY2020,20,PIURA,2007,TALARA,200702,EL ALTO,16R1A,DIVOPUS SULLANA,16,PIURA,16R1,PIURA,-4.266971999,-81.213055
1058,E,0332,1332,CPNP SAUCE,D,221899,UTM / 18 SUR / WGS84,SAN MARTIN,APROBADO CON RESOLUCION DE COMANDANCIA GENERAL DE LA POLICIA NACIONAL N° 149-2020-CG  PNP/ SCG DEL 30MAY2020,22,SAN MARTIN,2209,SAN MARTIN,220913,SAUCE,19R2B,DIVOPUS TARAPOTO,19,SAN MARTIN,19R2,SAN MARTIN,-6.69127337,-76.21455222
1059,B,0856,4261,CPNP OMATE - GENERAL SANCHEZ CERRO,B,222518,UTM / 19 SUR / WGS84,MOQUEGUA,APROBADO CON RESOLUCION DE COMANDANCIA GENERAL DE LA POLICIA NACIONAL N° 149-2020-CG  PNP/ SCG DEL 30MAY2020,18,MOQUEGUA,1802,GENERAL SANCHEZ CERRO,180201,OMATE,20R1A,DIVOPUS MOQUEGUA,20,TACNA,20R1,MOQUEGUA,-16.67277117,-70.97276077
1060,B,0375,1600,CPNP NAUTA,B,221702,UTM / 18 SUR / WGS84,LORETO,APROBADO CON RESOLUCION DE COMANDANCIA GENERAL DE LA POLICIA NACIONAL N° 149-2020-CG  PNP/ SCG DEL 30MAY2020,16,LORETO,1603,LORETO,160301,NAUTA,14R1A,DIVOPUS LORETO,14,LORETO,14R1,LORETO,-4.50676725,-73.57563444
1061,B,0376,1610,CPNP SILVA MERINO,E,221705,UTM / 18 SUR / WGS84,LORETO,APROBADO CON RESOLUCION DE COMANDANCIA GENERAL DE LA POLICIA NACIONAL N° 149-2020-CG  PNP/ SCG DEL 30MAY2020,16,LORETO,1603,LORETO,160301,NAUTA,14R1A,DIVOPUS LORETO,14,LORETO,14R1,LORETO,-4.51270471,-73.90544311
1062,E,0394,1642,CPNP GENARO HERRERA,D,221717,UTM / 18 SUR / WGS84,LORETO,APROBADO CON RESOLUCION DE COMANDANCIA GENERAL DE LA POLICIA NACIONAL N° 149-2020-CG  PNP/ SCG DEL 30MAY2020,16,LORETO,1605,REQUENA,160510,JENARO HERRERA,14R1A,DIVOPUS LORETO,14,LORETO,14R1,LORETO,-4.90277408,-73.67160168
1063,E,0853,4254,CPNP SAN CRISTOBAL - CALACOA,D,222514,UTM / 19 SUR / WGS84,MOQUEGUA,APROBADO CON RESOLUCION DE COMANDANCIA GENERAL DE LA POLICIA NACIONAL N° 149-2020-CG  PNP/ SCG DEL 30MAY2020,18,MOQUEGUA,1801,MARISCAL NIETO,180105,SAN CRISTOBAL,20R1A,DIVOPUS MOQUEGUA,20,TACNA,20R1,MOQUEGUA,-16.73911854,-70.6833888
1064,E,1200,5614,CPNP HUARIACA,C,221784,UTM / 18 SUR / WGS84,PASCO,APROBADO CON RESOLUCION DE COMANDANCIA GENERAL DE LA POLICIA NACIONAL N° 149-2020-CG  PNP/ SCG DEL 30MAY2020,19,PASCO,1901,PASCO,190103,HUARIACA,08R2A,DIVOPUS PASCO,08,HUANUCO,08R2,PASCO,-10.44494511,-76.186456661
1065,E,0859,4262,CPNP PUQUINA,D,222522,UTM / 19 SUR / WGS84,MOQUEGUA,APROBADO CON RESOLUCION DE COMANDANCIA GENERAL DE LA POLICIA NACIONAL N° 149-2020-CG  PNP/ SCG DEL 30MAY2020,18,MOQUEGUA,1802,GENERAL SANCHEZ CERRO,180208,PUQUINA,20R1A,DIVOPUS MOQUEGUA,20,TACNA,20R1,MOQUEGUA,-16.62602231,-71.18422373
1066,E,8110,5606,CPNP COCHAMARCA,C,221767,UTM / 18 SUR / WGS84,PASCO,APROBADO CON RESOLUCION DE COMANDANCIA GENERAL DE LA POLICIA NACIONAL N° 149-2020-CG  PNP/ SCG DEL 30MAY2020,19,PASCO,1901,PASCO,190112,VICCO,08R2A,DIVOPUS PASCO,08,HUANUCO,08R2,PASCO,-10.87924209,-76.29378404
1067,E,1208,5634,CPNP CHACAYAN,D,221793,UTM / 18 SUR / WGS84,PASCO,APROBADO CON RESOLUCION DE COMANDANCIA GENERAL DE LA POLICIA NACIONAL N° 149-2020-CG  PNP/ SCG DEL 30MAY2020,19,PASCO,1902,DANIEL ALCIDES CARRION,190202,CHACAYAN,08R2A,DIVOPUS PASCO,08,HUANUCO,08R2,PASCO,-10.433785061,-76.43757707
1068,E,1210,5636,CPNP PAUCAR,D,221794,UTM / 18 SUR / WGS84,PASCO,APROBADO CON RESOLUCION DE COMANDANCIA GENERAL DE LA POLICIA NACIONAL N° 149-2020-CG  PNP/ SCG DEL 30MAY2020,19,PASCO,1902,DANIEL ALCIDES CARRION,190204,PAUCAR,08R2A,DIVOPUS PASCO,08,HUANUCO,08R2,PASCO,-10.37090673,-76.44327119
1069,B,0617,8050,CPNP OXAPAMPA,A,220618,UTM / 18 SUR / WGS84,PASCO,APROBADO CON RESOLUCION DE COMANDANCIA GENERAL DE LA POLICIA NACIONAL N° 149-2020-CG  PNP/ SCG DEL 30MAY2020,19,PASCO,1903,OXAPAMPA,190301,OXAPAMPA,17R1A,DIVOPUS PUERTO INCA,17,PUERTO INCA,17R1,PUERTO INCA,-10.576318959,-75.40268127
1070,E,0622,3155,CPNP VILLA RICA,C,220621,UTM / 18 SUR / WGS84,PASCO,APROBADO CON RESOLUCION DE COMANDANCIA GENERAL DE LA POLICIA NACIONAL N° 149-2020-CG  PNP/ SCG DEL 30MAY2020,19,PASCO,1903,OXAPAMPA,190307,VILLA RICA,17R1A,DIVOPUS PUERTO INCA,17,PUERTO INCA,17R1,PUERTO INCA,-10.73774175,-75.269213801
1071,B,0036,0683,CPNP HUANCABAMBA,A,216110,UTM / 17 SUR / WGS84,PIURA,APROBADO CON RESOLUCION DE COMANDANCIA GENERAL DE LA POLICIA NACIONAL N° 149-2020-CG  PNP/ SCG DEL 30MAY2020,20,PIURA,2003,HUANCABAMBA,200301,HUANCABAMBA,16R1B,DIVOPUS PIURA,16,PIURA,16R1,PIURA,-5.23629656,-79.4530385
1072,E,0049,0662,CPNP BUENOS AIRES,D,216096,UTM / 17 SUR / WGS84,PIURA,APROBADO CON RESOLUCION DE COMANDANCIA GENERAL DE LA POLICIA NACIONAL N° 149-2020-CG  PNP/ SCG DEL 30MAY2020,20,PIURA,2004,MORROPON,200402,BUENOS AIRES,16R1B,DIVOPUS PIURA,16,PIURA,16R1,PIURA,-5.26162186,-79.96732689
1073,E,0052,0655,CPNP MORROPON,A,216091,UTM / 17 SUR / WGS84,PIURA,APROBADO CON RESOLUCION DE COMANDANCIA GENERAL DE LA POLICIA NACIONAL N° 149-2020-CG  PNP/ SCG DEL 30MAY2020,20,PIURA,2004,MORROPON,200405,MORROPON,16R1B,DIVOPUS PIURA,16,PIURA,16R1,PIURA,-5.18871096,-79.97130822
1074,E,0061,0764,CPNP AMOTAPE,D,216221,UTM / 17 SUR / WGS84,PIURA,APROBADO CON RESOLUCION DE COMANDANCIA GENERAL DE LA POLICIA NACIONAL N° 149-2020-CG  PNP/ SCG DEL 30MAY2020,20,PIURA,2005,PAITA,200502,AMOTAPE,16R1A,DIVOPUS SULLANA,16,PIURA,16R1,PIURA,-4.88055431,-81.01596983
1075,E,0064,0770,CPNP LA HUACA,D,216225,UTM / 17 SUR / WGS84,PIURA,APROBADO CON RESOLUCION DE COMANDANCIA GENERAL DE LA POLICIA NACIONAL N° 149-2020-CG  PNP/ SCG DEL 30MAY2020,20,PIURA,2005,PAITA,200505,LA HUACA,16R1A,DIVOPUS SULLANA,16,PIURA,16R1,PIURA,-4.91334217,-80.96063168
1076,E,0065,0772,CPNP TAMARINDO,D,216226,UTM / 17 SUR / WGS84,PIURA,APROBADO CON RESOLUCION DE COMANDANCIA GENERAL DE LA POLICIA NACIONAL N° 149-2020-CG  PNP/ SCG DEL 30MAY2020,20,PIURA,2005,PAITA,200506,TAMARINDO,16R1A,DIVOPUS SULLANA,16,PIURA,16R1,PIURA,-4.87978209,-80.97360444
1077,E,0071,0723,CPNP LANCONES,D,216210,UTM / 17 SUR / WGS84,PIURA,APROBADO CON RESOLUCION DE COMANDANCIA GENERAL DE LA POLICIA NACIONAL N° 149-2020-CG  PNP/ SCG DEL 30MAY2020,20,PIURA,2006,SULLANA,200607,QUERECOTILLO,16R1A,DIVOPUS SULLANA,16,PIURA,16R1,PIURA,-4.64097621,-80.54863909
1078,E,0075,0708,CPNP QUERECOTILLO,C,216207,UTM / 17 SUR / WGS84,PIURA,APROBADO CON RESOLUCION DE COMANDANCIA GENERAL DE LA POLICIA NACIONAL N° 149-2020-CG  PNP/ SCG DEL 30MAY2020,20,PIURA,2006,SULLANA,200607,QUERECOTILLO,16R1A,DIVOPUS SULLANA,16,PIURA,16R1,PIURA,-4.841651221,-80.65217506
1079,E,0076,0720,CPNP SALITRAL,D,216097,UTM / 17 SUR / WGS84,PIURA,APROBADO CON RESOLUCION DE COMANDANCIA GENERAL DE LA POLICIA NACIONAL N° 149-2020-CG  PNP/ SCG DEL 30MAY2020,20,PIURA,2006,SULLANA,200608,SALITRAL,16R1A,DIVOPUS SULLANA,16,PIURA,16R1,PIURA,-4.85707313,-80.68073774
1080,E,0080,0778,CPNP NEGRITOS,D,216234,UTM / 17 SUR / WGS84,PIURA,APROBADO CON RESOLUCION DE COMANDANCIA GENERAL DE LA POLICIA NACIONAL N° 149-2020-CG  PNP/ SCG DEL 30MAY2020,20,PIURA,2007,TALARA,200703,LA BREA,16R1A,DIVOPUS SULLANA,16,PIURA,16R1,PIURA,-4.654284081,-81.305081259
1081,E,0081,0780,CPNP LOS ORGANOS,C,216235,UTM / 17 SUR / WGS84,PIURA,APROBADO CON RESOLUCION DE COMANDANCIA GENERAL DE LA POLICIA NACIONAL N° 149-2020-CG  PNP/ SCG DEL 30MAY2020,20,PIURA,2007,TALARA,200705,LOS ORGANOS,16R1A,DIVOPUS SULLANA,16,PIURA,16R1,PIURA,-4.17943192,-81.12965638
1082,B,0952,4660,CPNP YUNGUYO,B,219273,UTM / 19 SUR / WGS84,PUNO,APROBADO CON RESOLUCION DE COMANDANCIA GENERAL DE LA POLICIA NACIONAL N° 149-2020-CG  PNP/ SCG DEL 30MAY2020,21,PUNO,2113,YUNGUYO,211301,YUNGUYO,18R1B,DIVOPUS PUNO,18,PUNO,18R1,PUNO,-16.24367617,-69.09190125
1083,B,0953,4662,CPNP QUE├æUANI,E,219277,UTM / 19 SUR / WGS84,PUNO,APROBADO CON RESOLUCION DE COMANDANCIA GENERAL DE LA POLICIA NACIONAL N° 149-2020-CG  PNP/ SCG DEL 30MAY2020,21,PUNO,2113,YUNGUYO,211301,YUNGUYO,18R1B,DIVOPUS PUNO,18,PUNO,18R1,PUNO,-16.262148,-69.157145
1084,B,0954,4666,CPNP YANAPATA,E,219278,UTM / 19 SUR / WGS84,PUNO,APROBADO CON RESOLUCION DE COMANDANCIA GENERAL DE LA POLICIA NACIONAL N° 149-2020-CG  PNP/ SCG DEL 30MAY2020,21,PUNO,2113,YUNGUYO,211301,YUNGUYO,18R1B,DIVOPUS PUNO,18,PUNO,18R1,PUNO,-16.304453,-69.057598
1085,B,0955,4664,CPNP TAPOJE,E,219276,UTM / 19 SUR / WGS84,PUNO,APROBADO CON RESOLUCION DE COMANDANCIA GENERAL DE LA POLICIA NACIONAL N° 149-2020-CG  PNP/ SCG DEL 30MAY2020,21,PUNO,2113,YUNGUYO,211301,YUNGUYO,18R1B,DIVOPUS PUNO,18,PUNO,18R1,PUNO,-16.253533,-69.05222
1086,B,0319,1389,CPNP PICOTA,B,221886,UTM / 18 SUR / WGS84,SAN MARTIN,APROBADO CON RESOLUCION DE COMANDANCIA GENERAL DE LA POLICIA NACIONAL N° 149-2020-CG  PNP/ SCG DEL 30MAY2020,22,SAN MARTIN,2207,PICOTA,220701,PICOTA,19R2B,DIVOPUS TARAPOTO,19,SAN MARTIN,19R2,SAN MARTIN,-6.91893774,-76.33229063
1087,E,0303,1350,CPNP CALZADA,E,221961,UTM / 18 SUR / WGS84,SAN MARTIN,APROBADO CON RESOLUCION DE COMANDANCIA GENERAL DE LA POLICIA NACIONAL N° 149-2020-CG  PNP/ SCG DEL 30MAY2020,22,SAN MARTIN,2201,MOYOBAMBA,220102,CALZADA,19R2A,DIVPOL MOYOBAMBA,19,SAN MARTIN,19R2,SAN MARTIN,-6.03055237,-77.06670831
1088,E,0305,1353,CPNP SORITOR,D,221960,UTM / 18 SUR / WGS84,SAN MARTIN,APROBADO CON RESOLUCION DE COMANDANCIA GENERAL DE LA POLICIA NACIONAL N° 149-2020-CG  PNP/ SCG DEL 30MAY2020,22,SAN MARTIN,2201,MOYOBAMBA,220105,SORITOR,19R2A,DIVPOL MOYOBAMBA,19,SAN MARTIN,19R2,SAN MARTIN,-6.13485303,-77.10071496
1089,E,0306,1347,CPNP YANTALO,D,221959,UTM / 18 SUR / WGS84,SAN MARTIN,APROBADO CON RESOLUCION DE COMANDANCIA GENERAL DE LA POLICIA NACIONAL N° 149-2020-CG  PNP/ SCG DEL 30MAY2020,22,SAN MARTIN,2201,MOYOBAMBA,220106,YANTALO,19R2A,DIVPOL MOYOBAMBA,19,SAN MARTIN,19R2,SAN MARTIN,-5.97423624,-77.02084252
1090,B,0307,1380,CPNP BELLAVISTA,B,224311,UTM / 18 SUR / WGS84,SAN MARTIN,APROBADO CON RESOLUCION DE COMANDANCIA GENERAL DE LA POLICIA NACIONAL N° 149-2020-CG  PNP/ SCG DEL 30MAY2020,22,SAN MARTIN,2202,BELLAVISTA,220201,BELLAVISTA,19R2B,DIVOPUS TARAPOTO,19,SAN MARTIN,19R2,SAN MARTIN,-7.066459991,-76.5846397
1091,E,0309,1395,CPNP SAN PABLO,D,224316,UTM / 18 SUR / WGS84,SAN MARTIN,APROBADO CON RESOLUCION DE COMANDANCIA GENERAL DE LA POLICIA NACIONAL N° 149-2020-CG  PNP/ SCG DEL 30MAY2020,22,SAN MARTIN,2202,BELLAVISTA,220205,SAN PABLO,19R2B,DIVOPUS TARAPOTO,19,SAN MARTIN,19R2,SAN MARTIN,-6.81261968,-76.57677851
1092,B,0310,1383,CPNP SAN JOSE DE SISA,B,221883,UTM / 18 SUR / WGS84,SAN MARTIN,APROBADO CON RESOLUCION DE COMANDANCIA GENERAL DE LA POLICIA NACIONAL N° 149-2020-CG  PNP/ SCG DEL 30MAY2020,22,SAN MARTIN,2203,EL DORADO,220301,SAN JOSE DE SISA,19R2B,DIVOPUS TARAPOTO,19,SAN MARTIN,19R2,SAN MARTIN,-6.61420942,-76.69466118
1093,B,0313,1311,CPNP LAMAS,B,221889,UTM / 18 SUR / WGS84,SAN MARTIN,APROBADO CON RESOLUCION DE COMANDANCIA GENERAL DE LA POLICIA NACIONAL N° 149-2020-CG  PNP/ SCG DEL 30MAY2020,22,SAN MARTIN,2205,LAMAS,220501,LAMAS,19R2B,DIVOPUS TARAPOTO,19,SAN MARTIN,19R2,SAN MARTIN,-6.42224305,-76.51732191
1094,B,0311,1374,CPNP SAPOSOA,B,224308,UTM / 18 SUR / WGS84,SAN MARTIN,APROBADO CON RESOLUCION DE COMANDANCIA GENERAL DE LA POLICIA NACIONAL N° 149-2020-CG  PNP/ SCG DEL 30MAY2020,22,SAN MARTIN,2204,HUALLAGA,220401,SAPOSOA,19R2B,DIVOPUS TARAPOTO,19,SAN MARTIN,19R2,SAN MARTIN,-6.93626814,-76.77148808
1095,E,0320,1392,CPNP SAN HILARION,C,224317,UTM / 18 SUR / WGS84,SAN MARTIN,APROBADO CON RESOLUCION DE COMANDANCIA GENERAL DE LA POLICIA NACIONAL N° 149-2020-CG  PNP/ SCG DEL 30MAY2020,22,SAN MARTIN,2207,PICOTA,220707,SAN HILARION,19R2B,DIVOPUS TARAPOTO,19,SAN MARTIN,19R2,SAN MARTIN,-6.99986724,-76.44499632
1096,E,3008,1366,CPNP SEGUNDA JERUSALEN,E,221974,UTM / 18 SUR / WGS84,SAN MARTIN,APROBADO CON RESOLUCION DE COMANDANCIA GENERAL DE LA POLICIA NACIONAL N° 149-2020-CG  PNP/ SCG DEL 30MAY2020,22,SAN MARTIN,2208,RIOJA,220803,ELIAS SOPLIN VARGAS,19R2A,DIVPOL MOYOBAMBA,19,SAN MARTIN,19R2,SAN MARTIN,-5.98817051,-77.277550211
1097,E,0324,1365,CPNP YURACYACU,D,221973,UTM / 18 SUR / WGS84,SAN MARTIN,APROBADO CON RESOLUCION DE COMANDANCIA GENERAL DE LA POLICIA NACIONAL N° 149-2020-CG  PNP/ SCG DEL 30MAY2020,22,SAN MARTIN,2208,RIOJA,220809,YURACYACU,19R2A,DIVPOL MOYOBAMBA,19,SAN MARTIN,19R2,SAN MARTIN,-5.92817219,-77.2272368
1098,E,0329,1327,CPNP PELEJO,D,221898,UTM / 18 SUR / WGS84,SAN MARTIN,APROBADO CON RESOLUCION DE COMANDANCIA GENERAL DE LA POLICIA NACIONAL N° 149-2020-CG  PNP/ SCG DEL 30MAY2020,22,SAN MARTIN,2209,SAN MARTIN,220906,EL PORVENIR,19R2B,DIVOPUS TARAPOTO,19,SAN MARTIN,19R2,SAN MARTIN,-6.21408914,-75.80080774
1099,E,0333,1335,CPNP SHAPAJA,D,221900,UTM / 18 SUR / WGS84,SAN MARTIN,APROBADO CON RESOLUCION DE COMANDANCIA GENERAL DE LA POLICIA NACIONAL N° 149-2020-CG  PNP/ SCG DEL 30MAY2020,22,SAN MARTIN,2209,SAN MARTIN,220914,SHAPAJA,19R2B,DIVOPUS TARAPOTO,19,SAN MARTIN,19R2,SAN MARTIN,-6.57813325,-76.266300411
1100,B,0004,7035,CPNP TOCACHE,A,221917,UTM / 18 SUR / WGS84,SAN MARTIN,APROBADO CON RESOLUCION DE COMANDANCIA GENERAL DE LA POLICIA NACIONAL N° 149-2020-CG  PNP/ SCG DEL 30MAY2020,22,SAN MARTIN,2210,TOCACHE,221001,TOCACHE,19R2B,DIVOPUS TARAPOTO,19,SAN MARTIN,19R2,SAN MARTIN,-8.1884396,-76.51227108
1101,B,0883,4350,CPNP CANDARAVE,C,222460,UTM / 19 SUR / WGS84,TACNA,MODIFICADO CON RESOLUCI├▓N DE COMANDANCIA GENERAL DE LA POLICIA NACIONAL N° 066-2021-CG PNP/ EMG DEL 13ABR2021,23,TACNA,2302,CANDARAVE,230201,CANDARAVE,20R2A,DIVOPUS TACNA,20,TACNA,20R2,TACNA,-17.271376701,-70.252480449
1102,E,0884,4354,CPNP CAIRANI,E,222463,UTM / 19 SUR / WGS84,TACNA,APROBADO CON RESOLUCION DE COMANDANCIA GENERAL DE LA POLICIA NACIONAL N° 149-2020-CG  PNP/ SCG DEL 30MAY2020,23,TACNA,2302,CANDARAVE,230202,CAIRANI,20R2A,DIVOPUS TACNA,20,TACNA,20R2,TACNA,-17.28604533,-70.36340298
1103,E,0885,4352,CPNP CURIBAYA,E,222459,UTM / 19 SUR / WGS84,TACNA,APROBADO CON RESOLUCION DE COMANDANCIA GENERAL DE LA POLICIA NACIONAL N° 149-2020-CG  PNP/ SCG DEL 30MAY2020,23,TACNA,2302,CANDARAVE,230204,CURIBAYA,20R2A,DIVOPUS TACNA,20,TACNA,20R2,TACNA,-17.37979367,-70.3340676
1104,B,0886,4362,CPNP LOCUMBA,C,222464,UTM / 19 SUR / WGS84,TACNA,APROBADO CON RESOLUCION DE COMANDANCIA GENERAL DE LA POLICIA NACIONAL N° 149-2020-CG  PNP/ SCG DEL 30MAY2020,23,TACNA,2303,JORGE BASADRE,230301,LOCUMBA,20R2A,DIVOPUS TACNA,20,TACNA,20R2,TACNA,-17.61408182,-70.76278467
1105,E,0889,4364,CPNP ILABAYA,E,222468,UTM / 19 SUR / WGS84,TACNA,APROBADO CON RESOLUCION DE COMANDANCIA GENERAL DE LA POLICIA NACIONAL N° 149-2020-CG  PNP/ SCG DEL 30MAY2020,23,TACNA,2303,JORGE BASADRE,230302,ILABAYA,20R2A,DIVOPUS TACNA,20,TACNA,20R2,TACNA,-17.41876806,-70.513179641
1106,E,0888,4360,CPNP TOQUEPALA,D,222467,UTM / 19 SUR / WGS84,TACNA,APROBADO CON RESOLUCION DE COMANDANCIA GENERAL DE LA POLICIA NACIONAL N° 149-2020-CG  PNP/ SCG DEL 30MAY2020,23,TACNA,2303,JORGE BASADRE,230302,ILABAYA,20R2A,DIVOPUS TACNA,20,TACNA,20R2,TACNA,-17.279188571,-70.6309854
1107,E,0892,4340,CPNP ESTIQUE PAMPA,E,222455,UTM / 19 SUR / WGS84,TACNA,APROBADO CON RESOLUCION DE COMANDANCIA GENERAL DE LA POLICIA NACIONAL N° 149-2020-CG  PNP/ SCG DEL 30MAY2020,23,TACNA,2304,TARATA,230404,ESTIQUE-PAMPA,20R2A,DIVOPUS TACNA,20,TACNA,20R2,TACNA,-17.54074408,-70.030338789
1108,E,0893,4346,CPNP SITAJARA,E,222458,UTM / 19 SUR / WGS84,TACNA,APROBADO CON RESOLUCION DE COMANDANCIA GENERAL DE LA POLICIA NACIONAL N° 149-2020-CG  PNP/ SCG DEL 30MAY2020,23,TACNA,2304,TARATA,230405,SITAJARA,20R2A,DIVOPUS TACNA,20,TACNA,20R2,TACNA,-17.3755293,-70.13327539
1109,E,0894,4344,CPNP SUSAPAYA,E,222457,UTM / 19 SUR / WGS84,TACNA,APROBADO CON RESOLUCION DE COMANDANCIA GENERAL DE LA POLICIA NACIONAL N° 149-2020-CG  PNP/ SCG DEL 30MAY2020,23,TACNA,2304,TARATA,230406,SUSAPAYA,20R2A,DIVOPUS TACNA,20,TACNA,20R2,TACNA,-17.35273483,-70.13247357
1110,E,0895,4342,CPNP TICACO,E,222456,UTM / 19 SUR / WGS84,TACNA,APROBADO CON RESOLUCION DE COMANDANCIA GENERAL DE LA POLICIA NACIONAL N° 149-2020-CG  PNP/ SCG DEL 30MAY2020,23,TACNA,2304,TARATA,230408,TICACO,20R2A,DIVOPUS TACNA,20,TACNA,20R2,TACNA,-17.45087778,-70.04462546
1111,G,7006,4223,CPNP YANAQUIHUA,D,218951,UTM / 18 SUR / WGS84,AREQUIPA,APROBADO CON RESOLUCION DE COMANDANCIA GENERAL DE LA POLICIA NACIONAL N° 149-2020-CG  PNP/ SCG DEL 30MAY2020,04,AREQUIPA,0406,CONDESUYOS,040608,YANAQUIHUA,03R1A,DIVOPUS AREQUIPA,03,AREQUIPA,03R1,AREQUIPA,-15.776555181,-72.87500662
1112,F,7010,7545,CPNP LLOCHEGUA,B,220701,UTM / 18 SUR / WGS84,AYACUCHO,APROBADO CON RESOLUCION DE COMANDANCIA GENERAL DE LA POLICIA NACIONAL N° 149-2020-CG  PNP/ SCG DEL 30MAY2020,05,AYACUCHO,0504,HUANTA,050408,LLOCHEGUA,23R1A,DIVOPUS VRAEM,23,VRAEM,23R1,VRAEM,-12.413263001,-73.910943
1113,F,0628,7524,CPNP TAMBO,B,220773,UTM / 18 SUR / WGS84,AYACUCHO,APROBADO CON RESOLUCION DE COMANDANCIA GENERAL DE LA POLICIA NACIONAL N° 149-2020-CG  PNP/ SCG DEL 30MAY2020,05,AYACUCHO,0505,LA MAR,050508,TAMBO,23R1B,DIVPOL HUANTA,23,VRAEM,23R1,VRAEM,-12.948662671,-74.02081019
1114,F,5040,7502,CPNP SAMUGARI PALMAPAMPA,B,220695,UTM / 18 SUR / WGS84,AYACUCHO,APROBADO CON RESOLUCION DE COMANDANCIA GENERAL DE LA POLICIA NACIONAL N° 149-2020-CG  PNP/ SCG DEL 30MAY2020,05,AYACUCHO,0505,LA MAR,050509,SAMUGARI,23R1A,DIVOPUS VRAEM,23,VRAEM,23R1,VRAEM,-12.76692205,-73.6553414
1115,G,1058,5120,CPNP HUAMBOS,E,223285,UTM / 17 SUR / WGS84,CAJAMARCA,APROBADO CON RESOLUCION DE COMANDANCIA GENERAL DE LA POLICIA NACIONAL N° 149-2020-CG  PNP/ SCG DEL 30MAY2020,06,CAJAMARCA,0604,CHOTA,060409,HUAMBOS,05R1B,DIVOPUS CAJAMARCA,05,CAJAMARCA,05R1,CAJAMARCA,-6.45249225,-78.96109312
1116,G,1059,5124,CPNP LAJAS,E,223287,UTM / 17 SUR / WGS84,CAJAMARCA,APROBADO CON RESOLUCION DE COMANDANCIA GENERAL DE LA POLICIA NACIONAL N° 149-2020-CG  PNP/ SCG DEL 30MAY2020,06,CAJAMARCA,0604,CHOTA,060410,LAJAS,05R1B,DIVOPUS CAJAMARCA,05,CAJAMARCA,05R1,CAJAMARCA,-6.56183896,-78.738801941
1117,G,1074,5156,CPNP CALLAYUC,E,223306,UTM / 17 SUR / WGS84,CAJAMARCA,APROBADO CON RESOLUCION DE COMANDANCIA GENERAL DE LA POLICIA NACIONAL N° 149-2020-CG  PNP/ SCG DEL 30MAY2020,06,CAJAMARCA,0606,CUTERVO,060602,CALLAYUC,05R1B,DIVOPUS CAJAMARCA,05,CAJAMARCA,05R1,CAJAMARCA,-6.181020529,-78.9103141
1118,G,0100,1072,CPNP CHONTALI,D,223372,UTM / 17 SUR / WGS84,CAJAMARCA,APROBADO CON RESOLUCION DE COMANDANCIA GENERAL DE LA POLICIA NACIONAL N° 149-2020-CG  PNP/ SCG DEL 30MAY2020,06,CAJAMARCA,0608,JAEN,060803,CHONTALI,05R1A,DIVPOL JAEN,05,CAJAMARCA,05R1,CAJAMARCA,-5.644545291,-79.08725021
1119,G,0101,1075,CPNP COLASAY,E,223373,UTM / 17 SUR / WGS84,CAJAMARCA,APROBADO CON RESOLUCION DE COMANDANCIA GENERAL DE LA POLICIA NACIONAL N° 149-2020-CG  PNP/ SCG DEL 30MAY2020,06,CAJAMARCA,0608,JAEN,060804,COLASAY,05R1A,DIVPOL JAEN,05,CAJAMARCA,05R1,CAJAMARCA,-5.97900417,-79.06866227
1120,G,0106,1068,CPNP SALLIQUE,E,223371,UTM / 17 SUR / WGS84,CAJAMARCA,APROBADO CON RESOLUCION DE COMANDANCIA GENERAL DE LA POLICIA NACIONAL N° 149-2020-CG  PNP/ SCG DEL 30MAY2020,06,CAJAMARCA,0608,JAEN,060809,SALLIQUE,05R1A,DIVPOL JAEN,05,CAJAMARCA,05R1,CAJAMARCA,-5.65827529,-79.31570931
1121,G,0107,1065,CPNP SAN FELIPE,E,223370,UTM / 17 SUR / WGS84,CAJAMARCA,APROBADO CON RESOLUCION DE COMANDANCIA GENERAL DE LA POLICIA NACIONAL N° 149-2020-CG  PNP/ SCG DEL 30MAY2020,06,CAJAMARCA,0608,JAEN,060810,SAN FELIPE,05R1A,DIVPOL JAEN,05,CAJAMARCA,05R1,CAJAMARCA,-5.77063168,-79.313854779
1122,G,0113,1060,CPNP NAMBALLE,D,223363,UTM / 17 SUR / WGS84,CAJAMARCA,APROBADO CON RESOLUCION DE COMANDANCIA GENERAL DE LA POLICIA NACIONAL N° 149-2020-CG  PNP/ SCG DEL 30MAY2020,06,CAJAMARCA,0609,SAN IGNACIO,060905,NAMBALLE,05R1A,DIVPOL JAEN,05,CAJAMARCA,05R1,CAJAMARCA,-5.00458129,-79.08772445
1123,G,1096,5094,CPNP TONGOD,E,223250,UTM / 17 SUR / WGS84,CAJAMARCA,APROBADO CON RESOLUCION DE COMANDANCIA GENERAL DE LA POLICIA NACIONAL N° 149-2020-CG  PNP/ SCG DEL 30MAY2020,06,CAJAMARCA,0611,SAN MIGUEL,061112,TONGOD,05R1B,DIVOPUS CAJAMARCA,05,CAJAMARCA,05R1,CAJAMARCA,-6.756295531,-78.82476434
1124,G,0636,7562,CPNP MARANURA,D,218316,UTM / 18 SUR / WGS84,CUSCO,APROBADO CON RESOLUCION DE COMANDANCIA GENERAL DE LA POLICIA NACIONAL N° 149-2020-CG  PNP/ SCG DEL 30MAY2020,08,CUSCO,0809,LA CONVENCION,080904,MARANURA,07R1A,DIVOPUS LA CONVENCION,07,CUSCO,07R1,CUSCO,-12.964168919,-72.6651794
1125,G,0641,7564,CPNP SANTA MARIA,D,221816,UTM / 18 SUR / WGS84,CUSCO,APROBADO CON RESOLUCION DE COMANDANCIA GENERAL DE LA POLICIA NACIONAL N° 149-2020-CG  PNP/ SCG DEL 30MAY2020,08,CUSCO,0809,LA CONVENCION,080904,MARANURA,07R1A,DIVOPUS LA CONVENCION,07,CUSCO,07R1,CUSCO,-13.0072369,-72.63415897
1126,G,0686,3635,CPNP EL DESCANSO,E,218286,UTM / 19 SUR / WGS84,CUSCO,APROBADO CON RESOLUCION DE COMANDANCIA GENERAL DE LA POLICIA NACIONAL N° 149-2020-CG  PNP/ SCG DEL 30MAY2020,08,CUSCO,0805,CANAS,080503,KUNTURKANKI,07R1C,DIVOPUS SICUANI,07,CUSCO,07R1,CUSCO,-14.535143291,-71.30627832
1127,G,0687,3636,CPNP LANGUI,E,218287,UTM / 19 SUR / WGS84,CUSCO,APROBADO CON RESOLUCION DE COMANDANCIA GENERAL DE LA POLICIA NACIONAL N° 149-2020-CG  PNP/ SCG DEL 30MAY2020,08,CUSCO,0805,CANAS,080504,LANGUI,07R1C,DIVOPUS SICUANI,07,CUSCO,07R1,CUSCO,-14.43261559,-71.27261343
1128,G,0688,3642,CPNP LAYO,E,218288,UTM / 19 SUR / WGS84,CUSCO,APROBADO CON RESOLUCION DE COMANDANCIA GENERAL DE LA POLICIA NACIONAL N° 149-2020-CG  PNP/ SCG DEL 30MAY2020,08,CUSCO,0805,CANAS,080505,LAYO,07R1C,DIVOPUS SICUANI,07,CUSCO,07R1,CUSCO,-14.49224746,-71.1574129
1129,F,0693,3604,CPNP COMBAPATA,D,218278,UTM / 19 SUR / WGS84,CUSCO,APROBADO CON RESOLUCION DE COMANDANCIA GENERAL DE LA POLICIA NACIONAL N° 149-2020-CG  PNP/ SCG DEL 30MAY2020,08,CUSCO,0806,CANCHIS,080603,COMBAPATA,07R1C,DIVOPUS SICUANI,07,CUSCO,07R1,CUSCO,-14.10122151,-71.42938566
1130,G,0694,3602,CPNP MARANGANI,D,218277,UTM / 19 SUR / WGS84,CUSCO,APROBADO CON RESOLUCION DE COMANDANCIA GENERAL DE LA POLICIA NACIONAL N° 149-2020-CG  PNP/ SCG DEL 30MAY2020,08,CUSCO,0806,CANCHIS,080604,MARANGANI,07R1C,DIVOPUS SICUANI,07,CUSCO,07R1,CUSCO,-14.3566013,-71.168610801
1131,F,0635,7559,CPNP HUYRO,D,218315,UTM / 18 SUR / WGS84,CUSCO,APROBADO CON RESOLUCION DE COMANDANCIA GENERAL DE LA POLICIA NACIONAL N° 149-2020-CG  PNP/ SCG DEL 30MAY2020,08,CUSCO,0809,LA CONVENCION,080903,HUAYOPATA,07R1A,DIVOPUS LA CONVENCION,07,CUSCO,07R1,CUSCO,-13.00648982,-72.553375361
1132,G,0578,3284,CPNP PAUCARBAMBA,C,222676,UTM / 18 SUR / WGS84,HUANCAVELICA,APROBADO CON RESOLUCION DE COMANDANCIA GENERAL DE LA POLICIA NACIONAL N° 149-2020-CG  PNP/ SCG DEL 30MAY2020,09,HUANCAVELICA,0905,CHURCAMPA,090507,PAUCARBAMBA,23R1B,DIVPOL HUANTA,23,VRAEM,23R1,VRAEM,-12.554777894,-74.529827634
1133,F,0580,3282,CPNP SAN PEDRO DE CORIS COBRIZA,D,222673,UTM / 18 SUR / WGS84,HUANCAVELICA,APROBADO CON RESOLUCION DE COMANDANCIA GENERAL DE LA POLICIA NACIONAL N° 149-2020-CG  PNP/ SCG DEL 30MAY2020,09,HUANCAVELICA,0905,CHURCAMPA,090509,SAN PEDRO DE CORIS,23R1B,DIVPOL HUANTA,23,VRAEM,23R1,VRAEM,-12.59489894,-74.37126774
1134,G,0000,7521,CPNP CHINCHIHUASI,D,226497,UTM / 18 SUR / WGS84,HUANCAVELICA,MODIFICADO CON RESOLUCI├▓N DE COMANDANCIA GENERAL DE LA POLICIA NACIONAL N° 066-2021-CG PNP/ EMG DEL 13ABR2021,09,HUANCAVELICA,0905,CHURCAMPA,090503,CHINCHIHUASI,23R1B,DIVPOL HUANTA,23,VRAEM,23R1,VRAEM,-12.5187441,-74.545945899
1135,G,0645,7540,CPNP COLCABAMBA,C,222655,UTM / 18 SUR / WGS84,HUANCAVELICA,APROBADO CON RESOLUCION DE COMANDANCIA GENERAL DE LA POLICIA NACIONAL N° 149-2020-CG  PNP/ SCG DEL 30MAY2020,09,HUANCAVELICA,0907,TAYACAJA,090705,COLCABAMBA,23R1A,DIVOPUS VRAEM,23,VRAEM,23R1,VRAEM,-12.41063356,-74.680774
1136,G,7011,7531,CPNP HUACHOCOLPA,C,222646,UTM / 18 SUR / WGS84,HUANCAVELICA,APROBADO CON RESOLUCION DE COMANDANCIA GENERAL DE LA POLICIA NACIONAL N° 149-2020-CG  PNP/ SCG DEL 30MAY2020,09,HUANCAVELICA,0907,TAYACAJA,090707,HUACHOCOLPA,23R1A,DIVOPUS VRAEM,23,VRAEM,23R1,VRAEM,-12.048338779,-74.59439756
1137,F,0956,4668,CPNP UNICACHI,E,219279,UTM / 19 SUR / WGS84,PUNO,APROBADO CON RESOLUCION DE COMANDANCIA GENERAL DE LA POLICIA NACIONAL N° 149-2020-CG  PNP/ SCG DEL 30MAY2020,21,PUNO,2113,YUNGUYO,211307,UNICACHI,18R1B,DIVOPUS PUNO,18,PUNO,18R1,PUNO,-16.224394929,-68.980995269
1138,G,5007,7501,CPNP SURCUBAMBA,C,222643,UTM / 18 SUR / WGS84,HUANCAVELICA,APROBADO CON RESOLUCION DE COMANDANCIA GENERAL DE LA POLICIA NACIONAL N° 149-2020-CG  PNP/ SCG DEL 30MAY2020,09,HUANCAVELICA,0907,TAYACAJA,090717,SURCUBAMBA,23R1A,DIVOPUS VRAEM,23,VRAEM,23R1,VRAEM,-12.11707404,-74.63073259
1139,G,0000,7549,CPNP TINTAY PUNCU,E,226462,UTM / 18 SUR / WGS84,HUANCAVELICA,APROBADO CON RESOLUCION DE COMANDANCIA GENERAL DE LA POLICIA NACIONAL N° 149-2020-CG  PNP/ SCG DEL 30MAY2020,09,HUANCAVELICA,0907,TAYACAJA,090718,TINTAY PUNCU,23R1A,DIVOPUS VRAEM,23,VRAEM,23R1,VRAEM,-12.151655662,-74.544757038
1140,F,5015,7005,CPNP PARAISO,D,217544,UTM / 18 SUR / WGS84,HUANUCO,APROBADO CON RESOLUCION DE COMANDANCIA GENERAL DE LA POLICIA NACIONAL N° 149-2020-CG  PNP/ SCG DEL 30MAY2020,10,HUANUCO,1007,MARA├æON,100702,CHOLON,08R1A,DIVPOL LEONCIO PRADO,08,HUANUCO,08R1,HUANUCO,-8.48667206,-76.38627114
1141,F,5016,7014,CPNP YANAJANCA,D,217543,UTM / 18 SUR / WGS84,HUANUCO,APROBADO CON RESOLUCION DE COMANDANCIA GENERAL DE LA POLICIA NACIONAL N° 149-2020-CG  PNP/ SCG DEL 30MAY2020,10,HUANUCO,1007,MARA├æON,100705,SANTA ROSA DE ALTO YANAJANCA,08R1A,DIVPOL LEONCIO PRADO,08,HUANUCO,08R1,HUANUCO,-8.65314354,-76.3140806
1142,G,8006,8064,CPNP HONORIA,D,222629,UTM / 18 SUR / WGS84,HUANUCO,APROBADO CON RESOLUCION DE COMANDANCIA GENERAL DE LA POLICIA NACIONAL N° 149-2020-CG  PNP/ SCG DEL 30MAY2020,10,HUANUCO,1009,PUERTO INCA,100903,HONORIA,17R1A,DIVOPUS PUERTO INCA,17,PUERTO INCA,17R1,PUERTO INCA,-8.76939977,-74.70929861
1143,G,8483,7865,CPNP SANTO DOMINGO DE ACOBAMBA,C,222649,UTM / 18 SUR / WGS84,JUNIN,APROBADO CON RESOLUCION DE COMANDANCIA GENERAL DE LA POLICIA NACIONAL N° 149-2020-CG  PNP/ SCG DEL 30MAY2020,12,JUNIN,1201,HUANCAYO,120135,SANTO DOMINGO DE ACOBAMBA,23R1A,DIVOPUS VRAEM,23,VRAEM,23R1,VRAEM,-11.76881948,-74.79550124
1144,G,8103,1276,CPNP BAMBAMARCA,E,225921,UTM / 18 SUR / WGS84,LA LIBERTAD,APROBADO CON RESOLUCION DE COMANDANCIA GENERAL DE LA POLICIA NACIONAL N° 149-2020-CG  PNP/ SCG DEL 30MAY2020,13,LA LIBERTAD,1303,BOLIVAR,130302,BAMBAMARCA,11R1C,DIVPOL HUAMACHUCO,11,LA LIBERTAD,11R1,LA LIBERTAD,-7.4396606,-77.69285541
1145,F,0209,1278,CPNP UCHUMARCA,E,225923,UTM / 18 SUR / WGS84,LA LIBERTAD,APROBADO CON RESOLUCION DE COMANDANCIA GENERAL DE LA POLICIA NACIONAL N° 149-2020-CG  PNP/ SCG DEL 30MAY2020,13,LA LIBERTAD,1303,BOLIVAR,130305,UCHUMARCA,11R1C,DIVPOL HUAMACHUCO,11,LA LIBERTAD,11R1,LA LIBERTAD,-7.04656457,-77.80563249
1146,G,5019,1289,CPNP CHILLIA,D,225919,UTM / 18 SUR / WGS84,LA LIBERTAD,APROBADO CON RESOLUCION DE COMANDANCIA GENERAL DE LA POLICIA NACIONAL N° 149-2020-CG  PNP/ SCG DEL 30MAY2020,13,LA LIBERTAD,1308,PATAZ,130803,CHILLIA,11R1C,DIVPOL HUAMACHUCO,11,LA LIBERTAD,11R1,LA LIBERTAD,-8.124162279,-77.5152969
1147,G,0237,1272,CPNP CURGOS,E,225908,UTM / 18 SUR / WGS84,LA LIBERTAD,APROBADO CON RESOLUCION DE COMANDANCIA GENERAL DE LA POLICIA NACIONAL N° 149-2020-CG  PNP/ SCG DEL 30MAY2020,13,LA LIBERTAD,1309,SANCHEZ CARRION,130904,CURGOS,11R1C,DIVPOL HUAMACHUCO,11,LA LIBERTAD,11R1,LA LIBERTAD,-7.86177434,-77.945020229
1148,F,0233,1284,CPNP RETAMAS,D,225917,UTM / 18 SUR / WGS84,LA LIBERTAD,APROBADO CON RESOLUCION DE COMANDANCIA GENERAL DE LA POLICIA NACIONAL N° 149-2020-CG  PNP/ SCG DEL 30MAY2020,13,LA LIBERTAD,1308,PATAZ,130808,PARCOY,11R1C,DIVPOL HUAMACHUCO,11,LA LIBERTAD,11R1,LA LIBERTAD,-8.020777351,-77.475623
1149,F,5020,1285,CPNP LLACUABAMBA,D,225920,UTM / 18 SUR / WGS84,LA LIBERTAD,APROBADO CON RESOLUCION DE COMANDANCIA GENERAL DE LA POLICIA NACIONAL N° 149-2020-CG  PNP/ SCG DEL 30MAY2020,13,LA LIBERTAD,1308,PATAZ,130808,PARCOY,11R1C,DIVPOL HUAMACHUCO,11,LA LIBERTAD,11R1,LA LIBERTAD,-8.03779963,-77.450237961
1150,G,0238,1269,CPNP SARIN,E,225907,UTM / 18 SUR / WGS84,LA LIBERTAD,APROBADO CON RESOLUCION DE COMANDANCIA GENERAL DE LA POLICIA NACIONAL N° 149-2020-CG  PNP/ SCG DEL 30MAY2020,13,LA LIBERTAD,1309,SANCHEZ CARRION,130907,SARIN,11R1C,DIVPOL HUAMACHUCO,11,LA LIBERTAD,11R1,LA LIBERTAD,-7.90950445,-77.91009816
1151,F,0241,1293,CPNP ANGASMARCA,E,225910,UTM / 17 SUR / WGS84,LA LIBERTAD,APROBADO CON RESOLUCION DE COMANDANCIA GENERAL DE LA POLICIA NACIONAL N° 149-2020-CG  PNP/ SCG DEL 30MAY2020,13,LA LIBERTAD,1310,SANTIAGO DE CHUCO,131002,ANGASMARCA,11R1C,DIVPOL HUAMACHUCO,11,LA LIBERTAD,11R1,LA LIBERTAD,-8.133584051,-78.05637313
1152,F,0242,1302,CPNP CACHICADAN,E,225913,UTM / 17 SUR / WGS84,LA LIBERTAD,APROBADO CON RESOLUCION DE COMANDANCIA GENERAL DE LA POLICIA NACIONAL N° 149-2020-CG  PNP/ SCG DEL 30MAY2020,13,LA LIBERTAD,1310,SANTIAGO DE CHUCO,131003,CACHICADAN,11R1C,DIVPOL HUAMACHUCO,11,LA LIBERTAD,11R1,LA LIBERTAD,-8.09395341,-78.14976394
1153,F,0240,1296,CPNP SHOREY,E,225911,UTM / 17 SUR / WGS84,LA LIBERTAD,APROBADO CON RESOLUCION DE COMANDANCIA GENERAL DE LA POLICIA NACIONAL N° 149-2020-CG  PNP/ SCG DEL 30MAY2020,13,LA LIBERTAD,1310,SANTIAGO DE CHUCO,131006,QUIRUVILCA,11R1C,DIVPOL HUAMACHUCO,11,LA LIBERTAD,11R1,LA LIBERTAD,-8.01321277,-78.32646182
1154,F,0243,1299,CPNP QUIRUVILCA,E,225912,UTM / 17 SUR / WGS84,LA LIBERTAD,APROBADO CON RESOLUCION DE COMANDANCIA GENERAL DE LA POLICIA NACIONAL N° 149-2020-CG  PNP/ SCG DEL 30MAY2020,13,LA LIBERTAD,1310,SANTIAGO DE CHUCO,131006,QUIRUVILCA,11R1C,DIVPOL HUAMACHUCO,11,LA LIBERTAD,11R1,LA LIBERTAD,-8.00056626,-78.30978371
1155,F,0165,0955,CPNP ILLIMO,D,221643,UTM / 17 SUR / WGS84,LAMBAYEQUE,APROBADO CON RESOLUCION DE COMANDANCIA GENERAL DE LA POLICIA NACIONAL N° 149-2020-CG  PNP/ SCG DEL 30MAY2020,14,LAMBAYEQUE,1403,LAMBAYEQUE,140303,ILLIMO,12R1A,DIVOPUS LAMBAYEQUE,12,LAMBAYEQUE,12R1,LAMBAYEQUE,-6.474655,-79.855252
1156,F,0167,0943,CPNP MOCHUMI,D,221635,UTM / 17 SUR / WGS84,LAMBAYEQUE,APROBADO CON RESOLUCION DE COMANDANCIA GENERAL DE LA POLICIA NACIONAL N° 149-2020-CG  PNP/ SCG DEL 30MAY2020,14,LAMBAYEQUE,1403,LAMBAYEQUE,140305,MOCHUMI,12R1A,DIVOPUS LAMBAYEQUE,12,LAMBAYEQUE,12R1,LAMBAYEQUE,-6.5511264,-79.866517979
1157,F,0172,0958,CPNP PACORA,D,221644,UTM / 17 SUR / WGS84,LAMBAYEQUE,APROBADO CON RESOLUCION DE COMANDANCIA GENERAL DE LA POLICIA NACIONAL N° 149-2020-CG  PNP/ SCG DEL 30MAY2020,14,LAMBAYEQUE,1403,LAMBAYEQUE,140309,PACORA,12R1A,DIVOPUS LAMBAYEQUE,12,LAMBAYEQUE,12R1,LAMBAYEQUE,-6.42504936,-79.83760229
1158,G,5025,0994,CPNP CA├æARIS,E,223374,UTM / 17 SUR / WGS84,LAMBAYEQUE,APROBADO CON RESOLUCION DE COMANDANCIA GENERAL DE LA POLICIA NACIONAL N° 149-2020-CG  PNP/ SCG DEL 30MAY2020,14,LAMBAYEQUE,1402,FERRE├æAFE,140202,CA├æARIS,05R1A,DIVPOL JAEN,05,CAJAMARCA,05R1,CAJAMARCA,-6.046702171,-79.265799359
1159,F,0176,0952,CPNP TUCUME,C,221640,UTM / 17 SUR / WGS84,LAMBAYEQUE,APROBADO CON RESOLUCION DE COMANDANCIA GENERAL DE LA POLICIA NACIONAL N° 149-2020-CG  PNP/ SCG DEL 30MAY2020,14,LAMBAYEQUE,1403,LAMBAYEQUE,140312,TUCUME,12R1A,DIVOPUS LAMBAYEQUE,12,LAMBAYEQUE,12R1,LAMBAYEQUE,-6.5064993,-79.85918223
1160,G,0160,0992,CPNP INCAHUASI,D,216526,UTM / 17 SUR / WGS84,LAMBAYEQUE,APROBADO CON RESOLUCION DE COMANDANCIA GENERAL DE LA POLICIA NACIONAL N° 149-2020-CG  PNP/ SCG DEL 30MAY2020,14,LAMBAYEQUE,1402,FERRE├æAFE,140203,INCAHUASI,12R1A,DIVOPUS LAMBAYEQUE,12,LAMBAYEQUE,12R1,LAMBAYEQUE,-6.23578185,-79.316272801
1161,G,0161,0993,CPNP UYURPAMPA,E,216527,UTM / 17 SUR / WGS84,LAMBAYEQUE,APROBADO CON RESOLUCION DE COMANDANCIA GENERAL DE LA POLICIA NACIONAL N° 149-2020-CG  PNP/ SCG DEL 30MAY2020,14,LAMBAYEQUE,1402,FERRE├æAFE,140203,INCAHUASI,12R1A,DIVOPUS LAMBAYEQUE,12,LAMBAYEQUE,12R1,LAMBAYEQUE,-6.21932842,-79.36064768
1162,F,0162,0985,CPNP BATAN GRANDE,D,216522,UTM / 17 SUR / WGS84,LAMBAYEQUE,APROBADO CON RESOLUCION DE COMANDANCIA GENERAL DE LA POLICIA NACIONAL N° 149-2020-CG  PNP/ SCG DEL 30MAY2020,14,LAMBAYEQUE,1402,FERRE├æAFE,140205,PITIPO,12R1A,DIVOPUS LAMBAYEQUE,12,LAMBAYEQUE,12R1,LAMBAYEQUE,-6.483199199,-79.6541801
1163,F,0166,0946,CPNP JAYANCA,C,221636,UTM / 17 SUR / WGS84,LAMBAYEQUE,APROBADO CON RESOLUCION DE COMANDANCIA GENERAL DE LA POLICIA NACIONAL N° 149-2020-CG  PNP/ SCG DEL 30MAY2020,14,LAMBAYEQUE,1403,LAMBAYEQUE,140304,JAYANCA,12R1A,DIVOPUS LAMBAYEQUE,12,LAMBAYEQUE,12R1,LAMBAYEQUE,-6.39140043,-79.82291111
1164,G,0168,0940,CPNP MORROPE,C,221631,UTM / 17 SUR / WGS84,LAMBAYEQUE,APROBADO CON RESOLUCION DE COMANDANCIA GENERAL DE LA POLICIA NACIONAL N° 149-2020-CG  PNP/ SCG DEL 30MAY2020,14,LAMBAYEQUE,1403,LAMBAYEQUE,140306,MORROPE,12R1A,DIVOPUS LAMBAYEQUE,12,LAMBAYEQUE,12R1,LAMBAYEQUE,-6.54058378,-80.01568366
1165,G,0169,0962,CPNP CRUZ DEL MEDANO,D,221634,UTM / 17 SUR / WGS84,LAMBAYEQUE,APROBADO CON RESOLUCION DE COMANDANCIA GENERAL DE LA POLICIA NACIONAL N° 149-2020-CG  PNP/ SCG DEL 30MAY2020,14,LAMBAYEQUE,1403,LAMBAYEQUE,140306,MORROPE,12R1A,DIVOPUS LAMBAYEQUE,12,LAMBAYEQUE,12R1,LAMBAYEQUE,-6.51352711,-79.96060618
1166,G,5064,2357,CPNP GORGOR,C,225833,UTM / 18 SUR / WGS84,PROVINCIA,APROBADO CON RESOLUCION DE COMANDANCIA GENERAL DE LA POLICIA NACIONAL N° 149-2020-CG  PNP/ SCG DEL 30MAY2020,15,LIMA,1503,CAJATAMBO,150303,GORGOR,13R1A,DIVPOL BARRANCA,13,LIMA,13R1,LIMA,-10.6206746,-77.041586954
1167,F,0170,0968,CPNP MOTUPE,C,216515,UTM / 17 SUR / WGS84,LAMBAYEQUE,APROBADO CON RESOLUCION DE COMANDANCIA GENERAL DE LA POLICIA NACIONAL N° 149-2020-CG  PNP/ SCG DEL 30MAY2020,14,LAMBAYEQUE,1403,LAMBAYEQUE,140307,MOTUPE,12R1A,DIVOPUS LAMBAYEQUE,12,LAMBAYEQUE,12R1,LAMBAYEQUE,-6.15386685,-79.71229043
1168,F,0918,4645,CPNP DESAGUADERO,B,219264,UTM / 19 SUR / WGS84,PUNO,APROBADO CON RESOLUCION DE COMANDANCIA GENERAL DE LA POLICIA NACIONAL N° 149-2020-CG  PNP/ SCG DEL 30MAY2020,21,PUNO,2104,CHUCUITO,210402,DESAGUADERO,18R1B,DIVOPUS PUNO,18,PUNO,18R1,PUNO,-16.56420754,-69.03945739
1169,G,0390,1646,CPNP BAGAZAN,D,221722,UTM / 18 SUR / WGS84,LORETO,APROBADO CON RESOLUCION DE COMANDANCIA GENERAL DE LA POLICIA NACIONAL N° 149-2020-CG  PNP/ SCG DEL 30MAY2020,16,LORETO,1605,REQUENA,160507,SAQUENA,14R1A,DIVOPUS LORETO,14,LORETO,14R1,LORETO,-4.724885,-73.532243
1170,G,0391,1648,CPNP YUCURUCHI,E,221710,UTM / 18 SUR / WGS84,LORETO,APROBADO CON RESOLUCION DE COMANDANCIA GENERAL DE LA POLICIA NACIONAL N° 149-2020-CG  PNP/ SCG DEL 30MAY2020,16,LORETO,1605,REQUENA,160507,SAQUENA,14R1A,DIVOPUS LORETO,14,LORETO,14R1,LORETO,-4.551817,-73.504557
1171,G,0392,1639,CPNP CURINGA,E,221716,UTM / 18 SUR / WGS84,LORETO,APROBADO CON RESOLUCION DE COMANDANCIA GENERAL DE LA POLICIA NACIONAL N° 149-2020-CG  PNP/ SCG DEL 30MAY2020,16,LORETO,1605,REQUENA,160508,SOPLIN,14R1A,DIVOPUS LORETO,14,LORETO,14R1,LORETO,-6.00673248,-73.69173163
1172,F,0362,1561,CPNP TAMSHIYACU,E,217394,UTM / 18 SUR / WGS84,LORETO,APROBADO CON RESOLUCION DE COMANDANCIA GENERAL DE LA POLICIA NACIONAL N° 149-2020-CG  PNP/ SCG DEL 30MAY2020,16,LORETO,1601,MAYNAS,160103,FERNANDO LORES,14R1A,DIVOPUS LORETO,14,LORETO,14R1,LORETO,-4.00249073,-73.159707789
1173,F,0363,1563,CPNP SERAFIN FILOMENO,E,217396,UTM / 18 SUR / WGS84,LORETO,APROBADO CON RESOLUCION DE COMANDANCIA GENERAL DE LA POLICIA NACIONAL N° 149-2020-CG  PNP/ SCG DEL 30MAY2020,16,LORETO,1601,MAYNAS,160103,FERNANDO LORES,14R1A,DIVOPUS LORETO,14,LORETO,14R1,LORETO,-4.159909,-72.937347
1174,F,0364,1558,CPNP BUENA VISTA,E,217395,UTM / 18 SUR / WGS84,LORETO,APROBADO CON RESOLUCION DE COMANDANCIA GENERAL DE LA POLICIA NACIONAL N° 149-2020-CG  PNP/ SCG DEL 30MAY2020,16,LORETO,1601,MAYNAS,160103,FERNANDO LORES,14R1A,DIVOPUS LORETO,14,LORETO,14R1,LORETO,-4.290084,-73.198421
1175,F,0365,1569,CPNP INDIANA,D,217389,UTM / 18 SUR / WGS84,LORETO,APROBADO CON RESOLUCION DE COMANDANCIA GENERAL DE LA POLICIA NACIONAL N° 149-2020-CG  PNP/ SCG DEL 30MAY2020,16,LORETO,1601,MAYNAS,160104,INDIANA,14R1A,DIVOPUS LORETO,14,LORETO,14R1,LORETO,-3.499631411,-73.04205161
1176,F,5063,1572,CPNP SINCHICUY,E,217390,UTM / 18 SUR / WGS84,LORETO,APROBADO CON RESOLUCION DE COMANDANCIA GENERAL DE LA POLICIA NACIONAL N° 149-2020-CG  PNP/ SCG DEL 30MAY2020,16,LORETO,1601,MAYNAS,160104,INDIANA,14R1A,DIVOPUS LORETO,14,LORETO,14R1,LORETO,-3.588879,-73.13991
1177,G,0366,1571,CPNP FRANCISCO DE ORELLANA,E,217391,UTM / 18 SUR / WGS84,LORETO,APROBADO CON RESOLUCION DE COMANDANCIA GENERAL DE LA POLICIA NACIONAL N° 149-2020-CG  PNP/ SCG DEL 30MAY2020,16,LORETO,1601,MAYNAS,160105,LAS AMAZONAS,14R1A,DIVOPUS LORETO,14,LORETO,14R1,LORETO,-3.42231011,-72.76464481
1178,G,0367,1577,CPNP YANASHI,E,217397,UTM / 18 SUR / WGS84,LORETO,APROBADO CON RESOLUCION DE COMANDANCIA GENERAL DE LA POLICIA NACIONAL N° 149-2020-CG  PNP/ SCG DEL 30MAY2020,16,LORETO,1601,MAYNAS,160105,LAS AMAZONAS,14R1A,DIVOPUS LORETO,14,LORETO,14R1,LORETO,-3.58743437,-72.25546661
1179,G,0377,1614,CPNP SANTA RITA DE CASTILLA,E,221707,UTM / 18 SUR / WGS84,LORETO,APROBADO CON RESOLUCION DE COMANDANCIA GENERAL DE LA POLICIA NACIONAL N° 149-2020-CG  PNP/ SCG DEL 30MAY2020,16,LORETO,1603,LORETO,160302,PARINARI,14R1A,DIVOPUS LORETO,14,LORETO,14R1,LORETO,-4.591596791,-74.37955394
1180,G,0384,1627,CPNP SAN PABLO,D,217415,UTM / 19 SUR / WGS84,LORETO,APROBADO CON RESOLUCION DE COMANDANCIA GENERAL DE LA POLICIA NACIONAL N° 149-2020-CG  PNP/ SCG DEL 30MAY2020,16,LORETO,1604,MARISCAL RAMON CASTILLA,160404,SAN PABLO,14R1A,DIVOPUS LORETO,14,LORETO,14R1,LORETO,-4.01871149,-71.10150309
1181,F,0387,1637,CPNP FLOR DE PUNGA,E,221715,UTM / 18 SUR / WGS84,LORETO,APROBADO CON RESOLUCION DE COMANDANCIA GENERAL DE LA POLICIA NACIONAL N° 149-2020-CG  PNP/ SCG DEL 30MAY2020,16,LORETO,1605,REQUENA,160503,CAPELO,14R1A,DIVOPUS LORETO,14,LORETO,14R1,LORETO,-5.40526603,-74.15800243
1182,F,0388,1654,CPNP TAMANCO,E,221720,UTM / 18 SUR / WGS84,LORETO,APROBADO CON RESOLUCION DE COMANDANCIA GENERAL DE LA POLICIA NACIONAL N° 149-2020-CG  PNP/ SCG DEL 30MAY2020,16,LORETO,1605,REQUENA,160504,EMILIO SAN MARTIN,14R1A,DIVOPUS LORETO,14,LORETO,14R1,LORETO,-5.794136831,-74.28297073
1183,F,0389,1656,CPNP BRETA├æA,E,221721,UTM / 18 SUR / WGS84,LORETO,APROBADO CON RESOLUCION DE COMANDANCIA GENERAL DE LA POLICIA NACIONAL N° 149-2020-CG  PNP/ SCG DEL 30MAY2020,16,LORETO,1605,REQUENA,160506,PUINAHUA,14R1A,DIVOPUS LORETO,14,LORETO,14R1,LORETO,-5.25618879,-74.34581483
1184,F,0393,1652,CPNP IBERIA,D,221719,UTM / 18 SUR / WGS84,LORETO,APROBADO CON RESOLUCION DE COMANDANCIA GENERAL DE LA POLICIA NACIONAL N° 149-2020-CG  PNP/ SCG DEL 30MAY2020,16,LORETO,1605,REQUENA,160509,TAPICHE,14R1A,DIVOPUS LORETO,14,LORETO,14R1,LORETO,-5.69331917,-74.13795412
1185,G,0029,0752,CPNP JILILI,D,216201,UTM / 17 SUR / WGS84,PIURA,APROBADO CON RESOLUCION DE COMANDANCIA GENERAL DE LA POLICIA NACIONAL N° 149-2020-CG  PNP/ SCG DEL 30MAY2020,20,PIURA,2002,AYABACA,200203,JILILI,16R1A,DIVOPUS SULLANA,16,PIURA,16R1,PIURA,-4.58342688,-79.795894459
1186,F,0857,4264,CPNP CHOJATA,D,222524,UTM / 19 SUR / WGS84,MOQUEGUA,APROBADO CON RESOLUCION DE COMANDANCIA GENERAL DE LA POLICIA NACIONAL N° 149-2020-CG  PNP/ SCG DEL 30MAY2020,18,MOQUEGUA,1802,GENERAL SANCHEZ CERRO,180202,CHOJATA,20R1A,DIVOPUS MOQUEGUA,20,TACNA,20R1,MOQUEGUA,-16.38846668,-70.73049144
1187,G,0858,4268,CPNP ICHU├æA,C,222525,UTM / 19 SUR / WGS84,MOQUEGUA,APROBADO CON RESOLUCION DE COMANDANCIA GENERAL DE LA POLICIA NACIONAL N° 149-2020-CG  PNP/ SCG DEL 30MAY2020,18,MOQUEGUA,1802,GENERAL SANCHEZ CERRO,180204,ICHU├æA,20R1A,DIVOPUS MOQUEGUA,20,TACNA,20R1,MOQUEGUA,-16.140551569,-70.53570936
1188,F,0860,4266,CPNP QUINISTAQUILLAS,D,222521,UTM / 19 SUR / WGS84,MOQUEGUA,APROBADO CON RESOLUCION DE COMANDANCIA GENERAL DE LA POLICIA NACIONAL N° 149-2020-CG  PNP/ SCG DEL 30MAY2020,18,MOQUEGUA,1802,GENERAL SANCHEZ CERRO,180209,QUINISTAQUILLAS,20R1A,DIVOPUS MOQUEGUA,20,TACNA,20R1,MOQUEGUA,-16.748767140000002,-70.88044337
1189,F,5031,5608,CPNP SAN FRANCISCO DE ASIS,E,221766,UTM / 18 SUR / WGS84,PASCO,APROBADO CON RESOLUCION DE COMANDANCIA GENERAL DE LA POLICIA NACIONAL N° 149-2020-CG  PNP/ SCG DEL 30MAY2020,19,PASCO,1901,PASCO,190108,SAN FRANCISCO DE ASIS DE YARUSYACAN,08R2A,DIVOPUS PASCO,08,HUANUCO,08R2,PASCO,-10.48891763,-76.19608247
1190,F,0055,0681,CPNP PAMBARUMBE,D,216105,UTM / 17 SUR / WGS84,PIURA,APROBADO CON RESOLUCION DE COMANDANCIA GENERAL DE LA POLICIA NACIONAL N° 149-2020-CG  PNP/ SCG DEL 30MAY2020,20,PIURA,2004,MORROPON,200408,SANTA CATALINA DE MOSSA,16R1B,DIVOPUS PIURA,16,PIURA,16R1,PIURA,-5.075545,-79.875847
1191,F,0056,0658,CPNP PALTASHACO,D,216094,UTM / 17 SUR / WGS84,PIURA,APROBADO CON RESOLUCION DE COMANDANCIA GENERAL DE LA POLICIA NACIONAL N° 149-2020-CG  PNP/ SCG DEL 30MAY2020,20,PIURA,2004,MORROPON,200408,SANTA CATALINA DE MOSSA,16R1B,DIVOPUS PIURA,16,PIURA,16R1,PIURA,-5.10401535,-79.88684641
1192,G,1211,5632,CPNP SANTA ANA DE TUSI,D,221792,UTM / 18 SUR / WGS84,PASCO,APROBADO CON RESOLUCION DE COMANDANCIA GENERAL DE LA POLICIA NACIONAL N° 149-2020-CG  PNP/ SCG DEL 30MAY2020,19,PASCO,1902,DANIEL ALCIDES CARRION,190206,SANTA ANA DE TUSI,08R2A,DIVOPUS PASCO,08,HUANUCO,08R2,PASCO,-10.47228372,-76.35363399
1193,G,0619,3156,CPNP POZUZO,B,220631,UTM / 18 SUR / WGS84,PASCO,APROBADO CON RESOLUCION DE COMANDANCIA GENERAL DE LA POLICIA NACIONAL N° 149-2020-CG  PNP/ SCG DEL 30MAY2020,19,PASCO,1903,OXAPAMPA,190305,POZUZO,17R1A,DIVOPUS PUERTO INCA,17,PUERTO INCA,17R1,PUERTO INCA,-10.071500641,-75.550055631
1194,F,0621,3154,CPNP PUERTO BERMUDEZ,C,220625,UTM / 18 SUR / WGS84,PASCO,APROBADO CON RESOLUCION DE COMANDANCIA GENERAL DE LA POLICIA NACIONAL N° 149-2020-CG  PNP/ SCG DEL 30MAY2020,19,PASCO,1903,OXAPAMPA,190306,PUERTO BERMUDEZ,17R1A,DIVOPUS PUERTO INCA,17,PUERTO INCA,17R1,PUERTO INCA,-10.3011587,-74.9383816
1195,G,0027,0748,CPNP TONDOPA,D,216206,UTM / 17 SUR / WGS84,PIURA,APROBADO CON RESOLUCION DE COMANDANCIA GENERAL DE LA POLICIA NACIONAL N° 149-2020-CG  PNP/ SCG DEL 30MAY2020,20,PIURA,2002,AYABACA,200204,LAGUNAS,16R1A,DIVOPUS SULLANA,16,PIURA,16R1,PIURA,-4.704896999,-79.853267
1196,G,0030,0742,CPNP MONTERO,D,216202,UTM / 17 SUR / WGS84,PIURA,APROBADO CON RESOLUCION DE COMANDANCIA GENERAL DE LA POLICIA NACIONAL N° 149-2020-CG  PNP/ SCG DEL 30MAY2020,20,PIURA,2002,AYABACA,200205,MONTERO,16R1A,DIVOPUS SULLANA,16,PIURA,16R1,PIURA,-4.63258119,-79.82988335
1197,G,0032,0744,CPNP PAIMAS,D,216204,UTM / 17 SUR / WGS84,PIURA,APROBADO CON RESOLUCION DE COMANDANCIA GENERAL DE LA POLICIA NACIONAL N° 149-2020-CG  PNP/ SCG DEL 30MAY2020,20,PIURA,2002,AYABACA,200207,PAIMAS,16R1A,DIVOPUS SULLANA,16,PIURA,16R1,PIURA,-4.62714456,-79.94721358
1198,G,0033,0750,CPNP SAPILLICA,D,216203,UTM / 17 SUR / WGS84,PIURA,APROBADO CON RESOLUCION DE COMANDANCIA GENERAL DE LA POLICIA NACIONAL N° 149-2020-CG  PNP/ SCG DEL 30MAY2020,20,PIURA,2002,AYABACA,200208,SAPILLICA,16R1A,DIVOPUS SULLANA,16,PIURA,16R1,PIURA,-4.77937096,-79.98242159
1199,G,0037,0698,CPNP CANCHAQUE,D,216120,UTM / 17 SUR / WGS84,PIURA,APROBADO CON RESOLUCION DE COMANDANCIA GENERAL DE LA POLICIA NACIONAL N° 149-2020-CG  PNP/ SCG DEL 30MAY2020,20,PIURA,2003,HUANCABAMBA,200302,CANCHAQUE,16R1B,DIVOPUS PIURA,16,PIURA,16R1,PIURA,-5.37627398,-79.60647171
1200,G,0038,0678,CPNP LOS RANCHOS,D,216104,UTM / 17 SUR / WGS84,PIURA,APROBADO CON RESOLUCION DE COMANDANCIA GENERAL DE LA POLICIA NACIONAL N° 149-2020-CG  PNP/ SCG DEL 30MAY2020,20,PIURA,2003,HUANCABAMBA,200302,CANCHAQUE,16R1B,DIVOPUS PIURA,16,PIURA,16R1,PIURA,-5.2271838,-79.64515076
1201,G,0039,0702,CPNP SAPALACHE,D,216121,UTM / 17 SUR / WGS84,PIURA,APROBADO CON RESOLUCION DE COMANDANCIA GENERAL DE LA POLICIA NACIONAL N° 149-2020-CG  PNP/ SCG DEL 30MAY2020,20,PIURA,2003,HUANCABAMBA,200303,EL CARMEN DE LA FRONTERA,16R1B,DIVOPUS PIURA,16,PIURA,16R1,PIURA,-5.148301911,-79.428365961
1202,G,0040,0686,CPNP HUARMACA,B,216114,UTM / 17 SUR / WGS84,PIURA,APROBADO CON RESOLUCION DE COMANDANCIA GENERAL DE LA POLICIA NACIONAL N° 149-2020-CG  PNP/ SCG DEL 30MAY2020,20,PIURA,2003,HUANCABAMBA,200304,HUARMACA,16R1B,DIVOPUS PIURA,16,PIURA,16R1,PIURA,-5.567725579,-79.52362819
1203,G,0905,4505,CPNP HUATA,E,219253,UTM / 19 SUR / WGS84,PUNO,APROBADO CON RESOLUCION DE COMANDANCIA GENERAL DE LA POLICIA NACIONAL N° 149-2020-CG  PNP/ SCG DEL 30MAY2020,21,PUNO,2101,PUNO,210108,HUATA,18R1B,DIVOPUS PUNO,18,PUNO,18R1,PUNO,-15.61430701,-69.971764889
1204,G,0041,0689,CPNP SAN MIGUEL DE EL FAIQUE,D,216117,UTM / 17 SUR / WGS84,PIURA,APROBADO CON RESOLUCION DE COMANDANCIA GENERAL DE LA POLICIA NACIONAL N° 149-2020-CG  PNP/ SCG DEL 30MAY2020,20,PIURA,2003,HUANCABAMBA,200306,SAN MIGUEL DE EL FAIQUE,16R1B,DIVOPUS PIURA,16,PIURA,16R1,PIURA,-5.40098284,-79.60690142
1205,G,0043,0692,CPNP SONDORILLO,D,216118,UTM / 17 SUR / WGS84,PIURA,APROBADO CON RESOLUCION DE COMANDANCIA GENERAL DE LA POLICIA NACIONAL N° 149-2020-CG  PNP/ SCG DEL 30MAY2020,20,PIURA,2003,HUANCABAMBA,200308,SONDORILLO,16R1B,DIVOPUS PIURA,16,PIURA,16R1,PIURA,-5.33896224,-79.42847169
1206,G,0050,0675,CPNP CHALACO,D,216103,UTM / 17 SUR / WGS84,PIURA,APROBADO CON RESOLUCION DE COMANDANCIA GENERAL DE LA POLICIA NACIONAL N° 149-2020-CG  PNP/ SCG DEL 30MAY2020,20,PIURA,2004,MORROPON,200403,CHALACO,16R1B,DIVOPUS PIURA,16,PIURA,16R1,PIURA,-5.03944778,-79.79450788
1207,F,0051,0663,CPNP LA MATANZA,D,216087,UTM / 17 SUR / WGS84,PIURA,APROBADO CON RESOLUCION DE COMANDANCIA GENERAL DE LA POLICIA NACIONAL N° 149-2020-CG  PNP/ SCG DEL 30MAY2020,20,PIURA,2004,MORROPON,200404,LA MATANZA,16R1B,DIVOPUS PIURA,16,PIURA,16R1,PIURA,-5.21495339,-80.0902497
1208,F,5009,0741,CPNP SAN JUAN DE BIGOTE,D,216109,UTM / 17 SUR / WGS84,PIURA,APROBADO CON RESOLUCION DE COMANDANCIA GENERAL DE LA POLICIA NACIONAL N° 149-2020-CG  PNP/ SCG DEL 30MAY2020,20,PIURA,2004,MORROPON,200407,SAN JUAN DE BIGOTE,16R1B,DIVOPUS PIURA,16,PIURA,16R1,PIURA,-5.318868589,-79.78670003
1209,G,0057,0668,CPNP SANTO DOMINGO,C,216099,UTM / 17 SUR / WGS84,PIURA,APROBADO CON RESOLUCION DE COMANDANCIA GENERAL DE LA POLICIA NACIONAL N° 149-2020-CG  PNP/ SCG DEL 30MAY2020,20,PIURA,2004,MORROPON,200409,SANTO DOMINGO,16R1B,DIVOPUS PIURA,16,PIURA,16R1,PIURA,-5.028952161,-79.87570276
1210,G,0058,0672,CPNP YAMANGO,D,216102,UTM / 17 SUR / WGS84,PIURA,APROBADO CON RESOLUCION DE COMANDANCIA GENERAL DE LA POLICIA NACIONAL N° 149-2020-CG  PNP/ SCG DEL 30MAY2020,20,PIURA,2004,MORROPON,200410,YAMANGO,16R1B,DIVOPUS PIURA,16,PIURA,16R1,PIURA,-5.18025258,-79.75479272
1211,G,0904,4514,CPNP CHUCUITO,C,219245,UTM / 19 SUR / WGS84,PUNO,APROBADO CON RESOLUCION DE COMANDANCIA GENERAL DE LA POLICIA NACIONAL N° 149-2020-CG  PNP/ SCG DEL 30MAY2020,21,PUNO,2101,PUNO,210106,CHUCUITO,18R1B,DIVOPUS PUNO,18,PUNO,18R1,PUNO,-15.89484711,-69.88965132
1212,F,0906,4506,CPNP MA├æAZO,E,219254,UTM / 19 SUR / WGS84,PUNO,APROBADO CON RESOLUCION DE COMANDANCIA GENERAL DE LA POLICIA NACIONAL N° 149-2020-CG  PNP/ SCG DEL 30MAY2020,21,PUNO,2101,PUNO,210109,MA├æAZO,18R1B,DIVOPUS PUNO,18,PUNO,18R1,PUNO,-15.80137971,-70.34298582
1213,G,0907,4502,CPNP PAUCARCOLLA,D,219251,UTM / 19 SUR / WGS84,PUNO,APROBADO CON RESOLUCION DE COMANDANCIA GENERAL DE LA POLICIA NACIONAL N° 149-2020-CG  PNP/ SCG DEL 30MAY2020,21,PUNO,2101,PUNO,210110,PAUCARCOLLA,18R1B,DIVOPUS PUNO,18,PUNO,18R1,PUNO,-15.7449782,-70.054653019
1214,G,0909,4510,CPNP TIQUILLACA,D,219252,UTM / 19 SUR / WGS84,PUNO,APROBADO CON RESOLUCION DE COMANDANCIA GENERAL DE LA POLICIA NACIONAL N° 149-2020-CG  PNP/ SCG DEL 30MAY2020,21,PUNO,2101,PUNO,210114,TIQUILLACA,18R1B,DIVOPUS PUNO,18,PUNO,18R1,PUNO,-15.79747718,-70.186424791
1215,G,0919,4654,CPNP HUACULLANI,E,219271,UTM / 19 SUR / WGS84,PUNO,APROBADO CON RESOLUCION DE COMANDANCIA GENERAL DE LA POLICIA NACIONAL N° 149-2020-CG  PNP/ SCG DEL 30MAY2020,21,PUNO,2104,CHUCUITO,210403,HUACULLANI,18R1B,DIVOPUS PUNO,18,PUNO,18R1,PUNO,-16.631114389,-69.32197675
1216,G,0920,4650,CPNP POMATA,D,219272,UTM / 19 SUR / WGS84,PUNO,APROBADO CON RESOLUCION DE COMANDANCIA GENERAL DE LA POLICIA NACIONAL N° 149-2020-CG  PNP/ SCG DEL 30MAY2020,21,PUNO,2104,CHUCUITO,210406,POMATA,18R1B,DIVOPUS PUNO,18,PUNO,18R1,PUNO,-16.271787551,-69.29273199
1217,G,0923,4640,CPNP PILCUYO,D,219260,UTM / 19 SUR / WGS84,PUNO,APROBADO CON RESOLUCION DE COMANDANCIA GENERAL DE LA POLICIA NACIONAL N° 149-2020-CG  PNP/ SCG DEL 30MAY2020,21,PUNO,2105,EL COLLAO,210503,PILCUYO,18R1B,DIVOPUS PUNO,18,PUNO,18R1,PUNO,-16.111379351,-69.55587385
1218,G,0308,1386,CPNP NUEVO LIMA,E,224315,UTM / 18 SUR / WGS84,SAN MARTIN,APROBADO CON RESOLUCION DE COMANDANCIA GENERAL DE LA POLICIA NACIONAL N° 149-2020-CG  PNP/ SCG DEL 30MAY2020,22,SAN MARTIN,2202,BELLAVISTA,220203,BAJO BIAVO,19R2B,DIVOPUS TARAPOTO,19,SAN MARTIN,19R2,SAN MARTIN,-7.09925232,-76.47200832
1219,G,5055,1384,CPNP SAN MARTIN ALAO,E,221901,UTM / 18 SUR / WGS84,SAN MARTIN,APROBADO CON RESOLUCION DE COMANDANCIA GENERAL DE LA POLICIA NACIONAL N° 149-2020-CG  PNP/ SCG DEL 30MAY2020,22,SAN MARTIN,2203,EL DORADO,220303,SAN MARTIN,19R2B,DIVOPUS TARAPOTO,19,SAN MARTIN,19R2,SAN MARTIN,-6.51380673,-76.74178058
1220,F,0312,1377,CPNP SACANCHE,D,224314,UTM / 18 SUR / WGS84,SAN MARTIN,APROBADO CON RESOLUCION DE COMANDANCIA GENERAL DE LA POLICIA NACIONAL N° 149-2020-CG  PNP/ SCG DEL 30MAY2020,22,SAN MARTIN,2204,HUALLAGA,220405,SACANCHE,19R2B,DIVOPUS TARAPOTO,19,SAN MARTIN,19R2,SAN MARTIN,-7.07004351,-76.71357916
1221,F,0314,1323,CPNP PONGO DE CAYNARACHI,D,221896,UTM / 18 SUR / WGS84,SAN MARTIN,APROBADO CON RESOLUCION DE COMANDANCIA GENERAL DE LA POLICIA NACIONAL N° 149-2020-CG  PNP/ SCG DEL 30MAY2020,22,SAN MARTIN,2205,LAMAS,220504,CAYNARACHI,19R2B,DIVOPUS TARAPOTO,19,SAN MARTIN,19R2,SAN MARTIN,-6.33448577,-76.29056387
1222,F,0315,1407,CPNP ALIANZA,C,221938,UTM / 18 SUR / WGS84,SAN MARTIN,APROBADO CON RESOLUCION DE COMANDANCIA GENERAL DE LA POLICIA NACIONAL N° 149-2020-CG  PNP/ SCG DEL 30MAY2020,22,SAN MARTIN,2205,LAMAS,220504,CAYNARACHI,19R2B,DIVOPUS TARAPOTO,19,SAN MARTIN,19R2,SAN MARTIN,-6.11533173,-76.275902611
1223,F,0316,1339,CPNP PACAYZAPA,C,221964,UTM / 18 SUR / WGS84,SAN MARTIN,APROBADO CON RESOLUCION DE COMANDANCIA GENERAL DE LA POLICIA NACIONAL N° 149-2020-CG  PNP/ SCG DEL 30MAY2020,22,SAN MARTIN,2205,LAMAS,220502,ALONSO DE ALVARADO,19R2A,DIVPOL MOYOBAMBA,19,SAN MARTIN,19R2,SAN MARTIN,-6.27183211,-76.77346498
1224,F,1280,1340,CPNP ALONSO DE ALVARADO ROQUE,D,221967,UTM / 18 SUR / WGS84,SAN MARTIN,APROBADO CON RESOLUCION DE COMANDANCIA GENERAL DE LA POLICIA NACIONAL N° 149-2020-CG  PNP/ SCG DEL 30MAY2020,22,SAN MARTIN,2205,LAMAS,220502,ALONSO DE ALVARADO,19R2A,DIVPOL MOYOBAMBA,19,SAN MARTIN,19R2,SAN MARTIN,-6.35557999,-76.77338912
1225,F,0873,4312,CPNP CALANA,D,222438,UTM / 19 SUR / WGS84,TACNA,APROBADO CON RESOLUCION DE COMANDANCIA GENERAL DE LA POLICIA NACIONAL N° 149-2020-CG  PNP/ SCG DEL 30MAY2020,23,TACNA,2301,TACNA,230103,CALANA,20R2A,DIVOPUS TACNA,20,TACNA,20R2,TACNA,-17.94070748,-70.186674319
1226,F,0317,1320,CPNP TABALOSOS,D,221895,UTM / 18 SUR / WGS84,SAN MARTIN,APROBADO CON RESOLUCION DE COMANDANCIA GENERAL DE LA POLICIA NACIONAL N° 149-2020-CG  PNP/ SCG DEL 30MAY2020,22,SAN MARTIN,2205,LAMAS,220510,TABALOSOS,19R2B,DIVOPUS TARAPOTO,19,SAN MARTIN,19R2,SAN MARTIN,-6.38736488,-76.62995863
1227,E,0000,4305,CPNP LA YARADA LOS PALOS,D,226416,UTM / 19 SUR / WGS84,TACNA,APROBADO CON RESOLUCION DE COMANDANCIA GENERAL DE LA POLICIA NACIONAL N° 149-2020-CG  PNP/ SCG DEL 30MAY2020,23,TACNA,2301,TACNA,230111,LA YARADA LOS PALOS,20R2A,DIVOPUS TACNA,20,TACNA,20R2,TACNA,-18.176759,-70.50434
1228,F,0006,7040,CPNP UCHIZA,B,221920,UTM / 18 SUR / WGS84,SAN MARTIN,APROBADO CON RESOLUCION DE COMANDANCIA GENERAL DE LA POLICIA NACIONAL N° 149-2020-CG  PNP/ SCG DEL 30MAY2020,22,SAN MARTIN,2210,TOCACHE,221005,UCHIZA,19R2B,DIVOPUS TARAPOTO,19,SAN MARTIN,19R2,SAN MARTIN,-8.45046975,-76.462177421
1229,F,0000,1393,CPNP SANTA LUCIA,D,221927,UTM / 18 SUR / WGS84,SAN MARTIN,APROBADO CON RESOLUCION DE COMANDANCIA GENERAL DE LA POLICIA NACIONAL N° 149-2020-CG  PNP/ SCG DEL 30MAY2020,22,SAN MARTIN,2210,TOCACHE,221005,UCHIZA,19R2B,DIVOPUS TARAPOTO,19,SAN MARTIN,19R2,SAN MARTIN,-8.343338839,-76.387382129
1230,F,0875,4298,CPNP SAMA INCLAN,E,222433,UTM / 19 SUR / WGS84,TACNA,APROBADO CON RESOLUCION DE COMANDANCIA GENERAL DE LA POLICIA NACIONAL N° 149-2020-CG  PNP/ SCG DEL 30MAY2020,23,TACNA,2301,TACNA,230105,INCLAN,20R2A,DIVOPUS TACNA,20,TACNA,20R2,TACNA,-17.79478016,-70.49490418
1231,F,0876,4314,CPNP PACHIA,E,222439,UTM / 19 SUR / WGS84,TACNA,APROBADO CON RESOLUCION DE COMANDANCIA GENERAL DE LA POLICIA NACIONAL N° 149-2020-CG  PNP/ SCG DEL 30MAY2020,23,TACNA,2301,TACNA,230106,PACHIA,20R2A,DIVOPUS TACNA,20,TACNA,20R2,TACNA,-17.895423191,-70.15297204
1232,F,0890,4366,CPNP ITE,E,222469,UTM / 19 SUR / WGS84,TACNA,APROBADO CON RESOLUCION DE COMANDANCIA GENERAL DE LA POLICIA NACIONAL N° 149-2020-CG  PNP/ SCG DEL 30MAY2020,23,TACNA,2303,JORGE BASADRE,230303,ITE,20R2A,DIVOPUS TACNA,20,TACNA,20R2,TACNA,-17.862348001,-70.96392863
1233,D,1020,4905,CPNP BUENOS AIRES,A,222229,UTM / 17 SUR / WGS84,ANCASH,APROBADO CON RESOLUCION DE COMANDANCIA GENERAL DE LA POLICIA NACIONAL N° 149-2020-CG  PNP/ SCG DEL 30MAY2020,02,ANCASH,0218,SANTA,021809,NUEVO CHIMBOTE,01R1A,DIVPOL CHIMBOTE,01,ANCASH,01R1,ANCASH,-9.12784318,-78.521314171
1234,D,1346,4891,CPNP VILLA MARIA,C,222226,UTM / 17 SUR / WGS84,ANCASH,APROBADO CON RESOLUCION DE COMANDANCIA GENERAL DE LA POLICIA NACIONAL N° 149-2020-CG  PNP/ SCG DEL 30MAY2020,02,ANCASH,0218,SANTA,021809,NUEVO CHIMBOTE,01R1A,DIVPOL CHIMBOTE,01,ANCASH,01R1,ANCASH,-9.11691983,-78.54481272
1235,A,0987,4930,CPNP HUARMEY,A,222240,UTM / 17 SUR / WGS84,ANCASH,APROBADO CON RESOLUCION DE COMANDANCIA GENERAL DE LA POLICIA NACIONAL N° 149-2020-CG  PNP/ SCG DEL 30MAY2020,02,ANCASH,0211,HUARMEY,021101,HUARMEY,01R1A,DIVPOL CHIMBOTE,01,ANCASH,01R1,ANCASH,-10.06898726,-78.15444293
1236,E,5061,2481,CPNP SAN LORENZO DE QUINTI,C,220237,UTM / 18 SUR / WGS84,PROVINCIA,MODIFICACION PARCIAL DEL LIMITE. APROBADO CON RESOLUCION DE COMANDANCIA GENERAL DE LA POLICIA NACIONAL N° 348-2023-CG┬ÁPNP/EMG DEL 06SEP2023,15,LIMA,1507,HUAROCHIRI,150721,SAN LORENZO DE QUINTI,13R1L,DIVPOL CHOSICA,13,LIMA,13R1,LIMA,-12.144863496,-76.212767147
1237,G,1011,4932,CPNP CHUQUICARA,D,222257,UTM / 17 SUR / WGS84,ANCASH,APROBADO CON RESOLUCION DE COMANDANCIA GENERAL DE LA POLICIA NACIONAL N° 149-2020-CG  PNP/ SCG DEL 30MAY2020,02,ANCASH,0218,SANTA,021804,MACATE,01R1A,DIVPOL CHIMBOTE,01,ANCASH,01R1,ANCASH,-8.656057,-78.234672
1238,G,1014,4902,CPNP MACATE,E,222256,UTM / 17 SUR / WGS84,ANCASH,APROBADO CON RESOLUCION DE COMANDANCIA GENERAL DE LA POLICIA NACIONAL N° 149-2020-CG  PNP/ SCG DEL 30MAY2020,02,ANCASH,0218,SANTA,021804,MACATE,01R1A,DIVPOL CHIMBOTE,01,ANCASH,01R1,ANCASH,-8.76032661,-78.061012619
1239,B,0550,2385,CPNP OYON,B,220402,UTM / 18 SUR / WGS84,PROVINCIA,MODIFICACION PARCIAL DEL LIMITE. APROBADO CON RESOLUCION DE COMANDANCIA GENERAL DE LA POLICIA NACIONAL N° 348-2023-CG┬ÁPNP/EMG DEL 06SEP2023,15,LIMA,1509,OYON,150901,OYON,13R1B,DIVPOL HUACHO,13,LIMA,13R1,LIMA,-10.669522435,-76.769665139
1240,E,0520,2405,CPNP ASIA,B,220292,UTM / 18 SUR / WGS84,PROVINCIA,MODIFICACION PARCIAL DEL LIMITE. APROBADO CON RESOLUCION DE COMANDANCIA GENERAL DE LA POLICIA NACIONAL N° 348-2023-CG┬ÁPNP/EMG DEL 06SEP2023,15,LIMA,1505,CA├æETE,150502,ASIA,13R1P,DIVPOL CA├æETE,13,LIMA,13R1,LIMA,-12.778993991,-76.556652536
1241,G,1012,4916,CPNP JIMBE,D,222234,UTM / 17 SUR / WGS84,ANCASH,APROBADO CON RESOLUCION DE COMANDANCIA GENERAL DE LA POLICIA NACIONAL N° 149-2020-CG  PNP/ SCG DEL 30MAY2020,02,ANCASH,0218,SANTA,021802,CACERES DEL PERU,01R1A,DIVPOL CHIMBOTE,01,ANCASH,01R1,ANCASH,-9.01553364,-78.139571081
1242,D,1241,6026,CPNP LA PERLA,A,220509,UTM / 18 SUR / WGS84,CALLAO,APROBADO CON RESOLUCION DE DIRECCION GENERAL DE LA POLICIA NACIONAL N° 276-2018-DIRGEN/SUB.DG-PNP 23JUL2018,07,CALLAO,0701,CALLAO,070104,LA PERLA,06R1C,DIVOPUS 01,06,CALLAO,06R1,CALLAO,-12.07018294,-77.12593501
1243,C,0447,2145,CPNP LA MOLINA,A,220023,UTM / 18 SUR / WGS84,LIMAMETRO,APROBADO CON RESOLUCION DE DIRECCION GENERAL DE LA POLICIA NACIONAL N° 276-2018-DIRGEN/SUB.DG-PNP 23JUL2018,15,LIMA,1501,LIMA,150114,LA MOLINA,13R1M,DIVPOL ESTE 2,13,LIMA,13R1,LIMA,-12.077342925,-76.9165733
1244,C,0448,2150,CPNP SANTA FELICIA,B,220026,UTM / 18 SUR / WGS84,LIMAMETRO,APROBADO CON RESOLUCION DE DIRECCION GENERAL DE LA POLICIA NACIONAL N° 276-2018-DIRGEN/SUB.DG-PNP 23JUL2018,15,LIMA,1501,LIMA,150114,LA MOLINA,13R1M,DIVPOL ESTE 2,13,LIMA,13R1,LIMA,-12.072276128,-76.955200738
1245,C,3001,2152,CPNP LAS PRADERAS,B,220029,UTM / 18 SUR / WGS84,LIMAMETRO,APROBADO CON RESOLUCION DE DIRECCION GENERAL DE LA POLICIA NACIONAL N° 276-2018-DIRGEN/SUB.DG-PNP 23JUL2018,15,LIMA,1501,LIMA,150114,LA MOLINA,13R1M,DIVPOL ESTE 2,13,LIMA,13R1,LIMA,-12.11466765,-76.937018566
1246,A,1228,6000,CPNP CALLAO,A,220500,UTM / 18 SUR / WGS84,CALLAO,APROBADO CON RESOLUCION DE COMANDANCIA GENERAL DE LA POLICIA NACIONAL N° 149-2020-CG  PNP/ SCG DEL 30MAY2020,07,CALLAO,0701,CALLAO,070101,CALLAO,06R1C,DIVOPUS 01,06,CALLAO,06R1,CALLAO,-12.05499584,-77.12895651
1247,A,1229,6004,CPNP RAMON CASTILLA,A,220521,UTM / 18 SUR / WGS84,CALLAO,APROBADO CON RESOLUCION DE COMANDANCIA GENERAL DE LA POLICIA NACIONAL N° 149-2020-CG  PNP/ SCG DEL 30MAY2020,07,CALLAO,0701,CALLAO,070101,CALLAO,06R1C,DIVOPUS 01,06,CALLAO,06R1,CALLAO,-12.04388691,-77.12400569
1248,A,1236,6018,CPNP CIUDADELA CHALACA,B,220512,UTM / 18 SUR / WGS84,CALLAO,APROBADO CON RESOLUCION DE DIRECCION GENERAL DE LA POLICIA NACIONAL N° 276-2018-DIRGEN/SUB.DG-PNP 23JUL2018,07,CALLAO,0701,CALLAO,070101,CALLAO,06R1C,DIVOPUS 01,06,CALLAO,06R1,CALLAO,-12.05028512,-77.131767841
1249,A,1239,6006,CPNP LA LEGUA,B,220506,UTM / 18 SUR / WGS84,CALLAO,APROBADO CON RESOLUCION DE DIRECCION GENERAL DE LA POLICIA NACIONAL N° 276-2018-DIRGEN/SUB.DG-PNP 23JUL2018,07,CALLAO,0701,CALLAO,070101,CALLAO,06R1C,DIVOPUS 01,06,CALLAO,06R1,CALLAO,-12.05269254,-77.09717325
1250,C,0425,2475,CPNP CHACLACAYO,B,220234,UTM / 18 SUR / WGS84,PROVINCIA,APROBADO CON RESOLUCION DE COMANDANCIA GENERAL DE LA POLICIA NACIONAL N° 149-2020-CG  PNP/ SCG DEL 30MAY2020,15,LIMA,1501,LIMA,150107,CHACLACAYO,13R1L,DIVPOL CHOSICA,13,LIMA,13R1,LIMA,-11.977026922,-76.765406239
1251,D,0524,2425,CPNP IMPERIAL,A,220286,UTM / 18 SUR / WGS84,PROVINCIA,APROBADO CON RESOLUCION DE COMANDANCIA GENERAL DE LA POLICIA NACIONAL N° 149-2020-CG  PNP/ SCG DEL 30MAY2020,15,LIMA,1505,CA├æETE,150507,IMPERIAL,13R1P,DIVPOL CA├æETE,13,LIMA,13R1,LIMA,-13.061450342,-76.353149031
1252,D,1013,4897,CPNP COISHCO,B,222252,UTM / 17 SUR / WGS84,ANCASH,APROBADO CON RESOLUCION DE COMANDANCIA GENERAL DE LA POLICIA NACIONAL N° 149-2020-CG  PNP/ SCG DEL 30MAY2020,02,ANCASH,0218,SANTA,021803,COISHCO,01R1A,DIVPOL CHIMBOTE,01,ANCASH,01R1,ANCASH,-9.02077603,-78.615386081
1253,D,1242,6002,CPNP LA PUNTA,B,220503,UTM / 18 SUR / WGS84,CALLAO,APROBADO CON RESOLUCION DE DIRECCION GENERAL DE LA POLICIA NACIONAL N° 276-2018-DIRGEN/SUB.DG-PNP 23JUL2018,07,CALLAO,0701,CALLAO,070105,LA PUNTA,06R1C,DIVOPUS 01,06,CALLAO,06R1,CALLAO,-12.06825289,-77.15787094
1254,A,1005,4884,CPNP CHIMBOTE,A,222211,UTM / 17 SUR / WGS84,ANCASH,APROBADO CON RESOLUCION DE COMANDANCIA GENERAL DE LA POLICIA NACIONAL N° 149-2020-CG  PNP/ SCG DEL 30MAY2020,02,ANCASH,0218,SANTA,021801,CHIMBOTE,01R1A,DIVPOL CHIMBOTE,01,ANCASH,01R1,ANCASH,-9.07316713,-78.59972883
1255,A,1007,4888,CPNP LA LIBERTAD,A,222217,UTM / 17 SUR / WGS84,ANCASH,APROBADO CON RESOLUCION DE COMANDANCIA GENERAL DE LA POLICIA NACIONAL N° 149-2020-CG  PNP/ SCG DEL 30MAY2020,02,ANCASH,0218,SANTA,021801,CHIMBOTE,01R1A,DIVPOL CHIMBOTE,01,ANCASH,01R1,ANCASH,-9.08680986,-78.57513493
1256,A,1008,4890,CPNP ALTO PERU,B,222220,UTM / 17 SUR / WGS84,ANCASH,APROBADO CON RESOLUCION DE COMANDANCIA GENERAL DE LA POLICIA NACIONAL N° 149-2020-CG  PNP/ SCG DEL 30MAY2020,02,ANCASH,0218,SANTA,021801,CHIMBOTE,01R1A,DIVPOL CHIMBOTE,01,ANCASH,01R1,ANCASH,-9.07815078,-78.57348137
1257,A,1009,4886,CPNP 21 DE ABRIL,A,222214,UTM / 17 SUR / WGS84,ANCASH,APROBADO CON RESOLUCION DE COMANDANCIA GENERAL DE LA POLICIA NACIONAL N° 149-2020-CG  PNP/ SCG DEL 30MAY2020,02,ANCASH,0218,SANTA,021801,CHIMBOTE,01R1A,DIVPOL CHIMBOTE,01,ANCASH,01R1,ANCASH,-9.068087806,-78.583951157
1258,A,1010,4900,CPNP RINCONADA,D,222255,UTM / 17 SUR / WGS84,ANCASH,APROBADO CON RESOLUCION DE COMANDANCIA GENERAL DE LA POLICIA NACIONAL N° 149-2020-CG  PNP/ SCG DEL 30MAY2020,02,ANCASH,0218,SANTA,021801,CHIMBOTE,01R1A,DIVPOL CHIMBOTE,01,ANCASH,01R1,ANCASH,-8.89314999,-78.566324899
1259,A,3003,4892,CPNP SAN PEDRO,B,222223,UTM / 17 SUR / WGS84,ANCASH,APROBADO CON RESOLUCION DE COMANDANCIA GENERAL DE LA POLICIA NACIONAL N° 149-2020-CG  PNP/ SCG DEL 30MAY2020,02,ANCASH,0218,SANTA,021801,CHIMBOTE,01R1A,DIVPOL CHIMBOTE,01,ANCASH,01R1,ANCASH,-9.049111539,-78.58684341
1260,A,8001,4933,CPNP TAMBO REAL NUEVO,D,222258,UTM / 17 SUR / WGS84,ANCASH,APROBADO CON RESOLUCION DE COMANDANCIA GENERAL DE LA POLICIA NACIONAL N° 149-2020-CG  PNP/ SCG DEL 30MAY2020,02,ANCASH,0218,SANTA,021801,CHIMBOTE,01R1A,DIVPOL CHIMBOTE,01,ANCASH,01R1,ANCASH,-8.964803901,-78.58551042
1261,C,0499,2120,CPNP SANTA ANITA,A,220008,UTM / 18 SUR / WGS84,LIMAMETRO,APROBADO CON RESOLUCION DE DIRECCION GENERAL DE LA POLICIA NACIONAL N° 276-2018-DIRGEN/SUB.DG-PNP 23JUL2018,15,LIMA,1501,LIMA,150137,SANTA ANITA,13R1M,DIVPOL ESTE 2,13,LIMA,13R1,LIMA,-12.044732107,-76.976658973
1262,D,1237,6024,CPNP BELLAVISTA,A,220518,UTM / 18 SUR / WGS84,CALLAO,MODIFICACION PARCIAL DEL LIMITE. APROBADO CON RESOLUCION DE COMANDANCIA GENERAL DE LA POLICIA NACIONAL N° 348-2023-CG┬ÁPNP/EMG DEL 06SEP2023,07,CALLAO,0701,CALLAO,070102,BELLAVISTA,06R1C,DIVOPUS 01,06,CALLAO,06R1,CALLAO,-12.06119013,-77.12539507
1263,D,1238,6017,CPNP CIUDAD DEL PESCADOR,A,220515,UTM / 18 SUR / WGS84,CALLAO,APROBADO CON RESOLUCION DE DIRECCION GENERAL DE LA POLICIA NACIONAL N° 276-2018-DIRGEN/SUB.DG-PNP 23JUL2018,07,CALLAO,0701,CALLAO,070102,BELLAVISTA,06R1C,DIVOPUS 01,06,CALLAO,06R1,CALLAO,-12.05898604,-77.10533005
1264,D,0546,2358,CPNP CRUZ BLANCA,B,220375,UTM / 18 SUR / WGS84,PROVINCIA,APROBADO CON RESOLUCION DE COMANDANCIA GENERAL DE LA POLICIA NACIONAL N° 149-2020-CG  PNP/ SCG DEL 30MAY2020,15,LIMA,1508,HUAURA,150805,HUALMAY,13R1B,DIVPOL HUACHO,13,LIMA,13R1,LIMA,-11.097325578,-77.595675257
1265,D,0526,2435,CPNP MALA,B,220301,UTM / 18 SUR / WGS84,PROVINCIA,APROBADO CON RESOLUCION DE COMANDANCIA GENERAL DE LA POLICIA NACIONAL N° 149-2020-CG  PNP/ SCG DEL 30MAY2020,15,LIMA,1505,CA├æETE,150509,MALA,13R1P,DIVPOL CA├æETE,13,LIMA,13R1,LIMA,-12.6574229,-76.632562406
1266,A,0405,1995,CPNP ALFONSO UGARTE,A,219864,UTM / 18 SUR / WGS84,LIMAMETRO,APROBADO CON RESOLUCION DE DIRECCION GENERAL DE LA POLICIA NACIONAL N° 276-2018-DIRGEN/SUB.DG-PNP 23JUL2018,15,LIMA,1501,LIMA,150101,LIMA,13R1G,DIVPOL CENTRO 1,13,LIMA,13R1,LIMA,-12.057295001,-77.041423
1267,A,0406,2005,CPNP CONDE DE LA VEGA,A,219870,UTM / 18 SUR / WGS84,LIMAMETRO,APROBADO CON RESOLUCION DE DIRECCION GENERAL DE LA POLICIA NACIONAL N° 276-2018-DIRGEN/SUB.DG-PNP 23JUL2018,15,LIMA,1501,LIMA,150101,LIMA,13R1G,DIVPOL CENTRO 1,13,LIMA,13R1,LIMA,-12.03840667,-77.053254999
1268,A,0407,1990,CPNP COTABAMBAS,A,219861,UTM / 18 SUR / WGS84,LIMAMETRO,APROBADO CON RESOLUCION DE DIRECCION GENERAL DE LA POLICIA NACIONAL N° 276-2018-DIRGEN/SUB.DG-PNP 23JUL2018,15,LIMA,1501,LIMA,150101,LIMA,13R1G,DIVPOL CENTRO 1,13,LIMA,13R1,LIMA,-12.058031357,-77.034140845
1269,A,0408,2015,CPNP UNIDAD VECINAL MIRONES ALTO,B,219876,UTM / 18 SUR / WGS84,LIMAMETRO,APROBADO CON RESOLUCION DE DIRECCION GENERAL DE LA POLICIA NACIONAL N° 276-2018-DIRGEN/SUB.DG-PNP 23JUL2018,15,LIMA,1501,LIMA,150101,LIMA,13R1G,DIVPOL CENTRO 1,13,LIMA,13R1,LIMA,-12.05120429,-77.06746387
1270,A,0409,2020,CPNP UNIDAD VECINAL MIRONES BAJO,B,219879,UTM / 18 SUR / WGS84,LIMAMETRO,APROBADO CON RESOLUCION DE DIRECCION GENERAL DE LA POLICIA NACIONAL N° 276-2018-DIRGEN/SUB.DG-PNP 23JUL2018,15,LIMA,1501,LIMA,150101,LIMA,13R1G,DIVPOL CENTRO 1,13,LIMA,13R1,LIMA,-12.036872337,-77.075545046
1271,A,0410,1997,CPNP MONSERRATE,A,219855,UTM / 18 SUR / WGS84,LIMAMETRO,APROBADO CON RESOLUCION DE DIRECCION GENERAL DE LA POLICIA NACIONAL N° 276-2018-DIRGEN/SUB.DG-PNP 23JUL2018,15,LIMA,1501,LIMA,150101,LIMA,13R1G,DIVPOL CENTRO 1,13,LIMA,13R1,LIMA,-12.041341413,-77.039257417
1272,A,0411,2025,CPNP PALOMINO,B,219882,UTM / 18 SUR / WGS84,LIMAMETRO,APROBADO CON RESOLUCION DE DIRECCION GENERAL DE LA POLICIA NACIONAL N° 276-2018-DIRGEN/SUB.DG-PNP 23JUL2018,15,LIMA,1501,LIMA,150101,LIMA,13R1G,DIVPOL CENTRO 1,13,LIMA,13R1,LIMA,-12.060106809,-77.07251405
1273,A,0412,2000,CPNP PETIT THOUARS,A,219867,UTM / 18 SUR / WGS84,LIMAMETRO,APROBADO CON RESOLUCION DE DIRECCION GENERAL DE LA POLICIA NACIONAL N° 276-2018-DIRGEN/SUB.DG-PNP 23JUL2018,15,LIMA,1501,LIMA,150101,LIMA,13R1G,DIVPOL CENTRO 1,13,LIMA,13R1,LIMA,-12.068900883,-77.03536776
1274,A,0413,1985,CPNP SAN ANDRES,A,219858,UTM / 18 SUR / WGS84,LIMAMETRO,APROBADO CON RESOLUCION DE DIRECCION GENERAL DE LA POLICIA NACIONAL N° 276-2018-DIRGEN/SUB.DG-PNP 23JUL2018,15,LIMA,1501,LIMA,150101,LIMA,13R1G,DIVPOL CENTRO 1,13,LIMA,13R1,LIMA,-12.051195327,-77.023580144
1275,A,0414,2010,CPNP UNIDAD VECINAL 3,B,219873,UTM / 18 SUR / WGS84,LIMAMETRO,APROBADO CON RESOLUCION DE DIRECCION GENERAL DE LA POLICIA NACIONAL N° 276-2018-DIRGEN/SUB.DG-PNP 23JUL2018,15,LIMA,1501,LIMA,150101,LIMA,13R1G,DIVPOL CENTRO 1,13,LIMA,13R1,LIMA,-12.05140138,-77.0818641
1276,D,0547,2352,CPNP HUAURA,B,220366,UTM / 18 SUR / WGS84,PROVINCIA,APROBADO CON RESOLUCION DE COMANDANCIA GENERAL DE LA POLICIA NACIONAL N° 149-2020-CG  PNP/ SCG DEL 30MAY2020,15,LIMA,1508,HUAURA,150806,HUAURA,13R1B,DIVPOL HUACHO,13,LIMA,13R1,LIMA,-11.068191865,-77.599145969
1277,C,0430,2155,CPNP CIENEGUILLA,B,220032,UTM / 18 SUR / WGS84,LIMAMETRO,APROBADO CON RESOLUCION DE DIRECCION GENERAL DE LA POLICIA NACIONAL N° 276-2018-DIRGEN/SUB.DG-PNP 23JUL2018,15,LIMA,1501,LIMA,150109,CIENEGUILLA,13R1M,DIVPOL ESTE 2,13,LIMA,13R1,LIMA,-12.115782,-76.81287
1278,A,0545,2350,CPNP HUACHO,A,220363,UTM / 18 SUR / WGS84,PROVINCIA,APROBADO CON RESOLUCION DE COMANDANCIA GENERAL DE LA POLICIA NACIONAL N° 149-2020-CG  PNP/ SCG DEL 30MAY2020,15,LIMA,1508,HUAURA,150801,HUACHO,13R1B,DIVPOL HUACHO,13,LIMA,13R1,LIMA,-11.109682145,-77.607732447
1279,C,0417,2130,CPNP SANTA CLARA,B,220017,UTM / 18 SUR / WGS84,LIMAMETRO,APROBADO CON RESOLUCION DE DIRECCION GENERAL DE LA POLICIA NACIONAL N° 276-2018-DIRGEN/SUB.DG-PNP 23JUL2018,15,LIMA,1501,LIMA,150103,ATE,13R1M,DIVPOL ESTE 2,13,LIMA,13R1,LIMA,-12.016719067,-76.884163845
1280,C,0418,2125,CPNP VITARTE,A,220011,UTM / 18 SUR / WGS84,LIMAMETRO,APROBADO CON RESOLUCION DE DIRECCION GENERAL DE LA POLICIA NACIONAL N° 276-2018-DIRGEN/SUB.DG-PNP 23JUL2018,15,LIMA,1501,LIMA,150103,ATE,13R1M,DIVPOL ESTE 2,13,LIMA,13R1,LIMA,-12.02603843,-76.91956512
1281,C,0419,2135,CPNP HUAYCAN,A,220014,UTM / 18 SUR / WGS84,LIMAMETRO,APROBADO CON RESOLUCION DE DIRECCION GENERAL DE LA POLICIA NACIONAL N° 276-2018-DIRGEN/SUB.DG-PNP 23JUL2018,15,LIMA,1501,LIMA,150103,ATE,13R1M,DIVPOL ESTE 2,13,LIMA,13R1,LIMA,-12.012224896,-76.827442924
1282,C,0416,2140,CPNP SALAMANCA,B,220020,UTM / 18 SUR / WGS84,LIMAMETRO,APROBADO CON RESOLUCION DE DIRECCION GENERAL DE LA POLICIA NACIONAL N° 276-2018-DIRGEN/SUB.DG-PNP 23JUL2018,15,LIMA,1501,LIMA,150103,ATE,13R1M,DIVPOL ESTE 2,13,LIMA,13R1,LIMA,-12.075689877,-76.988698394
1283,A,0519,2400,CPNP SAN VICENTE,A,220283,UTM / 18 SUR / WGS84,PROVINCIA,APROBADO CON RESOLUCION DE COMANDANCIA GENERAL DE LA POLICIA NACIONAL N° 149-2020-CG  PNP/ SCG DEL 30MAY2020,15,LIMA,1505,CA├æETE,150501,SAN VICENTE DE CA├æETE,13R1P,DIVPOL CA├æETE,13,LIMA,13R1,LIMA,-13.078363993,-76.388938641
1284,C,0465,2160,CPNP MANCHAY,B,220035,UTM / 18 SUR / WGS84,LIMAMETRO,MODIFICACION PARCIAL DEL LIMITE. APROBADO CON RESOLUCION DE COMANDANCIA GENERAL DE LA POLICIA NACIONAL N° 348-2023-CG┬ÁPNP/EMG DEL 06SEP2023,15,LIMA,1501,LIMA,150123,PACHACAMAC,13R1M,DIVPOL ESTE 2,13,LIMA,13R1,LIMA,-12.116077276,-76.870170355
1285,C,0455,2472,CPNP CHOSICA,A,220231,UTM / 18 SUR / WGS84,PROVINCIA,APROBADO CON RESOLUCION DE COMANDANCIA GENERAL DE LA POLICIA NACIONAL N° 149-2020-CG  PNP/ SCG DEL 30MAY2020,15,LIMA,1501,LIMA,150118,LURIGANCHO,13R1L,DIVPOL CHOSICA,13,LIMA,13R1,LIMA,-11.938776785,-76.696691663
1286,F,0978,4926,CPNP YAUTAN,D,222246,UTM / 18 SUR / WGS84,ANCASH,APROBADO CON RESOLUCION DE COMANDANCIA GENERAL DE LA POLICIA NACIONAL N° 149-2020-CG  PNP/ SCG DEL 30MAY2020,02,ANCASH,0208,CASMA,020804,YAUTAN,01R1A,DIVPOL CHIMBOTE,01,ANCASH,01R1,ANCASH,-9.51186771,-77.996844089
1287,G,1021,4912,CPNP PAMPAROMAS,D,222232,UTM / 18 SUR / WGS84,ANCASH,APROBADO CON RESOLUCION DE COMANDANCIA GENERAL DE LA POLICIA NACIONAL N° 149-2020-CG  PNP/ SCG DEL 30MAY2020,02,ANCASH,0212,HUAYLAS,021206,PAMPAROMAS,01R1A,DIVPOL CHIMBOTE,01,ANCASH,01R1,ANCASH,-9.07304774,-77.98176549
1288,F,0996,4940,CPNP CONCHUCOS,D,222262,UTM / 18 SUR / WGS84,ANCASH,APROBADO CON RESOLUCION DE COMANDANCIA GENERAL DE LA POLICIA NACIONAL N° 149-2020-CG  PNP/ SCG DEL 30MAY2020,02,ANCASH,0215,PALLASCA,021503,CONCHUCOS,01R1A,DIVPOL CHIMBOTE,01,ANCASH,01R1,ANCASH,-8.26857021,-77.852885439
1289,F,0997,4944,CPNP PALLASCA,D,222264,UTM / 17 SUR / WGS84,ANCASH,APROBADO CON RESOLUCION DE COMANDANCIA GENERAL DE LA POLICIA NACIONAL N° 149-2020-CG  PNP/ SCG DEL 30MAY2020,02,ANCASH,0215,PALLASCA,021508,PALLASCA,01R1A,DIVPOL CHIMBOTE,01,ANCASH,01R1,ANCASH,-8.2533235,-77.99931748
1290,F,0998,4942,CPNP PAMPAS,D,222263,UTM / 18 SUR / WGS84,ANCASH,APROBADO CON RESOLUCION DE COMANDANCIA GENERAL DE LA POLICIA NACIONAL N° 149-2020-CG  PNP/ SCG DEL 30MAY2020,02,ANCASH,0215,PALLASCA,021509,PAMPAS,01R1A,DIVPOL CHIMBOTE,01,ANCASH,01R1,ANCASH,-8.195326551,-77.89563405
1291,F,0999,4946,CPNP TAUCA,E,222265,UTM / 17 SUR / WGS84,ANCASH,APROBADO CON RESOLUCION DE COMANDANCIA GENERAL DE LA POLICIA NACIONAL N° 149-2020-CG  PNP/ SCG DEL 30MAY2020,02,ANCASH,0215,PALLASCA,021511,TAUCA,01R1A,DIVPOL CHIMBOTE,01,ANCASH,01R1,ANCASH,-8.469971379,-78.0374566
1292,F,1015,4920,CPNP MORO,D,222238,UTM / 17 SUR / WGS84,ANCASH,APROBADO CON RESOLUCION DE COMANDANCIA GENERAL DE LA POLICIA NACIONAL N° 149-2020-CG  PNP/ SCG DEL 30MAY2020,02,ANCASH,0218,SANTA,021805,MORO,01R1A,DIVPOL CHIMBOTE,01,ANCASH,01R1,ANCASH,-9.13960773,-78.18411358
1293,G,1025,4928,CPNP QUILLO,D,222248,UTM / 17 SUR / WGS84,ANCASH,APROBADO CON RESOLUCION DE COMANDANCIA GENERAL DE LA POLICIA NACIONAL N° 149-2020-CG  PNP/ SCG DEL 30MAY2020,02,ANCASH,0220,YUNGAY,022005,QUILLO,01R1A,DIVPOL CHIMBOTE,01,ANCASH,01R1,ANCASH,-9.32881929,-78.04205217
1294,B,0995,4935,CPNP CABANA,C,222259,UTM / 17 SUR / WGS84,ANCASH,APROBADO CON RESOLUCION DE COMANDANCIA GENERAL DE LA POLICIA NACIONAL N° 149-2020-CG  PNP/ SCG DEL 30MAY2020,02,ANCASH,0215,PALLASCA,021501,CABANA,01R1A,DIVPOL CHIMBOTE,01,ANCASH,01R1,ANCASH,-8.392918,-78.008577
1295,E,1016,4914,CPNP NEPE├æA,D,222233,UTM / 17 SUR / WGS84,ANCASH,APROBADO CON RESOLUCION DE COMANDANCIA GENERAL DE LA POLICIA NACIONAL N° 149-2020-CG  PNP/ SCG DEL 30MAY2020,02,ANCASH,0218,SANTA,021806,NEPE├æA,01R1A,DIVPOL CHIMBOTE,01,ANCASH,01R1,ANCASH,-9.17209654,-78.3611881
1296,E,1017,4918,CPNP SAN JACINTO,C,222235,UTM / 17 SUR / WGS84,ANCASH,APROBADO CON RESOLUCION DE COMANDANCIA GENERAL DE LA POLICIA NACIONAL N° 149-2020-CG  PNP/ SCG DEL 30MAY2020,02,ANCASH,0218,SANTA,021806,NEPE├æA,01R1A,DIVPOL CHIMBOTE,01,ANCASH,01R1,ANCASH,-9.1516017,-78.27911767
1297,E,1018,4922,CPNP SAMANCO,D,222239,UTM / 17 SUR / WGS84,ANCASH,APROBADO CON RESOLUCION DE COMANDANCIA GENERAL DE LA POLICIA NACIONAL N° 149-2020-CG  PNP/ SCG DEL 30MAY2020,02,ANCASH,0218,SANTA,021807,SAMANCO,01R1A,DIVPOL CHIMBOTE,01,ANCASH,01R1,ANCASH,-9.26170373,-78.495690229
1298,E,1019,4931,CPNP SANTA,A,222249,UTM / 17 SUR / WGS84,ANCASH,APROBADO CON RESOLUCION DE COMANDANCIA GENERAL DE LA POLICIA NACIONAL N° 149-2020-CG  PNP/ SCG DEL 30MAY2020,02,ANCASH,0218,SANTA,021808,SANTA,01R1A,DIVPOL CHIMBOTE,01,ANCASH,01R1,ANCASH,-8.98711448,-78.613164071
1299,E,0544,2498,CPNP SANTA EULALIA,B,220240,UTM / 18 SUR / WGS84,PROVINCIA,APROBADO CON RESOLUCION DE COMANDANCIA GENERAL DE LA POLICIA NACIONAL N° 149-2020-CG  PNP/ SCG DEL 30MAY2020,15,LIMA,1507,HUAROCHIRI,150728,SANTA EULALIA,13R1L,DIVPOL CHOSICA,13,LIMA,13R1,LIMA,-11.900814631,-76.664015292
1300,E,0549,2356,CPNP VEGUETA,B,220372,UTM / 18 SUR / WGS84,PROVINCIA,APROBADO CON RESOLUCION DE COMANDANCIA GENERAL DE LA POLICIA NACIONAL N° 149-2020-CG  PNP/ SCG DEL 30MAY2020,15,LIMA,1508,HUAURA,150812,VEGUETA,13R1B,DIVPOL HUACHO,13,LIMA,13R1,LIMA,-11.023358015,-77.643725253
1301,E,0522,2415,CPNP CERRO AZUL,B,220304,UTM / 18 SUR / WGS84,PROVINCIA,APROBADO CON RESOLUCION DE COMANDANCIA GENERAL DE LA POLICIA NACIONAL N° 149-2020-CG  PNP/ SCG DEL 30MAY2020,15,LIMA,1505,CA├æETE,150504,CERRO AZUL,13R1P,DIVPOL CA├æETE,13,LIMA,13R1,LIMA,-13.024851799,-76.478760703
1302,E,0523,2420,CPNP CHILCA,B,220310,UTM / 18 SUR / WGS84,PROVINCIA,APROBADO CON RESOLUCION DE COMANDANCIA GENERAL DE LA POLICIA NACIONAL N° 149-2020-CG  PNP/ SCG DEL 30MAY2020,15,LIMA,1505,CA├æETE,150505,CHILCA,13R1P,DIVPOL CA├æETE,13,LIMA,13R1,LIMA,-12.517919558,-76.737226262
1303,E,0525,2430,CPNP LUNAHUANA,B,220289,UTM / 18 SUR / WGS84,PROVINCIA,APROBADO CON RESOLUCION DE COMANDANCIA GENERAL DE LA POLICIA NACIONAL N° 149-2020-CG  PNP/ SCG DEL 30MAY2020,15,LIMA,1505,CA├æETE,150508,LUNAHUANA,13R1P,DIVPOL CA├æETE,13,LIMA,13R1,LIMA,-12.963523178,-76.140197408
1304,E,0527,2440,CPNP NUEVO IMPERIAL,B,220307,UTM / 18 SUR / WGS84,PROVINCIA,APROBADO CON RESOLUCION DE COMANDANCIA GENERAL DE LA POLICIA NACIONAL N° 149-2020-CG  PNP/ SCG DEL 30MAY2020,15,LIMA,1505,CA├æETE,150510,NUEVO IMPERIAL,13R1P,DIVPOL CA├æETE,13,LIMA,13R1,LIMA,-13.075827391,-76.319606895
1305,E,0528,2445,CPNP PUEBLO NUEVO DE CONTA,B,220313,UTM / 18 SUR / WGS84,PROVINCIA,MODIFICACION PARCIAL DEL LIMITE. APROBADO CON RESOLUCION DE COMANDANCIA GENERAL DE LA POLICIA NACIONAL N° 348-2023-CG┬ÁPNP/EMG DEL 06SEP2023,15,LIMA,1505,CA├æETE,150510,NUEVO IMPERIAL,13R1P,DIVPOL CA├æETE,13,LIMA,13R1,LIMA,-13.018169097,-76.339352924
1306,E,0530,2455,CPNP QUILMANA,C,220319,UTM / 18 SUR / WGS84,PROVINCIA,APROBADO CON RESOLUCION DE COMANDANCIA GENERAL DE LA POLICIA NACIONAL N° 149-2020-CG  PNP/ SCG DEL 30MAY2020,15,LIMA,1505,CA├æETE,150512,QUILMANA,13R1P,DIVPOL CA├æETE,13,LIMA,13R1,LIMA,-12.9495966,-76.382484698
1307,B,0538,2485,CPNP MATUCANA,B,220246,UTM / 18 SUR / WGS84,PROVINCIA,APROBADO CON RESOLUCION DE COMANDANCIA GENERAL DE LA POLICIA NACIONAL N° 149-2020-CG  PNP/ SCG DEL 30MAY2020,15,LIMA,1507,HUAROCHIRI,150701,MATUCANA,13R1L,DIVPOL CHOSICA,13,LIMA,13R1,LIMA,-11.843715041,-76.385759863
1308,E,0531,2460,CPNP SAN ANTONIO DE CA├æETE,C,220322,UTM / 18 SUR / WGS84,PROVINCIA,APROBADO CON RESOLUCION DE COMANDANCIA GENERAL DE LA POLICIA NACIONAL N° 149-2020-CG  PNP/ SCG DEL 30MAY2020,15,LIMA,1505,CA├æETE,150513,SAN ANTONIO,13R1P,DIVPOL CA├æETE,13,LIMA,13R1,LIMA,-12.642036691,-76.650662343
1309,E,0532,2465,CPNP SAN LUIS,B,220328,UTM / 18 SUR / WGS84,PROVINCIA,APROBADO CON RESOLUCION DE COMANDANCIA GENERAL DE LA POLICIA NACIONAL N° 149-2020-CG  PNP/ SCG DEL 30MAY2020,15,LIMA,1505,CA├æETE,150514,SAN LUIS,13R1P,DIVPOL CA├æETE,13,LIMA,13R1,LIMA,-13.050722335,-76.430490394
1310,E,0540,2492,CPNP HUAROCHIRI,C,220255,UTM / 18 SUR / WGS84,PROVINCIA,APROBADO CON RESOLUCION DE COMANDANCIA GENERAL DE LA POLICIA NACIONAL N° 149-2020-CG  PNP/ SCG DEL 30MAY2020,15,LIMA,1507,HUAROCHIRI,150709,HUAROCHIRI,13R1L,DIVPOL CHOSICA,13,LIMA,13R1,LIMA,-12.135190188,-76.234470773
1311,E,0541,2480,CPNP RICARDO PALMA,B,220243,UTM / 18 SUR / WGS84,PROVINCIA,APROBADO CON RESOLUCION DE COMANDANCIA GENERAL DE LA POLICIA NACIONAL N° 149-2020-CG  PNP/ SCG DEL 30MAY2020,15,LIMA,1507,HUAROCHIRI,150714,RICARDO PALMA,13R1L,DIVPOL CHOSICA,13,LIMA,13R1,LIMA,-11.923485494,-76.664772271
1312,E,0542,2494,CPNP SAN DAMIAN,C,220252,UTM / 18 SUR / WGS84,PROVINCIA,APROBADO CON RESOLUCION DE COMANDANCIA GENERAL DE LA POLICIA NACIONAL N° 149-2020-CG  PNP/ SCG DEL 30MAY2020,15,LIMA,1507,HUAROCHIRI,150718,SAN DAMIAN,13R1L,DIVPOL CHOSICA,13,LIMA,13R1,LIMA,-12.017146944,-76.391751048
1313,E,0543,2496,CPNP SAN MATEO,B,220258,UTM / 18 SUR / WGS84,PROVINCIA,APROBADO CON RESOLUCION DE COMANDANCIA GENERAL DE LA POLICIA NACIONAL N° 149-2020-CG  PNP/ SCG DEL 30MAY2020,15,LIMA,1507,HUAROCHIRI,150722,SAN MATEO,13R1L,DIVPOL CHOSICA,13,LIMA,13R1,LIMA,-11.759310915,-76.299371602
1314,E,0552,2390,CPNP CHURIN,B,220405,UTM / 18 SUR / WGS84,PROVINCIA,APROBADO CON RESOLUCION DE COMANDANCIA GENERAL DE LA POLICIA NACIONAL N° 149-2020-CG  PNP/ SCG DEL 30MAY2020,15,LIMA,1509,OYON,150906,PACHANGARA,13R1B,DIVPOL HUACHO,13,LIMA,13R1,LIMA,-10.811100991,-76.874984493
1315,B,2004,2432,CPNP YAUYOS,B,220295,UTM / 18 SUR / WGS84,PROVINCIA,APROBADO CON RESOLUCION DE COMANDANCIA GENERAL DE LA POLICIA NACIONAL N° 149-2020-CG  PNP/ SCG DEL 30MAY2020,15,LIMA,1510,YAUYOS,151001,YAUYOS,13R1P,DIVPOL CA├æETE,13,LIMA,13R1,LIMA,-12.459332484,-75.918931587
1316,F,0521,2410,CPNP CALANGO,C,220298,UTM / 18 SUR / WGS84,PROVINCIA,APROBADO CON RESOLUCION DE COMANDANCIA GENERAL DE LA POLICIA NACIONAL N° 149-2020-CG  PNP/ SCG DEL 30MAY2020,15,LIMA,1505,CA├æETE,150503,CALANGO,13R1P,DIVPOL CA├æETE,13,LIMA,13R1,LIMA,-12.526665717,-76.543762305
1317,F,0529,2450,CPNP PACARAN,B,220316,UTM / 18 SUR / WGS84,PROVINCIA,APROBADO CON RESOLUCION DE COMANDANCIA GENERAL DE LA POLICIA NACIONAL N° 149-2020-CG  PNP/ SCG DEL 30MAY2020,15,LIMA,1505,CA├æETE,150511,PACARAN,13R1P,DIVPOL CA├æETE,13,LIMA,13R1,LIMA,-12.865853128,-76.05413708
1318,F,0533,2470,CPNP ZU├æIGA,C,220334,UTM / 18 SUR / WGS84,PROVINCIA,APROBADO CON RESOLUCION DE COMANDANCIA GENERAL DE LA POLICIA NACIONAL N° 149-2020-CG  PNP/ SCG DEL 30MAY2020,15,LIMA,1505,CA├æETE,150516,ZU├æIGA,13R1P,DIVPOL CA├æETE,13,LIMA,13R1,LIMA,-12.860362588,-76.022386304
1319,F,0539,2490,CPNP CASAPALCA,C,220249,UTM / 18 SUR / WGS84,PROVINCIA,APROBADO CON RESOLUCION DE COMANDANCIA GENERAL DE LA POLICIA NACIONAL N° 149-2020-CG  PNP/ SCG DEL 30MAY2020,15,LIMA,1507,HUAROCHIRI,150705,CHICLA,13R1L,DIVPOL CHOSICA,13,LIMA,13R1,LIMA,-11.652278574,-76.235645792
1320,G,3017,2353,CPNP AMBAR,C,220381,UTM / 18 SUR / WGS84,PROVINCIA,APROBADO CON RESOLUCION DE DIRECCION GENERAL DE LA POLICIA NACIONAL N° 276-2018-DIRGEN/SUB.DG-PNP 23JUL2018,15,LIMA,1508,HUAURA,150802,AMBAR,13R1B,DIVPOL HUACHO,13,LIMA,13R1,LIMA,-10.75673483,-77.272171481
1321,F,0548,2354,CPNP SAYAN,B,220369,UTM / 18 SUR / WGS84,PROVINCIA,APROBADO CON RESOLUCION DE COMANDANCIA GENERAL DE LA POLICIA NACIONAL N° 149-2020-CG  PNP/ SCG DEL 30MAY2020,15,LIMA,1508,HUAURA,150811,SAYAN,13R1B,DIVPOL HUACHO,13,LIMA,13R1,LIMA,-11.134998887,-77.192601859
1322,F,3018,2355,CPNP SANTA ROSA,C,220378,UTM / 18 SUR / WGS84,PROVINCIA,APROBADO CON RESOLUCION DE COMANDANCIA GENERAL DE LA POLICIA NACIONAL N° 149-2020-CG  PNP/ SCG DEL 30MAY2020,15,LIMA,1508,HUAURA,150811,SAYAN,13R1B,DIVPOL HUACHO,13,LIMA,13R1,LIMA,-11.235895,-77.380955606
1323,F,5062,2471,CPNP CATAHUASI,C,220337,UTM / 18 SUR / WGS84,PROVINCIA,APROBADO CON RESOLUCION DE COMANDANCIA GENERAL DE LA POLICIA NACIONAL N° 149-2020-CG  PNP/ SCG DEL 30MAY2020,15,LIMA,1510,YAUYOS,151008,CATAHUASI,13R1P,DIVPOL CA├æETE,13,LIMA,13R1,LIMA,-12.799886107,-75.891448274
1324,F,5060,2464,CPNP SAN PEDRO DE CAPILLUCAS,C,220325,UTM / 18 SUR / WGS84,PROVINCIA,APROBADO CON RESOLUCION DE COMANDANCIA GENERAL DE LA POLICIA NACIONAL N° 149-2020-CG  PNP/ SCG DEL 30MAY2020,15,LIMA,1510,YAUYOS,151003,ALLAUCA,13R1P,DIVPOL CA├æETE,13,LIMA,13R1,LIMA,-12.707400993,-75.969158724
1325,F,5059,2466,CPNP HUANGASCAR,C,220331,UTM / 18 SUR / WGS84,PROVINCIA,APROBADO CON RESOLUCION DE DIRECCION GENERAL DE LA POLICIA NACIONAL N° 276-2018-DIRGEN/SUB.DG-PNP 23JUL2018,15,LIMA,1510,YAUYOS,151015,HUANGASCAR,13R1P,DIVPOL CA├æETE,13,LIMA,13R1,LIMA,-12.899583818,-75.832432186
1326,D,0187,1102,CPNP HUANCHACO,C,216952,UTM / 17 SUR / WGS84,LA LIBERTAD,APROBADO CON RESOLUCION DE COMANDANCIA GENERAL DE LA POLICIA NACIONAL N° 149-2020-CG  PNP/ SCG DEL 30MAY2020,13,LA LIBERTAD,1301,TRUJILLO,130104,HUANCHACO,11R1B,DIVPOL TRUJILLO,11,LA LIBERTAD,11R1,LA LIBERTAD,-8.0794644,-79.12159583
