ubigeo,dpto_hecho_new,prov_hecho,dist_hecho,indicador,valor
010101,AMAZONAS,CHACHAPOYAS,CHACHAPOYAS,denuncias_2024_2026,3775
010101,AMAZONAS,CHACHAPOYAS,CHACHAPOYAS,vehiculos_pnp,65
010101,AMAZONAS,CHACHAPOYAS,CHACHAPOYAS,vehiculos_operativos,30
010101,AMAZONAS,CHACHAPOYAS,CHACHAPOYAS,comisarias,1
010102,AMAZONAS,CHACHAPOYAS,ASUNCION,denuncias_2024_2026,14
010102,AMAZONAS,CHACHAPOYAS,ASUNCION,vehiculos_pnp,0
010102,AMAZONAS,CHACHAPOYAS,ASUNCION,vehiculos_operativos,0
010102,AMAZONAS,CHACHAPOYAS,ASUNCION,comisarias,0
010103,AMAZONAS,CHACHAPOYAS,BALSAS,denuncias_2024_2026,74
010103,AMAZONAS,CHACHAPOYAS,BALSAS,vehiculos_pnp,0
010103,AMAZONAS,CHACHAPOYAS,BALSAS,vehiculos_operativos,0
010103,AMAZONAS,CHACHAPOYAS,BALSAS,comisarias,1
010104,AMAZONAS,CHACHAPOYAS,CHETO,denuncias_2024_2026,8
010104,AMAZONAS,CHACHAPOYAS,CHETO,vehiculos_pnp,0
010104,AMAZONAS,CHACHAPOYAS,CHETO,vehiculos_operativos,0
010104,AMAZONAS,CHACHAPOYAS,CHETO,comisarias,0
010105,AMAZONAS,CHACHAPOYAS,CHILIQUIN,denuncias_2024_2026,8
010105,AMAZONAS,CHACHAPOYAS,CHILIQUIN,vehiculos_pnp,0
010105,AMAZONAS,CHACHAPOYAS,CHILIQUIN,vehiculos_operativos,0
010105,AMAZONAS,CHACHAPOYAS,CHILIQUIN,comisarias,0
010106,AMAZONAS,CHACHAPOYAS,CHUQUIBAMBA,denuncias_2024_2026,33
010106,AMAZONAS,CHACHAPOYAS,CHUQUIBAMBA,vehiculos_pnp,0
010106,AMAZONAS,CHACHAPOYAS,CHUQUIBAMBA,vehiculos_operativos,0
010106,AMAZONAS,CHACHAPOYAS,CHUQUIBAMBA,comisarias,1
010107,AMAZONAS,CHACHAPOYAS,GRANADA,denuncias_2024_2026,3
010107,AMAZONAS,CHACHAPOYAS,GRANADA,vehiculos_pnp,0
010107,AMAZONAS,CHACHAPOYAS,GRANADA,vehiculos_operativos,0
010107,AMAZONAS,CHACHAPOYAS,GRANADA,comisarias,1
010108,AMAZONAS,CHACHAPOYAS,HUANCAS,denuncias_2024_2026,13
010108,AMAZONAS,CHACHAPOYAS,HUANCAS,vehiculos_pnp,0
010108,AMAZONAS,CHACHAPOYAS,HUANCAS,vehiculos_operativos,0
010108,AMAZONAS,CHACHAPOYAS,HUANCAS,comisarias,0
010109,AMAZONAS,CHACHAPOYAS,LA JALCA,denuncias_2024_2026,162
010109,AMAZONAS,CHACHAPOYAS,LA JALCA,vehiculos_pnp,0
010109,AMAZONAS,CHACHAPOYAS,LA JALCA,vehiculos_operativos,0
010109,AMAZONAS,CHACHAPOYAS,LA JALCA,comisarias,1
010110,AMAZONAS,CHACHAPOYAS,LEIMEBAMBA,denuncias_2024_2026,110
010110,AMAZONAS,CHACHAPOYAS,LEIMEBAMBA,vehiculos_pnp,0
010110,AMAZONAS,CHACHAPOYAS,LEIMEBAMBA,vehiculos_operativos,0
010110,AMAZONAS,CHACHAPOYAS,LEIMEBAMBA,comisarias,1
010111,AMAZONAS,CHACHAPOYAS,LEVANTO,denuncias_2024_2026,5
010111,AMAZONAS,CHACHAPOYAS,LEVANTO,vehiculos_pnp,0
010111,AMAZONAS,CHACHAPOYAS,LEVANTO,vehiculos_operativos,0
010111,AMAZONAS,CHACHAPOYAS,LEVANTO,comisarias,0
010112,AMAZONAS,CHACHAPOYAS,MAGDALENA,denuncias_2024_2026,30
010112,AMAZONAS,CHACHAPOYAS,MAGDALENA,vehiculos_pnp,0
010112,AMAZONAS,CHACHAPOYAS,MAGDALENA,vehiculos_operativos,0
010112,AMAZONAS,CHACHAPOYAS,MAGDALENA,comisarias,0
010113,AMAZONAS,CHACHAPOYAS,MARISCAL CASTILLA,denuncias_2024_2026,16
010113,AMAZONAS,CHACHAPOYAS,MARISCAL CASTILLA,vehiculos_pnp,0
010113,AMAZONAS,CHACHAPOYAS,MARISCAL CASTILLA,vehiculos_operativos,0
010113,AMAZONAS,CHACHAPOYAS,MARISCAL CASTILLA,comisarias,1
010114,AMAZONAS,CHACHAPOYAS,MOLINOPAMPA,denuncias_2024_2026,70
010114,AMAZONAS,CHACHAPOYAS,MOLINOPAMPA,vehiculos_pnp,0
010114,AMAZONAS,CHACHAPOYAS,MOLINOPAMPA,vehiculos_operativos,0
010114,AMAZONAS,CHACHAPOYAS,MOLINOPAMPA,comisarias,1
010115,AMAZONAS,CHACHAPOYAS,MONTEVIDEO,denuncias_2024_2026,2
010115,AMAZONAS,CHACHAPOYAS,MONTEVIDEO,vehiculos_pnp,0
010115,AMAZONAS,CHACHAPOYAS,MONTEVIDEO,vehiculos_operativos,0
010115,AMAZONAS,CHACHAPOYAS,MONTEVIDEO,comisarias,0
010116,AMAZONAS,CHACHAPOYAS,OLLEROS,denuncias_2024_2026,2
010116,AMAZONAS,CHACHAPOYAS,OLLEROS,vehiculos_pnp,0
010116,AMAZONAS,CHACHAPOYAS,OLLEROS,vehiculos_operativos,0
010116,AMAZONAS,CHACHAPOYAS,OLLEROS,comisarias,0
010117,AMAZONAS,CHACHAPOYAS,QUINJALCA,denuncias_2024_2026,12
010117,AMAZONAS,CHACHAPOYAS,QUINJALCA,vehiculos_pnp,0
010117,AMAZONAS,CHACHAPOYAS,QUINJALCA,vehiculos_operativos,0
010117,AMAZONAS,CHACHAPOYAS,QUINJALCA,comisarias,1
010118,AMAZONAS,CHACHAPOYAS,SAN FRANCISCO DE DAGUAS,denuncias_2024_2026,39
010118,AMAZONAS,CHACHAPOYAS,SAN FRANCISCO DE DAGUAS,vehiculos_pnp,0
010118,AMAZONAS,CHACHAPOYAS,SAN FRANCISCO DE DAGUAS,vehiculos_operativos,0
010118,AMAZONAS,CHACHAPOYAS,SAN FRANCISCO DE DAGUAS,comisarias,1
010119,AMAZONAS,CHACHAPOYAS,SAN ISIDRO DE MAINO,denuncias_2024_2026,11
010119,AMAZONAS,CHACHAPOYAS,SAN ISIDRO DE MAINO,vehiculos_pnp,0
010119,AMAZONAS,CHACHAPOYAS,SAN ISIDRO DE MAINO,vehiculos_operativos,0
010119,AMAZONAS,CHACHAPOYAS,SAN ISIDRO DE MAINO,comisarias,0
010120,AMAZONAS,CHACHAPOYAS,SOLOCO,denuncias_2024_2026,12
010120,AMAZONAS,CHACHAPOYAS,SOLOCO,vehiculos_pnp,0
010120,AMAZONAS,CHACHAPOYAS,SOLOCO,vehiculos_operativos,0
010120,AMAZONAS,CHACHAPOYAS,SOLOCO,comisarias,0
010121,AMAZONAS,CHACHAPOYAS,SONCHE,denuncias_2024_2026,4
010121,AMAZONAS,CHACHAPOYAS,SONCHE,vehiculos_pnp,0
010121,AMAZONAS,CHACHAPOYAS,SONCHE,vehiculos_operativos,0
010121,AMAZONAS,CHACHAPOYAS,SONCHE,comisarias,0
010201,AMAZONAS,BAGUA,BAGUA,denuncias_2024_2026,2711
010201,AMAZONAS,BAGUA,BAGUA,vehiculos_pnp,10
010201,AMAZONAS,BAGUA,BAGUA,vehiculos_operativos,6
010201,AMAZONAS,BAGUA,BAGUA,comisarias,1
010202,AMAZONAS,BAGUA,ARAMANGO,denuncias_2024_2026,166
010202,AMAZONAS,BAGUA,ARAMANGO,vehiculos_pnp,2
010202,AMAZONAS,BAGUA,ARAMANGO,vehiculos_operativos,1
010202,AMAZONAS,BAGUA,ARAMANGO,comisarias,2
010203,AMAZONAS,BAGUA,COPALLIN,denuncias_2024_2026,89
010203,AMAZONAS,BAGUA,COPALLIN,vehiculos_pnp,2
010203,AMAZONAS,BAGUA,COPALLIN,vehiculos_operativos,1
010203,AMAZONAS,BAGUA,COPALLIN,comisarias,1
010204,AMAZONAS,BAGUA,EL PARCO,denuncias_2024_2026,15
010204,AMAZONAS,BAGUA,EL PARCO,vehiculos_pnp,0
010204,AMAZONAS,BAGUA,EL PARCO,vehiculos_operativos,0
010204,AMAZONAS,BAGUA,EL PARCO,comisarias,0
010205,AMAZONAS,BAGUA,IMAZA,denuncias_2024_2026,261
010205,AMAZONAS,BAGUA,IMAZA,vehiculos_pnp,1
010205,AMAZONAS,BAGUA,IMAZA,vehiculos_operativos,1
010205,AMAZONAS,BAGUA,IMAZA,comisarias,2
010206,AMAZONAS,BAGUA,LA PECA,denuncias_2024_2026,300
010206,AMAZONAS,BAGUA,LA PECA,vehiculos_pnp,0
010206,AMAZONAS,BAGUA,LA PECA,vehiculos_operativos,0
010206,AMAZONAS,BAGUA,LA PECA,comisarias,1
010301,AMAZONAS,BONGARA,JUMBILLA,denuncias_2024_2026,139
010301,AMAZONAS,BONGARA,JUMBILLA,vehiculos_pnp,2
010301,AMAZONAS,BONGARA,JUMBILLA,vehiculos_operativos,1
010301,AMAZONAS,BONGARA,JUMBILLA,comisarias,1
010302,AMAZONAS,BONGARA,CHISQUILLA,denuncias_2024_2026,7
010302,AMAZONAS,BONGARA,CHISQUILLA,vehiculos_pnp,0
010302,AMAZONAS,BONGARA,CHISQUILLA,vehiculos_operativos,0
010302,AMAZONAS,BONGARA,CHISQUILLA,comisarias,0
010303,AMAZONAS,BONGARA,CHURUJA,denuncias_2024_2026,12
010303,AMAZONAS,BONGARA,CHURUJA,vehiculos_pnp,0
010303,AMAZONAS,BONGARA,CHURUJA,vehiculos_operativos,0
010303,AMAZONAS,BONGARA,CHURUJA,comisarias,1
010304,AMAZONAS,BONGARA,COROSHA,denuncias_2024_2026,2
010304,AMAZONAS,BONGARA,COROSHA,vehiculos_pnp,0
010304,AMAZONAS,BONGARA,COROSHA,vehiculos_operativos,0
010304,AMAZONAS,BONGARA,COROSHA,comisarias,0
010305,AMAZONAS,BONGARA,CUISPES,denuncias_2024_2026,7
010305,AMAZONAS,BONGARA,CUISPES,vehiculos_pnp,0
010305,AMAZONAS,BONGARA,CUISPES,vehiculos_operativos,0
010305,AMAZONAS,BONGARA,CUISPES,comisarias,0
010306,AMAZONAS,BONGARA,FLORIDA,denuncias_2024_2026,205
010306,AMAZONAS,BONGARA,FLORIDA,vehiculos_pnp,4
010306,AMAZONAS,BONGARA,FLORIDA,vehiculos_operativos,2
010306,AMAZONAS,BONGARA,FLORIDA,comisarias,1
010307,AMAZONAS,BONGARA,JAZAN,denuncias_2024_2026,608
010307,AMAZONAS,BONGARA,JAZAN,vehiculos_pnp,12
010307,AMAZONAS,BONGARA,JAZAN,vehiculos_operativos,9
010307,AMAZONAS,BONGARA,JAZAN,comisarias,1
010308,AMAZONAS,BONGARA,RECTA,denuncias_2024_2026,2
010308,AMAZONAS,BONGARA,RECTA,vehiculos_pnp,0
010308,AMAZONAS,BONGARA,RECTA,vehiculos_operativos,0
010308,AMAZONAS,BONGARA,RECTA,comisarias,0
010309,AMAZONAS,BONGARA,SAN CARLOS,denuncias_2024_2026,13
010309,AMAZONAS,BONGARA,SAN CARLOS,vehiculos_pnp,0
010309,AMAZONAS,BONGARA,SAN CARLOS,vehiculos_operativos,0
010309,AMAZONAS,BONGARA,SAN CARLOS,comisarias,0
010310,AMAZONAS,BONGARA,SHIPASBAMBA,denuncias_2024_2026,5
010310,AMAZONAS,BONGARA,SHIPASBAMBA,vehiculos_pnp,0
010310,AMAZONAS,BONGARA,SHIPASBAMBA,vehiculos_operativos,0
010310,AMAZONAS,BONGARA,SHIPASBAMBA,comisarias,0
010311,AMAZONAS,BONGARA,VALERA,denuncias_2024_2026,31
010311,AMAZONAS,BONGARA,VALERA,vehiculos_pnp,1
010311,AMAZONAS,BONGARA,VALERA,vehiculos_operativos,0
010311,AMAZONAS,BONGARA,VALERA,comisarias,1
010312,AMAZONAS,BONGARA,YAMBRASBAMBA,denuncias_2024_2026,133
010312,AMAZONAS,BONGARA,YAMBRASBAMBA,vehiculos_pnp,0
010312,AMAZONAS,BONGARA,YAMBRASBAMBA,vehiculos_operativos,0
010312,AMAZONAS,BONGARA,YAMBRASBAMBA,comisarias,1
010401,AMAZONAS,CONDORCANQUI,NIEVA,denuncias_2024_2026,708
010401,AMAZONAS,CONDORCANQUI,NIEVA,vehiculos_pnp,3
010401,AMAZONAS,CONDORCANQUI,NIEVA,vehiculos_operativos,3
010401,AMAZONAS,CONDORCANQUI,NIEVA,comisarias,1
010402,AMAZONAS,CONDORCANQUI,EL CENEPA,denuncias_2024_2026,12
010402,AMAZONAS,CONDORCANQUI,EL CENEPA,vehiculos_pnp,0
010402,AMAZONAS,CONDORCANQUI,EL CENEPA,vehiculos_operativos,0
010402,AMAZONAS,CONDORCANQUI,EL CENEPA,comisarias,0
010403,AMAZONAS,CONDORCANQUI,RIO SANTIAGO,denuncias_2024_2026,13
010403,AMAZONAS,CONDORCANQUI,RIO SANTIAGO,vehiculos_pnp,0
010403,AMAZONAS,CONDORCANQUI,RIO SANTIAGO,vehiculos_operativos,0
010403,AMAZONAS,CONDORCANQUI,RIO SANTIAGO,comisarias,0
010501,AMAZONAS,LUYA,LAMUD,denuncias_2024_2026,233
010501,AMAZONAS,LUYA,LAMUD,vehiculos_pnp,3
010501,AMAZONAS,LUYA,LAMUD,vehiculos_operativos,1
010501,AMAZONAS,LUYA,LAMUD,comisarias,1
010502,AMAZONAS,LUYA,CAMPORREDONDO,denuncias_2024_2026,191
010502,AMAZONAS,LUYA,CAMPORREDONDO,vehiculos_pnp,1
010502,AMAZONAS,LUYA,CAMPORREDONDO,vehiculos_operativos,1
010502,AMAZONAS,LUYA,CAMPORREDONDO,comisarias,1
010503,AMAZONAS,LUYA,COCABAMBA,denuncias_2024_2026,16
010503,AMAZONAS,LUYA,COCABAMBA,vehiculos_pnp,0
010503,AMAZONAS,LUYA,COCABAMBA,vehiculos_operativos,0
010503,AMAZONAS,LUYA,COCABAMBA,comisarias,1
010504,AMAZONAS,LUYA,COLCAMAR,denuncias_2024_2026,81
010504,AMAZONAS,LUYA,COLCAMAR,vehiculos_pnp,1
010504,AMAZONAS,LUYA,COLCAMAR,vehiculos_operativos,1
010504,AMAZONAS,LUYA,COLCAMAR,comisarias,1
010505,AMAZONAS,LUYA,CONILA,denuncias_2024_2026,26
010505,AMAZONAS,LUYA,CONILA,vehiculos_pnp,0
010505,AMAZONAS,LUYA,CONILA,vehiculos_operativos,0
010505,AMAZONAS,LUYA,CONILA,comisarias,0
010506,AMAZONAS,LUYA,INGUILPATA,denuncias_2024_2026,13
010506,AMAZONAS,LUYA,INGUILPATA,vehiculos_pnp,1
010506,AMAZONAS,LUYA,INGUILPATA,vehiculos_operativos,0
010506,AMAZONAS,LUYA,INGUILPATA,comisarias,1
010507,AMAZONAS,LUYA,LONGUITA,denuncias_2024_2026,10
010507,AMAZONAS,LUYA,LONGUITA,vehiculos_pnp,0
010507,AMAZONAS,LUYA,LONGUITA,vehiculos_operativos,0
010507,AMAZONAS,LUYA,LONGUITA,comisarias,0
010508,AMAZONAS,LUYA,LONYA CHICO,denuncias_2024_2026,6
010508,AMAZONAS,LUYA,LONYA CHICO,vehiculos_pnp,0
010508,AMAZONAS,LUYA,LONYA CHICO,vehiculos_operativos,0
010508,AMAZONAS,LUYA,LONYA CHICO,comisarias,0
010509,AMAZONAS,LUYA,LUYA,denuncias_2024_2026,245
010509,AMAZONAS,LUYA,LUYA,vehiculos_pnp,4
010509,AMAZONAS,LUYA,LUYA,vehiculos_operativos,0
010509,AMAZONAS,LUYA,LUYA,comisarias,1
010510,AMAZONAS,LUYA,LUYA VIEJO,denuncias_2024_2026,14
010510,AMAZONAS,LUYA,LUYA VIEJO,vehiculos_pnp,0
010510,AMAZONAS,LUYA,LUYA VIEJO,vehiculos_operativos,0
010510,AMAZONAS,LUYA,LUYA VIEJO,comisarias,0
010511,AMAZONAS,LUYA,MARIA,denuncias_2024_2026,14
010511,AMAZONAS,LUYA,MARIA,vehiculos_pnp,0
010511,AMAZONAS,LUYA,MARIA,vehiculos_operativos,0
010511,AMAZONAS,LUYA,MARIA,comisarias,0
010512,AMAZONAS,LUYA,OCALLI,denuncias_2024_2026,102
010512,AMAZONAS,LUYA,OCALLI,vehiculos_pnp,1
010512,AMAZONAS,LUYA,OCALLI,vehiculos_operativos,1
010512,AMAZONAS,LUYA,OCALLI,comisarias,1
010513,AMAZONAS,LUYA,OCUMAL,denuncias_2024_2026,99
010513,AMAZONAS,LUYA,OCUMAL,vehiculos_pnp,0
010513,AMAZONAS,LUYA,OCUMAL,vehiculos_operativos,0
010513,AMAZONAS,LUYA,OCUMAL,comisarias,2
010514,AMAZONAS,LUYA,PISUQUIA,denuncias_2024_2026,34
010514,AMAZONAS,LUYA,PISUQUIA,vehiculos_pnp,0
010514,AMAZONAS,LUYA,PISUQUIA,vehiculos_operativos,0
010514,AMAZONAS,LUYA,PISUQUIA,comisarias,0
010515,AMAZONAS,LUYA,PROVIDENCIA,denuncias_2024_2026,37
010515,AMAZONAS,LUYA,PROVIDENCIA,vehiculos_pnp,0
010515,AMAZONAS,LUYA,PROVIDENCIA,vehiculos_operativos,0
010515,AMAZONAS,LUYA,PROVIDENCIA,comisarias,0
010516,AMAZONAS,LUYA,SAN CRISTOBAL,denuncias_2024_2026,14
010516,AMAZONAS,LUYA,SAN CRISTOBAL,vehiculos_pnp,0
010516,AMAZONAS,LUYA,SAN CRISTOBAL,vehiculos_operativos,0
010516,AMAZONAS,LUYA,SAN CRISTOBAL,comisarias,0
010517,AMAZONAS,LUYA,SAN FRANCISCO DEL YESO,denuncias_2024_2026,9
010517,AMAZONAS,LUYA,SAN FRANCISCO DEL YESO,vehiculos_pnp,0
010517,AMAZONAS,LUYA,SAN FRANCISCO DEL YESO,vehiculos_operativos,0
010517,AMAZONAS,LUYA,SAN FRANCISCO DEL YESO,comisarias,0
010518,AMAZONAS,LUYA,SAN JERONIMO,denuncias_2024_2026,13
010518,AMAZONAS,LUYA,SAN JERONIMO,vehiculos_pnp,0
010518,AMAZONAS,LUYA,SAN JERONIMO,vehiculos_operativos,0
010518,AMAZONAS,LUYA,SAN JERONIMO,comisarias,0
010520,AMAZONAS,LUYA,SANTA CATALINA,denuncias_2024_2026,18
010520,AMAZONAS,LUYA,SANTA CATALINA,vehiculos_pnp,0
010520,AMAZONAS,LUYA,SANTA CATALINA,vehiculos_operativos,0
010520,AMAZONAS,LUYA,SANTA CATALINA,comisarias,0
010521,AMAZONAS,LUYA,SANTO TOMAS,denuncias_2024_2026,46
010521,AMAZONAS,LUYA,SANTO TOMAS,vehiculos_pnp,1
010521,AMAZONAS,LUYA,SANTO TOMAS,vehiculos_operativos,1
010521,AMAZONAS,LUYA,SANTO TOMAS,comisarias,1
010522,AMAZONAS,LUYA,TINGO,denuncias_2024_2026,101
010522,AMAZONAS,LUYA,TINGO,vehiculos_pnp,2
010522,AMAZONAS,LUYA,TINGO,vehiculos_operativos,0
010522,AMAZONAS,LUYA,TINGO,comisarias,1
010523,AMAZONAS,LUYA,TRITA,denuncias_2024_2026,17
010523,AMAZONAS,LUYA,TRITA,vehiculos_pnp,0
010523,AMAZONAS,LUYA,TRITA,vehiculos_operativos,0
010523,AMAZONAS,LUYA,TRITA,comisarias,0
010601,AMAZONAS,RODRIGUEZ DE MENDOZA,SAN NICOLAS,denuncias_2024_2026,605
010601,AMAZONAS,RODRIGUEZ DE MENDOZA,SAN NICOLAS,vehiculos_pnp,3
010601,AMAZONAS,RODRIGUEZ DE MENDOZA,SAN NICOLAS,vehiculos_operativos,3
010601,AMAZONAS,RODRIGUEZ DE MENDOZA,SAN NICOLAS,comisarias,1
010602,AMAZONAS,RODRIGUEZ DE MENDOZA,CHIRIMOTO,denuncias_2024_2026,35
010602,AMAZONAS,RODRIGUEZ DE MENDOZA,CHIRIMOTO,vehiculos_pnp,2
010602,AMAZONAS,RODRIGUEZ DE MENDOZA,CHIRIMOTO,vehiculos_operativos,1
010602,AMAZONAS,RODRIGUEZ DE MENDOZA,CHIRIMOTO,comisarias,0
010603,AMAZONAS,RODRIGUEZ DE MENDOZA,COCHAMAL,denuncias_2024_2026,11
010603,AMAZONAS,RODRIGUEZ DE MENDOZA,COCHAMAL,vehiculos_pnp,0
010603,AMAZONAS,RODRIGUEZ DE MENDOZA,COCHAMAL,vehiculos_operativos,0
010603,AMAZONAS,RODRIGUEZ DE MENDOZA,COCHAMAL,comisarias,0
010604,AMAZONAS,RODRIGUEZ DE MENDOZA,HUAMBO,denuncias_2024_2026,108
010604,AMAZONAS,RODRIGUEZ DE MENDOZA,HUAMBO,vehiculos_pnp,2
010604,AMAZONAS,RODRIGUEZ DE MENDOZA,HUAMBO,vehiculos_operativos,0
010604,AMAZONAS,RODRIGUEZ DE MENDOZA,HUAMBO,comisarias,1
010605,AMAZONAS,RODRIGUEZ DE MENDOZA,LIMABAMBA,denuncias_2024_2026,78
010605,AMAZONAS,RODRIGUEZ DE MENDOZA,LIMABAMBA,vehiculos_pnp,0
010605,AMAZONAS,RODRIGUEZ DE MENDOZA,LIMABAMBA,vehiculos_operativos,0
010605,AMAZONAS,RODRIGUEZ DE MENDOZA,LIMABAMBA,comisarias,1
010606,AMAZONAS,RODRIGUEZ DE MENDOZA,LONGAR,denuncias_2024_2026,103
010606,AMAZONAS,RODRIGUEZ DE MENDOZA,LONGAR,vehiculos_pnp,1
010606,AMAZONAS,RODRIGUEZ DE MENDOZA,LONGAR,vehiculos_operativos,1
010606,AMAZONAS,RODRIGUEZ DE MENDOZA,LONGAR,comisarias,1
010607,AMAZONAS,RODRIGUEZ DE MENDOZA,MARISCAL BENAVIDES,denuncias_2024_2026,37
010607,AMAZONAS,RODRIGUEZ DE MENDOZA,MARISCAL BENAVIDES,vehiculos_pnp,0
010607,AMAZONAS,RODRIGUEZ DE MENDOZA,MARISCAL BENAVIDES,vehiculos_operativos,0
010607,AMAZONAS,RODRIGUEZ DE MENDOZA,MARISCAL BENAVIDES,comisarias,0
010608,AMAZONAS,RODRIGUEZ DE MENDOZA,MILPUC,denuncias_2024_2026,4
010608,AMAZONAS,RODRIGUEZ DE MENDOZA,MILPUC,vehiculos_pnp,0
010608,AMAZONAS,RODRIGUEZ DE MENDOZA,MILPUC,vehiculos_operativos,0
010608,AMAZONAS,RODRIGUEZ DE MENDOZA,MILPUC,comisarias,0
010609,AMAZONAS,RODRIGUEZ DE MENDOZA,OMIA,denuncias_2024_2026,188
010609,AMAZONAS,RODRIGUEZ DE MENDOZA,OMIA,vehiculos_pnp,0
010609,AMAZONAS,RODRIGUEZ DE MENDOZA,OMIA,vehiculos_operativos,0
010609,AMAZONAS,RODRIGUEZ DE MENDOZA,OMIA,comisarias,1
010610,AMAZONAS,RODRIGUEZ DE MENDOZA,SANTA ROSA,denuncias_2024_2026,37
010610,AMAZONAS,RODRIGUEZ DE MENDOZA,SANTA ROSA,vehiculos_pnp,1
010610,AMAZONAS,RODRIGUEZ DE MENDOZA,SANTA ROSA,vehiculos_operativos,0
010610,AMAZONAS,RODRIGUEZ DE MENDOZA,SANTA ROSA,comisarias,1
010611,AMAZONAS,RODRIGUEZ DE MENDOZA,TOTORA,denuncias_2024_2026,5
010611,AMAZONAS,RODRIGUEZ DE MENDOZA,TOTORA,vehiculos_pnp,0
010611,AMAZONAS,RODRIGUEZ DE MENDOZA,TOTORA,vehiculos_operativos,0
010611,AMAZONAS,RODRIGUEZ DE MENDOZA,TOTORA,comisarias,0
010612,AMAZONAS,RODRIGUEZ DE MENDOZA,VISTA ALEGRE,denuncias_2024_2026,23
010612,AMAZONAS,RODRIGUEZ DE MENDOZA,VISTA ALEGRE,vehiculos_pnp,0
010612,AMAZONAS,RODRIGUEZ DE MENDOZA,VISTA ALEGRE,vehiculos_operativos,0
010612,AMAZONAS,RODRIGUEZ DE MENDOZA,VISTA ALEGRE,comisarias,0
010701,AMAZONAS,UTCUBAMBA,BAGUA GRANDE,denuncias_2024_2026,5507
010701,AMAZONAS,UTCUBAMBA,BAGUA GRANDE,vehiculos_pnp,23
010701,AMAZONAS,UTCUBAMBA,BAGUA GRANDE,vehiculos_operativos,13
010701,AMAZONAS,UTCUBAMBA,BAGUA GRANDE,comisarias,1
010702,AMAZONAS,UTCUBAMBA,CAJARURO,denuncias_2024_2026,865
010702,AMAZONAS,UTCUBAMBA,CAJARURO,vehiculos_pnp,1
010702,AMAZONAS,UTCUBAMBA,CAJARURO,vehiculos_operativos,1
010702,AMAZONAS,UTCUBAMBA,CAJARURO,comisarias,1
010703,AMAZONAS,UTCUBAMBA,CUMBA,denuncias_2024_2026,205
010703,AMAZONAS,UTCUBAMBA,CUMBA,vehiculos_pnp,6
010703,AMAZONAS,UTCUBAMBA,CUMBA,vehiculos_operativos,5
010703,AMAZONAS,UTCUBAMBA,CUMBA,comisarias,2
010704,AMAZONAS,UTCUBAMBA,EL MILAGRO,denuncias_2024_2026,332
010704,AMAZONAS,UTCUBAMBA,EL MILAGRO,vehiculos_pnp,1
010704,AMAZONAS,UTCUBAMBA,EL MILAGRO,vehiculos_operativos,0
010704,AMAZONAS,UTCUBAMBA,EL MILAGRO,comisarias,1
010705,AMAZONAS,UTCUBAMBA,JAMALCA,denuncias_2024_2026,126
010705,AMAZONAS,UTCUBAMBA,JAMALCA,vehiculos_pnp,1
010705,AMAZONAS,UTCUBAMBA,JAMALCA,vehiculos_operativos,0
010705,AMAZONAS,UTCUBAMBA,JAMALCA,comisarias,2
010706,AMAZONAS,UTCUBAMBA,LONYA GRANDE,denuncias_2024_2026,432
010706,AMAZONAS,UTCUBAMBA,LONYA GRANDE,vehiculos_pnp,1
010706,AMAZONAS,UTCUBAMBA,LONYA GRANDE,vehiculos_operativos,1
010706,AMAZONAS,UTCUBAMBA,LONYA GRANDE,comisarias,1
010707,AMAZONAS,UTCUBAMBA,YAMON,denuncias_2024_2026,32
010707,AMAZONAS,UTCUBAMBA,YAMON,vehiculos_pnp,0
010707,AMAZONAS,UTCUBAMBA,YAMON,vehiculos_operativos,0
010707,AMAZONAS,UTCUBAMBA,YAMON,comisarias,0
020101,ANCASH,HUARAZ,HUARAZ,denuncias_2024_2026,8576
020101,ANCASH,HUARAZ,HUARAZ,vehiculos_pnp,198
020101,ANCASH,HUARAZ,HUARAZ,vehiculos_operativos,79
020101,ANCASH,HUARAZ,HUARAZ,comisarias,3
020102,ANCASH,HUARAZ,COCHABAMBA,denuncias_2024_2026,6
020102,ANCASH,HUARAZ,COCHABAMBA,vehiculos_pnp,0
020102,ANCASH,HUARAZ,COCHABAMBA,vehiculos_operativos,0
020102,ANCASH,HUARAZ,COCHABAMBA,comisarias,0
020103,ANCASH,HUARAZ,COLCABAMBA,denuncias_2024_2026,3
020103,ANCASH,HUARAZ,COLCABAMBA,vehiculos_pnp,0
020103,ANCASH,HUARAZ,COLCABAMBA,vehiculos_operativos,0
020103,ANCASH,HUARAZ,COLCABAMBA,comisarias,0
020104,ANCASH,HUARAZ,HUANCHAY,denuncias_2024_2026,3
020104,ANCASH,HUARAZ,HUANCHAY,vehiculos_pnp,0
020104,ANCASH,HUARAZ,HUANCHAY,vehiculos_operativos,0
020104,ANCASH,HUARAZ,HUANCHAY,comisarias,0
020105,ANCASH,HUARAZ,INDEPENDENCIA,denuncias_2024_2026,2175
020105,ANCASH,HUARAZ,INDEPENDENCIA,vehiculos_pnp,5
020105,ANCASH,HUARAZ,INDEPENDENCIA,vehiculos_operativos,3
020105,ANCASH,HUARAZ,INDEPENDENCIA,comisarias,1
020106,ANCASH,HUARAZ,JANGAS,denuncias_2024_2026,171
020106,ANCASH,HUARAZ,JANGAS,vehiculos_pnp,0
020106,ANCASH,HUARAZ,JANGAS,vehiculos_operativos,0
020106,ANCASH,HUARAZ,JANGAS,comisarias,0
020107,ANCASH,HUARAZ,LA LIBERTAD,denuncias_2024_2026,15
020107,ANCASH,HUARAZ,LA LIBERTAD,vehiculos_pnp,0
020107,ANCASH,HUARAZ,LA LIBERTAD,vehiculos_operativos,0
020107,ANCASH,HUARAZ,LA LIBERTAD,comisarias,0
020108,ANCASH,HUARAZ,OLLEROS,denuncias_2024_2026,6
020108,ANCASH,HUARAZ,OLLEROS,vehiculos_pnp,0
020108,ANCASH,HUARAZ,OLLEROS,vehiculos_operativos,0
020108,ANCASH,HUARAZ,OLLEROS,comisarias,0
020109,ANCASH,HUARAZ,PAMPAS,denuncias_2024_2026,17
020109,ANCASH,HUARAZ,PAMPAS,vehiculos_pnp,0
020109,ANCASH,HUARAZ,PAMPAS,vehiculos_operativos,0
020109,ANCASH,HUARAZ,PAMPAS,comisarias,0
020110,ANCASH,HUARAZ,PARIACOTO,denuncias_2024_2026,100
020110,ANCASH,HUARAZ,PARIACOTO,vehiculos_pnp,1
020110,ANCASH,HUARAZ,PARIACOTO,vehiculos_operativos,1
020110,ANCASH,HUARAZ,PARIACOTO,comisarias,1
020111,ANCASH,HUARAZ,PIRA,denuncias_2024_2026,120
020111,ANCASH,HUARAZ,PIRA,vehiculos_pnp,2
020111,ANCASH,HUARAZ,PIRA,vehiculos_operativos,1
020111,ANCASH,HUARAZ,PIRA,comisarias,1
020112,ANCASH,HUARAZ,TARICA,denuncias_2024_2026,307
020112,ANCASH,HUARAZ,TARICA,vehiculos_pnp,10
020112,ANCASH,HUARAZ,TARICA,vehiculos_operativos,7
020112,ANCASH,HUARAZ,TARICA,comisarias,1
020201,ANCASH,AIJA,AIJA,denuncias_2024_2026,101
020201,ANCASH,AIJA,AIJA,vehiculos_pnp,4
020201,ANCASH,AIJA,AIJA,vehiculos_operativos,2
020201,ANCASH,AIJA,AIJA,comisarias,1
020202,ANCASH,AIJA,CORIS,denuncias_2024_2026,26
020202,ANCASH,AIJA,CORIS,vehiculos_pnp,0
020202,ANCASH,AIJA,CORIS,vehiculos_operativos,0
020202,ANCASH,AIJA,CORIS,comisarias,0
020203,ANCASH,AIJA,HUACLLAN,denuncias_2024_2026,4
020203,ANCASH,AIJA,HUACLLAN,vehiculos_pnp,0
020203,ANCASH,AIJA,HUACLLAN,vehiculos_operativos,0
020203,ANCASH,AIJA,HUACLLAN,comisarias,0
020204,ANCASH,AIJA,LA MERCED,denuncias_2024_2026,31
020204,ANCASH,AIJA,LA MERCED,vehiculos_pnp,0
020204,ANCASH,AIJA,LA MERCED,vehiculos_operativos,0
020204,ANCASH,AIJA,LA MERCED,comisarias,0
020205,ANCASH,AIJA,SUCCHA,denuncias_2024_2026,11
020205,ANCASH,AIJA,SUCCHA,vehiculos_pnp,0
020205,ANCASH,AIJA,SUCCHA,vehiculos_operativos,0
020205,ANCASH,AIJA,SUCCHA,comisarias,0
020301,ANCASH,ANTONIO RAYMONDI,LLAMELLIN,denuncias_2024_2026,225
020301,ANCASH,ANTONIO RAYMONDI,LLAMELLIN,vehiculos_pnp,4
020301,ANCASH,ANTONIO RAYMONDI,LLAMELLIN,vehiculos_operativos,1
020301,ANCASH,ANTONIO RAYMONDI,LLAMELLIN,comisarias,1
020302,ANCASH,ANTONIO RAYMONDI,ACZO,denuncias_2024_2026,7
020302,ANCASH,ANTONIO RAYMONDI,ACZO,vehiculos_pnp,0
020302,ANCASH,ANTONIO RAYMONDI,ACZO,vehiculos_operativos,0
020302,ANCASH,ANTONIO RAYMONDI,ACZO,comisarias,0
020303,ANCASH,ANTONIO RAYMONDI,CHACCHO,denuncias_2024_2026,2
020303,ANCASH,ANTONIO RAYMONDI,CHACCHO,vehiculos_pnp,0
020303,ANCASH,ANTONIO RAYMONDI,CHACCHO,vehiculos_operativos,0
020303,ANCASH,ANTONIO RAYMONDI,CHACCHO,comisarias,0
020304,ANCASH,ANTONIO RAYMONDI,CHINGAS,denuncias_2024_2026,7
020304,ANCASH,ANTONIO RAYMONDI,CHINGAS,vehiculos_pnp,0
020304,ANCASH,ANTONIO RAYMONDI,CHINGAS,vehiculos_operativos,0
020304,ANCASH,ANTONIO RAYMONDI,CHINGAS,comisarias,0
020305,ANCASH,ANTONIO RAYMONDI,MIRGAS,denuncias_2024_2026,10
020305,ANCASH,ANTONIO RAYMONDI,MIRGAS,vehiculos_pnp,0
020305,ANCASH,ANTONIO RAYMONDI,MIRGAS,vehiculos_operativos,0
020305,ANCASH,ANTONIO RAYMONDI,MIRGAS,comisarias,0
020306,ANCASH,ANTONIO RAYMONDI,SAN JUAN DE RONTOY,denuncias_2024_2026,2
020306,ANCASH,ANTONIO RAYMONDI,SAN JUAN DE RONTOY,vehiculos_pnp,0
020306,ANCASH,ANTONIO RAYMONDI,SAN JUAN DE RONTOY,vehiculos_operativos,0
020306,ANCASH,ANTONIO RAYMONDI,SAN JUAN DE RONTOY,comisarias,0
020401,ANCASH,ASUNCION,CHACAS,denuncias_2024_2026,207
020401,ANCASH,ASUNCION,CHACAS,vehiculos_pnp,3
020401,ANCASH,ASUNCION,CHACAS,vehiculos_operativos,2
020401,ANCASH,ASUNCION,CHACAS,comisarias,1
020402,ANCASH,ASUNCION,ACOCHACA,denuncias_2024_2026,31
020402,ANCASH,ASUNCION,ACOCHACA,vehiculos_pnp,0
020402,ANCASH,ASUNCION,ACOCHACA,vehiculos_operativos,0
020402,ANCASH,ASUNCION,ACOCHACA,comisarias,0
020501,ANCASH,BOLOGNESI,CHIQUIAN,denuncias_2024_2026,349
020501,ANCASH,BOLOGNESI,CHIQUIAN,vehiculos_pnp,7
020501,ANCASH,BOLOGNESI,CHIQUIAN,vehiculos_operativos,3
020501,ANCASH,BOLOGNESI,CHIQUIAN,comisarias,1
020502,ANCASH,BOLOGNESI,ABELARDO PARDO LEZAMETA,denuncias_2024_2026,5
020502,ANCASH,BOLOGNESI,ABELARDO PARDO LEZAMETA,vehiculos_pnp,0
020502,ANCASH,BOLOGNESI,ABELARDO PARDO LEZAMETA,vehiculos_operativos,0
020502,ANCASH,BOLOGNESI,ABELARDO PARDO LEZAMETA,comisarias,0
020503,ANCASH,BOLOGNESI,ANTONIO RAYMONDI,denuncias_2024_2026,15
020503,ANCASH,BOLOGNESI,ANTONIO RAYMONDI,vehiculos_pnp,2
020503,ANCASH,BOLOGNESI,ANTONIO RAYMONDI,vehiculos_operativos,2
020503,ANCASH,BOLOGNESI,ANTONIO RAYMONDI,comisarias,0
020504,ANCASH,BOLOGNESI,AQUIA,denuncias_2024_2026,63
020504,ANCASH,BOLOGNESI,AQUIA,vehiculos_pnp,0
020504,ANCASH,BOLOGNESI,AQUIA,vehiculos_operativos,0
020504,ANCASH,BOLOGNESI,AQUIA,comisarias,0
020505,ANCASH,BOLOGNESI,CAJACAY,denuncias_2024_2026,61
020505,ANCASH,BOLOGNESI,CAJACAY,vehiculos_pnp,2
020505,ANCASH,BOLOGNESI,CAJACAY,vehiculos_operativos,1
020505,ANCASH,BOLOGNESI,CAJACAY,comisarias,1
020506,ANCASH,BOLOGNESI,CANIS,denuncias_2024_2026,2
020506,ANCASH,BOLOGNESI,CANIS,vehiculos_pnp,0
020506,ANCASH,BOLOGNESI,CANIS,vehiculos_operativos,0
020506,ANCASH,BOLOGNESI,CANIS,comisarias,0
020507,ANCASH,BOLOGNESI,COLQUIOC,denuncias_2024_2026,148
020507,ANCASH,BOLOGNESI,COLQUIOC,vehiculos_pnp,8
020507,ANCASH,BOLOGNESI,COLQUIOC,vehiculos_operativos,4
020507,ANCASH,BOLOGNESI,COLQUIOC,comisarias,1
020508,ANCASH,BOLOGNESI,HUALLANCA,denuncias_2024_2026,271
020508,ANCASH,BOLOGNESI,HUALLANCA,vehiculos_pnp,1
020508,ANCASH,BOLOGNESI,HUALLANCA,vehiculos_operativos,0
020508,ANCASH,BOLOGNESI,HUALLANCA,comisarias,1
020509,ANCASH,BOLOGNESI,HUASTA,denuncias_2024_2026,46
020509,ANCASH,BOLOGNESI,HUASTA,vehiculos_pnp,0
020509,ANCASH,BOLOGNESI,HUASTA,vehiculos_operativos,0
020509,ANCASH,BOLOGNESI,HUASTA,comisarias,0
020510,ANCASH,BOLOGNESI,HUAYLLACAYAN,denuncias_2024_2026,3
020510,ANCASH,BOLOGNESI,HUAYLLACAYAN,vehiculos_pnp,0
020510,ANCASH,BOLOGNESI,HUAYLLACAYAN,vehiculos_operativos,0
020510,ANCASH,BOLOGNESI,HUAYLLACAYAN,comisarias,0
020511,ANCASH,BOLOGNESI,LA PRIMAVERA,denuncias_2024_2026,3
020511,ANCASH,BOLOGNESI,LA PRIMAVERA,vehiculos_pnp,0
020511,ANCASH,BOLOGNESI,LA PRIMAVERA,vehiculos_operativos,0
020511,ANCASH,BOLOGNESI,LA PRIMAVERA,comisarias,0
020512,ANCASH,BOLOGNESI,MANGAS,denuncias_2024_2026,2
020512,ANCASH,BOLOGNESI,MANGAS,vehiculos_pnp,0
020512,ANCASH,BOLOGNESI,MANGAS,vehiculos_operativos,0
020512,ANCASH,BOLOGNESI,MANGAS,comisarias,0
020513,ANCASH,BOLOGNESI,PACLLON,denuncias_2024_2026,8
020513,ANCASH,BOLOGNESI,PACLLON,vehiculos_pnp,0
020513,ANCASH,BOLOGNESI,PACLLON,vehiculos_operativos,0
020513,ANCASH,BOLOGNESI,PACLLON,comisarias,0
020514,ANCASH,BOLOGNESI,SAN MIGUEL DE CORPANQUI,denuncias_2024_2026,6
020514,ANCASH,BOLOGNESI,SAN MIGUEL DE CORPANQUI,vehiculos_pnp,0
020514,ANCASH,BOLOGNESI,SAN MIGUEL DE CORPANQUI,vehiculos_operativos,0
020514,ANCASH,BOLOGNESI,SAN MIGUEL DE CORPANQUI,comisarias,0
020515,ANCASH,BOLOGNESI,TICLLOS,denuncias_2024_2026,12
020515,ANCASH,BOLOGNESI,TICLLOS,vehiculos_pnp,0
020515,ANCASH,BOLOGNESI,TICLLOS,vehiculos_operativos,0
020515,ANCASH,BOLOGNESI,TICLLOS,comisarias,0
020601,ANCASH,CARHUAZ,CARHUAZ,denuncias_2024_2026,1538
020601,ANCASH,CARHUAZ,CARHUAZ,vehiculos_pnp,5
020601,ANCASH,CARHUAZ,CARHUAZ,vehiculos_operativos,2
020601,ANCASH,CARHUAZ,CARHUAZ,comisarias,1
020602,ANCASH,CARHUAZ,ACOPAMPA,denuncias_2024_2026,69
020602,ANCASH,CARHUAZ,ACOPAMPA,vehiculos_pnp,0
020602,ANCASH,CARHUAZ,ACOPAMPA,vehiculos_operativos,0
020602,ANCASH,CARHUAZ,ACOPAMPA,comisarias,0
020603,ANCASH,CARHUAZ,AMASHCA,denuncias_2024_2026,23
020603,ANCASH,CARHUAZ,AMASHCA,vehiculos_pnp,0
020603,ANCASH,CARHUAZ,AMASHCA,vehiculos_operativos,0
020603,ANCASH,CARHUAZ,AMASHCA,comisarias,0
020604,ANCASH,CARHUAZ,ANTA,denuncias_2024_2026,277
020604,ANCASH,CARHUAZ,ANTA,vehiculos_pnp,3
020604,ANCASH,CARHUAZ,ANTA,vehiculos_operativos,2
020604,ANCASH,CARHUAZ,ANTA,comisarias,1
020605,ANCASH,CARHUAZ,ATAQUERO,denuncias_2024_2026,8
020605,ANCASH,CARHUAZ,ATAQUERO,vehiculos_pnp,0
020605,ANCASH,CARHUAZ,ATAQUERO,vehiculos_operativos,0
020605,ANCASH,CARHUAZ,ATAQUERO,comisarias,0
020606,ANCASH,CARHUAZ,MARCARA,denuncias_2024_2026,253
020606,ANCASH,CARHUAZ,MARCARA,vehiculos_pnp,2
020606,ANCASH,CARHUAZ,MARCARA,vehiculos_operativos,1
020606,ANCASH,CARHUAZ,MARCARA,comisarias,1
020607,ANCASH,CARHUAZ,PARIAHUANCA,denuncias_2024_2026,9
020607,ANCASH,CARHUAZ,PARIAHUANCA,vehiculos_pnp,0
020607,ANCASH,CARHUAZ,PARIAHUANCA,vehiculos_operativos,0
020607,ANCASH,CARHUAZ,PARIAHUANCA,comisarias,0
020608,ANCASH,CARHUAZ,SAN MIGUEL DE ACO,denuncias_2024_2026,10
020608,ANCASH,CARHUAZ,SAN MIGUEL DE ACO,vehiculos_pnp,0
020608,ANCASH,CARHUAZ,SAN MIGUEL DE ACO,vehiculos_operativos,0
020608,ANCASH,CARHUAZ,SAN MIGUEL DE ACO,comisarias,0
020609,ANCASH,CARHUAZ,SHILLA,denuncias_2024_2026,33
020609,ANCASH,CARHUAZ,SHILLA,vehiculos_pnp,0
020609,ANCASH,CARHUAZ,SHILLA,vehiculos_operativos,0
020609,ANCASH,CARHUAZ,SHILLA,comisarias,0
020610,ANCASH,CARHUAZ,TINCO,denuncias_2024_2026,101
020610,ANCASH,CARHUAZ,TINCO,vehiculos_pnp,0
020610,ANCASH,CARHUAZ,TINCO,vehiculos_operativos,0
020610,ANCASH,CARHUAZ,TINCO,comisarias,0
020611,ANCASH,CARHUAZ,YUNGAR,denuncias_2024_2026,129
020611,ANCASH,CARHUAZ,YUNGAR,vehiculos_pnp,0
020611,ANCASH,CARHUAZ,YUNGAR,vehiculos_operativos,0
020611,ANCASH,CARHUAZ,YUNGAR,comisarias,0
020701,ANCASH,CARLOS FERMIN FITZCARRALD,SAN LUIS,denuncias_2024_2026,395
020701,ANCASH,CARLOS FERMIN FITZCARRALD,SAN LUIS,vehiculos_pnp,1
020701,ANCASH,CARLOS FERMIN FITZCARRALD,SAN LUIS,vehiculos_operativos,1
020701,ANCASH,CARLOS FERMIN FITZCARRALD,SAN LUIS,comisarias,1
020702,ANCASH,CARLOS FERMIN FITZCARRALD,SAN NICOLAS,denuncias_2024_2026,5
020702,ANCASH,CARLOS FERMIN FITZCARRALD,SAN NICOLAS,vehiculos_pnp,0
020702,ANCASH,CARLOS FERMIN FITZCARRALD,SAN NICOLAS,vehiculos_operativos,0
020702,ANCASH,CARLOS FERMIN FITZCARRALD,SAN NICOLAS,comisarias,0
020703,ANCASH,CARLOS FERMIN FITZCARRALD,YAUYA,denuncias_2024_2026,78
020703,ANCASH,CARLOS FERMIN FITZCARRALD,YAUYA,vehiculos_pnp,2
020703,ANCASH,CARLOS FERMIN FITZCARRALD,YAUYA,vehiculos_operativos,1
020703,ANCASH,CARLOS FERMIN FITZCARRALD,YAUYA,comisarias,1
020801,ANCASH,CASMA,CASMA,denuncias_2024_2026,3126
020801,ANCASH,CASMA,CASMA,vehiculos_pnp,19
020801,ANCASH,CASMA,CASMA,vehiculos_operativos,11
020801,ANCASH,CASMA,CASMA,comisarias,1
020802,ANCASH,CASMA,BUENA VISTA ALTA,denuncias_2024_2026,40
020802,ANCASH,CASMA,BUENA VISTA ALTA,vehiculos_pnp,0
020802,ANCASH,CASMA,BUENA VISTA ALTA,vehiculos_operativos,0
020802,ANCASH,CASMA,BUENA VISTA ALTA,comisarias,0
020803,ANCASH,CASMA,COMANDANTE NOEL,denuncias_2024_2026,71
020803,ANCASH,CASMA,COMANDANTE NOEL,vehiculos_pnp,0
020803,ANCASH,CASMA,COMANDANTE NOEL,vehiculos_operativos,0
020803,ANCASH,CASMA,COMANDANTE NOEL,comisarias,0
020804,ANCASH,CASMA,YAUTAN,denuncias_2024_2026,405
020804,ANCASH,CASMA,YAUTAN,vehiculos_pnp,2
020804,ANCASH,CASMA,YAUTAN,vehiculos_operativos,1
020804,ANCASH,CASMA,YAUTAN,comisarias,1
020901,ANCASH,CORONGO,CORONGO,denuncias_2024_2026,82
020901,ANCASH,CORONGO,CORONGO,vehiculos_pnp,2
020901,ANCASH,CORONGO,CORONGO,vehiculos_operativos,1
020901,ANCASH,CORONGO,CORONGO,comisarias,1
020902,ANCASH,CORONGO,ACO,denuncias_2024_2026,5
020902,ANCASH,CORONGO,ACO,vehiculos_pnp,0
020902,ANCASH,CORONGO,ACO,vehiculos_operativos,0
020902,ANCASH,CORONGO,ACO,comisarias,0
020903,ANCASH,CORONGO,BAMBAS,denuncias_2024_2026,2
020903,ANCASH,CORONGO,BAMBAS,vehiculos_pnp,0
020903,ANCASH,CORONGO,BAMBAS,vehiculos_operativos,0
020903,ANCASH,CORONGO,BAMBAS,comisarias,0
020904,ANCASH,CORONGO,CUSCA,denuncias_2024_2026,22
020904,ANCASH,CORONGO,CUSCA,vehiculos_pnp,0
020904,ANCASH,CORONGO,CUSCA,vehiculos_operativos,0
020904,ANCASH,CORONGO,CUSCA,comisarias,0
020905,ANCASH,CORONGO,LA PAMPA,denuncias_2024_2026,57
020905,ANCASH,CORONGO,LA PAMPA,vehiculos_pnp,2
020905,ANCASH,CORONGO,LA PAMPA,vehiculos_operativos,1
020905,ANCASH,CORONGO,LA PAMPA,comisarias,1
020906,ANCASH,CORONGO,YANAC,denuncias_2024_2026,8
020906,ANCASH,CORONGO,YANAC,vehiculos_pnp,0
020906,ANCASH,CORONGO,YANAC,vehiculos_operativos,0
020906,ANCASH,CORONGO,YANAC,comisarias,0
020907,ANCASH,CORONGO,YUPAN,denuncias_2024_2026,4
020907,ANCASH,CORONGO,YUPAN,vehiculos_pnp,0
020907,ANCASH,CORONGO,YUPAN,vehiculos_operativos,0
020907,ANCASH,CORONGO,YUPAN,comisarias,0
021001,ANCASH,HUARI,HUARI,denuncias_2024_2026,836
021001,ANCASH,HUARI,HUARI,vehiculos_pnp,12
021001,ANCASH,HUARI,HUARI,vehiculos_operativos,6
021001,ANCASH,HUARI,HUARI,comisarias,1
021002,ANCASH,HUARI,ANRA,denuncias_2024_2026,25
021002,ANCASH,HUARI,ANRA,vehiculos_pnp,0
021002,ANCASH,HUARI,ANRA,vehiculos_operativos,0
021002,ANCASH,HUARI,ANRA,comisarias,0
021003,ANCASH,HUARI,CAJAY,denuncias_2024_2026,18
021003,ANCASH,HUARI,CAJAY,vehiculos_pnp,0
021003,ANCASH,HUARI,CAJAY,vehiculos_operativos,0
021003,ANCASH,HUARI,CAJAY,comisarias,0
021004,ANCASH,HUARI,CHAVIN DE HUANTAR,denuncias_2024_2026,345
021004,ANCASH,HUARI,CHAVIN DE HUANTAR,vehiculos_pnp,2
021004,ANCASH,HUARI,CHAVIN DE HUANTAR,vehiculos_operativos,1
021004,ANCASH,HUARI,CHAVIN DE HUANTAR,comisarias,2
021005,ANCASH,HUARI,HUACACHI,denuncias_2024_2026,36
021005,ANCASH,HUARI,HUACACHI,vehiculos_pnp,0
021005,ANCASH,HUARI,HUACACHI,vehiculos_operativos,0
021005,ANCASH,HUARI,HUACACHI,comisarias,0
021006,ANCASH,HUARI,HUACCHIS,denuncias_2024_2026,5
021006,ANCASH,HUARI,HUACCHIS,vehiculos_pnp,0
021006,ANCASH,HUARI,HUACCHIS,vehiculos_operativos,0
021006,ANCASH,HUARI,HUACCHIS,comisarias,0
021007,ANCASH,HUARI,HUACHIS,denuncias_2024_2026,40
021007,ANCASH,HUARI,HUACHIS,vehiculos_pnp,0
021007,ANCASH,HUARI,HUACHIS,vehiculos_operativos,0
021007,ANCASH,HUARI,HUACHIS,comisarias,0
021008,ANCASH,HUARI,HUANTAR,denuncias_2024_2026,18
021008,ANCASH,HUARI,HUANTAR,vehiculos_pnp,0
021008,ANCASH,HUARI,HUANTAR,vehiculos_operativos,0
021008,ANCASH,HUARI,HUANTAR,comisarias,0
021009,ANCASH,HUARI,MASIN,denuncias_2024_2026,90
021009,ANCASH,HUARI,MASIN,vehiculos_pnp,3
021009,ANCASH,HUARI,MASIN,vehiculos_operativos,1
021009,ANCASH,HUARI,MASIN,comisarias,1
021010,ANCASH,HUARI,PAUCAS,denuncias_2024_2026,21
021010,ANCASH,HUARI,PAUCAS,vehiculos_pnp,0
021010,ANCASH,HUARI,PAUCAS,vehiculos_operativos,0
021010,ANCASH,HUARI,PAUCAS,comisarias,0
021011,ANCASH,HUARI,PONTO,denuncias_2024_2026,32
021011,ANCASH,HUARI,PONTO,vehiculos_pnp,0
021011,ANCASH,HUARI,PONTO,vehiculos_operativos,0
021011,ANCASH,HUARI,PONTO,comisarias,0
021012,ANCASH,HUARI,RAHUAPAMPA,denuncias_2024_2026,25
021012,ANCASH,HUARI,RAHUAPAMPA,vehiculos_pnp,0
021012,ANCASH,HUARI,RAHUAPAMPA,vehiculos_operativos,0
021012,ANCASH,HUARI,RAHUAPAMPA,comisarias,0
021013,ANCASH,HUARI,RAPAYAN,denuncias_2024_2026,4
021013,ANCASH,HUARI,RAPAYAN,vehiculos_pnp,0
021013,ANCASH,HUARI,RAPAYAN,vehiculos_operativos,0
021013,ANCASH,HUARI,RAPAYAN,comisarias,0
021014,ANCASH,HUARI,SAN MARCOS,denuncias_2024_2026,977
021014,ANCASH,HUARI,SAN MARCOS,vehiculos_pnp,17
021014,ANCASH,HUARI,SAN MARCOS,vehiculos_operativos,9
021014,ANCASH,HUARI,SAN MARCOS,comisarias,0
021015,ANCASH,HUARI,SAN PEDRO DE CHANA,denuncias_2024_2026,26
021015,ANCASH,HUARI,SAN PEDRO DE CHANA,vehiculos_pnp,0
021015,ANCASH,HUARI,SAN PEDRO DE CHANA,vehiculos_operativos,0
021015,ANCASH,HUARI,SAN PEDRO DE CHANA,comisarias,0
021016,ANCASH,HUARI,UCO,denuncias_2024_2026,55
021016,ANCASH,HUARI,UCO,vehiculos_pnp,1
021016,ANCASH,HUARI,UCO,vehiculos_operativos,1
021016,ANCASH,HUARI,UCO,comisarias,1
021101,ANCASH,HUARMEY,HUARMEY,denuncias_2024_2026,1405
021101,ANCASH,HUARMEY,HUARMEY,vehiculos_pnp,22
021101,ANCASH,HUARMEY,HUARMEY,vehiculos_operativos,19
021101,ANCASH,HUARMEY,HUARMEY,comisarias,1
021102,ANCASH,HUARMEY,COCHAPETI,denuncias_2024_2026,4
021102,ANCASH,HUARMEY,COCHAPETI,vehiculos_pnp,0
021102,ANCASH,HUARMEY,COCHAPETI,vehiculos_operativos,0
021102,ANCASH,HUARMEY,COCHAPETI,comisarias,0
021103,ANCASH,HUARMEY,CULEBRAS,denuncias_2024_2026,23
021103,ANCASH,HUARMEY,CULEBRAS,vehiculos_pnp,0
021103,ANCASH,HUARMEY,CULEBRAS,vehiculos_operativos,0
021103,ANCASH,HUARMEY,CULEBRAS,comisarias,0
021104,ANCASH,HUARMEY,HUAYAN,denuncias_2024_2026,2
021104,ANCASH,HUARMEY,HUAYAN,vehiculos_pnp,0
021104,ANCASH,HUARMEY,HUAYAN,vehiculos_operativos,0
021104,ANCASH,HUARMEY,HUAYAN,comisarias,0
021105,ANCASH,HUARMEY,MALVAS,denuncias_2024_2026,4
021105,ANCASH,HUARMEY,MALVAS,vehiculos_pnp,0
021105,ANCASH,HUARMEY,MALVAS,vehiculos_operativos,0
021105,ANCASH,HUARMEY,MALVAS,comisarias,0
021201,ANCASH,HUAYLAS,CARAZ,denuncias_2024_2026,2617
021201,ANCASH,HUAYLAS,CARAZ,vehiculos_pnp,3
021201,ANCASH,HUAYLAS,CARAZ,vehiculos_operativos,1
021201,ANCASH,HUAYLAS,CARAZ,comisarias,1
021202,ANCASH,HUAYLAS,HUALLANCA,denuncias_2024_2026,89
021202,ANCASH,HUAYLAS,HUALLANCA,vehiculos_pnp,2
021202,ANCASH,HUAYLAS,HUALLANCA,vehiculos_operativos,1
021202,ANCASH,HUAYLAS,HUALLANCA,comisarias,1
021203,ANCASH,HUAYLAS,HUATA,denuncias_2024_2026,16
021203,ANCASH,HUAYLAS,HUATA,vehiculos_pnp,0
021203,ANCASH,HUAYLAS,HUATA,vehiculos_operativos,0
021203,ANCASH,HUAYLAS,HUATA,comisarias,0
021204,ANCASH,HUAYLAS,HUAYLAS,denuncias_2024_2026,60
021204,ANCASH,HUAYLAS,HUAYLAS,vehiculos_pnp,2
021204,ANCASH,HUAYLAS,HUAYLAS,vehiculos_operativos,1
021204,ANCASH,HUAYLAS,HUAYLAS,comisarias,1
021205,ANCASH,HUAYLAS,MATO,denuncias_2024_2026,32
021205,ANCASH,HUAYLAS,MATO,vehiculos_pnp,0
021205,ANCASH,HUAYLAS,MATO,vehiculos_operativos,0
021205,ANCASH,HUAYLAS,MATO,comisarias,0
021206,ANCASH,HUAYLAS,PAMPAROMAS,denuncias_2024_2026,48
021206,ANCASH,HUAYLAS,PAMPAROMAS,vehiculos_pnp,1
021206,ANCASH,HUAYLAS,PAMPAROMAS,vehiculos_operativos,1
021206,ANCASH,HUAYLAS,PAMPAROMAS,comisarias,1
021207,ANCASH,HUAYLAS,PUEBLO LIBRE,denuncias_2024_2026,67
021207,ANCASH,HUAYLAS,PUEBLO LIBRE,vehiculos_pnp,0
021207,ANCASH,HUAYLAS,PUEBLO LIBRE,vehiculos_operativos,0
021207,ANCASH,HUAYLAS,PUEBLO LIBRE,comisarias,0
021208,ANCASH,HUAYLAS,SANTA CRUZ,denuncias_2024_2026,53
021208,ANCASH,HUAYLAS,SANTA CRUZ,vehiculos_pnp,0
021208,ANCASH,HUAYLAS,SANTA CRUZ,vehiculos_operativos,0
021208,ANCASH,HUAYLAS,SANTA CRUZ,comisarias,0
021209,ANCASH,HUAYLAS,SANTO TORIBIO,denuncias_2024_2026,8
021209,ANCASH,HUAYLAS,SANTO TORIBIO,vehiculos_pnp,0
021209,ANCASH,HUAYLAS,SANTO TORIBIO,vehiculos_operativos,0
021209,ANCASH,HUAYLAS,SANTO TORIBIO,comisarias,0
021210,ANCASH,HUAYLAS,YURACMARCA,denuncias_2024_2026,34
021210,ANCASH,HUAYLAS,YURACMARCA,vehiculos_pnp,0
021210,ANCASH,HUAYLAS,YURACMARCA,vehiculos_operativos,0
021210,ANCASH,HUAYLAS,YURACMARCA,comisarias,0
021301,ANCASH,MARISCAL LUZURIAGA,PISCOBAMBA,denuncias_2024_2026,219
021301,ANCASH,MARISCAL LUZURIAGA,PISCOBAMBA,vehiculos_pnp,4
021301,ANCASH,MARISCAL LUZURIAGA,PISCOBAMBA,vehiculos_operativos,2
021301,ANCASH,MARISCAL LUZURIAGA,PISCOBAMBA,comisarias,1
021302,ANCASH,MARISCAL LUZURIAGA,CASCA,denuncias_2024_2026,53
021302,ANCASH,MARISCAL LUZURIAGA,CASCA,vehiculos_pnp,0
021302,ANCASH,MARISCAL LUZURIAGA,CASCA,vehiculos_operativos,0
021302,ANCASH,MARISCAL LUZURIAGA,CASCA,comisarias,0
021303,ANCASH,MARISCAL LUZURIAGA,ELEAZAR GUZMAN BARRON,denuncias_2024_2026,9
021303,ANCASH,MARISCAL LUZURIAGA,ELEAZAR GUZMAN BARRON,vehiculos_pnp,0
021303,ANCASH,MARISCAL LUZURIAGA,ELEAZAR GUZMAN BARRON,vehiculos_operativos,0
021303,ANCASH,MARISCAL LUZURIAGA,ELEAZAR GUZMAN BARRON,comisarias,0
021304,ANCASH,MARISCAL LUZURIAGA,FIDEL OLIVAS ESCUDERO,denuncias_2024_2026,1
021304,ANCASH,MARISCAL LUZURIAGA,FIDEL OLIVAS ESCUDERO,vehiculos_pnp,0
021304,ANCASH,MARISCAL LUZURIAGA,FIDEL OLIVAS ESCUDERO,vehiculos_operativos,0
021304,ANCASH,MARISCAL LUZURIAGA,FIDEL OLIVAS ESCUDERO,comisarias,0
021305,ANCASH,MARISCAL LUZURIAGA,LLAMA,denuncias_2024_2026,10
021305,ANCASH,MARISCAL LUZURIAGA,LLAMA,vehiculos_pnp,0
021305,ANCASH,MARISCAL LUZURIAGA,LLAMA,vehiculos_operativos,0
021305,ANCASH,MARISCAL LUZURIAGA,LLAMA,comisarias,0
021306,ANCASH,MARISCAL LUZURIAGA,LLUMPA,denuncias_2024_2026,20
021306,ANCASH,MARISCAL LUZURIAGA,LLUMPA,vehiculos_pnp,0
021306,ANCASH,MARISCAL LUZURIAGA,LLUMPA,vehiculos_operativos,0
021306,ANCASH,MARISCAL LUZURIAGA,LLUMPA,comisarias,0
021307,ANCASH,MARISCAL LUZURIAGA,LUCMA,denuncias_2024_2026,10
021307,ANCASH,MARISCAL LUZURIAGA,LUCMA,vehiculos_pnp,0
021307,ANCASH,MARISCAL LUZURIAGA,LUCMA,vehiculos_operativos,0
021307,ANCASH,MARISCAL LUZURIAGA,LUCMA,comisarias,0
021308,ANCASH,MARISCAL LUZURIAGA,MUSGA,denuncias_2024_2026,4
021308,ANCASH,MARISCAL LUZURIAGA,MUSGA,vehiculos_pnp,0
021308,ANCASH,MARISCAL LUZURIAGA,MUSGA,vehiculos_operativos,0
021308,ANCASH,MARISCAL LUZURIAGA,MUSGA,comisarias,0
021401,ANCASH,OCROS,OCROS,denuncias_2024_2026,81
021401,ANCASH,OCROS,OCROS,vehiculos_pnp,3
021401,ANCASH,OCROS,OCROS,vehiculos_operativos,2
021401,ANCASH,OCROS,OCROS,comisarias,1
021402,ANCASH,OCROS,ACAS,denuncias_2024_2026,2
021402,ANCASH,OCROS,ACAS,vehiculos_pnp,0
021402,ANCASH,OCROS,ACAS,vehiculos_operativos,0
021402,ANCASH,OCROS,ACAS,comisarias,0
021404,ANCASH,OCROS,CARHUAPAMPA,denuncias_2024_2026,7
021404,ANCASH,OCROS,CARHUAPAMPA,vehiculos_pnp,0
021404,ANCASH,OCROS,CARHUAPAMPA,vehiculos_operativos,0
021404,ANCASH,OCROS,CARHUAPAMPA,comisarias,0
021405,ANCASH,OCROS,COCHAS,denuncias_2024_2026,37
021405,ANCASH,OCROS,COCHAS,vehiculos_pnp,0
021405,ANCASH,OCROS,COCHAS,vehiculos_operativos,0
021405,ANCASH,OCROS,COCHAS,comisarias,0
021406,ANCASH,OCROS,CONGAS,denuncias_2024_2026,1
021406,ANCASH,OCROS,CONGAS,vehiculos_pnp,0
021406,ANCASH,OCROS,CONGAS,vehiculos_operativos,0
021406,ANCASH,OCROS,CONGAS,comisarias,0
021407,ANCASH,OCROS,LLIPA,denuncias_2024_2026,1
021407,ANCASH,OCROS,LLIPA,vehiculos_pnp,0
021407,ANCASH,OCROS,LLIPA,vehiculos_operativos,0
021407,ANCASH,OCROS,LLIPA,comisarias,0
021408,ANCASH,OCROS,SAN CRISTOBAL DE RAJAN,denuncias_2024_2026,7
021408,ANCASH,OCROS,SAN CRISTOBAL DE RAJAN,vehiculos_pnp,1
021408,ANCASH,OCROS,SAN CRISTOBAL DE RAJAN,vehiculos_operativos,1
021408,ANCASH,OCROS,SAN CRISTOBAL DE RAJAN,comisarias,1
021409,ANCASH,OCROS,SAN PEDRO,denuncias_2024_2026,3
021409,ANCASH,OCROS,SAN PEDRO,vehiculos_pnp,0
021409,ANCASH,OCROS,SAN PEDRO,vehiculos_operativos,0
021409,ANCASH,OCROS,SAN PEDRO,comisarias,0
021410,ANCASH,OCROS,SANTIAGO DE CHILCAS,denuncias_2024_2026,3
021410,ANCASH,OCROS,SANTIAGO DE CHILCAS,vehiculos_pnp,0
021410,ANCASH,OCROS,SANTIAGO DE CHILCAS,vehiculos_operativos,0
021410,ANCASH,OCROS,SANTIAGO DE CHILCAS,comisarias,0
021501,ANCASH,PALLASCA,CABANA,denuncias_2024_2026,119
021501,ANCASH,PALLASCA,CABANA,vehiculos_pnp,2
021501,ANCASH,PALLASCA,CABANA,vehiculos_operativos,1
021501,ANCASH,PALLASCA,CABANA,comisarias,1
021502,ANCASH,PALLASCA,BOLOGNESI,denuncias_2024_2026,9
021502,ANCASH,PALLASCA,BOLOGNESI,vehiculos_pnp,0
021502,ANCASH,PALLASCA,BOLOGNESI,vehiculos_operativos,0
021502,ANCASH,PALLASCA,BOLOGNESI,comisarias,0
021503,ANCASH,PALLASCA,CONCHUCOS,denuncias_2024_2026,53
021503,ANCASH,PALLASCA,CONCHUCOS,vehiculos_pnp,2
021503,ANCASH,PALLASCA,CONCHUCOS,vehiculos_operativos,1
021503,ANCASH,PALLASCA,CONCHUCOS,comisarias,1
021504,ANCASH,PALLASCA,HUACASCHUQUE,denuncias_2024_2026,2
021504,ANCASH,PALLASCA,HUACASCHUQUE,vehiculos_pnp,0
021504,ANCASH,PALLASCA,HUACASCHUQUE,vehiculos_operativos,0
021504,ANCASH,PALLASCA,HUACASCHUQUE,comisarias,0
021505,ANCASH,PALLASCA,HUANDOVAL,denuncias_2024_2026,10
021505,ANCASH,PALLASCA,HUANDOVAL,vehiculos_pnp,0
021505,ANCASH,PALLASCA,HUANDOVAL,vehiculos_operativos,0
021505,ANCASH,PALLASCA,HUANDOVAL,comisarias,0
021506,ANCASH,PALLASCA,LACABAMBA,denuncias_2024_2026,1
021506,ANCASH,PALLASCA,LACABAMBA,vehiculos_pnp,0
021506,ANCASH,PALLASCA,LACABAMBA,vehiculos_operativos,0
021506,ANCASH,PALLASCA,LACABAMBA,comisarias,0
021507,ANCASH,PALLASCA,LLAPO,denuncias_2024_2026,1
021507,ANCASH,PALLASCA,LLAPO,vehiculos_pnp,0
021507,ANCASH,PALLASCA,LLAPO,vehiculos_operativos,0
021507,ANCASH,PALLASCA,LLAPO,comisarias,0
021508,ANCASH,PALLASCA,PALLASCA,denuncias_2024_2026,87
021508,ANCASH,PALLASCA,PALLASCA,vehiculos_pnp,0
021508,ANCASH,PALLASCA,PALLASCA,vehiculos_operativos,0
021508,ANCASH,PALLASCA,PALLASCA,comisarias,1
021509,ANCASH,PALLASCA,PAMPAS,denuncias_2024_2026,111
021509,ANCASH,PALLASCA,PAMPAS,vehiculos_pnp,1
021509,ANCASH,PALLASCA,PAMPAS,vehiculos_operativos,1
021509,ANCASH,PALLASCA,PAMPAS,comisarias,1
021510,ANCASH,PALLASCA,SANTA ROSA,denuncias_2024_2026,6
021510,ANCASH,PALLASCA,SANTA ROSA,vehiculos_pnp,0
021510,ANCASH,PALLASCA,SANTA ROSA,vehiculos_operativos,0
021510,ANCASH,PALLASCA,SANTA ROSA,comisarias,0
021511,ANCASH,PALLASCA,TAUCA,denuncias_2024_2026,72
021511,ANCASH,PALLASCA,TAUCA,vehiculos_pnp,2
021511,ANCASH,PALLASCA,TAUCA,vehiculos_operativos,1
021511,ANCASH,PALLASCA,TAUCA,comisarias,1
021601,ANCASH,POMABAMBA,POMABAMBA,denuncias_2024_2026,935
021601,ANCASH,POMABAMBA,POMABAMBA,vehiculos_pnp,3
021601,ANCASH,POMABAMBA,POMABAMBA,vehiculos_operativos,1
021601,ANCASH,POMABAMBA,POMABAMBA,comisarias,1
021602,ANCASH,POMABAMBA,HUAYLLAN,denuncias_2024_2026,47
021602,ANCASH,POMABAMBA,HUAYLLAN,vehiculos_pnp,0
021602,ANCASH,POMABAMBA,HUAYLLAN,vehiculos_operativos,0
021602,ANCASH,POMABAMBA,HUAYLLAN,comisarias,0
021603,ANCASH,POMABAMBA,PAROBAMBA,denuncias_2024_2026,55
021603,ANCASH,POMABAMBA,PAROBAMBA,vehiculos_pnp,0
021603,ANCASH,POMABAMBA,PAROBAMBA,vehiculos_operativos,0
021603,ANCASH,POMABAMBA,PAROBAMBA,comisarias,0
021604,ANCASH,POMABAMBA,QUINUABAMBA,denuncias_2024_2026,16
021604,ANCASH,POMABAMBA,QUINUABAMBA,vehiculos_pnp,0
021604,ANCASH,POMABAMBA,QUINUABAMBA,vehiculos_operativos,0
021604,ANCASH,POMABAMBA,QUINUABAMBA,comisarias,0
021701,ANCASH,RECUAY,RECUAY,denuncias_2024_2026,378
021701,ANCASH,RECUAY,RECUAY,vehiculos_pnp,3
021701,ANCASH,RECUAY,RECUAY,vehiculos_operativos,1
021701,ANCASH,RECUAY,RECUAY,comisarias,1
021702,ANCASH,RECUAY,CATAC,denuncias_2024_2026,291
021702,ANCASH,RECUAY,CATAC,vehiculos_pnp,5
021702,ANCASH,RECUAY,CATAC,vehiculos_operativos,4
021702,ANCASH,RECUAY,CATAC,comisarias,1
021703,ANCASH,RECUAY,COTAPARACO,denuncias_2024_2026,32
021703,ANCASH,RECUAY,COTAPARACO,vehiculos_pnp,2
021703,ANCASH,RECUAY,COTAPARACO,vehiculos_operativos,1
021703,ANCASH,RECUAY,COTAPARACO,comisarias,1
021704,ANCASH,RECUAY,HUAYLLAPAMPA,denuncias_2024_2026,10
021704,ANCASH,RECUAY,HUAYLLAPAMPA,vehiculos_pnp,0
021704,ANCASH,RECUAY,HUAYLLAPAMPA,vehiculos_operativos,0
021704,ANCASH,RECUAY,HUAYLLAPAMPA,comisarias,0
021705,ANCASH,RECUAY,LLACLLIN,denuncias_2024_2026,8
021705,ANCASH,RECUAY,LLACLLIN,vehiculos_pnp,0
021705,ANCASH,RECUAY,LLACLLIN,vehiculos_operativos,0
021705,ANCASH,RECUAY,LLACLLIN,comisarias,0
021706,ANCASH,RECUAY,MARCA,denuncias_2024_2026,41
021706,ANCASH,RECUAY,MARCA,vehiculos_pnp,0
021706,ANCASH,RECUAY,MARCA,vehiculos_operativos,0
021706,ANCASH,RECUAY,MARCA,comisarias,1
021707,ANCASH,RECUAY,PAMPAS CHICO,denuncias_2024_2026,8
021707,ANCASH,RECUAY,PAMPAS CHICO,vehiculos_pnp,0
021707,ANCASH,RECUAY,PAMPAS CHICO,vehiculos_operativos,0
021707,ANCASH,RECUAY,PAMPAS CHICO,comisarias,0
021708,ANCASH,RECUAY,PARARIN,denuncias_2024_2026,8
021708,ANCASH,RECUAY,PARARIN,vehiculos_pnp,0
021708,ANCASH,RECUAY,PARARIN,vehiculos_operativos,0
021708,ANCASH,RECUAY,PARARIN,comisarias,0
021710,ANCASH,RECUAY,TICAPAMPA,denuncias_2024_2026,41
021710,ANCASH,RECUAY,TICAPAMPA,vehiculos_pnp,0
021710,ANCASH,RECUAY,TICAPAMPA,vehiculos_operativos,0
021710,ANCASH,RECUAY,TICAPAMPA,comisarias,0
021801,ANCASH,SANTA,CHIMBOTE,denuncias_2024_2026,19297
021801,ANCASH,SANTA,CHIMBOTE,vehiculos_pnp,369
021801,ANCASH,SANTA,CHIMBOTE,vehiculos_operativos,120
021801,ANCASH,SANTA,CHIMBOTE,comisarias,7
021802,ANCASH,SANTA,CACERES DEL PERU,denuncias_2024_2026,175
021802,ANCASH,SANTA,CACERES DEL PERU,vehiculos_pnp,0
021802,ANCASH,SANTA,CACERES DEL PERU,vehiculos_operativos,0
021802,ANCASH,SANTA,CACERES DEL PERU,comisarias,1
021803,ANCASH,SANTA,COISHCO,denuncias_2024_2026,1086
021803,ANCASH,SANTA,COISHCO,vehiculos_pnp,5
021803,ANCASH,SANTA,COISHCO,vehiculos_operativos,2
021803,ANCASH,SANTA,COISHCO,comisarias,1
021804,ANCASH,SANTA,MACATE,denuncias_2024_2026,59
021804,ANCASH,SANTA,MACATE,vehiculos_pnp,3
021804,ANCASH,SANTA,MACATE,vehiculos_operativos,2
021804,ANCASH,SANTA,MACATE,comisarias,2
021805,ANCASH,SANTA,MORO,denuncias_2024_2026,417
021805,ANCASH,SANTA,MORO,vehiculos_pnp,3
021805,ANCASH,SANTA,MORO,vehiculos_operativos,2
021805,ANCASH,SANTA,MORO,comisarias,1
021806,ANCASH,SANTA,NEPEÑA,denuncias_2024_2026,721
021806,ANCASH,SANTA,NEPEÑA,vehiculos_pnp,7
021806,ANCASH,SANTA,NEPEÑA,vehiculos_operativos,4
021806,ANCASH,SANTA,NEPEÑA,comisarias,0
021807,ANCASH,SANTA,SAMANCO,denuncias_2024_2026,246
021807,ANCASH,SANTA,SAMANCO,vehiculos_pnp,3
021807,ANCASH,SANTA,SAMANCO,vehiculos_operativos,1
021807,ANCASH,SANTA,SAMANCO,comisarias,1
021808,ANCASH,SANTA,SANTA,denuncias_2024_2026,1545
021808,ANCASH,SANTA,SANTA,vehiculos_pnp,13
021808,ANCASH,SANTA,SANTA,vehiculos_operativos,6
021808,ANCASH,SANTA,SANTA,comisarias,1
021809,ANCASH,SANTA,NUEVO CHIMBOTE,denuncias_2024_2026,7673
021809,ANCASH,SANTA,NUEVO CHIMBOTE,vehiculos_pnp,37
021809,ANCASH,SANTA,NUEVO CHIMBOTE,vehiculos_operativos,17
021809,ANCASH,SANTA,NUEVO CHIMBOTE,comisarias,2
021901,ANCASH,SIHUAS,SIHUAS,denuncias_2024_2026,359
021901,ANCASH,SIHUAS,SIHUAS,vehiculos_pnp,10
021901,ANCASH,SIHUAS,SIHUAS,vehiculos_operativos,4
021901,ANCASH,SIHUAS,SIHUAS,comisarias,1
021902,ANCASH,SIHUAS,ACOBAMBA,denuncias_2024_2026,7
021902,ANCASH,SIHUAS,ACOBAMBA,vehiculos_pnp,0
021902,ANCASH,SIHUAS,ACOBAMBA,vehiculos_operativos,0
021902,ANCASH,SIHUAS,ACOBAMBA,comisarias,0
021903,ANCASH,SIHUAS,ALFONSO UGARTE,denuncias_2024_2026,5
021903,ANCASH,SIHUAS,ALFONSO UGARTE,vehiculos_pnp,0
021903,ANCASH,SIHUAS,ALFONSO UGARTE,vehiculos_operativos,0
021903,ANCASH,SIHUAS,ALFONSO UGARTE,comisarias,0
021904,ANCASH,SIHUAS,CASHAPAMPA,denuncias_2024_2026,22
021904,ANCASH,SIHUAS,CASHAPAMPA,vehiculos_pnp,0
021904,ANCASH,SIHUAS,CASHAPAMPA,vehiculos_operativos,0
021904,ANCASH,SIHUAS,CASHAPAMPA,comisarias,0
021905,ANCASH,SIHUAS,CHINGALPO,denuncias_2024_2026,4
021905,ANCASH,SIHUAS,CHINGALPO,vehiculos_pnp,0
021905,ANCASH,SIHUAS,CHINGALPO,vehiculos_operativos,0
021905,ANCASH,SIHUAS,CHINGALPO,comisarias,0
021906,ANCASH,SIHUAS,HUAYLLABAMBA,denuncias_2024_2026,24
021906,ANCASH,SIHUAS,HUAYLLABAMBA,vehiculos_pnp,0
021906,ANCASH,SIHUAS,HUAYLLABAMBA,vehiculos_operativos,0
021906,ANCASH,SIHUAS,HUAYLLABAMBA,comisarias,0
021907,ANCASH,SIHUAS,QUICHES,denuncias_2024_2026,40
021907,ANCASH,SIHUAS,QUICHES,vehiculos_pnp,0
021907,ANCASH,SIHUAS,QUICHES,vehiculos_operativos,0
021907,ANCASH,SIHUAS,QUICHES,comisarias,0
021908,ANCASH,SIHUAS,RAGASH,denuncias_2024_2026,18
021908,ANCASH,SIHUAS,RAGASH,vehiculos_pnp,0
021908,ANCASH,SIHUAS,RAGASH,vehiculos_operativos,0
021908,ANCASH,SIHUAS,RAGASH,comisarias,0
021909,ANCASH,SIHUAS,SAN JUAN,denuncias_2024_2026,63
021909,ANCASH,SIHUAS,SAN JUAN,vehiculos_pnp,0
021909,ANCASH,SIHUAS,SAN JUAN,vehiculos_operativos,0
021909,ANCASH,SIHUAS,SAN JUAN,comisarias,0
021910,ANCASH,SIHUAS,SICSIBAMBA,denuncias_2024_2026,22
021910,ANCASH,SIHUAS,SICSIBAMBA,vehiculos_pnp,0
021910,ANCASH,SIHUAS,SICSIBAMBA,vehiculos_operativos,0
021910,ANCASH,SIHUAS,SICSIBAMBA,comisarias,0
022001,ANCASH,YUNGAY,YUNGAY,denuncias_2024_2026,1531
022001,ANCASH,YUNGAY,YUNGAY,vehiculos_pnp,6
022001,ANCASH,YUNGAY,YUNGAY,vehiculos_operativos,4
022001,ANCASH,YUNGAY,YUNGAY,comisarias,1
022002,ANCASH,YUNGAY,CASCAPARA,denuncias_2024_2026,23
022002,ANCASH,YUNGAY,CASCAPARA,vehiculos_pnp,0
022002,ANCASH,YUNGAY,CASCAPARA,vehiculos_operativos,0
022002,ANCASH,YUNGAY,CASCAPARA,comisarias,0
022003,ANCASH,YUNGAY,MANCOS,denuncias_2024_2026,292
022003,ANCASH,YUNGAY,MANCOS,vehiculos_pnp,2
022003,ANCASH,YUNGAY,MANCOS,vehiculos_operativos,2
022003,ANCASH,YUNGAY,MANCOS,comisarias,1
022004,ANCASH,YUNGAY,MATACOTO,denuncias_2024_2026,11
022004,ANCASH,YUNGAY,MATACOTO,vehiculos_pnp,0
022004,ANCASH,YUNGAY,MATACOTO,vehiculos_operativos,0
022004,ANCASH,YUNGAY,MATACOTO,comisarias,0
022005,ANCASH,YUNGAY,QUILLO,denuncias_2024_2026,95
022005,ANCASH,YUNGAY,QUILLO,vehiculos_pnp,1
022005,ANCASH,YUNGAY,QUILLO,vehiculos_operativos,1
022005,ANCASH,YUNGAY,QUILLO,comisarias,1
022006,ANCASH,YUNGAY,RANRAHIRCA,denuncias_2024_2026,134
022006,ANCASH,YUNGAY,RANRAHIRCA,vehiculos_pnp,0
022006,ANCASH,YUNGAY,RANRAHIRCA,vehiculos_operativos,0
022006,ANCASH,YUNGAY,RANRAHIRCA,comisarias,0
022007,ANCASH,YUNGAY,SHUPLUY,denuncias_2024_2026,18
022007,ANCASH,YUNGAY,SHUPLUY,vehiculos_pnp,0
022007,ANCASH,YUNGAY,SHUPLUY,vehiculos_operativos,0
022007,ANCASH,YUNGAY,SHUPLUY,comisarias,0
022008,ANCASH,YUNGAY,YANAMA,denuncias_2024_2026,109
022008,ANCASH,YUNGAY,YANAMA,vehiculos_pnp,2
022008,ANCASH,YUNGAY,YANAMA,vehiculos_operativos,1
022008,ANCASH,YUNGAY,YANAMA,comisarias,1
030101,APURIMAC,ABANCAY,ABANCAY,denuncias_2024_2026,8752
030101,APURIMAC,ABANCAY,ABANCAY,vehiculos_pnp,90
030101,APURIMAC,ABANCAY,ABANCAY,vehiculos_operativos,50
030101,APURIMAC,ABANCAY,ABANCAY,comisarias,3
030102,APURIMAC,ABANCAY,CHACOCHE,denuncias_2024_2026,77
030102,APURIMAC,ABANCAY,CHACOCHE,vehiculos_pnp,2
030102,APURIMAC,ABANCAY,CHACOCHE,vehiculos_operativos,2
030102,APURIMAC,ABANCAY,CHACOCHE,comisarias,1
030103,APURIMAC,ABANCAY,CIRCA,denuncias_2024_2026,50
030103,APURIMAC,ABANCAY,CIRCA,vehiculos_pnp,0
030103,APURIMAC,ABANCAY,CIRCA,vehiculos_operativos,0
030103,APURIMAC,ABANCAY,CIRCA,comisarias,0
030104,APURIMAC,ABANCAY,CURAHUASI,denuncias_2024_2026,657
030104,APURIMAC,ABANCAY,CURAHUASI,vehiculos_pnp,7
030104,APURIMAC,ABANCAY,CURAHUASI,vehiculos_operativos,4
030104,APURIMAC,ABANCAY,CURAHUASI,comisarias,1
030105,APURIMAC,ABANCAY,HUANIPACA,denuncias_2024_2026,63
030105,APURIMAC,ABANCAY,HUANIPACA,vehiculos_pnp,1
030105,APURIMAC,ABANCAY,HUANIPACA,vehiculos_operativos,1
030105,APURIMAC,ABANCAY,HUANIPACA,comisarias,1
030106,APURIMAC,ABANCAY,LAMBRAMA,denuncias_2024_2026,97
030106,APURIMAC,ABANCAY,LAMBRAMA,vehiculos_pnp,1
030106,APURIMAC,ABANCAY,LAMBRAMA,vehiculos_operativos,0
030106,APURIMAC,ABANCAY,LAMBRAMA,comisarias,1
030107,APURIMAC,ABANCAY,PICHIRHUA,denuncias_2024_2026,95
030107,APURIMAC,ABANCAY,PICHIRHUA,vehiculos_pnp,0
030107,APURIMAC,ABANCAY,PICHIRHUA,vehiculos_operativos,0
030107,APURIMAC,ABANCAY,PICHIRHUA,comisarias,0
030108,APURIMAC,ABANCAY,SAN PEDRO DE CACHORA,denuncias_2024_2026,80
030108,APURIMAC,ABANCAY,SAN PEDRO DE CACHORA,vehiculos_pnp,1
030108,APURIMAC,ABANCAY,SAN PEDRO DE CACHORA,vehiculos_operativos,1
030108,APURIMAC,ABANCAY,SAN PEDRO DE CACHORA,comisarias,1
030109,APURIMAC,ABANCAY,TAMBURCO,denuncias_2024_2026,929
030109,APURIMAC,ABANCAY,TAMBURCO,vehiculos_pnp,0
030109,APURIMAC,ABANCAY,TAMBURCO,vehiculos_operativos,0
030109,APURIMAC,ABANCAY,TAMBURCO,comisarias,1
030201,APURIMAC,ANDAHUAYLAS,ANDAHUAYLAS,denuncias_2024_2026,4726
030201,APURIMAC,ANDAHUAYLAS,ANDAHUAYLAS,vehiculos_pnp,51
030201,APURIMAC,ANDAHUAYLAS,ANDAHUAYLAS,vehiculos_operativos,28
030201,APURIMAC,ANDAHUAYLAS,ANDAHUAYLAS,comisarias,1
030202,APURIMAC,ANDAHUAYLAS,ANDARAPA,denuncias_2024_2026,110
030202,APURIMAC,ANDAHUAYLAS,ANDARAPA,vehiculos_pnp,1
030202,APURIMAC,ANDAHUAYLAS,ANDARAPA,vehiculos_operativos,1
030202,APURIMAC,ANDAHUAYLAS,ANDARAPA,comisarias,1
030203,APURIMAC,ANDAHUAYLAS,CHIARA,denuncias_2024_2026,12
030203,APURIMAC,ANDAHUAYLAS,CHIARA,vehiculos_pnp,0
030203,APURIMAC,ANDAHUAYLAS,CHIARA,vehiculos_operativos,0
030203,APURIMAC,ANDAHUAYLAS,CHIARA,comisarias,0
030204,APURIMAC,ANDAHUAYLAS,HUANCARAMA,denuncias_2024_2026,108
030204,APURIMAC,ANDAHUAYLAS,HUANCARAMA,vehiculos_pnp,1
030204,APURIMAC,ANDAHUAYLAS,HUANCARAMA,vehiculos_operativos,0
030204,APURIMAC,ANDAHUAYLAS,HUANCARAMA,comisarias,1
030205,APURIMAC,ANDAHUAYLAS,HUANCARAY,denuncias_2024_2026,146
030205,APURIMAC,ANDAHUAYLAS,HUANCARAY,vehiculos_pnp,3
030205,APURIMAC,ANDAHUAYLAS,HUANCARAY,vehiculos_operativos,2
030205,APURIMAC,ANDAHUAYLAS,HUANCARAY,comisarias,1
030206,APURIMAC,ANDAHUAYLAS,HUAYANA,denuncias_2024_2026,8
030206,APURIMAC,ANDAHUAYLAS,HUAYANA,vehiculos_pnp,0
030206,APURIMAC,ANDAHUAYLAS,HUAYANA,vehiculos_operativos,0
030206,APURIMAC,ANDAHUAYLAS,HUAYANA,comisarias,0
030207,APURIMAC,ANDAHUAYLAS,KISHUARA,denuncias_2024_2026,134
030207,APURIMAC,ANDAHUAYLAS,KISHUARA,vehiculos_pnp,1
030207,APURIMAC,ANDAHUAYLAS,KISHUARA,vehiculos_operativos,1
030207,APURIMAC,ANDAHUAYLAS,KISHUARA,comisarias,1
030208,APURIMAC,ANDAHUAYLAS,PACOBAMBA,denuncias_2024_2026,7
030208,APURIMAC,ANDAHUAYLAS,PACOBAMBA,vehiculos_pnp,0
030208,APURIMAC,ANDAHUAYLAS,PACOBAMBA,vehiculos_operativos,0
030208,APURIMAC,ANDAHUAYLAS,PACOBAMBA,comisarias,0
030209,APURIMAC,ANDAHUAYLAS,PACUCHA,denuncias_2024_2026,210
030209,APURIMAC,ANDAHUAYLAS,PACUCHA,vehiculos_pnp,0
030209,APURIMAC,ANDAHUAYLAS,PACUCHA,vehiculos_operativos,0
030209,APURIMAC,ANDAHUAYLAS,PACUCHA,comisarias,1
030210,APURIMAC,ANDAHUAYLAS,PAMPACHIRI,denuncias_2024_2026,97
030210,APURIMAC,ANDAHUAYLAS,PAMPACHIRI,vehiculos_pnp,2
030210,APURIMAC,ANDAHUAYLAS,PAMPACHIRI,vehiculos_operativos,2
030210,APURIMAC,ANDAHUAYLAS,PAMPACHIRI,comisarias,1
030211,APURIMAC,ANDAHUAYLAS,POMACOCHA,denuncias_2024_2026,3
030211,APURIMAC,ANDAHUAYLAS,POMACOCHA,vehiculos_pnp,0
030211,APURIMAC,ANDAHUAYLAS,POMACOCHA,vehiculos_operativos,0
030211,APURIMAC,ANDAHUAYLAS,POMACOCHA,comisarias,0
030212,APURIMAC,ANDAHUAYLAS,SAN ANTONIO DE CACHI,denuncias_2024_2026,103
030212,APURIMAC,ANDAHUAYLAS,SAN ANTONIO DE CACHI,vehiculos_pnp,1
030212,APURIMAC,ANDAHUAYLAS,SAN ANTONIO DE CACHI,vehiculos_operativos,1
030212,APURIMAC,ANDAHUAYLAS,SAN ANTONIO DE CACHI,comisarias,1
030213,APURIMAC,ANDAHUAYLAS,SAN JERONIMO,denuncias_2024_2026,2099
030213,APURIMAC,ANDAHUAYLAS,SAN JERONIMO,vehiculos_pnp,1
030213,APURIMAC,ANDAHUAYLAS,SAN JERONIMO,vehiculos_operativos,1
030213,APURIMAC,ANDAHUAYLAS,SAN JERONIMO,comisarias,1
030214,APURIMAC,ANDAHUAYLAS,SAN MIGUEL DE CHACCRAMPA,denuncias_2024_2026,21
030214,APURIMAC,ANDAHUAYLAS,SAN MIGUEL DE CHACCRAMPA,vehiculos_pnp,0
030214,APURIMAC,ANDAHUAYLAS,SAN MIGUEL DE CHACCRAMPA,vehiculos_operativos,0
030214,APURIMAC,ANDAHUAYLAS,SAN MIGUEL DE CHACCRAMPA,comisarias,0
030215,APURIMAC,ANDAHUAYLAS,SANTA MARIA DE CHICMO,denuncias_2024_2026,272
030215,APURIMAC,ANDAHUAYLAS,SANTA MARIA DE CHICMO,vehiculos_pnp,1
030215,APURIMAC,ANDAHUAYLAS,SANTA MARIA DE CHICMO,vehiculos_operativos,1
030215,APURIMAC,ANDAHUAYLAS,SANTA MARIA DE CHICMO,comisarias,1
030216,APURIMAC,ANDAHUAYLAS,TALAVERA,denuncias_2024_2026,1074
030216,APURIMAC,ANDAHUAYLAS,TALAVERA,vehiculos_pnp,1
030216,APURIMAC,ANDAHUAYLAS,TALAVERA,vehiculos_operativos,1
030216,APURIMAC,ANDAHUAYLAS,TALAVERA,comisarias,1
030217,APURIMAC,ANDAHUAYLAS,TUMAY HUARACA,denuncias_2024_2026,13
030217,APURIMAC,ANDAHUAYLAS,TUMAY HUARACA,vehiculos_pnp,0
030217,APURIMAC,ANDAHUAYLAS,TUMAY HUARACA,vehiculos_operativos,0
030217,APURIMAC,ANDAHUAYLAS,TUMAY HUARACA,comisarias,0
030218,APURIMAC,ANDAHUAYLAS,TURPO,denuncias_2024_2026,29
030218,APURIMAC,ANDAHUAYLAS,TURPO,vehiculos_pnp,0
030218,APURIMAC,ANDAHUAYLAS,TURPO,vehiculos_operativos,0
030218,APURIMAC,ANDAHUAYLAS,TURPO,comisarias,0
030219,APURIMAC,ANDAHUAYLAS,KAQUIABAMBA,denuncias_2024_2026,9
030219,APURIMAC,ANDAHUAYLAS,KAQUIABAMBA,vehiculos_pnp,0
030219,APURIMAC,ANDAHUAYLAS,KAQUIABAMBA,vehiculos_operativos,0
030219,APURIMAC,ANDAHUAYLAS,KAQUIABAMBA,comisarias,0
030301,APURIMAC,ANTABAMBA,ANTABAMBA,denuncias_2024_2026,270
030301,APURIMAC,ANTABAMBA,ANTABAMBA,vehiculos_pnp,1
030301,APURIMAC,ANTABAMBA,ANTABAMBA,vehiculos_operativos,0
030301,APURIMAC,ANTABAMBA,ANTABAMBA,comisarias,1
030302,APURIMAC,ANTABAMBA,EL ORO,denuncias_2024_2026,17
030302,APURIMAC,ANTABAMBA,EL ORO,vehiculos_pnp,0
030302,APURIMAC,ANTABAMBA,EL ORO,vehiculos_operativos,0
030302,APURIMAC,ANTABAMBA,EL ORO,comisarias,0
030303,APURIMAC,ANTABAMBA,HUAQUIRCA,denuncias_2024_2026,15
030303,APURIMAC,ANTABAMBA,HUAQUIRCA,vehiculos_pnp,0
030303,APURIMAC,ANTABAMBA,HUAQUIRCA,vehiculos_operativos,0
030303,APURIMAC,ANTABAMBA,HUAQUIRCA,comisarias,0
030304,APURIMAC,ANTABAMBA,JUAN ESPINOZA MEDRANO,denuncias_2024_2026,14
030304,APURIMAC,ANTABAMBA,JUAN ESPINOZA MEDRANO,vehiculos_pnp,0
030304,APURIMAC,ANTABAMBA,JUAN ESPINOZA MEDRANO,vehiculos_operativos,0
030304,APURIMAC,ANTABAMBA,JUAN ESPINOZA MEDRANO,comisarias,0
030305,APURIMAC,ANTABAMBA,OROPESA,denuncias_2024_2026,71
030305,APURIMAC,ANTABAMBA,OROPESA,vehiculos_pnp,1
030305,APURIMAC,ANTABAMBA,OROPESA,vehiculos_operativos,0
030305,APURIMAC,ANTABAMBA,OROPESA,comisarias,1
030306,APURIMAC,ANTABAMBA,PACHACONAS,denuncias_2024_2026,77
030306,APURIMAC,ANTABAMBA,PACHACONAS,vehiculos_pnp,1
030306,APURIMAC,ANTABAMBA,PACHACONAS,vehiculos_operativos,0
030306,APURIMAC,ANTABAMBA,PACHACONAS,comisarias,1
030307,APURIMAC,ANTABAMBA,SABAINO,denuncias_2024_2026,15
030307,APURIMAC,ANTABAMBA,SABAINO,vehiculos_pnp,0
030307,APURIMAC,ANTABAMBA,SABAINO,vehiculos_operativos,0
030307,APURIMAC,ANTABAMBA,SABAINO,comisarias,0
030401,APURIMAC,AYMARAES,CHALHUANCA,denuncias_2024_2026,307
030401,APURIMAC,AYMARAES,CHALHUANCA,vehiculos_pnp,13
030401,APURIMAC,AYMARAES,CHALHUANCA,vehiculos_operativos,10
030401,APURIMAC,AYMARAES,CHALHUANCA,comisarias,1
030402,APURIMAC,AYMARAES,CAPAYA,denuncias_2024_2026,7
030402,APURIMAC,AYMARAES,CAPAYA,vehiculos_pnp,0
030402,APURIMAC,AYMARAES,CAPAYA,vehiculos_operativos,0
030402,APURIMAC,AYMARAES,CAPAYA,comisarias,0
030403,APURIMAC,AYMARAES,CARAYBAMBA,denuncias_2024_2026,7
030403,APURIMAC,AYMARAES,CARAYBAMBA,vehiculos_pnp,0
030403,APURIMAC,AYMARAES,CARAYBAMBA,vehiculos_operativos,0
030403,APURIMAC,AYMARAES,CARAYBAMBA,comisarias,0
030404,APURIMAC,AYMARAES,CHAPIMARCA,denuncias_2024_2026,17
030404,APURIMAC,AYMARAES,CHAPIMARCA,vehiculos_pnp,0
030404,APURIMAC,AYMARAES,CHAPIMARCA,vehiculos_operativos,0
030404,APURIMAC,AYMARAES,CHAPIMARCA,comisarias,0
030405,APURIMAC,AYMARAES,COLCABAMBA,denuncias_2024_2026,8
030405,APURIMAC,AYMARAES,COLCABAMBA,vehiculos_pnp,0
030405,APURIMAC,AYMARAES,COLCABAMBA,vehiculos_operativos,0
030405,APURIMAC,AYMARAES,COLCABAMBA,comisarias,0
030406,APURIMAC,AYMARAES,COTARUSE,denuncias_2024_2026,63
030406,APURIMAC,AYMARAES,COTARUSE,vehiculos_pnp,1
030406,APURIMAC,AYMARAES,COTARUSE,vehiculos_operativos,0
030406,APURIMAC,AYMARAES,COTARUSE,comisarias,1
030407,APURIMAC,AYMARAES,HUAYLLO,denuncias_2024_2026,4
030407,APURIMAC,AYMARAES,HUAYLLO,vehiculos_pnp,0
030407,APURIMAC,AYMARAES,HUAYLLO,vehiculos_operativos,0
030407,APURIMAC,AYMARAES,HUAYLLO,comisarias,0
030408,APURIMAC,AYMARAES,JUSTO APU SAHUARAURA,denuncias_2024_2026,6
030408,APURIMAC,AYMARAES,JUSTO APU SAHUARAURA,vehiculos_pnp,0
030408,APURIMAC,AYMARAES,JUSTO APU SAHUARAURA,vehiculos_operativos,0
030408,APURIMAC,AYMARAES,JUSTO APU SAHUARAURA,comisarias,0
030409,APURIMAC,AYMARAES,LUCRE,denuncias_2024_2026,6
030409,APURIMAC,AYMARAES,LUCRE,vehiculos_pnp,0
030409,APURIMAC,AYMARAES,LUCRE,vehiculos_operativos,0
030409,APURIMAC,AYMARAES,LUCRE,comisarias,0
030410,APURIMAC,AYMARAES,POCOHUANCA,denuncias_2024_2026,15
030410,APURIMAC,AYMARAES,POCOHUANCA,vehiculos_pnp,0
030410,APURIMAC,AYMARAES,POCOHUANCA,vehiculos_operativos,0
030410,APURIMAC,AYMARAES,POCOHUANCA,comisarias,0
030411,APURIMAC,AYMARAES,SAN JUAN DE CHACÑA,denuncias_2024_2026,9
030411,APURIMAC,AYMARAES,SAN JUAN DE CHACÑA,vehiculos_pnp,0
030411,APURIMAC,AYMARAES,SAN JUAN DE CHACÑA,vehiculos_operativos,0
030411,APURIMAC,AYMARAES,SAN JUAN DE CHACÑA,comisarias,0
030412,APURIMAC,AYMARAES,SAÑAYCA,denuncias_2024_2026,9
030412,APURIMAC,AYMARAES,SAÑAYCA,vehiculos_pnp,0
030412,APURIMAC,AYMARAES,SAÑAYCA,vehiculos_operativos,0
030412,APURIMAC,AYMARAES,SAÑAYCA,comisarias,0
030413,APURIMAC,AYMARAES,SORAYA,denuncias_2024_2026,10
030413,APURIMAC,AYMARAES,SORAYA,vehiculos_pnp,0
030413,APURIMAC,AYMARAES,SORAYA,vehiculos_operativos,0
030413,APURIMAC,AYMARAES,SORAYA,comisarias,0
030414,APURIMAC,AYMARAES,TAPAIRIHUA,denuncias_2024_2026,118
030414,APURIMAC,AYMARAES,TAPAIRIHUA,vehiculos_pnp,1
030414,APURIMAC,AYMARAES,TAPAIRIHUA,vehiculos_operativos,0
030414,APURIMAC,AYMARAES,TAPAIRIHUA,comisarias,1
030415,APURIMAC,AYMARAES,TINTAY,denuncias_2024_2026,89
030415,APURIMAC,AYMARAES,TINTAY,vehiculos_pnp,2
030415,APURIMAC,AYMARAES,TINTAY,vehiculos_operativos,0
030415,APURIMAC,AYMARAES,TINTAY,comisarias,1
030416,APURIMAC,AYMARAES,TORAYA,denuncias_2024_2026,7
030416,APURIMAC,AYMARAES,TORAYA,vehiculos_pnp,0
030416,APURIMAC,AYMARAES,TORAYA,vehiculos_operativos,0
030416,APURIMAC,AYMARAES,TORAYA,comisarias,0
030417,APURIMAC,AYMARAES,YANACA,denuncias_2024_2026,38
030417,APURIMAC,AYMARAES,YANACA,vehiculos_pnp,2
030417,APURIMAC,AYMARAES,YANACA,vehiculos_operativos,2
030417,APURIMAC,AYMARAES,YANACA,comisarias,1
030501,APURIMAC,COTABAMBAS,TAMBOBAMBA,denuncias_2024_2026,348
030501,APURIMAC,COTABAMBAS,TAMBOBAMBA,vehiculos_pnp,1
030501,APURIMAC,COTABAMBAS,TAMBOBAMBA,vehiculos_operativos,1
030501,APURIMAC,COTABAMBAS,TAMBOBAMBA,comisarias,1
030502,APURIMAC,COTABAMBAS,COTABAMBAS,denuncias_2024_2026,106
030502,APURIMAC,COTABAMBAS,COTABAMBAS,vehiculos_pnp,1
030502,APURIMAC,COTABAMBAS,COTABAMBAS,vehiculos_operativos,1
030502,APURIMAC,COTABAMBAS,COTABAMBAS,comisarias,1
030503,APURIMAC,COTABAMBAS,COYLLURQUI,denuncias_2024_2026,134
030503,APURIMAC,COTABAMBAS,COYLLURQUI,vehiculos_pnp,1
030503,APURIMAC,COTABAMBAS,COYLLURQUI,vehiculos_operativos,0
030503,APURIMAC,COTABAMBAS,COYLLURQUI,comisarias,1
030504,APURIMAC,COTABAMBAS,HAQUIRA,denuncias_2024_2026,261
030504,APURIMAC,COTABAMBAS,HAQUIRA,vehiculos_pnp,2
030504,APURIMAC,COTABAMBAS,HAQUIRA,vehiculos_operativos,2
030504,APURIMAC,COTABAMBAS,HAQUIRA,comisarias,1
030505,APURIMAC,COTABAMBAS,MARA,denuncias_2024_2026,233
030505,APURIMAC,COTABAMBAS,MARA,vehiculos_pnp,1
030505,APURIMAC,COTABAMBAS,MARA,vehiculos_operativos,1
030505,APURIMAC,COTABAMBAS,MARA,comisarias,1
030506,APURIMAC,COTABAMBAS,CHALLHUAHUACHO,denuncias_2024_2026,1094
030506,APURIMAC,COTABAMBAS,CHALLHUAHUACHO,vehiculos_pnp,1
030506,APURIMAC,COTABAMBAS,CHALLHUAHUACHO,vehiculos_operativos,0
030506,APURIMAC,COTABAMBAS,CHALLHUAHUACHO,comisarias,1
030601,APURIMAC,CHINCHEROS,CHINCHEROS,denuncias_2024_2026,480
030601,APURIMAC,CHINCHEROS,CHINCHEROS,vehiculos_pnp,3
030601,APURIMAC,CHINCHEROS,CHINCHEROS,vehiculos_operativos,0
030601,APURIMAC,CHINCHEROS,CHINCHEROS,comisarias,1
030602,APURIMAC,CHINCHEROS,ANCO_HUALLO,denuncias_2024_2026,626
030602,APURIMAC,CHINCHEROS,ANCO_HUALLO,vehiculos_pnp,4
030602,APURIMAC,CHINCHEROS,ANCO_HUALLO,vehiculos_operativos,4
030602,APURIMAC,CHINCHEROS,ANCO_HUALLO,comisarias,1
030603,APURIMAC,CHINCHEROS,COCHARCAS,denuncias_2024_2026,70
030603,APURIMAC,CHINCHEROS,COCHARCAS,vehiculos_pnp,2
030603,APURIMAC,CHINCHEROS,COCHARCAS,vehiculos_operativos,1
030603,APURIMAC,CHINCHEROS,COCHARCAS,comisarias,1
030604,APURIMAC,CHINCHEROS,HUACCANA,denuncias_2024_2026,134
030604,APURIMAC,CHINCHEROS,HUACCANA,vehiculos_pnp,1
030604,APURIMAC,CHINCHEROS,HUACCANA,vehiculos_operativos,1
030604,APURIMAC,CHINCHEROS,HUACCANA,comisarias,0
030605,APURIMAC,CHINCHEROS,OCOBAMBA,denuncias_2024_2026,329
030605,APURIMAC,CHINCHEROS,OCOBAMBA,vehiculos_pnp,1
030605,APURIMAC,CHINCHEROS,OCOBAMBA,vehiculos_operativos,0
030605,APURIMAC,CHINCHEROS,OCOBAMBA,comisarias,1
030606,APURIMAC,CHINCHEROS,ONGOY,denuncias_2024_2026,84
030606,APURIMAC,CHINCHEROS,ONGOY,vehiculos_pnp,3
030606,APURIMAC,CHINCHEROS,ONGOY,vehiculos_operativos,2
030606,APURIMAC,CHINCHEROS,ONGOY,comisarias,1
030607,APURIMAC,CHINCHEROS,URANMARCA,denuncias_2024_2026,107
030607,APURIMAC,CHINCHEROS,URANMARCA,vehiculos_pnp,2
030607,APURIMAC,CHINCHEROS,URANMARCA,vehiculos_operativos,2
030607,APURIMAC,CHINCHEROS,URANMARCA,comisarias,1
030608,APURIMAC,CHINCHEROS,RANRACANCHA,denuncias_2024_2026,118
030608,APURIMAC,CHINCHEROS,RANRACANCHA,vehiculos_pnp,0
030608,APURIMAC,CHINCHEROS,RANRACANCHA,vehiculos_operativos,0
030608,APURIMAC,CHINCHEROS,RANRACANCHA,comisarias,1
030701,APURIMAC,GRAU,CHUQUIBAMBILLA,denuncias_2024_2026,341
030701,APURIMAC,GRAU,CHUQUIBAMBILLA,vehiculos_pnp,1
030701,APURIMAC,GRAU,CHUQUIBAMBILLA,vehiculos_operativos,0
030701,APURIMAC,GRAU,CHUQUIBAMBILLA,comisarias,1
030702,APURIMAC,GRAU,CURPAHUASI,denuncias_2024_2026,29
030702,APURIMAC,GRAU,CURPAHUASI,vehiculos_pnp,0
030702,APURIMAC,GRAU,CURPAHUASI,vehiculos_operativos,0
030702,APURIMAC,GRAU,CURPAHUASI,comisarias,0
030703,APURIMAC,GRAU,GAMARRA,denuncias_2024_2026,53
030703,APURIMAC,GRAU,GAMARRA,vehiculos_pnp,1
030703,APURIMAC,GRAU,GAMARRA,vehiculos_operativos,0
030703,APURIMAC,GRAU,GAMARRA,comisarias,1
030704,APURIMAC,GRAU,HUAYLLATI,denuncias_2024_2026,4
030704,APURIMAC,GRAU,HUAYLLATI,vehiculos_pnp,0
030704,APURIMAC,GRAU,HUAYLLATI,vehiculos_operativos,0
030704,APURIMAC,GRAU,HUAYLLATI,comisarias,0
030705,APURIMAC,GRAU,MAMARA,denuncias_2024_2026,81
030705,APURIMAC,GRAU,MAMARA,vehiculos_pnp,1
030705,APURIMAC,GRAU,MAMARA,vehiculos_operativos,1
030705,APURIMAC,GRAU,MAMARA,comisarias,1
030706,APURIMAC,GRAU,MICAELA BASTIDAS,denuncias_2024_2026,2
030706,APURIMAC,GRAU,MICAELA BASTIDAS,vehiculos_pnp,0
030706,APURIMAC,GRAU,MICAELA BASTIDAS,vehiculos_operativos,0
030706,APURIMAC,GRAU,MICAELA BASTIDAS,comisarias,0
030707,APURIMAC,GRAU,PATAYPAMPA,denuncias_2024_2026,3
030707,APURIMAC,GRAU,PATAYPAMPA,vehiculos_pnp,0
030707,APURIMAC,GRAU,PATAYPAMPA,vehiculos_operativos,0
030707,APURIMAC,GRAU,PATAYPAMPA,comisarias,0
030708,APURIMAC,GRAU,PROGRESO,denuncias_2024_2026,80
030708,APURIMAC,GRAU,PROGRESO,vehiculos_pnp,2
030708,APURIMAC,GRAU,PROGRESO,vehiculos_operativos,1
030708,APURIMAC,GRAU,PROGRESO,comisarias,1
030709,APURIMAC,GRAU,SAN ANTONIO,denuncias_2024_2026,4
030709,APURIMAC,GRAU,SAN ANTONIO,vehiculos_pnp,0
030709,APURIMAC,GRAU,SAN ANTONIO,vehiculos_operativos,0
030709,APURIMAC,GRAU,SAN ANTONIO,comisarias,0
030710,APURIMAC,GRAU,SANTA ROSA,denuncias_2024_2026,3
030710,APURIMAC,GRAU,SANTA ROSA,vehiculos_pnp,0
030710,APURIMAC,GRAU,SANTA ROSA,vehiculos_operativos,0
030710,APURIMAC,GRAU,SANTA ROSA,comisarias,0
030711,APURIMAC,GRAU,TURPAY,denuncias_2024_2026,6
030711,APURIMAC,GRAU,TURPAY,vehiculos_pnp,0
030711,APURIMAC,GRAU,TURPAY,vehiculos_operativos,0
030711,APURIMAC,GRAU,TURPAY,comisarias,0
030712,APURIMAC,GRAU,VILCABAMBA,denuncias_2024_2026,77
030712,APURIMAC,GRAU,VILCABAMBA,vehiculos_pnp,2
030712,APURIMAC,GRAU,VILCABAMBA,vehiculos_operativos,0
030712,APURIMAC,GRAU,VILCABAMBA,comisarias,1
030713,APURIMAC,GRAU,VIRUNDO,denuncias_2024_2026,4
030713,APURIMAC,GRAU,VIRUNDO,vehiculos_pnp,0
030713,APURIMAC,GRAU,VIRUNDO,vehiculos_operativos,0
030713,APURIMAC,GRAU,VIRUNDO,comisarias,0
030714,APURIMAC,GRAU,CURASCO,denuncias_2024_2026,11
030714,APURIMAC,GRAU,CURASCO,vehiculos_pnp,0
030714,APURIMAC,GRAU,CURASCO,vehiculos_operativos,0
030714,APURIMAC,GRAU,CURASCO,comisarias,0
040101,AREQUIPA,AREQUIPA,AREQUIPA,denuncias_2024_2026,16290
040101,AREQUIPA,AREQUIPA,AREQUIPA,vehiculos_pnp,251
040101,AREQUIPA,AREQUIPA,AREQUIPA,vehiculos_operativos,221
040101,AREQUIPA,AREQUIPA,AREQUIPA,comisarias,2
040102,AREQUIPA,AREQUIPA,ALTO SELVA ALEGRE,denuncias_2024_2026,6008
040102,AREQUIPA,AREQUIPA,ALTO SELVA ALEGRE,vehiculos_pnp,27
040102,AREQUIPA,AREQUIPA,ALTO SELVA ALEGRE,vehiculos_operativos,23
040102,AREQUIPA,AREQUIPA,ALTO SELVA ALEGRE,comisarias,2
040103,AREQUIPA,AREQUIPA,CAYMA,denuncias_2024_2026,7977
040103,AREQUIPA,AREQUIPA,CAYMA,vehiculos_pnp,18
040103,AREQUIPA,AREQUIPA,CAYMA,vehiculos_operativos,15
040103,AREQUIPA,AREQUIPA,CAYMA,comisarias,4
040104,AREQUIPA,AREQUIPA,CERRO COLORADO,denuncias_2024_2026,17056
040104,AREQUIPA,AREQUIPA,CERRO COLORADO,vehiculos_pnp,26
040104,AREQUIPA,AREQUIPA,CERRO COLORADO,vehiculos_operativos,23
040104,AREQUIPA,AREQUIPA,CERRO COLORADO,comisarias,4
040105,AREQUIPA,AREQUIPA,CHARACATO,denuncias_2024_2026,1281
040105,AREQUIPA,AREQUIPA,CHARACATO,vehiculos_pnp,3
040105,AREQUIPA,AREQUIPA,CHARACATO,vehiculos_operativos,2
040105,AREQUIPA,AREQUIPA,CHARACATO,comisarias,1
040106,AREQUIPA,AREQUIPA,CHIGUATA,denuncias_2024_2026,326
040106,AREQUIPA,AREQUIPA,CHIGUATA,vehiculos_pnp,3
040106,AREQUIPA,AREQUIPA,CHIGUATA,vehiculos_operativos,2
040106,AREQUIPA,AREQUIPA,CHIGUATA,comisarias,1
040107,AREQUIPA,AREQUIPA,JACOBO HUNTER,denuncias_2024_2026,4030
040107,AREQUIPA,AREQUIPA,JACOBO HUNTER,vehiculos_pnp,20
040107,AREQUIPA,AREQUIPA,JACOBO HUNTER,vehiculos_operativos,18
040107,AREQUIPA,AREQUIPA,JACOBO HUNTER,comisarias,2
040108,AREQUIPA,AREQUIPA,LA JOYA,denuncias_2024_2026,2818
040108,AREQUIPA,AREQUIPA,LA JOYA,vehiculos_pnp,19
040108,AREQUIPA,AREQUIPA,LA JOYA,vehiculos_operativos,15
040108,AREQUIPA,AREQUIPA,LA JOYA,comisarias,4
040109,AREQUIPA,AREQUIPA,MARIANO MELGAR,denuncias_2024_2026,6216
040109,AREQUIPA,AREQUIPA,MARIANO MELGAR,vehiculos_pnp,9
040109,AREQUIPA,AREQUIPA,MARIANO MELGAR,vehiculos_operativos,8
040109,AREQUIPA,AREQUIPA,MARIANO MELGAR,comisarias,2
040110,AREQUIPA,AREQUIPA,MIRAFLORES,denuncias_2024_2026,7021
040110,AREQUIPA,AREQUIPA,MIRAFLORES,vehiculos_pnp,23
040110,AREQUIPA,AREQUIPA,MIRAFLORES,vehiculos_operativos,20
040110,AREQUIPA,AREQUIPA,MIRAFLORES,comisarias,3
040111,AREQUIPA,AREQUIPA,MOLLEBAYA,denuncias_2024_2026,577
040111,AREQUIPA,AREQUIPA,MOLLEBAYA,vehiculos_pnp,3
040111,AREQUIPA,AREQUIPA,MOLLEBAYA,vehiculos_operativos,3
040111,AREQUIPA,AREQUIPA,MOLLEBAYA,comisarias,1
040112,AREQUIPA,AREQUIPA,PAUCARPATA,denuncias_2024_2026,11464
040112,AREQUIPA,AREQUIPA,PAUCARPATA,vehiculos_pnp,33
040112,AREQUIPA,AREQUIPA,PAUCARPATA,vehiculos_operativos,29
040112,AREQUIPA,AREQUIPA,PAUCARPATA,comisarias,5
040113,AREQUIPA,AREQUIPA,POCSI,denuncias_2024_2026,39
040113,AREQUIPA,AREQUIPA,POCSI,vehiculos_pnp,0
040113,AREQUIPA,AREQUIPA,POCSI,vehiculos_operativos,0
040113,AREQUIPA,AREQUIPA,POCSI,comisarias,1
040114,AREQUIPA,AREQUIPA,POLOBAYA,denuncias_2024_2026,62
040114,AREQUIPA,AREQUIPA,POLOBAYA,vehiculos_pnp,2
040114,AREQUIPA,AREQUIPA,POLOBAYA,vehiculos_operativos,1
040114,AREQUIPA,AREQUIPA,POLOBAYA,comisarias,1
040115,AREQUIPA,AREQUIPA,QUEQUEÑA,denuncias_2024_2026,182
040115,AREQUIPA,AREQUIPA,QUEQUEÑA,vehiculos_pnp,0
040115,AREQUIPA,AREQUIPA,QUEQUEÑA,vehiculos_operativos,0
040115,AREQUIPA,AREQUIPA,QUEQUEÑA,comisarias,0
040116,AREQUIPA,AREQUIPA,SABANDIA,denuncias_2024_2026,697
040116,AREQUIPA,AREQUIPA,SABANDIA,vehiculos_pnp,3
040116,AREQUIPA,AREQUIPA,SABANDIA,vehiculos_operativos,3
040116,AREQUIPA,AREQUIPA,SABANDIA,comisarias,1
040117,AREQUIPA,AREQUIPA,SACHACA,denuncias_2024_2026,1954
040117,AREQUIPA,AREQUIPA,SACHACA,vehiculos_pnp,7
040117,AREQUIPA,AREQUIPA,SACHACA,vehiculos_operativos,7
040117,AREQUIPA,AREQUIPA,SACHACA,comisarias,2
040118,AREQUIPA,AREQUIPA,SAN JUAN DE SIGUAS,denuncias_2024_2026,95
040118,AREQUIPA,AREQUIPA,SAN JUAN DE SIGUAS,vehiculos_pnp,1
040118,AREQUIPA,AREQUIPA,SAN JUAN DE SIGUAS,vehiculos_operativos,1
040118,AREQUIPA,AREQUIPA,SAN JUAN DE SIGUAS,comisarias,1
040119,AREQUIPA,AREQUIPA,SAN JUAN DE TARUCANI,denuncias_2024_2026,27
040119,AREQUIPA,AREQUIPA,SAN JUAN DE TARUCANI,vehiculos_pnp,2
040119,AREQUIPA,AREQUIPA,SAN JUAN DE TARUCANI,vehiculos_operativos,2
040119,AREQUIPA,AREQUIPA,SAN JUAN DE TARUCANI,comisarias,1
040120,AREQUIPA,AREQUIPA,SANTA ISABEL DE SIGUAS,denuncias_2024_2026,34
040120,AREQUIPA,AREQUIPA,SANTA ISABEL DE SIGUAS,vehiculos_pnp,0
040120,AREQUIPA,AREQUIPA,SANTA ISABEL DE SIGUAS,vehiculos_operativos,0
040120,AREQUIPA,AREQUIPA,SANTA ISABEL DE SIGUAS,comisarias,0
040121,AREQUIPA,AREQUIPA,SANTA RITA DE SIGUAS,denuncias_2024_2026,258
040121,AREQUIPA,AREQUIPA,SANTA RITA DE SIGUAS,vehiculos_pnp,1
040121,AREQUIPA,AREQUIPA,SANTA RITA DE SIGUAS,vehiculos_operativos,0
040121,AREQUIPA,AREQUIPA,SANTA RITA DE SIGUAS,comisarias,1
040122,AREQUIPA,AREQUIPA,SOCABAYA,denuncias_2024_2026,6340
040122,AREQUIPA,AREQUIPA,SOCABAYA,vehiculos_pnp,9
040122,AREQUIPA,AREQUIPA,SOCABAYA,vehiculos_operativos,7
040122,AREQUIPA,AREQUIPA,SOCABAYA,comisarias,2
040123,AREQUIPA,AREQUIPA,TIABAYA,denuncias_2024_2026,1171
040123,AREQUIPA,AREQUIPA,TIABAYA,vehiculos_pnp,4
040123,AREQUIPA,AREQUIPA,TIABAYA,vehiculos_operativos,4
040123,AREQUIPA,AREQUIPA,TIABAYA,comisarias,1
040124,AREQUIPA,AREQUIPA,UCHUMAYO,denuncias_2024_2026,1803
040124,AREQUIPA,AREQUIPA,UCHUMAYO,vehiculos_pnp,7
040124,AREQUIPA,AREQUIPA,UCHUMAYO,vehiculos_operativos,7
040124,AREQUIPA,AREQUIPA,UCHUMAYO,comisarias,2
040125,AREQUIPA,AREQUIPA,VITOR,denuncias_2024_2026,249
040125,AREQUIPA,AREQUIPA,VITOR,vehiculos_pnp,3
040125,AREQUIPA,AREQUIPA,VITOR,vehiculos_operativos,3
040125,AREQUIPA,AREQUIPA,VITOR,comisarias,2
040126,AREQUIPA,AREQUIPA,YANAHUARA,denuncias_2024_2026,4156
040126,AREQUIPA,AREQUIPA,YANAHUARA,vehiculos_pnp,116
040126,AREQUIPA,AREQUIPA,YANAHUARA,vehiculos_operativos,89
040126,AREQUIPA,AREQUIPA,YANAHUARA,comisarias,1
040127,AREQUIPA,AREQUIPA,YARABAMBA,denuncias_2024_2026,609
040127,AREQUIPA,AREQUIPA,YARABAMBA,vehiculos_pnp,4
040127,AREQUIPA,AREQUIPA,YARABAMBA,vehiculos_operativos,4
040127,AREQUIPA,AREQUIPA,YARABAMBA,comisarias,1
040128,AREQUIPA,AREQUIPA,YURA,denuncias_2024_2026,3031
040128,AREQUIPA,AREQUIPA,YURA,vehiculos_pnp,9
040128,AREQUIPA,AREQUIPA,YURA,vehiculos_operativos,9
040128,AREQUIPA,AREQUIPA,YURA,comisarias,2
040129,AREQUIPA,AREQUIPA,JOSE LUIS BUSTAMANTE Y RIVERO,denuncias_2024_2026,10314
040129,AREQUIPA,AREQUIPA,JOSE LUIS BUSTAMANTE Y RIVERO,vehiculos_pnp,15
040129,AREQUIPA,AREQUIPA,JOSE LUIS BUSTAMANTE Y RIVERO,vehiculos_operativos,12
040129,AREQUIPA,AREQUIPA,JOSE LUIS BUSTAMANTE Y RIVERO,comisarias,2
040201,AREQUIPA,CAMANA,CAMANA,denuncias_2024_2026,2169
040201,AREQUIPA,CAMANA,CAMANA,vehiculos_pnp,16
040201,AREQUIPA,CAMANA,CAMANA,vehiculos_operativos,11
040201,AREQUIPA,CAMANA,CAMANA,comisarias,1
040202,AREQUIPA,CAMANA,JOSE MARIA QUIMPER,denuncias_2024_2026,417
040202,AREQUIPA,CAMANA,JOSE MARIA QUIMPER,vehiculos_pnp,4
040202,AREQUIPA,CAMANA,JOSE MARIA QUIMPER,vehiculos_operativos,4
040202,AREQUIPA,CAMANA,JOSE MARIA QUIMPER,comisarias,2
040203,AREQUIPA,CAMANA,MARIANO NICOLAS VALCARCEL,denuncias_2024_2026,440
040203,AREQUIPA,CAMANA,MARIANO NICOLAS VALCARCEL,vehiculos_pnp,0
040203,AREQUIPA,CAMANA,MARIANO NICOLAS VALCARCEL,vehiculos_operativos,0
040203,AREQUIPA,CAMANA,MARIANO NICOLAS VALCARCEL,comisarias,0
040204,AREQUIPA,CAMANA,MARISCAL CACERES,denuncias_2024_2026,483
040204,AREQUIPA,CAMANA,MARISCAL CACERES,vehiculos_pnp,3
040204,AREQUIPA,CAMANA,MARISCAL CACERES,vehiculos_operativos,3
040204,AREQUIPA,CAMANA,MARISCAL CACERES,comisarias,2
040205,AREQUIPA,CAMANA,NICOLAS DE PIEROLA,denuncias_2024_2026,315
040205,AREQUIPA,CAMANA,NICOLAS DE PIEROLA,vehiculos_pnp,3
040205,AREQUIPA,CAMANA,NICOLAS DE PIEROLA,vehiculos_operativos,2
040205,AREQUIPA,CAMANA,NICOLAS DE PIEROLA,comisarias,1
040206,AREQUIPA,CAMANA,OCOÑA,denuncias_2024_2026,398
040206,AREQUIPA,CAMANA,OCOÑA,vehiculos_pnp,2
040206,AREQUIPA,CAMANA,OCOÑA,vehiculos_operativos,2
040206,AREQUIPA,CAMANA,OCOÑA,comisarias,0
040207,AREQUIPA,CAMANA,QUILCA,denuncias_2024_2026,100
040207,AREQUIPA,CAMANA,QUILCA,vehiculos_pnp,2
040207,AREQUIPA,CAMANA,QUILCA,vehiculos_operativos,1
040207,AREQUIPA,CAMANA,QUILCA,comisarias,1
040208,AREQUIPA,CAMANA,SAMUEL PASTOR,denuncias_2024_2026,1765
040208,AREQUIPA,CAMANA,SAMUEL PASTOR,vehiculos_pnp,18
040208,AREQUIPA,CAMANA,SAMUEL PASTOR,vehiculos_operativos,14
040208,AREQUIPA,CAMANA,SAMUEL PASTOR,comisarias,1
040301,AREQUIPA,CARAVELI,CARAVELI,denuncias_2024_2026,432
040301,AREQUIPA,CARAVELI,CARAVELI,vehiculos_pnp,3
040301,AREQUIPA,CARAVELI,CARAVELI,vehiculos_operativos,2
040301,AREQUIPA,CARAVELI,CARAVELI,comisarias,1
040302,AREQUIPA,CARAVELI,ACARI,denuncias_2024_2026,279
040302,AREQUIPA,CARAVELI,ACARI,vehiculos_pnp,1
040302,AREQUIPA,CARAVELI,ACARI,vehiculos_operativos,1
040302,AREQUIPA,CARAVELI,ACARI,comisarias,1
040303,AREQUIPA,CARAVELI,ATICO,denuncias_2024_2026,466
040303,AREQUIPA,CARAVELI,ATICO,vehiculos_pnp,6
040303,AREQUIPA,CARAVELI,ATICO,vehiculos_operativos,5
040303,AREQUIPA,CARAVELI,ATICO,comisarias,1
040305,AREQUIPA,CARAVELI,BELLA UNION,denuncias_2024_2026,264
040305,AREQUIPA,CARAVELI,BELLA UNION,vehiculos_pnp,2
040305,AREQUIPA,CARAVELI,BELLA UNION,vehiculos_operativos,1
040305,AREQUIPA,CARAVELI,BELLA UNION,comisarias,1
040306,AREQUIPA,CARAVELI,CAHUACHO,denuncias_2024_2026,1
040306,AREQUIPA,CARAVELI,CAHUACHO,vehiculos_pnp,0
040306,AREQUIPA,CARAVELI,CAHUACHO,vehiculos_operativos,0
040306,AREQUIPA,CARAVELI,CAHUACHO,comisarias,0
040307,AREQUIPA,CARAVELI,CHALA,denuncias_2024_2026,1483
040307,AREQUIPA,CARAVELI,CHALA,vehiculos_pnp,7
040307,AREQUIPA,CARAVELI,CHALA,vehiculos_operativos,5
040307,AREQUIPA,CARAVELI,CHALA,comisarias,1
040308,AREQUIPA,CARAVELI,CHAPARRA,denuncias_2024_2026,349
040308,AREQUIPA,CARAVELI,CHAPARRA,vehiculos_pnp,2
040308,AREQUIPA,CARAVELI,CHAPARRA,vehiculos_operativos,2
040308,AREQUIPA,CARAVELI,CHAPARRA,comisarias,1
040309,AREQUIPA,CARAVELI,HUANUHUANU,denuncias_2024_2026,37
040309,AREQUIPA,CARAVELI,HUANUHUANU,vehiculos_pnp,0
040309,AREQUIPA,CARAVELI,HUANUHUANU,vehiculos_operativos,0
040309,AREQUIPA,CARAVELI,HUANUHUANU,comisarias,0
040310,AREQUIPA,CARAVELI,JAQUI,denuncias_2024_2026,76
040310,AREQUIPA,CARAVELI,JAQUI,vehiculos_pnp,2
040310,AREQUIPA,CARAVELI,JAQUI,vehiculos_operativos,2
040310,AREQUIPA,CARAVELI,JAQUI,comisarias,1
040311,AREQUIPA,CARAVELI,LOMAS,denuncias_2024_2026,116
040311,AREQUIPA,CARAVELI,LOMAS,vehiculos_pnp,3
040311,AREQUIPA,CARAVELI,LOMAS,vehiculos_operativos,0
040311,AREQUIPA,CARAVELI,LOMAS,comisarias,1
040312,AREQUIPA,CARAVELI,QUICACHA,denuncias_2024_2026,89
040312,AREQUIPA,CARAVELI,QUICACHA,vehiculos_pnp,0
040312,AREQUIPA,CARAVELI,QUICACHA,vehiculos_operativos,0
040312,AREQUIPA,CARAVELI,QUICACHA,comisarias,0
040313,AREQUIPA,CARAVELI,YAUCA,denuncias_2024_2026,245
040313,AREQUIPA,CARAVELI,YAUCA,vehiculos_pnp,5
040313,AREQUIPA,CARAVELI,YAUCA,vehiculos_operativos,5
040313,AREQUIPA,CARAVELI,YAUCA,comisarias,1
040401,AREQUIPA,CASTILLA,APLAO,denuncias_2024_2026,624
040401,AREQUIPA,CASTILLA,APLAO,vehiculos_pnp,9
040401,AREQUIPA,CASTILLA,APLAO,vehiculos_operativos,9
040401,AREQUIPA,CASTILLA,APLAO,comisarias,1
040402,AREQUIPA,CASTILLA,ANDAGUA,denuncias_2024_2026,130
040402,AREQUIPA,CASTILLA,ANDAGUA,vehiculos_pnp,4
040402,AREQUIPA,CASTILLA,ANDAGUA,vehiculos_operativos,3
040402,AREQUIPA,CASTILLA,ANDAGUA,comisarias,1
040403,AREQUIPA,CASTILLA,AYO,denuncias_2024_2026,16
040403,AREQUIPA,CASTILLA,AYO,vehiculos_pnp,0
040403,AREQUIPA,CASTILLA,AYO,vehiculos_operativos,0
040403,AREQUIPA,CASTILLA,AYO,comisarias,0
040404,AREQUIPA,CASTILLA,CHACHAS,denuncias_2024_2026,16
040404,AREQUIPA,CASTILLA,CHACHAS,vehiculos_pnp,0
040404,AREQUIPA,CASTILLA,CHACHAS,vehiculos_operativos,0
040404,AREQUIPA,CASTILLA,CHACHAS,comisarias,0
040405,AREQUIPA,CASTILLA,CHILCAYMARCA,denuncias_2024_2026,5
040405,AREQUIPA,CASTILLA,CHILCAYMARCA,vehiculos_pnp,0
040405,AREQUIPA,CASTILLA,CHILCAYMARCA,vehiculos_operativos,0
040405,AREQUIPA,CASTILLA,CHILCAYMARCA,comisarias,0
040406,AREQUIPA,CASTILLA,CHOCO,denuncias_2024_2026,8
040406,AREQUIPA,CASTILLA,CHOCO,vehiculos_pnp,0
040406,AREQUIPA,CASTILLA,CHOCO,vehiculos_operativos,0
040406,AREQUIPA,CASTILLA,CHOCO,comisarias,0
040407,AREQUIPA,CASTILLA,HUANCARQUI,denuncias_2024_2026,41
040407,AREQUIPA,CASTILLA,HUANCARQUI,vehiculos_pnp,0
040407,AREQUIPA,CASTILLA,HUANCARQUI,vehiculos_operativos,0
040407,AREQUIPA,CASTILLA,HUANCARQUI,comisarias,0
040408,AREQUIPA,CASTILLA,MACHAGUAY,denuncias_2024_2026,103
040408,AREQUIPA,CASTILLA,MACHAGUAY,vehiculos_pnp,2
040408,AREQUIPA,CASTILLA,MACHAGUAY,vehiculos_operativos,2
040408,AREQUIPA,CASTILLA,MACHAGUAY,comisarias,1
040409,AREQUIPA,CASTILLA,ORCOPAMPA,denuncias_2024_2026,127
040409,AREQUIPA,CASTILLA,ORCOPAMPA,vehiculos_pnp,2
040409,AREQUIPA,CASTILLA,ORCOPAMPA,vehiculos_operativos,2
040409,AREQUIPA,CASTILLA,ORCOPAMPA,comisarias,1
040410,AREQUIPA,CASTILLA,PAMPACOLCA,denuncias_2024_2026,99
040410,AREQUIPA,CASTILLA,PAMPACOLCA,vehiculos_pnp,2
040410,AREQUIPA,CASTILLA,PAMPACOLCA,vehiculos_operativos,2
040410,AREQUIPA,CASTILLA,PAMPACOLCA,comisarias,1
040411,AREQUIPA,CASTILLA,TIPAN,denuncias_2024_2026,3
040411,AREQUIPA,CASTILLA,TIPAN,vehiculos_pnp,0
040411,AREQUIPA,CASTILLA,TIPAN,vehiculos_operativos,0
040411,AREQUIPA,CASTILLA,TIPAN,comisarias,0
040413,AREQUIPA,CASTILLA,URACA,denuncias_2024_2026,357
040413,AREQUIPA,CASTILLA,URACA,vehiculos_pnp,4
040413,AREQUIPA,CASTILLA,URACA,vehiculos_operativos,4
040413,AREQUIPA,CASTILLA,URACA,comisarias,1
040414,AREQUIPA,CASTILLA,VIRACO,denuncias_2024_2026,202
040414,AREQUIPA,CASTILLA,VIRACO,vehiculos_pnp,3
040414,AREQUIPA,CASTILLA,VIRACO,vehiculos_operativos,2
040414,AREQUIPA,CASTILLA,VIRACO,comisarias,1
040501,AREQUIPA,CAYLLOMA,CHIVAY,denuncias_2024_2026,602
040501,AREQUIPA,CAYLLOMA,CHIVAY,vehiculos_pnp,7
040501,AREQUIPA,CAYLLOMA,CHIVAY,vehiculos_operativos,6
040501,AREQUIPA,CAYLLOMA,CHIVAY,comisarias,1
040502,AREQUIPA,CAYLLOMA,ACHOMA,denuncias_2024_2026,40
040502,AREQUIPA,CAYLLOMA,ACHOMA,vehiculos_pnp,0
040502,AREQUIPA,CAYLLOMA,ACHOMA,vehiculos_operativos,0
040502,AREQUIPA,CAYLLOMA,ACHOMA,comisarias,0
040503,AREQUIPA,CAYLLOMA,CABANACONDE,denuncias_2024_2026,190
040503,AREQUIPA,CAYLLOMA,CABANACONDE,vehiculos_pnp,1
040503,AREQUIPA,CAYLLOMA,CABANACONDE,vehiculos_operativos,0
040503,AREQUIPA,CAYLLOMA,CABANACONDE,comisarias,1
040504,AREQUIPA,CAYLLOMA,CALLALLI,denuncias_2024_2026,15
040504,AREQUIPA,CAYLLOMA,CALLALLI,vehiculos_pnp,0
040504,AREQUIPA,CAYLLOMA,CALLALLI,vehiculos_operativos,0
040504,AREQUIPA,CAYLLOMA,CALLALLI,comisarias,0
040505,AREQUIPA,CAYLLOMA,CAYLLOMA,denuncias_2024_2026,108
040505,AREQUIPA,CAYLLOMA,CAYLLOMA,vehiculos_pnp,2
040505,AREQUIPA,CAYLLOMA,CAYLLOMA,vehiculos_operativos,1
040505,AREQUIPA,CAYLLOMA,CAYLLOMA,comisarias,1
040506,AREQUIPA,CAYLLOMA,COPORAQUE,denuncias_2024_2026,36
040506,AREQUIPA,CAYLLOMA,COPORAQUE,vehiculos_pnp,0
040506,AREQUIPA,CAYLLOMA,COPORAQUE,vehiculos_operativos,0
040506,AREQUIPA,CAYLLOMA,COPORAQUE,comisarias,0
040507,AREQUIPA,CAYLLOMA,HUAMBO,denuncias_2024_2026,61
040507,AREQUIPA,CAYLLOMA,HUAMBO,vehiculos_pnp,1
040507,AREQUIPA,CAYLLOMA,HUAMBO,vehiculos_operativos,1
040507,AREQUIPA,CAYLLOMA,HUAMBO,comisarias,1
040508,AREQUIPA,CAYLLOMA,HUANCA,denuncias_2024_2026,236
040508,AREQUIPA,CAYLLOMA,HUANCA,vehiculos_pnp,2
040508,AREQUIPA,CAYLLOMA,HUANCA,vehiculos_operativos,2
040508,AREQUIPA,CAYLLOMA,HUANCA,comisarias,1
040509,AREQUIPA,CAYLLOMA,ICHUPAMPA,denuncias_2024_2026,16
040509,AREQUIPA,CAYLLOMA,ICHUPAMPA,vehiculos_pnp,0
040509,AREQUIPA,CAYLLOMA,ICHUPAMPA,vehiculos_operativos,0
040509,AREQUIPA,CAYLLOMA,ICHUPAMPA,comisarias,0
040510,AREQUIPA,CAYLLOMA,LARI,denuncias_2024_2026,17
040510,AREQUIPA,CAYLLOMA,LARI,vehiculos_pnp,0
040510,AREQUIPA,CAYLLOMA,LARI,vehiculos_operativos,0
040510,AREQUIPA,CAYLLOMA,LARI,comisarias,0
040511,AREQUIPA,CAYLLOMA,LLUTA,denuncias_2024_2026,18
040511,AREQUIPA,CAYLLOMA,LLUTA,vehiculos_pnp,0
040511,AREQUIPA,CAYLLOMA,LLUTA,vehiculos_operativos,0
040511,AREQUIPA,CAYLLOMA,LLUTA,comisarias,0
040512,AREQUIPA,CAYLLOMA,MACA,denuncias_2024_2026,17
040512,AREQUIPA,CAYLLOMA,MACA,vehiculos_pnp,0
040512,AREQUIPA,CAYLLOMA,MACA,vehiculos_operativos,0
040512,AREQUIPA,CAYLLOMA,MACA,comisarias,0
040513,AREQUIPA,CAYLLOMA,MADRIGAL,denuncias_2024_2026,25
040513,AREQUIPA,CAYLLOMA,MADRIGAL,vehiculos_pnp,2
040513,AREQUIPA,CAYLLOMA,MADRIGAL,vehiculos_operativos,2
040513,AREQUIPA,CAYLLOMA,MADRIGAL,comisarias,1
040514,AREQUIPA,CAYLLOMA,SAN ANTONIO DE CHUCA,denuncias_2024_2026,111
040514,AREQUIPA,CAYLLOMA,SAN ANTONIO DE CHUCA,vehiculos_pnp,0
040514,AREQUIPA,CAYLLOMA,SAN ANTONIO DE CHUCA,vehiculos_operativos,0
040514,AREQUIPA,CAYLLOMA,SAN ANTONIO DE CHUCA,comisarias,1
040515,AREQUIPA,CAYLLOMA,SIBAYO,denuncias_2024_2026,146
040515,AREQUIPA,CAYLLOMA,SIBAYO,vehiculos_pnp,2
040515,AREQUIPA,CAYLLOMA,SIBAYO,vehiculos_operativos,2
040515,AREQUIPA,CAYLLOMA,SIBAYO,comisarias,1
040516,AREQUIPA,CAYLLOMA,TAPAY,denuncias_2024_2026,6
040516,AREQUIPA,CAYLLOMA,TAPAY,vehiculos_pnp,0
040516,AREQUIPA,CAYLLOMA,TAPAY,vehiculos_operativos,0
040516,AREQUIPA,CAYLLOMA,TAPAY,comisarias,0
040517,AREQUIPA,CAYLLOMA,TISCO,denuncias_2024_2026,6
040517,AREQUIPA,CAYLLOMA,TISCO,vehiculos_pnp,0
040517,AREQUIPA,CAYLLOMA,TISCO,vehiculos_operativos,0
040517,AREQUIPA,CAYLLOMA,TISCO,comisarias,0
040518,AREQUIPA,CAYLLOMA,TUTI,denuncias_2024_2026,26
040518,AREQUIPA,CAYLLOMA,TUTI,vehiculos_pnp,0
040518,AREQUIPA,CAYLLOMA,TUTI,vehiculos_operativos,0
040518,AREQUIPA,CAYLLOMA,TUTI,comisarias,0
040519,AREQUIPA,CAYLLOMA,YANQUE,denuncias_2024_2026,66
040519,AREQUIPA,CAYLLOMA,YANQUE,vehiculos_pnp,0
040519,AREQUIPA,CAYLLOMA,YANQUE,vehiculos_operativos,0
040519,AREQUIPA,CAYLLOMA,YANQUE,comisarias,0
040520,AREQUIPA,CAYLLOMA,MAJES,denuncias_2024_2026,3739
040520,AREQUIPA,CAYLLOMA,MAJES,vehiculos_pnp,18
040520,AREQUIPA,CAYLLOMA,MAJES,vehiculos_operativos,14
040520,AREQUIPA,CAYLLOMA,MAJES,comisarias,1
040601,AREQUIPA,CONDESUYOS,CHUQUIBAMBA,denuncias_2024_2026,307
040601,AREQUIPA,CONDESUYOS,CHUQUIBAMBA,vehiculos_pnp,2
040601,AREQUIPA,CONDESUYOS,CHUQUIBAMBA,vehiculos_operativos,2
040601,AREQUIPA,CONDESUYOS,CHUQUIBAMBA,comisarias,1
040602,AREQUIPA,CONDESUYOS,ANDARAY,denuncias_2024_2026,18
040602,AREQUIPA,CONDESUYOS,ANDARAY,vehiculos_pnp,3
040602,AREQUIPA,CONDESUYOS,ANDARAY,vehiculos_operativos,3
040602,AREQUIPA,CONDESUYOS,ANDARAY,comisarias,1
040603,AREQUIPA,CONDESUYOS,CAYARANI,denuncias_2024_2026,13
040603,AREQUIPA,CONDESUYOS,CAYARANI,vehiculos_pnp,0
040603,AREQUIPA,CONDESUYOS,CAYARANI,vehiculos_operativos,0
040603,AREQUIPA,CONDESUYOS,CAYARANI,comisarias,0
040604,AREQUIPA,CONDESUYOS,CHICHAS,denuncias_2024_2026,4
040604,AREQUIPA,CONDESUYOS,CHICHAS,vehiculos_pnp,0
040604,AREQUIPA,CONDESUYOS,CHICHAS,vehiculos_operativos,0
040604,AREQUIPA,CONDESUYOS,CHICHAS,comisarias,0
040605,AREQUIPA,CONDESUYOS,IRAY,denuncias_2024_2026,10
040605,AREQUIPA,CONDESUYOS,IRAY,vehiculos_pnp,0
040605,AREQUIPA,CONDESUYOS,IRAY,vehiculos_operativos,0
040605,AREQUIPA,CONDESUYOS,IRAY,comisarias,0
040606,AREQUIPA,CONDESUYOS,RIO GRANDE,denuncias_2024_2026,271
040606,AREQUIPA,CONDESUYOS,RIO GRANDE,vehiculos_pnp,2
040606,AREQUIPA,CONDESUYOS,RIO GRANDE,vehiculos_operativos,1
040606,AREQUIPA,CONDESUYOS,RIO GRANDE,comisarias,1
040607,AREQUIPA,CONDESUYOS,SALAMANCA,denuncias_2024_2026,53
040607,AREQUIPA,CONDESUYOS,SALAMANCA,vehiculos_pnp,5
040607,AREQUIPA,CONDESUYOS,SALAMANCA,vehiculos_operativos,4
040607,AREQUIPA,CONDESUYOS,SALAMANCA,comisarias,1
040608,AREQUIPA,CONDESUYOS,YANAQUIHUA,denuncias_2024_2026,106
040608,AREQUIPA,CONDESUYOS,YANAQUIHUA,vehiculos_pnp,0
040608,AREQUIPA,CONDESUYOS,YANAQUIHUA,vehiculos_operativos,0
040608,AREQUIPA,CONDESUYOS,YANAQUIHUA,comisarias,1
040701,AREQUIPA,ISLAY,MOLLENDO,denuncias_2024_2026,2432
040701,AREQUIPA,ISLAY,MOLLENDO,vehiculos_pnp,10
040701,AREQUIPA,ISLAY,MOLLENDO,vehiculos_operativos,8
040701,AREQUIPA,ISLAY,MOLLENDO,comisarias,1
040702,AREQUIPA,ISLAY,COCACHACRA,denuncias_2024_2026,770
040702,AREQUIPA,ISLAY,COCACHACRA,vehiculos_pnp,4
040702,AREQUIPA,ISLAY,COCACHACRA,vehiculos_operativos,2
040702,AREQUIPA,ISLAY,COCACHACRA,comisarias,1
040703,AREQUIPA,ISLAY,DEAN VALDIVIA,denuncias_2024_2026,429
040703,AREQUIPA,ISLAY,DEAN VALDIVIA,vehiculos_pnp,7
040703,AREQUIPA,ISLAY,DEAN VALDIVIA,vehiculos_operativos,6
040703,AREQUIPA,ISLAY,DEAN VALDIVIA,comisarias,2
040704,AREQUIPA,ISLAY,ISLAY,denuncias_2024_2026,460
040704,AREQUIPA,ISLAY,ISLAY,vehiculos_pnp,3
040704,AREQUIPA,ISLAY,ISLAY,vehiculos_operativos,2
040704,AREQUIPA,ISLAY,ISLAY,comisarias,1
040705,AREQUIPA,ISLAY,MEJIA,denuncias_2024_2026,152
040705,AREQUIPA,ISLAY,MEJIA,vehiculos_pnp,2
040705,AREQUIPA,ISLAY,MEJIA,vehiculos_operativos,0
040705,AREQUIPA,ISLAY,MEJIA,comisarias,1
040706,AREQUIPA,ISLAY,PUNTA DE BOMBON,denuncias_2024_2026,572
040706,AREQUIPA,ISLAY,PUNTA DE BOMBON,vehiculos_pnp,2
040706,AREQUIPA,ISLAY,PUNTA DE BOMBON,vehiculos_operativos,1
040706,AREQUIPA,ISLAY,PUNTA DE BOMBON,comisarias,1
040801,AREQUIPA,LA UNION,COTAHUASI,denuncias_2024_2026,190
040801,AREQUIPA,LA UNION,COTAHUASI,vehiculos_pnp,4
040801,AREQUIPA,LA UNION,COTAHUASI,vehiculos_operativos,4
040801,AREQUIPA,LA UNION,COTAHUASI,comisarias,1
040802,AREQUIPA,LA UNION,ALCA,denuncias_2024_2026,98
040802,AREQUIPA,LA UNION,ALCA,vehiculos_pnp,5
040802,AREQUIPA,LA UNION,ALCA,vehiculos_operativos,4
040802,AREQUIPA,LA UNION,ALCA,comisarias,1
040803,AREQUIPA,LA UNION,CHARCANA,denuncias_2024_2026,31
040803,AREQUIPA,LA UNION,CHARCANA,vehiculos_pnp,3
040803,AREQUIPA,LA UNION,CHARCANA,vehiculos_operativos,3
040803,AREQUIPA,LA UNION,CHARCANA,comisarias,1
040804,AREQUIPA,LA UNION,HUAYNACOTAS,denuncias_2024_2026,6
040804,AREQUIPA,LA UNION,HUAYNACOTAS,vehiculos_pnp,0
040804,AREQUIPA,LA UNION,HUAYNACOTAS,vehiculos_operativos,0
040804,AREQUIPA,LA UNION,HUAYNACOTAS,comisarias,0
040805,AREQUIPA,LA UNION,PAMPAMARCA,denuncias_2024_2026,7
040805,AREQUIPA,LA UNION,PAMPAMARCA,vehiculos_pnp,0
040805,AREQUIPA,LA UNION,PAMPAMARCA,vehiculos_operativos,0
040805,AREQUIPA,LA UNION,PAMPAMARCA,comisarias,0
040806,AREQUIPA,LA UNION,PUYCA,denuncias_2024_2026,3
040806,AREQUIPA,LA UNION,PUYCA,vehiculos_pnp,0
040806,AREQUIPA,LA UNION,PUYCA,vehiculos_operativos,0
040806,AREQUIPA,LA UNION,PUYCA,comisarias,0
040807,AREQUIPA,LA UNION,QUECHUALLA,denuncias_2024_2026,6
040807,AREQUIPA,LA UNION,QUECHUALLA,vehiculos_pnp,0
040807,AREQUIPA,LA UNION,QUECHUALLA,vehiculos_operativos,0
040807,AREQUIPA,LA UNION,QUECHUALLA,comisarias,0
040809,AREQUIPA,LA UNION,TAURIA,denuncias_2024_2026,2
040809,AREQUIPA,LA UNION,TAURIA,vehiculos_pnp,0
040809,AREQUIPA,LA UNION,TAURIA,vehiculos_operativos,0
040809,AREQUIPA,LA UNION,TAURIA,comisarias,0
040810,AREQUIPA,LA UNION,TOMEPAMPA,denuncias_2024_2026,10
040810,AREQUIPA,LA UNION,TOMEPAMPA,vehiculos_pnp,0
040810,AREQUIPA,LA UNION,TOMEPAMPA,vehiculos_operativos,0
040810,AREQUIPA,LA UNION,TOMEPAMPA,comisarias,0
040811,AREQUIPA,LA UNION,TORO,denuncias_2024_2026,10
040811,AREQUIPA,LA UNION,TORO,vehiculos_pnp,0
040811,AREQUIPA,LA UNION,TORO,vehiculos_operativos,0
040811,AREQUIPA,LA UNION,TORO,comisarias,0
050101,AYACUCHO,HUAMANGA,AYACUCHO,denuncias_2024_2026,17128
050101,AYACUCHO,HUAMANGA,AYACUCHO,vehiculos_pnp,165
050101,AYACUCHO,HUAMANGA,AYACUCHO,vehiculos_operativos,127
050101,AYACUCHO,HUAMANGA,AYACUCHO,comisarias,1
050102,AYACUCHO,HUAMANGA,ACOCRO,denuncias_2024_2026,162
050102,AYACUCHO,HUAMANGA,ACOCRO,vehiculos_pnp,0
050102,AYACUCHO,HUAMANGA,ACOCRO,vehiculos_operativos,0
050102,AYACUCHO,HUAMANGA,ACOCRO,comisarias,0
050103,AYACUCHO,HUAMANGA,ACOS VINCHOS,denuncias_2024_2026,105
050103,AYACUCHO,HUAMANGA,ACOS VINCHOS,vehiculos_pnp,1
050103,AYACUCHO,HUAMANGA,ACOS VINCHOS,vehiculos_operativos,1
050103,AYACUCHO,HUAMANGA,ACOS VINCHOS,comisarias,0
050104,AYACUCHO,HUAMANGA,CARMEN ALTO,denuncias_2024_2026,2159
050104,AYACUCHO,HUAMANGA,CARMEN ALTO,vehiculos_pnp,17
050104,AYACUCHO,HUAMANGA,CARMEN ALTO,vehiculos_operativos,12
050104,AYACUCHO,HUAMANGA,CARMEN ALTO,comisarias,1
050105,AYACUCHO,HUAMANGA,CHIARA,denuncias_2024_2026,175
050105,AYACUCHO,HUAMANGA,CHIARA,vehiculos_pnp,0
050105,AYACUCHO,HUAMANGA,CHIARA,vehiculos_operativos,0
050105,AYACUCHO,HUAMANGA,CHIARA,comisarias,0
050106,AYACUCHO,HUAMANGA,OCROS,denuncias_2024_2026,170
050106,AYACUCHO,HUAMANGA,OCROS,vehiculos_pnp,2
050106,AYACUCHO,HUAMANGA,OCROS,vehiculos_operativos,2
050106,AYACUCHO,HUAMANGA,OCROS,comisarias,0
050107,AYACUCHO,HUAMANGA,PACAYCASA,denuncias_2024_2026,63
050107,AYACUCHO,HUAMANGA,PACAYCASA,vehiculos_pnp,0
050107,AYACUCHO,HUAMANGA,PACAYCASA,vehiculos_operativos,0
050107,AYACUCHO,HUAMANGA,PACAYCASA,comisarias,0
050108,AYACUCHO,HUAMANGA,QUINUA,denuncias_2024_2026,170
050108,AYACUCHO,HUAMANGA,QUINUA,vehiculos_pnp,2
050108,AYACUCHO,HUAMANGA,QUINUA,vehiculos_operativos,2
050108,AYACUCHO,HUAMANGA,QUINUA,comisarias,0
050109,AYACUCHO,HUAMANGA,SAN JOSE DE TICLLAS,denuncias_2024_2026,11
050109,AYACUCHO,HUAMANGA,SAN JOSE DE TICLLAS,vehiculos_pnp,0
050109,AYACUCHO,HUAMANGA,SAN JOSE DE TICLLAS,vehiculos_operativos,0
050109,AYACUCHO,HUAMANGA,SAN JOSE DE TICLLAS,comisarias,0
050110,AYACUCHO,HUAMANGA,SAN JUAN BAUTISTA,denuncias_2024_2026,2230
050110,AYACUCHO,HUAMANGA,SAN JUAN BAUTISTA,vehiculos_pnp,0
050110,AYACUCHO,HUAMANGA,SAN JUAN BAUTISTA,vehiculos_operativos,0
050110,AYACUCHO,HUAMANGA,SAN JUAN BAUTISTA,comisarias,0
050111,AYACUCHO,HUAMANGA,SANTIAGO DE PISCHA,denuncias_2024_2026,15
050111,AYACUCHO,HUAMANGA,SANTIAGO DE PISCHA,vehiculos_pnp,0
050111,AYACUCHO,HUAMANGA,SANTIAGO DE PISCHA,vehiculos_operativos,0
050111,AYACUCHO,HUAMANGA,SANTIAGO DE PISCHA,comisarias,0
050112,AYACUCHO,HUAMANGA,SOCOS,denuncias_2024_2026,45
050112,AYACUCHO,HUAMANGA,SOCOS,vehiculos_pnp,0
050112,AYACUCHO,HUAMANGA,SOCOS,vehiculos_operativos,0
050112,AYACUCHO,HUAMANGA,SOCOS,comisarias,0
050113,AYACUCHO,HUAMANGA,TAMBILLO,denuncias_2024_2026,135
050113,AYACUCHO,HUAMANGA,TAMBILLO,vehiculos_pnp,0
050113,AYACUCHO,HUAMANGA,TAMBILLO,vehiculos_operativos,0
050113,AYACUCHO,HUAMANGA,TAMBILLO,comisarias,0
050114,AYACUCHO,HUAMANGA,VINCHOS,denuncias_2024_2026,180
050114,AYACUCHO,HUAMANGA,VINCHOS,vehiculos_pnp,2
050114,AYACUCHO,HUAMANGA,VINCHOS,vehiculos_operativos,2
050114,AYACUCHO,HUAMANGA,VINCHOS,comisarias,0
050115,AYACUCHO,HUAMANGA,JESUS NAZARENO,denuncias_2024_2026,852
050115,AYACUCHO,HUAMANGA,JESUS NAZARENO,vehiculos_pnp,3
050115,AYACUCHO,HUAMANGA,JESUS NAZARENO,vehiculos_operativos,2
050115,AYACUCHO,HUAMANGA,JESUS NAZARENO,comisarias,1
050116,AYACUCHO,HUAMANGA,ANDRES AVELINO CACERES,denuncias_2024_2026,1076
050116,AYACUCHO,HUAMANGA,ANDRES AVELINO CACERES,vehiculos_pnp,0
050116,AYACUCHO,HUAMANGA,ANDRES AVELINO CACERES,vehiculos_operativos,0
050116,AYACUCHO,HUAMANGA,ANDRES AVELINO CACERES,comisarias,0
050201,AYACUCHO,CANGALLO,CANGALLO,denuncias_2024_2026,341
050201,AYACUCHO,CANGALLO,CANGALLO,vehiculos_pnp,3
050201,AYACUCHO,CANGALLO,CANGALLO,vehiculos_operativos,2
050201,AYACUCHO,CANGALLO,CANGALLO,comisarias,0
050202,AYACUCHO,CANGALLO,CHUSCHI,denuncias_2024_2026,125
050202,AYACUCHO,CANGALLO,CHUSCHI,vehiculos_pnp,2
050202,AYACUCHO,CANGALLO,CHUSCHI,vehiculos_operativos,2
050202,AYACUCHO,CANGALLO,CHUSCHI,comisarias,0
050203,AYACUCHO,CANGALLO,LOS MOROCHUCOS,denuncias_2024_2026,292
050203,AYACUCHO,CANGALLO,LOS MOROCHUCOS,vehiculos_pnp,3
050203,AYACUCHO,CANGALLO,LOS MOROCHUCOS,vehiculos_operativos,3
050203,AYACUCHO,CANGALLO,LOS MOROCHUCOS,comisarias,0
050204,AYACUCHO,CANGALLO,MARIA PARADO DE BELLIDO,denuncias_2024_2026,26
050204,AYACUCHO,CANGALLO,MARIA PARADO DE BELLIDO,vehiculos_pnp,0
050204,AYACUCHO,CANGALLO,MARIA PARADO DE BELLIDO,vehiculos_operativos,0
050204,AYACUCHO,CANGALLO,MARIA PARADO DE BELLIDO,comisarias,0
050205,AYACUCHO,CANGALLO,PARAS,denuncias_2024_2026,60
050205,AYACUCHO,CANGALLO,PARAS,vehiculos_pnp,2
050205,AYACUCHO,CANGALLO,PARAS,vehiculos_operativos,2
050205,AYACUCHO,CANGALLO,PARAS,comisarias,0
050206,AYACUCHO,CANGALLO,TOTOS,denuncias_2024_2026,58
050206,AYACUCHO,CANGALLO,TOTOS,vehiculos_pnp,3
050206,AYACUCHO,CANGALLO,TOTOS,vehiculos_operativos,3
050206,AYACUCHO,CANGALLO,TOTOS,comisarias,1
050301,AYACUCHO,HUANCA SANCOS,SANCOS,denuncias_2024_2026,241
050301,AYACUCHO,HUANCA SANCOS,SANCOS,vehiculos_pnp,2
050301,AYACUCHO,HUANCA SANCOS,SANCOS,vehiculos_operativos,2
050301,AYACUCHO,HUANCA SANCOS,SANCOS,comisarias,1
050302,AYACUCHO,HUANCA SANCOS,CARAPO,denuncias_2024_2026,9
050302,AYACUCHO,HUANCA SANCOS,CARAPO,vehiculos_pnp,0
050302,AYACUCHO,HUANCA SANCOS,CARAPO,vehiculos_operativos,0
050302,AYACUCHO,HUANCA SANCOS,CARAPO,comisarias,0
050303,AYACUCHO,HUANCA SANCOS,SACSAMARCA,denuncias_2024_2026,4
050303,AYACUCHO,HUANCA SANCOS,SACSAMARCA,vehiculos_pnp,0
050303,AYACUCHO,HUANCA SANCOS,SACSAMARCA,vehiculos_operativos,0
050303,AYACUCHO,HUANCA SANCOS,SACSAMARCA,comisarias,0
050304,AYACUCHO,HUANCA SANCOS,SANTIAGO DE LUCANAMARCA,denuncias_2024_2026,8
050304,AYACUCHO,HUANCA SANCOS,SANTIAGO DE LUCANAMARCA,vehiculos_pnp,0
050304,AYACUCHO,HUANCA SANCOS,SANTIAGO DE LUCANAMARCA,vehiculos_operativos,0
050304,AYACUCHO,HUANCA SANCOS,SANTIAGO DE LUCANAMARCA,comisarias,0
050401,AYACUCHO,HUANTA,HUANTA,denuncias_2024_2026,2141
050401,AYACUCHO,HUANTA,HUANTA,vehiculos_pnp,79
050401,AYACUCHO,HUANTA,HUANTA,vehiculos_operativos,58
050401,AYACUCHO,HUANTA,HUANTA,comisarias,1
050402,AYACUCHO,HUANTA,AYAHUANCO,denuncias_2024_2026,6
050402,AYACUCHO,HUANTA,AYAHUANCO,vehiculos_pnp,0
050402,AYACUCHO,HUANTA,AYAHUANCO,vehiculos_operativos,0
050402,AYACUCHO,HUANTA,AYAHUANCO,comisarias,0
050403,AYACUCHO,HUANTA,HUAMANGUILLA,denuncias_2024_2026,161
050403,AYACUCHO,HUANTA,HUAMANGUILLA,vehiculos_pnp,2
050403,AYACUCHO,HUANTA,HUAMANGUILLA,vehiculos_operativos,1
050403,AYACUCHO,HUANTA,HUAMANGUILLA,comisarias,1
050404,AYACUCHO,HUANTA,IGUAIN,denuncias_2024_2026,28
050404,AYACUCHO,HUANTA,IGUAIN,vehiculos_pnp,0
050404,AYACUCHO,HUANTA,IGUAIN,vehiculos_operativos,0
050404,AYACUCHO,HUANTA,IGUAIN,comisarias,0
050405,AYACUCHO,HUANTA,LURICOCHA,denuncias_2024_2026,38
050405,AYACUCHO,HUANTA,LURICOCHA,vehiculos_pnp,0
050405,AYACUCHO,HUANTA,LURICOCHA,vehiculos_operativos,0
050405,AYACUCHO,HUANTA,LURICOCHA,comisarias,0
050406,AYACUCHO,HUANTA,SANTILLANA,denuncias_2024_2026,11
050406,AYACUCHO,HUANTA,SANTILLANA,vehiculos_pnp,0
050406,AYACUCHO,HUANTA,SANTILLANA,vehiculos_operativos,0
050406,AYACUCHO,HUANTA,SANTILLANA,comisarias,0
050407,AYACUCHO,HUANTA,SIVIA,denuncias_2024_2026,533
050407,AYACUCHO,HUANTA,SIVIA,vehiculos_pnp,5
050407,AYACUCHO,HUANTA,SIVIA,vehiculos_operativos,4
050407,AYACUCHO,HUANTA,SIVIA,comisarias,1
050408,AYACUCHO,HUANTA,LLOCHEGUA,denuncias_2024_2026,427
050408,AYACUCHO,HUANTA,LLOCHEGUA,vehiculos_pnp,6
050408,AYACUCHO,HUANTA,LLOCHEGUA,vehiculos_operativos,5
050408,AYACUCHO,HUANTA,LLOCHEGUA,comisarias,1
050501,AYACUCHO,LA MAR,SAN MIGUEL,denuncias_2024_2026,684
050501,AYACUCHO,LA MAR,SAN MIGUEL,vehiculos_pnp,5
050501,AYACUCHO,LA MAR,SAN MIGUEL,vehiculos_operativos,4
050501,AYACUCHO,LA MAR,SAN MIGUEL,comisarias,1
050502,AYACUCHO,LA MAR,ANCO,denuncias_2024_2026,42
050502,AYACUCHO,LA MAR,ANCO,vehiculos_pnp,0
050502,AYACUCHO,LA MAR,ANCO,vehiculos_operativos,0
050502,AYACUCHO,LA MAR,ANCO,comisarias,0
050503,AYACUCHO,LA MAR,AYNA,denuncias_2024_2026,370
050503,AYACUCHO,LA MAR,AYNA,vehiculos_pnp,10
050503,AYACUCHO,LA MAR,AYNA,vehiculos_operativos,9
050503,AYACUCHO,LA MAR,AYNA,comisarias,1
050504,AYACUCHO,LA MAR,CHILCAS,denuncias_2024_2026,12
050504,AYACUCHO,LA MAR,CHILCAS,vehiculos_pnp,0
050504,AYACUCHO,LA MAR,CHILCAS,vehiculos_operativos,0
050504,AYACUCHO,LA MAR,CHILCAS,comisarias,0
050505,AYACUCHO,LA MAR,CHUNGUI,denuncias_2024_2026,115
050505,AYACUCHO,LA MAR,CHUNGUI,vehiculos_pnp,3
050505,AYACUCHO,LA MAR,CHUNGUI,vehiculos_operativos,2
050505,AYACUCHO,LA MAR,CHUNGUI,comisarias,1
050506,AYACUCHO,LA MAR,LUIS CARRANZA,denuncias_2024_2026,13
050506,AYACUCHO,LA MAR,LUIS CARRANZA,vehiculos_pnp,0
050506,AYACUCHO,LA MAR,LUIS CARRANZA,vehiculos_operativos,0
050506,AYACUCHO,LA MAR,LUIS CARRANZA,comisarias,0
050507,AYACUCHO,LA MAR,SANTA ROSA,denuncias_2024_2026,378
050507,AYACUCHO,LA MAR,SANTA ROSA,vehiculos_pnp,8
050507,AYACUCHO,LA MAR,SANTA ROSA,vehiculos_operativos,5
050507,AYACUCHO,LA MAR,SANTA ROSA,comisarias,1
050508,AYACUCHO,LA MAR,TAMBO,denuncias_2024_2026,189
050508,AYACUCHO,LA MAR,TAMBO,vehiculos_pnp,15
050508,AYACUCHO,LA MAR,TAMBO,vehiculos_operativos,12
050508,AYACUCHO,LA MAR,TAMBO,comisarias,1
050509,AYACUCHO,LA MAR,PALMAPAMPA,denuncias_2024_2026,383
050509,AYACUCHO,LA MAR,PALMAPAMPA,vehiculos_pnp,33
050509,AYACUCHO,LA MAR,PALMAPAMPA,vehiculos_operativos,19
050509,AYACUCHO,LA MAR,PALMAPAMPA,comisarias,0
050601,AYACUCHO,LUCANAS,PUQUIO,denuncias_2024_2026,1255
050601,AYACUCHO,LUCANAS,PUQUIO,vehiculos_pnp,4
050601,AYACUCHO,LUCANAS,PUQUIO,vehiculos_operativos,3
050601,AYACUCHO,LUCANAS,PUQUIO,comisarias,1
050602,AYACUCHO,LUCANAS,AUCARA,denuncias_2024_2026,71
050602,AYACUCHO,LUCANAS,AUCARA,vehiculos_pnp,2
050602,AYACUCHO,LUCANAS,AUCARA,vehiculos_operativos,2
050602,AYACUCHO,LUCANAS,AUCARA,comisarias,1
050603,AYACUCHO,LUCANAS,CABANA,denuncias_2024_2026,49
050603,AYACUCHO,LUCANAS,CABANA,vehiculos_pnp,1
050603,AYACUCHO,LUCANAS,CABANA,vehiculos_operativos,1
050603,AYACUCHO,LUCANAS,CABANA,comisarias,1
050604,AYACUCHO,LUCANAS,CARMEN SALCEDO,denuncias_2024_2026,22
050604,AYACUCHO,LUCANAS,CARMEN SALCEDO,vehiculos_pnp,2
050604,AYACUCHO,LUCANAS,CARMEN SALCEDO,vehiculos_operativos,2
050604,AYACUCHO,LUCANAS,CARMEN SALCEDO,comisarias,1
050605,AYACUCHO,LUCANAS,CHAVIÑA,denuncias_2024_2026,86
050605,AYACUCHO,LUCANAS,CHAVIÑA,vehiculos_pnp,0
050605,AYACUCHO,LUCANAS,CHAVIÑA,vehiculos_operativos,0
050605,AYACUCHO,LUCANAS,CHAVIÑA,comisarias,0
050606,AYACUCHO,LUCANAS,CHIPAO,denuncias_2024_2026,92
050606,AYACUCHO,LUCANAS,CHIPAO,vehiculos_pnp,2
050606,AYACUCHO,LUCANAS,CHIPAO,vehiculos_operativos,1
050606,AYACUCHO,LUCANAS,CHIPAO,comisarias,1
050607,AYACUCHO,LUCANAS,HUAC-HUAS,denuncias_2024_2026,5
050607,AYACUCHO,LUCANAS,HUAC-HUAS,vehiculos_pnp,0
050607,AYACUCHO,LUCANAS,HUAC-HUAS,vehiculos_operativos,0
050607,AYACUCHO,LUCANAS,HUAC-HUAS,comisarias,0
050608,AYACUCHO,LUCANAS,LARAMATE,denuncias_2024_2026,31
050608,AYACUCHO,LUCANAS,LARAMATE,vehiculos_pnp,0
050608,AYACUCHO,LUCANAS,LARAMATE,vehiculos_operativos,0
050608,AYACUCHO,LUCANAS,LARAMATE,comisarias,1
050609,AYACUCHO,LUCANAS,LEONCIO PRADO,denuncias_2024_2026,5
050609,AYACUCHO,LUCANAS,LEONCIO PRADO,vehiculos_pnp,8
050609,AYACUCHO,LUCANAS,LEONCIO PRADO,vehiculos_operativos,6
050609,AYACUCHO,LUCANAS,LEONCIO PRADO,comisarias,0
050610,AYACUCHO,LUCANAS,LLAUTA,denuncias_2024_2026,6
050610,AYACUCHO,LUCANAS,LLAUTA,vehiculos_pnp,0
050610,AYACUCHO,LUCANAS,LLAUTA,vehiculos_operativos,0
050610,AYACUCHO,LUCANAS,LLAUTA,comisarias,0
050611,AYACUCHO,LUCANAS,LUCANAS,denuncias_2024_2026,53
050611,AYACUCHO,LUCANAS,LUCANAS,vehiculos_pnp,0
050611,AYACUCHO,LUCANAS,LUCANAS,vehiculos_operativos,0
050611,AYACUCHO,LUCANAS,LUCANAS,comisarias,0
050612,AYACUCHO,LUCANAS,OCAÑA,denuncias_2024_2026,5
050612,AYACUCHO,LUCANAS,OCAÑA,vehiculos_pnp,1
050612,AYACUCHO,LUCANAS,OCAÑA,vehiculos_operativos,0
050612,AYACUCHO,LUCANAS,OCAÑA,comisarias,0
050613,AYACUCHO,LUCANAS,OTOCA,denuncias_2024_2026,22
050613,AYACUCHO,LUCANAS,OTOCA,vehiculos_pnp,2
050613,AYACUCHO,LUCANAS,OTOCA,vehiculos_operativos,0
050613,AYACUCHO,LUCANAS,OTOCA,comisarias,1
050614,AYACUCHO,LUCANAS,SAISA,denuncias_2024_2026,5
050614,AYACUCHO,LUCANAS,SAISA,vehiculos_pnp,0
050614,AYACUCHO,LUCANAS,SAISA,vehiculos_operativos,0
050614,AYACUCHO,LUCANAS,SAISA,comisarias,0
050615,AYACUCHO,LUCANAS,SAN CRISTOBAL,denuncias_2024_2026,9
050615,AYACUCHO,LUCANAS,SAN CRISTOBAL,vehiculos_pnp,0
050615,AYACUCHO,LUCANAS,SAN CRISTOBAL,vehiculos_operativos,0
050615,AYACUCHO,LUCANAS,SAN CRISTOBAL,comisarias,0
050616,AYACUCHO,LUCANAS,SAN JUAN,denuncias_2024_2026,24
050616,AYACUCHO,LUCANAS,SAN JUAN,vehiculos_pnp,0
050616,AYACUCHO,LUCANAS,SAN JUAN,vehiculos_operativos,0
050616,AYACUCHO,LUCANAS,SAN JUAN,comisarias,0
050617,AYACUCHO,LUCANAS,SAN PEDRO,denuncias_2024_2026,23
050617,AYACUCHO,LUCANAS,SAN PEDRO,vehiculos_pnp,0
050617,AYACUCHO,LUCANAS,SAN PEDRO,vehiculos_operativos,0
050617,AYACUCHO,LUCANAS,SAN PEDRO,comisarias,0
050618,AYACUCHO,LUCANAS,SAN PEDRO DE PALCO,denuncias_2024_2026,1
050618,AYACUCHO,LUCANAS,SAN PEDRO DE PALCO,vehiculos_pnp,0
050618,AYACUCHO,LUCANAS,SAN PEDRO DE PALCO,vehiculos_operativos,0
050618,AYACUCHO,LUCANAS,SAN PEDRO DE PALCO,comisarias,0
050619,AYACUCHO,LUCANAS,SANCOS,denuncias_2024_2026,37
050619,AYACUCHO,LUCANAS,SANCOS,vehiculos_pnp,0
050619,AYACUCHO,LUCANAS,SANCOS,vehiculos_operativos,0
050619,AYACUCHO,LUCANAS,SANCOS,comisarias,0
050620,AYACUCHO,LUCANAS,SANTA ANA DE HUAYCAHUACHO,denuncias_2024_2026,14
050620,AYACUCHO,LUCANAS,SANTA ANA DE HUAYCAHUACHO,vehiculos_pnp,0
050620,AYACUCHO,LUCANAS,SANTA ANA DE HUAYCAHUACHO,vehiculos_operativos,0
050620,AYACUCHO,LUCANAS,SANTA ANA DE HUAYCAHUACHO,comisarias,0
050621,AYACUCHO,LUCANAS,SANTA LUCIA,denuncias_2024_2026,67
050621,AYACUCHO,LUCANAS,SANTA LUCIA,vehiculos_pnp,1
050621,AYACUCHO,LUCANAS,SANTA LUCIA,vehiculos_operativos,1
050621,AYACUCHO,LUCANAS,SANTA LUCIA,comisarias,1
050701,AYACUCHO,PARINACOCHAS,CORACORA,denuncias_2024_2026,493
050701,AYACUCHO,PARINACOCHAS,CORACORA,vehiculos_pnp,2
050701,AYACUCHO,PARINACOCHAS,CORACORA,vehiculos_operativos,2
050701,AYACUCHO,PARINACOCHAS,CORACORA,comisarias,1
050702,AYACUCHO,PARINACOCHAS,CHUMPI,denuncias_2024_2026,8
050702,AYACUCHO,PARINACOCHAS,CHUMPI,vehiculos_pnp,0
050702,AYACUCHO,PARINACOCHAS,CHUMPI,vehiculos_operativos,0
050702,AYACUCHO,PARINACOCHAS,CHUMPI,comisarias,0
050703,AYACUCHO,PARINACOCHAS,CORONEL CASTAÑEDA,denuncias_2024_2026,7
050703,AYACUCHO,PARINACOCHAS,CORONEL CASTAÑEDA,vehiculos_pnp,0
050703,AYACUCHO,PARINACOCHAS,CORONEL CASTAÑEDA,vehiculos_operativos,0
050703,AYACUCHO,PARINACOCHAS,CORONEL CASTAÑEDA,comisarias,0
050704,AYACUCHO,PARINACOCHAS,PACAPAUSA,denuncias_2024_2026,23
050704,AYACUCHO,PARINACOCHAS,PACAPAUSA,vehiculos_pnp,0
050704,AYACUCHO,PARINACOCHAS,PACAPAUSA,vehiculos_operativos,0
050704,AYACUCHO,PARINACOCHAS,PACAPAUSA,comisarias,1
050705,AYACUCHO,PARINACOCHAS,PULLO,denuncias_2024_2026,72
050705,AYACUCHO,PARINACOCHAS,PULLO,vehiculos_pnp,0
050705,AYACUCHO,PARINACOCHAS,PULLO,vehiculos_operativos,0
050705,AYACUCHO,PARINACOCHAS,PULLO,comisarias,0
050706,AYACUCHO,PARINACOCHAS,PUYUSCA,denuncias_2024_2026,110
050706,AYACUCHO,PARINACOCHAS,PUYUSCA,vehiculos_pnp,0
050706,AYACUCHO,PARINACOCHAS,PUYUSCA,vehiculos_operativos,0
050706,AYACUCHO,PARINACOCHAS,PUYUSCA,comisarias,1
050707,AYACUCHO,PARINACOCHAS,SAN FRANCISCO DE RAVACAYCO,denuncias_2024_2026,13
050707,AYACUCHO,PARINACOCHAS,SAN FRANCISCO DE RAVACAYCO,vehiculos_pnp,0
050707,AYACUCHO,PARINACOCHAS,SAN FRANCISCO DE RAVACAYCO,vehiculos_operativos,0
050707,AYACUCHO,PARINACOCHAS,SAN FRANCISCO DE RAVACAYCO,comisarias,0
050708,AYACUCHO,PARINACOCHAS,UPAHUACHO,denuncias_2024_2026,3
050708,AYACUCHO,PARINACOCHAS,UPAHUACHO,vehiculos_pnp,0
050708,AYACUCHO,PARINACOCHAS,UPAHUACHO,vehiculos_operativos,0
050708,AYACUCHO,PARINACOCHAS,UPAHUACHO,comisarias,0
050801,AYACUCHO,PAUCAR DEL SARA SARA,PAUSA,denuncias_2024_2026,367
050801,AYACUCHO,PAUCAR DEL SARA SARA,PAUSA,vehiculos_pnp,1
050801,AYACUCHO,PAUCAR DEL SARA SARA,PAUSA,vehiculos_operativos,0
050801,AYACUCHO,PAUCAR DEL SARA SARA,PAUSA,comisarias,1
050802,AYACUCHO,PAUCAR DEL SARA SARA,COLTA,denuncias_2024_2026,39
050802,AYACUCHO,PAUCAR DEL SARA SARA,COLTA,vehiculos_pnp,0
050802,AYACUCHO,PAUCAR DEL SARA SARA,COLTA,vehiculos_operativos,0
050802,AYACUCHO,PAUCAR DEL SARA SARA,COLTA,comisarias,1
050804,AYACUCHO,PAUCAR DEL SARA SARA,LAMPA,denuncias_2024_2026,20
050804,AYACUCHO,PAUCAR DEL SARA SARA,LAMPA,vehiculos_pnp,0
050804,AYACUCHO,PAUCAR DEL SARA SARA,LAMPA,vehiculos_operativos,0
050804,AYACUCHO,PAUCAR DEL SARA SARA,LAMPA,comisarias,0
050805,AYACUCHO,PAUCAR DEL SARA SARA,MARCABAMBA,denuncias_2024_2026,28
050805,AYACUCHO,PAUCAR DEL SARA SARA,MARCABAMBA,vehiculos_pnp,0
050805,AYACUCHO,PAUCAR DEL SARA SARA,MARCABAMBA,vehiculos_operativos,0
050805,AYACUCHO,PAUCAR DEL SARA SARA,MARCABAMBA,comisarias,1
050806,AYACUCHO,PAUCAR DEL SARA SARA,OYOLO,denuncias_2024_2026,45
050806,AYACUCHO,PAUCAR DEL SARA SARA,OYOLO,vehiculos_pnp,0
050806,AYACUCHO,PAUCAR DEL SARA SARA,OYOLO,vehiculos_operativos,0
050806,AYACUCHO,PAUCAR DEL SARA SARA,OYOLO,comisarias,1
050807,AYACUCHO,PAUCAR DEL SARA SARA,PARARCA,denuncias_2024_2026,1
050807,AYACUCHO,PAUCAR DEL SARA SARA,PARARCA,vehiculos_pnp,0
050807,AYACUCHO,PAUCAR DEL SARA SARA,PARARCA,vehiculos_operativos,0
050807,AYACUCHO,PAUCAR DEL SARA SARA,PARARCA,comisarias,0
050808,AYACUCHO,PAUCAR DEL SARA SARA,SAN JAVIER DE ALPABAMBA,denuncias_2024_2026,12
050808,AYACUCHO,PAUCAR DEL SARA SARA,SAN JAVIER DE ALPABAMBA,vehiculos_pnp,0
050808,AYACUCHO,PAUCAR DEL SARA SARA,SAN JAVIER DE ALPABAMBA,vehiculos_operativos,0
050808,AYACUCHO,PAUCAR DEL SARA SARA,SAN JAVIER DE ALPABAMBA,comisarias,0
050809,AYACUCHO,PAUCAR DEL SARA SARA,SAN JOSE DE USHUA,denuncias_2024_2026,1
050809,AYACUCHO,PAUCAR DEL SARA SARA,SAN JOSE DE USHUA,vehiculos_pnp,0
050809,AYACUCHO,PAUCAR DEL SARA SARA,SAN JOSE DE USHUA,vehiculos_operativos,0
050809,AYACUCHO,PAUCAR DEL SARA SARA,SAN JOSE DE USHUA,comisarias,0
050810,AYACUCHO,PAUCAR DEL SARA SARA,SARA SARA,denuncias_2024_2026,3
050810,AYACUCHO,PAUCAR DEL SARA SARA,SARA SARA,vehiculos_pnp,0
050810,AYACUCHO,PAUCAR DEL SARA SARA,SARA SARA,vehiculos_operativos,0
050810,AYACUCHO,PAUCAR DEL SARA SARA,SARA SARA,comisarias,0
050901,AYACUCHO,SUCRE,QUEROBAMBA,denuncias_2024_2026,232
050901,AYACUCHO,SUCRE,QUEROBAMBA,vehiculos_pnp,3
050901,AYACUCHO,SUCRE,QUEROBAMBA,vehiculos_operativos,1
050901,AYACUCHO,SUCRE,QUEROBAMBA,comisarias,1
050902,AYACUCHO,SUCRE,BELEN,denuncias_2024_2026,3
050902,AYACUCHO,SUCRE,BELEN,vehiculos_pnp,0
050902,AYACUCHO,SUCRE,BELEN,vehiculos_operativos,0
050902,AYACUCHO,SUCRE,BELEN,comisarias,0
050903,AYACUCHO,SUCRE,CHALCOS,denuncias_2024_2026,11
050903,AYACUCHO,SUCRE,CHALCOS,vehiculos_pnp,0
050903,AYACUCHO,SUCRE,CHALCOS,vehiculos_operativos,0
050903,AYACUCHO,SUCRE,CHALCOS,comisarias,0
050904,AYACUCHO,SUCRE,CHILCAYOC,denuncias_2024_2026,16
050904,AYACUCHO,SUCRE,CHILCAYOC,vehiculos_pnp,0
050904,AYACUCHO,SUCRE,CHILCAYOC,vehiculos_operativos,0
050904,AYACUCHO,SUCRE,CHILCAYOC,comisarias,0
050905,AYACUCHO,SUCRE,HUACAÑA,denuncias_2024_2026,4
050905,AYACUCHO,SUCRE,HUACAÑA,vehiculos_pnp,0
050905,AYACUCHO,SUCRE,HUACAÑA,vehiculos_operativos,0
050905,AYACUCHO,SUCRE,HUACAÑA,comisarias,0
050906,AYACUCHO,SUCRE,MORCOLLA,denuncias_2024_2026,22
050906,AYACUCHO,SUCRE,MORCOLLA,vehiculos_pnp,0
050906,AYACUCHO,SUCRE,MORCOLLA,vehiculos_operativos,0
050906,AYACUCHO,SUCRE,MORCOLLA,comisarias,0
050907,AYACUCHO,SUCRE,PAICO,denuncias_2024_2026,13
050907,AYACUCHO,SUCRE,PAICO,vehiculos_pnp,0
050907,AYACUCHO,SUCRE,PAICO,vehiculos_operativos,0
050907,AYACUCHO,SUCRE,PAICO,comisarias,0
050908,AYACUCHO,SUCRE,SAN PEDRO DE LARCAY,denuncias_2024_2026,36
050908,AYACUCHO,SUCRE,SAN PEDRO DE LARCAY,vehiculos_pnp,0
050908,AYACUCHO,SUCRE,SAN PEDRO DE LARCAY,vehiculos_operativos,0
050908,AYACUCHO,SUCRE,SAN PEDRO DE LARCAY,comisarias,0
050909,AYACUCHO,SUCRE,SAN SALVADOR DE QUIJE,denuncias_2024_2026,15
050909,AYACUCHO,SUCRE,SAN SALVADOR DE QUIJE,vehiculos_pnp,0
050909,AYACUCHO,SUCRE,SAN SALVADOR DE QUIJE,vehiculos_operativos,0
050909,AYACUCHO,SUCRE,SAN SALVADOR DE QUIJE,comisarias,0
050910,AYACUCHO,SUCRE,SANTIAGO DE PAUCARAY,denuncias_2024_2026,8
050910,AYACUCHO,SUCRE,SANTIAGO DE PAUCARAY,vehiculos_pnp,0
050910,AYACUCHO,SUCRE,SANTIAGO DE PAUCARAY,vehiculos_operativos,0
050910,AYACUCHO,SUCRE,SANTIAGO DE PAUCARAY,comisarias,0
050911,AYACUCHO,SUCRE,SORAS,denuncias_2024_2026,65
050911,AYACUCHO,SUCRE,SORAS,vehiculos_pnp,3
050911,AYACUCHO,SUCRE,SORAS,vehiculos_operativos,3
050911,AYACUCHO,SUCRE,SORAS,comisarias,1
051001,AYACUCHO,VICTOR FAJARDO,HUANCAPI,denuncias_2024_2026,121
051001,AYACUCHO,VICTOR FAJARDO,HUANCAPI,vehiculos_pnp,6
051001,AYACUCHO,VICTOR FAJARDO,HUANCAPI,vehiculos_operativos,5
051001,AYACUCHO,VICTOR FAJARDO,HUANCAPI,comisarias,1
051002,AYACUCHO,VICTOR FAJARDO,ALCAMENCA,denuncias_2024_2026,20
051002,AYACUCHO,VICTOR FAJARDO,ALCAMENCA,vehiculos_pnp,0
051002,AYACUCHO,VICTOR FAJARDO,ALCAMENCA,vehiculos_operativos,0
051002,AYACUCHO,VICTOR FAJARDO,ALCAMENCA,comisarias,0
051003,AYACUCHO,VICTOR FAJARDO,APONGO,denuncias_2024_2026,11
051003,AYACUCHO,VICTOR FAJARDO,APONGO,vehiculos_pnp,0
051003,AYACUCHO,VICTOR FAJARDO,APONGO,vehiculos_operativos,0
051003,AYACUCHO,VICTOR FAJARDO,APONGO,comisarias,0
051004,AYACUCHO,VICTOR FAJARDO,ASQUIPATA,denuncias_2024_2026,8
051004,AYACUCHO,VICTOR FAJARDO,ASQUIPATA,vehiculos_pnp,0
051004,AYACUCHO,VICTOR FAJARDO,ASQUIPATA,vehiculos_operativos,0
051004,AYACUCHO,VICTOR FAJARDO,ASQUIPATA,comisarias,0
051005,AYACUCHO,VICTOR FAJARDO,CANARIA,denuncias_2024_2026,110
051005,AYACUCHO,VICTOR FAJARDO,CANARIA,vehiculos_pnp,0
051005,AYACUCHO,VICTOR FAJARDO,CANARIA,vehiculos_operativos,0
051005,AYACUCHO,VICTOR FAJARDO,CANARIA,comisarias,2
051006,AYACUCHO,VICTOR FAJARDO,CAYARA,denuncias_2024_2026,8
051006,AYACUCHO,VICTOR FAJARDO,CAYARA,vehiculos_pnp,0
051006,AYACUCHO,VICTOR FAJARDO,CAYARA,vehiculos_operativos,0
051006,AYACUCHO,VICTOR FAJARDO,CAYARA,comisarias,0
051007,AYACUCHO,VICTOR FAJARDO,COLCA,denuncias_2024_2026,32
051007,AYACUCHO,VICTOR FAJARDO,COLCA,vehiculos_pnp,0
051007,AYACUCHO,VICTOR FAJARDO,COLCA,vehiculos_operativos,0
051007,AYACUCHO,VICTOR FAJARDO,COLCA,comisarias,0
051008,AYACUCHO,VICTOR FAJARDO,HUAMANQUIQUIA,denuncias_2024_2026,6
051008,AYACUCHO,VICTOR FAJARDO,HUAMANQUIQUIA,vehiculos_pnp,0
051008,AYACUCHO,VICTOR FAJARDO,HUAMANQUIQUIA,vehiculos_operativos,0
051008,AYACUCHO,VICTOR FAJARDO,HUAMANQUIQUIA,comisarias,0
051009,AYACUCHO,VICTOR FAJARDO,HUANCARAYLLA,denuncias_2024_2026,13
051009,AYACUCHO,VICTOR FAJARDO,HUANCARAYLLA,vehiculos_pnp,0
051009,AYACUCHO,VICTOR FAJARDO,HUANCARAYLLA,vehiculos_operativos,0
051009,AYACUCHO,VICTOR FAJARDO,HUANCARAYLLA,comisarias,0
051010,AYACUCHO,VICTOR FAJARDO,HUAYA,denuncias_2024_2026,24
051010,AYACUCHO,VICTOR FAJARDO,HUAYA,vehiculos_pnp,0
051010,AYACUCHO,VICTOR FAJARDO,HUAYA,vehiculos_operativos,0
051010,AYACUCHO,VICTOR FAJARDO,HUAYA,comisarias,0
051011,AYACUCHO,VICTOR FAJARDO,SARHUA,denuncias_2024_2026,8
051011,AYACUCHO,VICTOR FAJARDO,SARHUA,vehiculos_pnp,0
051011,AYACUCHO,VICTOR FAJARDO,SARHUA,vehiculos_operativos,0
051011,AYACUCHO,VICTOR FAJARDO,SARHUA,comisarias,0
051012,AYACUCHO,VICTOR FAJARDO,VILCANCHOS,denuncias_2024_2026,85
051012,AYACUCHO,VICTOR FAJARDO,VILCANCHOS,vehiculos_pnp,2
051012,AYACUCHO,VICTOR FAJARDO,VILCANCHOS,vehiculos_operativos,2
051012,AYACUCHO,VICTOR FAJARDO,VILCANCHOS,comisarias,1
051101,AYACUCHO,VILCAS HUAMAN,VILCAS HUAMAN,denuncias_2024_2026,133
051101,AYACUCHO,VILCAS HUAMAN,VILCAS HUAMAN,vehiculos_pnp,2
051101,AYACUCHO,VILCAS HUAMAN,VILCAS HUAMAN,vehiculos_operativos,2
051101,AYACUCHO,VILCAS HUAMAN,VILCAS HUAMAN,comisarias,1
051102,AYACUCHO,VILCAS HUAMAN,ACCOMARCA,denuncias_2024_2026,4
051102,AYACUCHO,VILCAS HUAMAN,ACCOMARCA,vehiculos_pnp,0
051102,AYACUCHO,VILCAS HUAMAN,ACCOMARCA,vehiculos_operativos,0
051102,AYACUCHO,VILCAS HUAMAN,ACCOMARCA,comisarias,0
051103,AYACUCHO,VILCAS HUAMAN,CARHUANCA,denuncias_2024_2026,19
051103,AYACUCHO,VILCAS HUAMAN,CARHUANCA,vehiculos_pnp,2
051103,AYACUCHO,VILCAS HUAMAN,CARHUANCA,vehiculos_operativos,2
051103,AYACUCHO,VILCAS HUAMAN,CARHUANCA,comisarias,1
051104,AYACUCHO,VILCAS HUAMAN,CONCEPCION,denuncias_2024_2026,41
051104,AYACUCHO,VILCAS HUAMAN,CONCEPCION,vehiculos_pnp,2
051104,AYACUCHO,VILCAS HUAMAN,CONCEPCION,vehiculos_operativos,1
051104,AYACUCHO,VILCAS HUAMAN,CONCEPCION,comisarias,0
051105,AYACUCHO,VILCAS HUAMAN,HUAMBALPA,denuncias_2024_2026,8
051105,AYACUCHO,VILCAS HUAMAN,HUAMBALPA,vehiculos_pnp,0
051105,AYACUCHO,VILCAS HUAMAN,HUAMBALPA,vehiculos_operativos,0
051105,AYACUCHO,VILCAS HUAMAN,HUAMBALPA,comisarias,0
051106,AYACUCHO,VILCAS HUAMAN,INDEPENDENCIA,denuncias_2024_2026,1
051106,AYACUCHO,VILCAS HUAMAN,INDEPENDENCIA,vehiculos_pnp,0
051106,AYACUCHO,VILCAS HUAMAN,INDEPENDENCIA,vehiculos_operativos,0
051106,AYACUCHO,VILCAS HUAMAN,INDEPENDENCIA,comisarias,0
051107,AYACUCHO,VILCAS HUAMAN,SAURAMA,denuncias_2024_2026,12
051107,AYACUCHO,VILCAS HUAMAN,SAURAMA,vehiculos_pnp,0
051107,AYACUCHO,VILCAS HUAMAN,SAURAMA,vehiculos_operativos,0
051107,AYACUCHO,VILCAS HUAMAN,SAURAMA,comisarias,0
051108,AYACUCHO,VILCAS HUAMAN,VISCHONGO,denuncias_2024_2026,37
051108,AYACUCHO,VILCAS HUAMAN,VISCHONGO,vehiculos_pnp,0
051108,AYACUCHO,VILCAS HUAMAN,VISCHONGO,vehiculos_operativos,0
051108,AYACUCHO,VILCAS HUAMAN,VISCHONGO,comisarias,0
060101,CAJAMARCA,CAJAMARCA,CAJAMARCA,denuncias_2024_2026,15823
060101,CAJAMARCA,CAJAMARCA,CAJAMARCA,vehiculos_pnp,159
060101,CAJAMARCA,CAJAMARCA,CAJAMARCA,vehiculos_operativos,52
060101,CAJAMARCA,CAJAMARCA,CAJAMARCA,comisarias,2
060102,CAJAMARCA,CAJAMARCA,ASUNCION,denuncias_2024_2026,108
060102,CAJAMARCA,CAJAMARCA,ASUNCION,vehiculos_pnp,2
060102,CAJAMARCA,CAJAMARCA,ASUNCION,vehiculos_operativos,1
060102,CAJAMARCA,CAJAMARCA,ASUNCION,comisarias,1
060103,CAJAMARCA,CAJAMARCA,CHETILLA,denuncias_2024_2026,3
060103,CAJAMARCA,CAJAMARCA,CHETILLA,vehiculos_pnp,1
060103,CAJAMARCA,CAJAMARCA,CHETILLA,vehiculos_operativos,1
060103,CAJAMARCA,CAJAMARCA,CHETILLA,comisarias,0
060104,CAJAMARCA,CAJAMARCA,COSPAN,denuncias_2024_2026,3
060104,CAJAMARCA,CAJAMARCA,COSPAN,vehiculos_pnp,2
060104,CAJAMARCA,CAJAMARCA,COSPAN,vehiculos_operativos,2
060104,CAJAMARCA,CAJAMARCA,COSPAN,comisarias,1
060105,CAJAMARCA,CAJAMARCA,ENCAÑADA,denuncias_2024_2026,191
060105,CAJAMARCA,CAJAMARCA,ENCAÑADA,vehiculos_pnp,3
060105,CAJAMARCA,CAJAMARCA,ENCAÑADA,vehiculos_operativos,1
060105,CAJAMARCA,CAJAMARCA,ENCAÑADA,comisarias,0
060106,CAJAMARCA,CAJAMARCA,JESUS,denuncias_2024_2026,287
060106,CAJAMARCA,CAJAMARCA,JESUS,vehiculos_pnp,2
060106,CAJAMARCA,CAJAMARCA,JESUS,vehiculos_operativos,1
060106,CAJAMARCA,CAJAMARCA,JESUS,comisarias,1
060107,CAJAMARCA,CAJAMARCA,LLACANORA,denuncias_2024_2026,69
060107,CAJAMARCA,CAJAMARCA,LLACANORA,vehiculos_pnp,0
060107,CAJAMARCA,CAJAMARCA,LLACANORA,vehiculos_operativos,0
060107,CAJAMARCA,CAJAMARCA,LLACANORA,comisarias,0
060108,CAJAMARCA,CAJAMARCA,LOS BAÑOS DEL INCA,denuncias_2024_2026,1411
060108,CAJAMARCA,CAJAMARCA,LOS BAÑOS DEL INCA,vehiculos_pnp,14
060108,CAJAMARCA,CAJAMARCA,LOS BAÑOS DEL INCA,vehiculos_operativos,7
060108,CAJAMARCA,CAJAMARCA,LOS BAÑOS DEL INCA,comisarias,0
060109,CAJAMARCA,CAJAMARCA,MAGDALENA,denuncias_2024_2026,193
060109,CAJAMARCA,CAJAMARCA,MAGDALENA,vehiculos_pnp,3
060109,CAJAMARCA,CAJAMARCA,MAGDALENA,vehiculos_operativos,2
060109,CAJAMARCA,CAJAMARCA,MAGDALENA,comisarias,1
060110,CAJAMARCA,CAJAMARCA,MATARA,denuncias_2024_2026,105
060110,CAJAMARCA,CAJAMARCA,MATARA,vehiculos_pnp,1
060110,CAJAMARCA,CAJAMARCA,MATARA,vehiculos_operativos,1
060110,CAJAMARCA,CAJAMARCA,MATARA,comisarias,1
060111,CAJAMARCA,CAJAMARCA,NAMORA,denuncias_2024_2026,170
060111,CAJAMARCA,CAJAMARCA,NAMORA,vehiculos_pnp,2
060111,CAJAMARCA,CAJAMARCA,NAMORA,vehiculos_operativos,0
060111,CAJAMARCA,CAJAMARCA,NAMORA,comisarias,1
060112,CAJAMARCA,CAJAMARCA,SAN JUAN,denuncias_2024_2026,91
060112,CAJAMARCA,CAJAMARCA,SAN JUAN,vehiculos_pnp,3
060112,CAJAMARCA,CAJAMARCA,SAN JUAN,vehiculos_operativos,3
060112,CAJAMARCA,CAJAMARCA,SAN JUAN,comisarias,1
060201,CAJAMARCA,CAJABAMBA,CAJABAMBA,denuncias_2024_2026,1900
060201,CAJAMARCA,CAJABAMBA,CAJABAMBA,vehiculos_pnp,3
060201,CAJAMARCA,CAJABAMBA,CAJABAMBA,vehiculos_operativos,1
060201,CAJAMARCA,CAJABAMBA,CAJABAMBA,comisarias,1
060202,CAJAMARCA,CAJABAMBA,CACHACHI,denuncias_2024_2026,426
060202,CAJAMARCA,CAJABAMBA,CACHACHI,vehiculos_pnp,5
060202,CAJAMARCA,CAJABAMBA,CACHACHI,vehiculos_operativos,1
060202,CAJAMARCA,CAJABAMBA,CACHACHI,comisarias,3
060203,CAJAMARCA,CAJABAMBA,CONDEBAMBA,denuncias_2024_2026,276
060203,CAJAMARCA,CAJABAMBA,CONDEBAMBA,vehiculos_pnp,1
060203,CAJAMARCA,CAJABAMBA,CONDEBAMBA,vehiculos_operativos,1
060203,CAJAMARCA,CAJABAMBA,CONDEBAMBA,comisarias,1
060204,CAJAMARCA,CAJABAMBA,SITACOCHA,denuncias_2024_2026,71
060204,CAJAMARCA,CAJABAMBA,SITACOCHA,vehiculos_pnp,1
060204,CAJAMARCA,CAJABAMBA,SITACOCHA,vehiculos_operativos,1
060204,CAJAMARCA,CAJABAMBA,SITACOCHA,comisarias,1
060301,CAJAMARCA,CELENDIN,CELENDIN,denuncias_2024_2026,1901
060301,CAJAMARCA,CELENDIN,CELENDIN,vehiculos_pnp,12
060301,CAJAMARCA,CELENDIN,CELENDIN,vehiculos_operativos,6
060301,CAJAMARCA,CELENDIN,CELENDIN,comisarias,1
060303,CAJAMARCA,CELENDIN,CORTEGANA,denuncias_2024_2026,28
060303,CAJAMARCA,CELENDIN,CORTEGANA,vehiculos_pnp,1
060303,CAJAMARCA,CELENDIN,CORTEGANA,vehiculos_operativos,1
060303,CAJAMARCA,CELENDIN,CORTEGANA,comisarias,1
060304,CAJAMARCA,CELENDIN,HUASMIN,denuncias_2024_2026,130
060304,CAJAMARCA,CELENDIN,HUASMIN,vehiculos_pnp,1
060304,CAJAMARCA,CELENDIN,HUASMIN,vehiculos_operativos,0
060304,CAJAMARCA,CELENDIN,HUASMIN,comisarias,1
060305,CAJAMARCA,CELENDIN,JORGE CHAVEZ,denuncias_2024_2026,4
060305,CAJAMARCA,CELENDIN,JORGE CHAVEZ,vehiculos_pnp,0
060305,CAJAMARCA,CELENDIN,JORGE CHAVEZ,vehiculos_operativos,0
060305,CAJAMARCA,CELENDIN,JORGE CHAVEZ,comisarias,0
060306,CAJAMARCA,CELENDIN,JOSE GALVEZ,denuncias_2024_2026,21
060306,CAJAMARCA,CELENDIN,JOSE GALVEZ,vehiculos_pnp,0
060306,CAJAMARCA,CELENDIN,JOSE GALVEZ,vehiculos_operativos,0
060306,CAJAMARCA,CELENDIN,JOSE GALVEZ,comisarias,0
060307,CAJAMARCA,CELENDIN,MIGUEL IGLESIAS,denuncias_2024_2026,4
060307,CAJAMARCA,CELENDIN,MIGUEL IGLESIAS,vehiculos_pnp,1
060307,CAJAMARCA,CELENDIN,MIGUEL IGLESIAS,vehiculos_operativos,1
060307,CAJAMARCA,CELENDIN,MIGUEL IGLESIAS,comisarias,1
060308,CAJAMARCA,CELENDIN,OXAMARCA,denuncias_2024_2026,44
060308,CAJAMARCA,CELENDIN,OXAMARCA,vehiculos_pnp,1
060308,CAJAMARCA,CELENDIN,OXAMARCA,vehiculos_operativos,1
060308,CAJAMARCA,CELENDIN,OXAMARCA,comisarias,1
060309,CAJAMARCA,CELENDIN,SOROCHUCO,denuncias_2024_2026,39
060309,CAJAMARCA,CELENDIN,SOROCHUCO,vehiculos_pnp,1
060309,CAJAMARCA,CELENDIN,SOROCHUCO,vehiculos_operativos,0
060309,CAJAMARCA,CELENDIN,SOROCHUCO,comisarias,1
060310,CAJAMARCA,CELENDIN,SUCRE,denuncias_2024_2026,127
060310,CAJAMARCA,CELENDIN,SUCRE,vehiculos_pnp,2
060310,CAJAMARCA,CELENDIN,SUCRE,vehiculos_operativos,2
060310,CAJAMARCA,CELENDIN,SUCRE,comisarias,1
060311,CAJAMARCA,CELENDIN,UTCO,denuncias_2024_2026,12
060311,CAJAMARCA,CELENDIN,UTCO,vehiculos_pnp,0
060311,CAJAMARCA,CELENDIN,UTCO,vehiculos_operativos,0
060311,CAJAMARCA,CELENDIN,UTCO,comisarias,0
060312,CAJAMARCA,CELENDIN,LA LIBERTAD DE PALLAN,denuncias_2024_2026,2
060312,CAJAMARCA,CELENDIN,LA LIBERTAD DE PALLAN,vehiculos_pnp,0
060312,CAJAMARCA,CELENDIN,LA LIBERTAD DE PALLAN,vehiculos_operativos,0
060312,CAJAMARCA,CELENDIN,LA LIBERTAD DE PALLAN,comisarias,0
060401,CAJAMARCA,CHOTA,CHOTA,denuncias_2024_2026,2166
060401,CAJAMARCA,CHOTA,CHOTA,vehiculos_pnp,8
060401,CAJAMARCA,CHOTA,CHOTA,vehiculos_operativos,2
060401,CAJAMARCA,CHOTA,CHOTA,comisarias,1
060402,CAJAMARCA,CHOTA,ANGUIA,denuncias_2024_2026,29
060402,CAJAMARCA,CHOTA,ANGUIA,vehiculos_pnp,3
060402,CAJAMARCA,CHOTA,ANGUIA,vehiculos_operativos,1
060402,CAJAMARCA,CHOTA,ANGUIA,comisarias,1
060403,CAJAMARCA,CHOTA,CHADIN,denuncias_2024_2026,1
060403,CAJAMARCA,CHOTA,CHADIN,vehiculos_pnp,0
060403,CAJAMARCA,CHOTA,CHADIN,vehiculos_operativos,0
060403,CAJAMARCA,CHOTA,CHADIN,comisarias,0
060404,CAJAMARCA,CHOTA,CHIGUIRIP,denuncias_2024_2026,4
060404,CAJAMARCA,CHOTA,CHIGUIRIP,vehiculos_pnp,1
060404,CAJAMARCA,CHOTA,CHIGUIRIP,vehiculos_operativos,1
060404,CAJAMARCA,CHOTA,CHIGUIRIP,comisarias,1
060405,CAJAMARCA,CHOTA,CHIMBAN,denuncias_2024_2026,2
060405,CAJAMARCA,CHOTA,CHIMBAN,vehiculos_pnp,2
060405,CAJAMARCA,CHOTA,CHIMBAN,vehiculos_operativos,1
060405,CAJAMARCA,CHOTA,CHIMBAN,comisarias,1
060407,CAJAMARCA,CHOTA,COCHABAMBA,denuncias_2024_2026,6
060407,CAJAMARCA,CHOTA,COCHABAMBA,vehiculos_pnp,2
060407,CAJAMARCA,CHOTA,COCHABAMBA,vehiculos_operativos,0
060407,CAJAMARCA,CHOTA,COCHABAMBA,comisarias,1
060408,CAJAMARCA,CHOTA,CONCHAN,denuncias_2024_2026,7
060408,CAJAMARCA,CHOTA,CONCHAN,vehiculos_pnp,3
060408,CAJAMARCA,CHOTA,CONCHAN,vehiculos_operativos,2
060408,CAJAMARCA,CHOTA,CONCHAN,comisarias,1
060409,CAJAMARCA,CHOTA,HUAMBOS,denuncias_2024_2026,210
060409,CAJAMARCA,CHOTA,HUAMBOS,vehiculos_pnp,6
060409,CAJAMARCA,CHOTA,HUAMBOS,vehiculos_operativos,4
060409,CAJAMARCA,CHOTA,HUAMBOS,comisarias,1
060410,CAJAMARCA,CHOTA,LAJAS,denuncias_2024_2026,27
060410,CAJAMARCA,CHOTA,LAJAS,vehiculos_pnp,2
060410,CAJAMARCA,CHOTA,LAJAS,vehiculos_operativos,2
060410,CAJAMARCA,CHOTA,LAJAS,comisarias,1
060411,CAJAMARCA,CHOTA,LLAMA,denuncias_2024_2026,163
060411,CAJAMARCA,CHOTA,LLAMA,vehiculos_pnp,1
060411,CAJAMARCA,CHOTA,LLAMA,vehiculos_operativos,0
060411,CAJAMARCA,CHOTA,LLAMA,comisarias,1
060412,CAJAMARCA,CHOTA,MIRACOSTA,denuncias_2024_2026,31
060412,CAJAMARCA,CHOTA,MIRACOSTA,vehiculos_pnp,2
060412,CAJAMARCA,CHOTA,MIRACOSTA,vehiculos_operativos,0
060412,CAJAMARCA,CHOTA,MIRACOSTA,comisarias,1
060413,CAJAMARCA,CHOTA,PACCHA,denuncias_2024_2026,3
060413,CAJAMARCA,CHOTA,PACCHA,vehiculos_pnp,2
060413,CAJAMARCA,CHOTA,PACCHA,vehiculos_operativos,0
060413,CAJAMARCA,CHOTA,PACCHA,comisarias,1
060415,CAJAMARCA,CHOTA,QUEROCOTO,denuncias_2024_2026,144
060415,CAJAMARCA,CHOTA,QUEROCOTO,vehiculos_pnp,2
060415,CAJAMARCA,CHOTA,QUEROCOTO,vehiculos_operativos,1
060415,CAJAMARCA,CHOTA,QUEROCOTO,comisarias,1
060416,CAJAMARCA,CHOTA,SAN JUAN DE LICUPIS,denuncias_2024_2026,24
060416,CAJAMARCA,CHOTA,SAN JUAN DE LICUPIS,vehiculos_pnp,1
060416,CAJAMARCA,CHOTA,SAN JUAN DE LICUPIS,vehiculos_operativos,0
060416,CAJAMARCA,CHOTA,SAN JUAN DE LICUPIS,comisarias,1
060417,CAJAMARCA,CHOTA,TACABAMBA,denuncias_2024_2026,191
060417,CAJAMARCA,CHOTA,TACABAMBA,vehiculos_pnp,3
060417,CAJAMARCA,CHOTA,TACABAMBA,vehiculos_operativos,2
060417,CAJAMARCA,CHOTA,TACABAMBA,comisarias,1
060418,CAJAMARCA,CHOTA,TOCMOCHE,denuncias_2024_2026,5
060418,CAJAMARCA,CHOTA,TOCMOCHE,vehiculos_pnp,1
060418,CAJAMARCA,CHOTA,TOCMOCHE,vehiculos_operativos,0
060418,CAJAMARCA,CHOTA,TOCMOCHE,comisarias,1
060419,CAJAMARCA,CHOTA,CHALAMARCA,denuncias_2024_2026,24
060419,CAJAMARCA,CHOTA,CHALAMARCA,vehiculos_pnp,2
060419,CAJAMARCA,CHOTA,CHALAMARCA,vehiculos_operativos,1
060419,CAJAMARCA,CHOTA,CHALAMARCA,comisarias,1
060501,CAJAMARCA,CONTUMAZA,CONTUMAZA,denuncias_2024_2026,322
060501,CAJAMARCA,CONTUMAZA,CONTUMAZA,vehiculos_pnp,2
060501,CAJAMARCA,CONTUMAZA,CONTUMAZA,vehiculos_operativos,2
060501,CAJAMARCA,CONTUMAZA,CONTUMAZA,comisarias,1
060502,CAJAMARCA,CONTUMAZA,CHILETE,denuncias_2024_2026,106
060502,CAJAMARCA,CONTUMAZA,CHILETE,vehiculos_pnp,7
060502,CAJAMARCA,CONTUMAZA,CHILETE,vehiculos_operativos,5
060502,CAJAMARCA,CONTUMAZA,CHILETE,comisarias,1
060504,CAJAMARCA,CONTUMAZA,GUZMANGO,denuncias_2024_2026,14
060504,CAJAMARCA,CONTUMAZA,GUZMANGO,vehiculos_pnp,1
060504,CAJAMARCA,CONTUMAZA,GUZMANGO,vehiculos_operativos,1
060504,CAJAMARCA,CONTUMAZA,GUZMANGO,comisarias,1
060505,CAJAMARCA,CONTUMAZA,SAN BENITO,denuncias_2024_2026,4
060505,CAJAMARCA,CONTUMAZA,SAN BENITO,vehiculos_pnp,2
060505,CAJAMARCA,CONTUMAZA,SAN BENITO,vehiculos_operativos,0
060505,CAJAMARCA,CONTUMAZA,SAN BENITO,comisarias,2
060506,CAJAMARCA,CONTUMAZA,SANTA CRUZ DE TOLED,denuncias_2024_2026,21
060506,CAJAMARCA,CONTUMAZA,SANTA CRUZ DE TOLED,vehiculos_pnp,1
060506,CAJAMARCA,CONTUMAZA,SANTA CRUZ DE TOLED,vehiculos_operativos,1
060506,CAJAMARCA,CONTUMAZA,SANTA CRUZ DE TOLED,comisarias,1
060507,CAJAMARCA,CONTUMAZA,TANTARICA,denuncias_2024_2026,63
060507,CAJAMARCA,CONTUMAZA,TANTARICA,vehiculos_pnp,1
060507,CAJAMARCA,CONTUMAZA,TANTARICA,vehiculos_operativos,0
060507,CAJAMARCA,CONTUMAZA,TANTARICA,comisarias,2
060508,CAJAMARCA,CONTUMAZA,YONAN,denuncias_2024_2026,217
060508,CAJAMARCA,CONTUMAZA,YONAN,vehiculos_pnp,2
060508,CAJAMARCA,CONTUMAZA,YONAN,vehiculos_operativos,1
060508,CAJAMARCA,CONTUMAZA,YONAN,comisarias,1
060601,CAJAMARCA,CUTERVO,CUTERVO,denuncias_2024_2026,2040
060601,CAJAMARCA,CUTERVO,CUTERVO,vehiculos_pnp,7
060601,CAJAMARCA,CUTERVO,CUTERVO,vehiculos_operativos,4
060601,CAJAMARCA,CUTERVO,CUTERVO,comisarias,3
060602,CAJAMARCA,CUTERVO,CALLAYUC,denuncias_2024_2026,139
060602,CAJAMARCA,CUTERVO,CALLAYUC,vehiculos_pnp,2
060602,CAJAMARCA,CUTERVO,CALLAYUC,vehiculos_operativos,1
060602,CAJAMARCA,CUTERVO,CALLAYUC,comisarias,1
060603,CAJAMARCA,CUTERVO,CHOROS,denuncias_2024_2026,40
060603,CAJAMARCA,CUTERVO,CHOROS,vehiculos_pnp,2
060603,CAJAMARCA,CUTERVO,CHOROS,vehiculos_operativos,0
060603,CAJAMARCA,CUTERVO,CHOROS,comisarias,1
060604,CAJAMARCA,CUTERVO,CUJILLO,denuncias_2024_2026,1
060604,CAJAMARCA,CUTERVO,CUJILLO,vehiculos_pnp,0
060604,CAJAMARCA,CUTERVO,CUJILLO,vehiculos_operativos,0
060604,CAJAMARCA,CUTERVO,CUJILLO,comisarias,0
060605,CAJAMARCA,CUTERVO,LA RAMADA,denuncias_2024_2026,106
060605,CAJAMARCA,CUTERVO,LA RAMADA,vehiculos_pnp,1
060605,CAJAMARCA,CUTERVO,LA RAMADA,vehiculos_operativos,0
060605,CAJAMARCA,CUTERVO,LA RAMADA,comisarias,0
060606,CAJAMARCA,CUTERVO,PIMPINGOS,denuncias_2024_2026,39
060606,CAJAMARCA,CUTERVO,PIMPINGOS,vehiculos_pnp,3
060606,CAJAMARCA,CUTERVO,PIMPINGOS,vehiculos_operativos,0
060606,CAJAMARCA,CUTERVO,PIMPINGOS,comisarias,1
060607,CAJAMARCA,CUTERVO,QUEROCOTILLO,denuncias_2024_2026,155
060607,CAJAMARCA,CUTERVO,QUEROCOTILLO,vehiculos_pnp,1
060607,CAJAMARCA,CUTERVO,QUEROCOTILLO,vehiculos_operativos,0
060607,CAJAMARCA,CUTERVO,QUEROCOTILLO,comisarias,1
060608,CAJAMARCA,CUTERVO,SAN ANDRES DE CUTERVO,denuncias_2024_2026,24
060608,CAJAMARCA,CUTERVO,SAN ANDRES DE CUTERVO,vehiculos_pnp,0
060608,CAJAMARCA,CUTERVO,SAN ANDRES DE CUTERVO,vehiculos_operativos,0
060608,CAJAMARCA,CUTERVO,SAN ANDRES DE CUTERVO,comisarias,1
060610,CAJAMARCA,CUTERVO,SAN LUIS DE LUCMA,denuncias_2024_2026,4
060610,CAJAMARCA,CUTERVO,SAN LUIS DE LUCMA,vehiculos_pnp,0
060610,CAJAMARCA,CUTERVO,SAN LUIS DE LUCMA,vehiculos_operativos,0
060610,CAJAMARCA,CUTERVO,SAN LUIS DE LUCMA,comisarias,1
060611,CAJAMARCA,CUTERVO,SANTA CRUZ,denuncias_2024_2026,39
060611,CAJAMARCA,CUTERVO,SANTA CRUZ,vehiculos_pnp,2
060611,CAJAMARCA,CUTERVO,SANTA CRUZ,vehiculos_operativos,1
060611,CAJAMARCA,CUTERVO,SANTA CRUZ,comisarias,1
060612,CAJAMARCA,CUTERVO,SANTO DOMINGO DE LA CAPILLA,denuncias_2024_2026,15
060612,CAJAMARCA,CUTERVO,SANTO DOMINGO DE LA CAPILLA,vehiculos_pnp,1
060612,CAJAMARCA,CUTERVO,SANTO DOMINGO DE LA CAPILLA,vehiculos_operativos,1
060612,CAJAMARCA,CUTERVO,SANTO DOMINGO DE LA CAPILLA,comisarias,1
060613,CAJAMARCA,CUTERVO,SANTO TOMAS,denuncias_2024_2026,64
060613,CAJAMARCA,CUTERVO,SANTO TOMAS,vehiculos_pnp,2
060613,CAJAMARCA,CUTERVO,SANTO TOMAS,vehiculos_operativos,2
060613,CAJAMARCA,CUTERVO,SANTO TOMAS,comisarias,1
060614,CAJAMARCA,CUTERVO,SOCOTA,denuncias_2024_2026,194
060614,CAJAMARCA,CUTERVO,SOCOTA,vehiculos_pnp,2
060614,CAJAMARCA,CUTERVO,SOCOTA,vehiculos_operativos,1
060614,CAJAMARCA,CUTERVO,SOCOTA,comisarias,1
060615,CAJAMARCA,CUTERVO,TORIBIO CASANOVA,denuncias_2024_2026,24
060615,CAJAMARCA,CUTERVO,TORIBIO CASANOVA,vehiculos_pnp,0
060615,CAJAMARCA,CUTERVO,TORIBIO CASANOVA,vehiculos_operativos,0
060615,CAJAMARCA,CUTERVO,TORIBIO CASANOVA,comisarias,1
060701,CAJAMARCA,HUALGAYOC,BAMBAMARCA,denuncias_2024_2026,2682
060701,CAJAMARCA,HUALGAYOC,BAMBAMARCA,vehiculos_pnp,6
060701,CAJAMARCA,HUALGAYOC,BAMBAMARCA,vehiculos_operativos,1
060701,CAJAMARCA,HUALGAYOC,BAMBAMARCA,comisarias,2
060702,CAJAMARCA,HUALGAYOC,CHUGUR,denuncias_2024_2026,4
060702,CAJAMARCA,HUALGAYOC,CHUGUR,vehiculos_pnp,1
060702,CAJAMARCA,HUALGAYOC,CHUGUR,vehiculos_operativos,0
060702,CAJAMARCA,HUALGAYOC,CHUGUR,comisarias,1
060703,CAJAMARCA,HUALGAYOC,HUALGAYOC,denuncias_2024_2026,272
060703,CAJAMARCA,HUALGAYOC,HUALGAYOC,vehiculos_pnp,5
060703,CAJAMARCA,HUALGAYOC,HUALGAYOC,vehiculos_operativos,4
060703,CAJAMARCA,HUALGAYOC,HUALGAYOC,comisarias,1
060801,CAJAMARCA,JAEN,JAEN,denuncias_2024_2026,10164
060801,CAJAMARCA,JAEN,JAEN,vehiculos_pnp,63
060801,CAJAMARCA,JAEN,JAEN,vehiculos_operativos,36
060801,CAJAMARCA,JAEN,JAEN,comisarias,2
060802,CAJAMARCA,JAEN,BELLAVISTA,denuncias_2024_2026,506
060802,CAJAMARCA,JAEN,BELLAVISTA,vehiculos_pnp,6
060802,CAJAMARCA,JAEN,BELLAVISTA,vehiculos_operativos,2
060802,CAJAMARCA,JAEN,BELLAVISTA,comisarias,2
060803,CAJAMARCA,JAEN,CHONTALI,denuncias_2024_2026,23
060803,CAJAMARCA,JAEN,CHONTALI,vehiculos_pnp,1
060803,CAJAMARCA,JAEN,CHONTALI,vehiculos_operativos,0
060803,CAJAMARCA,JAEN,CHONTALI,comisarias,1
060804,CAJAMARCA,JAEN,COLASAY,denuncias_2024_2026,139
060804,CAJAMARCA,JAEN,COLASAY,vehiculos_pnp,1
060804,CAJAMARCA,JAEN,COLASAY,vehiculos_operativos,0
060804,CAJAMARCA,JAEN,COLASAY,comisarias,1
060805,CAJAMARCA,JAEN,HUABAL,denuncias_2024_2026,105
060805,CAJAMARCA,JAEN,HUABAL,vehiculos_pnp,0
060805,CAJAMARCA,JAEN,HUABAL,vehiculos_operativos,0
060805,CAJAMARCA,JAEN,HUABAL,comisarias,1
060806,CAJAMARCA,JAEN,LAS PIRIAS,denuncias_2024_2026,71
060806,CAJAMARCA,JAEN,LAS PIRIAS,vehiculos_pnp,0
060806,CAJAMARCA,JAEN,LAS PIRIAS,vehiculos_operativos,0
060806,CAJAMARCA,JAEN,LAS PIRIAS,comisarias,1
060807,CAJAMARCA,JAEN,POMAHUACA,denuncias_2024_2026,292
060807,CAJAMARCA,JAEN,POMAHUACA,vehiculos_pnp,2
060807,CAJAMARCA,JAEN,POMAHUACA,vehiculos_operativos,1
060807,CAJAMARCA,JAEN,POMAHUACA,comisarias,1
060808,CAJAMARCA,JAEN,PUCARA,denuncias_2024_2026,479
060808,CAJAMARCA,JAEN,PUCARA,vehiculos_pnp,5
060808,CAJAMARCA,JAEN,PUCARA,vehiculos_operativos,4
060808,CAJAMARCA,JAEN,PUCARA,comisarias,2
060809,CAJAMARCA,JAEN,SALLIQUE,denuncias_2024_2026,5
060809,CAJAMARCA,JAEN,SALLIQUE,vehiculos_pnp,1
060809,CAJAMARCA,JAEN,SALLIQUE,vehiculos_operativos,0
060809,CAJAMARCA,JAEN,SALLIQUE,comisarias,1
060810,CAJAMARCA,JAEN,SAN FELIPE,denuncias_2024_2026,7
060810,CAJAMARCA,JAEN,SAN FELIPE,vehiculos_pnp,0
060810,CAJAMARCA,JAEN,SAN FELIPE,vehiculos_operativos,0
060810,CAJAMARCA,JAEN,SAN FELIPE,comisarias,1
060811,CAJAMARCA,JAEN,SAN JOSE DEL ALTO,denuncias_2024_2026,62
060811,CAJAMARCA,JAEN,SAN JOSE DEL ALTO,vehiculos_pnp,0
060811,CAJAMARCA,JAEN,SAN JOSE DEL ALTO,vehiculos_operativos,0
060811,CAJAMARCA,JAEN,SAN JOSE DEL ALTO,comisarias,0
060812,CAJAMARCA,JAEN,SANTA ROSA,denuncias_2024_2026,161
060812,CAJAMARCA,JAEN,SANTA ROSA,vehiculos_pnp,2
060812,CAJAMARCA,JAEN,SANTA ROSA,vehiculos_operativos,2
060812,CAJAMARCA,JAEN,SANTA ROSA,comisarias,1
060901,CAJAMARCA,SAN IGNACIO,SAN IGNACIO,denuncias_2024_2026,1691
060901,CAJAMARCA,SAN IGNACIO,SAN IGNACIO,vehiculos_pnp,16
060901,CAJAMARCA,SAN IGNACIO,SAN IGNACIO,vehiculos_operativos,9
060901,CAJAMARCA,SAN IGNACIO,SAN IGNACIO,comisarias,1
060902,CAJAMARCA,SAN IGNACIO,CHIRINOS,denuncias_2024_2026,222
060902,CAJAMARCA,SAN IGNACIO,CHIRINOS,vehiculos_pnp,3
060902,CAJAMARCA,SAN IGNACIO,CHIRINOS,vehiculos_operativos,1
060902,CAJAMARCA,SAN IGNACIO,CHIRINOS,comisarias,1
060903,CAJAMARCA,SAN IGNACIO,HUARANGO,denuncias_2024_2026,117
060903,CAJAMARCA,SAN IGNACIO,HUARANGO,vehiculos_pnp,1
060903,CAJAMARCA,SAN IGNACIO,HUARANGO,vehiculos_operativos,1
060903,CAJAMARCA,SAN IGNACIO,HUARANGO,comisarias,1
060904,CAJAMARCA,SAN IGNACIO,LA COIPA,denuncias_2024_2026,142
060904,CAJAMARCA,SAN IGNACIO,LA COIPA,vehiculos_pnp,0
060904,CAJAMARCA,SAN IGNACIO,LA COIPA,vehiculos_operativos,0
060904,CAJAMARCA,SAN IGNACIO,LA COIPA,comisarias,0
060905,CAJAMARCA,SAN IGNACIO,NAMBALLE,denuncias_2024_2026,10
060905,CAJAMARCA,SAN IGNACIO,NAMBALLE,vehiculos_pnp,3
060905,CAJAMARCA,SAN IGNACIO,NAMBALLE,vehiculos_operativos,3
060905,CAJAMARCA,SAN IGNACIO,NAMBALLE,comisarias,1
060906,CAJAMARCA,SAN IGNACIO,SAN JOSE DE LOURDES,denuncias_2024_2026,315
060906,CAJAMARCA,SAN IGNACIO,SAN JOSE DE LOURDES,vehiculos_pnp,1
060906,CAJAMARCA,SAN IGNACIO,SAN JOSE DE LOURDES,vehiculos_operativos,1
060906,CAJAMARCA,SAN IGNACIO,SAN JOSE DE LOURDES,comisarias,1
060907,CAJAMARCA,SAN IGNACIO,TABACONAS,denuncias_2024_2026,207
060907,CAJAMARCA,SAN IGNACIO,TABACONAS,vehiculos_pnp,0
060907,CAJAMARCA,SAN IGNACIO,TABACONAS,vehiculos_operativos,0
060907,CAJAMARCA,SAN IGNACIO,TABACONAS,comisarias,1
061001,CAJAMARCA,SAN MARCOS,PEDRO GALVEZ,denuncias_2024_2026,1114
061001,CAJAMARCA,SAN MARCOS,PEDRO GALVEZ,vehiculos_pnp,4
061001,CAJAMARCA,SAN MARCOS,PEDRO GALVEZ,vehiculos_operativos,2
061001,CAJAMARCA,SAN MARCOS,PEDRO GALVEZ,comisarias,1
061002,CAJAMARCA,SAN MARCOS,CHANCAY,denuncias_2024_2026,13
061002,CAJAMARCA,SAN MARCOS,CHANCAY,vehiculos_pnp,3
061002,CAJAMARCA,SAN MARCOS,CHANCAY,vehiculos_operativos,3
061002,CAJAMARCA,SAN MARCOS,CHANCAY,comisarias,0
061003,CAJAMARCA,SAN MARCOS,EDUARDO VILLANUEVA,denuncias_2024_2026,170
061003,CAJAMARCA,SAN MARCOS,EDUARDO VILLANUEVA,vehiculos_pnp,2
061003,CAJAMARCA,SAN MARCOS,EDUARDO VILLANUEVA,vehiculos_operativos,1
061003,CAJAMARCA,SAN MARCOS,EDUARDO VILLANUEVA,comisarias,1
061004,CAJAMARCA,SAN MARCOS,GREGORIO PITA,denuncias_2024_2026,78
061004,CAJAMARCA,SAN MARCOS,GREGORIO PITA,vehiculos_pnp,0
061004,CAJAMARCA,SAN MARCOS,GREGORIO PITA,vehiculos_operativos,0
061004,CAJAMARCA,SAN MARCOS,GREGORIO PITA,comisarias,0
061005,CAJAMARCA,SAN MARCOS,ICHOCAN,denuncias_2024_2026,137
061005,CAJAMARCA,SAN MARCOS,ICHOCAN,vehiculos_pnp,2
061005,CAJAMARCA,SAN MARCOS,ICHOCAN,vehiculos_operativos,1
061005,CAJAMARCA,SAN MARCOS,ICHOCAN,comisarias,1
061006,CAJAMARCA,SAN MARCOS,JOSE MANUEL QUIROZ,denuncias_2024_2026,23
061006,CAJAMARCA,SAN MARCOS,JOSE MANUEL QUIROZ,vehiculos_pnp,0
061006,CAJAMARCA,SAN MARCOS,JOSE MANUEL QUIROZ,vehiculos_operativos,0
061006,CAJAMARCA,SAN MARCOS,JOSE MANUEL QUIROZ,comisarias,0
061007,CAJAMARCA,SAN MARCOS,JOSE SABOGAL,denuncias_2024_2026,169
061007,CAJAMARCA,SAN MARCOS,JOSE SABOGAL,vehiculos_pnp,2
061007,CAJAMARCA,SAN MARCOS,JOSE SABOGAL,vehiculos_operativos,1
061007,CAJAMARCA,SAN MARCOS,JOSE SABOGAL,comisarias,1
061101,CAJAMARCA,SAN MIGUEL,SAN MIGUEL,denuncias_2024_2026,421
061101,CAJAMARCA,SAN MIGUEL,SAN MIGUEL,vehiculos_pnp,4
061101,CAJAMARCA,SAN MIGUEL,SAN MIGUEL,vehiculos_operativos,0
061101,CAJAMARCA,SAN MIGUEL,SAN MIGUEL,comisarias,1
061102,CAJAMARCA,SAN MIGUEL,BOLIVAR,denuncias_2024_2026,68
061102,CAJAMARCA,SAN MIGUEL,BOLIVAR,vehiculos_pnp,0
061102,CAJAMARCA,SAN MIGUEL,BOLIVAR,vehiculos_operativos,0
061102,CAJAMARCA,SAN MIGUEL,BOLIVAR,comisarias,1
061103,CAJAMARCA,SAN MIGUEL,CALQUIS,denuncias_2024_2026,39
061103,CAJAMARCA,SAN MIGUEL,CALQUIS,vehiculos_pnp,2
061103,CAJAMARCA,SAN MIGUEL,CALQUIS,vehiculos_operativos,1
061103,CAJAMARCA,SAN MIGUEL,CALQUIS,comisarias,1
061104,CAJAMARCA,SAN MIGUEL,CATILLUC,denuncias_2024_2026,40
061104,CAJAMARCA,SAN MIGUEL,CATILLUC,vehiculos_pnp,0
061104,CAJAMARCA,SAN MIGUEL,CATILLUC,vehiculos_operativos,0
061104,CAJAMARCA,SAN MIGUEL,CATILLUC,comisarias,1
061105,CAJAMARCA,SAN MIGUEL,EL PRADO,denuncias_2024_2026,70
061105,CAJAMARCA,SAN MIGUEL,EL PRADO,vehiculos_pnp,1
061105,CAJAMARCA,SAN MIGUEL,EL PRADO,vehiculos_operativos,0
061105,CAJAMARCA,SAN MIGUEL,EL PRADO,comisarias,1
061106,CAJAMARCA,SAN MIGUEL,LA FLORIDA,denuncias_2024_2026,78
061106,CAJAMARCA,SAN MIGUEL,LA FLORIDA,vehiculos_pnp,1
061106,CAJAMARCA,SAN MIGUEL,LA FLORIDA,vehiculos_operativos,0
061106,CAJAMARCA,SAN MIGUEL,LA FLORIDA,comisarias,1
061107,CAJAMARCA,SAN MIGUEL,LLAPA,denuncias_2024_2026,67
061107,CAJAMARCA,SAN MIGUEL,LLAPA,vehiculos_pnp,2
061107,CAJAMARCA,SAN MIGUEL,LLAPA,vehiculos_operativos,0
061107,CAJAMARCA,SAN MIGUEL,LLAPA,comisarias,1
061108,CAJAMARCA,SAN MIGUEL,NANCHOC,denuncias_2024_2026,3
061108,CAJAMARCA,SAN MIGUEL,NANCHOC,vehiculos_pnp,2
061108,CAJAMARCA,SAN MIGUEL,NANCHOC,vehiculos_operativos,0
061108,CAJAMARCA,SAN MIGUEL,NANCHOC,comisarias,1
061109,CAJAMARCA,SAN MIGUEL,NIEPOS,denuncias_2024_2026,84
061109,CAJAMARCA,SAN MIGUEL,NIEPOS,vehiculos_pnp,1
061109,CAJAMARCA,SAN MIGUEL,NIEPOS,vehiculos_operativos,0
061109,CAJAMARCA,SAN MIGUEL,NIEPOS,comisarias,2
061110,CAJAMARCA,SAN MIGUEL,SAN GREGORIO,denuncias_2024_2026,1
061110,CAJAMARCA,SAN MIGUEL,SAN GREGORIO,vehiculos_pnp,1
061110,CAJAMARCA,SAN MIGUEL,SAN GREGORIO,vehiculos_operativos,0
061110,CAJAMARCA,SAN MIGUEL,SAN GREGORIO,comisarias,1
061111,CAJAMARCA,SAN MIGUEL,SAN SILVESTRE DE COCHAN,denuncias_2024_2026,15
061111,CAJAMARCA,SAN MIGUEL,SAN SILVESTRE DE COCHAN,vehiculos_pnp,0
061111,CAJAMARCA,SAN MIGUEL,SAN SILVESTRE DE COCHAN,vehiculos_operativos,0
061111,CAJAMARCA,SAN MIGUEL,SAN SILVESTRE DE COCHAN,comisarias,0
061112,CAJAMARCA,SAN MIGUEL,TONGOD,denuncias_2024_2026,56
061112,CAJAMARCA,SAN MIGUEL,TONGOD,vehiculos_pnp,2
061112,CAJAMARCA,SAN MIGUEL,TONGOD,vehiculos_operativos,1
061112,CAJAMARCA,SAN MIGUEL,TONGOD,comisarias,1
061113,CAJAMARCA,SAN MIGUEL,UNION AGUA BLANCA,denuncias_2024_2026,7
061113,CAJAMARCA,SAN MIGUEL,UNION AGUA BLANCA,vehiculos_pnp,1
061113,CAJAMARCA,SAN MIGUEL,UNION AGUA BLANCA,vehiculos_operativos,1
061113,CAJAMARCA,SAN MIGUEL,UNION AGUA BLANCA,comisarias,1
061201,CAJAMARCA,SAN PABLO,SAN PABLO,denuncias_2024_2026,382
061201,CAJAMARCA,SAN PABLO,SAN PABLO,vehiculos_pnp,1
061201,CAJAMARCA,SAN PABLO,SAN PABLO,vehiculos_operativos,1
061201,CAJAMARCA,SAN PABLO,SAN PABLO,comisarias,1
061202,CAJAMARCA,SAN PABLO,SAN BERNARDINO,denuncias_2024_2026,20
061202,CAJAMARCA,SAN PABLO,SAN BERNARDINO,vehiculos_pnp,3
061202,CAJAMARCA,SAN PABLO,SAN BERNARDINO,vehiculos_operativos,3
061202,CAJAMARCA,SAN PABLO,SAN BERNARDINO,comisarias,0
061203,CAJAMARCA,SAN PABLO,SAN LUIS,denuncias_2024_2026,6
061203,CAJAMARCA,SAN PABLO,SAN LUIS,vehiculos_pnp,0
061203,CAJAMARCA,SAN PABLO,SAN LUIS,vehiculos_operativos,0
061203,CAJAMARCA,SAN PABLO,SAN LUIS,comisarias,0
061204,CAJAMARCA,SAN PABLO,TUMBADEN,denuncias_2024_2026,9
061204,CAJAMARCA,SAN PABLO,TUMBADEN,vehiculos_pnp,0
061204,CAJAMARCA,SAN PABLO,TUMBADEN,vehiculos_operativos,0
061204,CAJAMARCA,SAN PABLO,TUMBADEN,comisarias,0
061301,CAJAMARCA,SANTA CRUZ,SANTA CRUZ,denuncias_2024_2026,544
061301,CAJAMARCA,SANTA CRUZ,SANTA CRUZ,vehiculos_pnp,5
061301,CAJAMARCA,SANTA CRUZ,SANTA CRUZ,vehiculos_operativos,0
061301,CAJAMARCA,SANTA CRUZ,SANTA CRUZ,comisarias,1
061302,CAJAMARCA,SANTA CRUZ,ANDABAMBA,denuncias_2024_2026,46
061302,CAJAMARCA,SANTA CRUZ,ANDABAMBA,vehiculos_pnp,0
061302,CAJAMARCA,SANTA CRUZ,ANDABAMBA,vehiculos_operativos,0
061302,CAJAMARCA,SANTA CRUZ,ANDABAMBA,comisarias,1
061303,CAJAMARCA,SANTA CRUZ,CATACHE,denuncias_2024_2026,50
061303,CAJAMARCA,SANTA CRUZ,CATACHE,vehiculos_pnp,1
061303,CAJAMARCA,SANTA CRUZ,CATACHE,vehiculos_operativos,0
061303,CAJAMARCA,SANTA CRUZ,CATACHE,comisarias,2
061304,CAJAMARCA,SANTA CRUZ,CHANCAYBAÑOS,denuncias_2024_2026,31
061304,CAJAMARCA,SANTA CRUZ,CHANCAYBAÑOS,vehiculos_pnp,6
061304,CAJAMARCA,SANTA CRUZ,CHANCAYBAÑOS,vehiculos_operativos,3
061304,CAJAMARCA,SANTA CRUZ,CHANCAYBAÑOS,comisarias,0
061305,CAJAMARCA,SANTA CRUZ,LA ESPERANZA,denuncias_2024_2026,9
061305,CAJAMARCA,SANTA CRUZ,LA ESPERANZA,vehiculos_pnp,0
061305,CAJAMARCA,SANTA CRUZ,LA ESPERANZA,vehiculos_operativos,0
061305,CAJAMARCA,SANTA CRUZ,LA ESPERANZA,comisarias,0
061306,CAJAMARCA,SANTA CRUZ,NINABAMBA,denuncias_2024_2026,1
061306,CAJAMARCA,SANTA CRUZ,NINABAMBA,vehiculos_pnp,0
061306,CAJAMARCA,SANTA CRUZ,NINABAMBA,vehiculos_operativos,0
061306,CAJAMARCA,SANTA CRUZ,NINABAMBA,comisarias,1
061307,CAJAMARCA,SANTA CRUZ,PULAN,denuncias_2024_2026,97
061307,CAJAMARCA,SANTA CRUZ,PULAN,vehiculos_pnp,2
061307,CAJAMARCA,SANTA CRUZ,PULAN,vehiculos_operativos,0
061307,CAJAMARCA,SANTA CRUZ,PULAN,comisarias,1
061308,CAJAMARCA,SANTA CRUZ,SAUCEPAMPA,denuncias_2024_2026,11
061308,CAJAMARCA,SANTA CRUZ,SAUCEPAMPA,vehiculos_pnp,0
061308,CAJAMARCA,SANTA CRUZ,SAUCEPAMPA,vehiculos_operativos,0
061308,CAJAMARCA,SANTA CRUZ,SAUCEPAMPA,comisarias,0
061310,CAJAMARCA,SANTA CRUZ,UTICYACU,denuncias_2024_2026,14
061310,CAJAMARCA,SANTA CRUZ,UTICYACU,vehiculos_pnp,1
061310,CAJAMARCA,SANTA CRUZ,UTICYACU,vehiculos_operativos,0
061310,CAJAMARCA,SANTA CRUZ,UTICYACU,comisarias,1
061311,CAJAMARCA,SANTA CRUZ,YAUYUCAN,denuncias_2024_2026,13
061311,CAJAMARCA,SANTA CRUZ,YAUYUCAN,vehiculos_pnp,1
061311,CAJAMARCA,SANTA CRUZ,YAUYUCAN,vehiculos_operativos,0
061311,CAJAMARCA,SANTA CRUZ,YAUYUCAN,comisarias,1
070101,PROV. CONST. DEL CALLAO,CALLAO,CALLAO,denuncias_2024_2026,48771
070101,PROV. CONST. DEL CALLAO,CALLAO,CALLAO,vehiculos_pnp,547
070101,PROV. CONST. DEL CALLAO,CALLAO,CALLAO,vehiculos_operativos,257
070101,PROV. CONST. DEL CALLAO,CALLAO,CALLAO,comisarias,11
070102,PROV. CONST. DEL CALLAO,CALLAO,BELLAVISTA,denuncias_2024_2026,4716
070102,PROV. CONST. DEL CALLAO,CALLAO,BELLAVISTA,vehiculos_pnp,44
070102,PROV. CONST. DEL CALLAO,CALLAO,BELLAVISTA,vehiculos_operativos,19
070102,PROV. CONST. DEL CALLAO,CALLAO,BELLAVISTA,comisarias,2
070103,PROV. CONST. DEL CALLAO,CALLAO,CARMEN DE LA LEGUA REYNOSO,denuncias_2024_2026,1606
070103,PROV. CONST. DEL CALLAO,CALLAO,CARMEN DE LA LEGUA REYNOSO,vehiculos_pnp,20
070103,PROV. CONST. DEL CALLAO,CALLAO,CARMEN DE LA LEGUA REYNOSO,vehiculos_operativos,8
070103,PROV. CONST. DEL CALLAO,CALLAO,CARMEN DE LA LEGUA REYNOSO,comisarias,1
070104,PROV. CONST. DEL CALLAO,CALLAO,LA PERLA,denuncias_2024_2026,3580
070104,PROV. CONST. DEL CALLAO,CALLAO,LA PERLA,vehiculos_pnp,33
070104,PROV. CONST. DEL CALLAO,CALLAO,LA PERLA,vehiculos_operativos,21
070104,PROV. CONST. DEL CALLAO,CALLAO,LA PERLA,comisarias,1
070105,PROV. CONST. DEL CALLAO,CALLAO,LA PUNTA,denuncias_2024_2026,363
070105,PROV. CONST. DEL CALLAO,CALLAO,LA PUNTA,vehiculos_pnp,14
070105,PROV. CONST. DEL CALLAO,CALLAO,LA PUNTA,vehiculos_operativos,9
070105,PROV. CONST. DEL CALLAO,CALLAO,LA PUNTA,comisarias,1
070106,PROV. CONST. DEL CALLAO,CALLAO,VENTANILLA,denuncias_2024_2026,11088
070106,PROV. CONST. DEL CALLAO,CALLAO,VENTANILLA,vehiculos_pnp,257
070106,PROV. CONST. DEL CALLAO,CALLAO,VENTANILLA,vehiculos_operativos,120
070106,PROV. CONST. DEL CALLAO,CALLAO,VENTANILLA,comisarias,3
070107,PROV. CONST. DEL CALLAO,CALLAO,MI PERU,denuncias_2024_2026,798
070107,PROV. CONST. DEL CALLAO,CALLAO,MI PERU,vehiculos_pnp,0
070107,PROV. CONST. DEL CALLAO,CALLAO,MI PERU,vehiculos_operativos,0
070107,PROV. CONST. DEL CALLAO,CALLAO,MI PERU,comisarias,1
080101,CUSCO,CUSCO,CUSCO,denuncias_2024_2026,11992
080101,CUSCO,CUSCO,CUSCO,vehiculos_pnp,328
080101,CUSCO,CUSCO,CUSCO,vehiculos_operativos,161
080101,CUSCO,CUSCO,CUSCO,comisarias,4
080102,CUSCO,CUSCO,CCORCA,denuncias_2024_2026,52
080102,CUSCO,CUSCO,CCORCA,vehiculos_pnp,0
080102,CUSCO,CUSCO,CCORCA,vehiculos_operativos,0
080102,CUSCO,CUSCO,CCORCA,comisarias,0
080103,CUSCO,CUSCO,POROY,denuncias_2024_2026,751
080103,CUSCO,CUSCO,POROY,vehiculos_pnp,0
080103,CUSCO,CUSCO,POROY,vehiculos_operativos,0
080103,CUSCO,CUSCO,POROY,comisarias,1
080104,CUSCO,CUSCO,SAN JERONIMO,denuncias_2024_2026,4749
080104,CUSCO,CUSCO,SAN JERONIMO,vehiculos_pnp,25
080104,CUSCO,CUSCO,SAN JERONIMO,vehiculos_operativos,11
080104,CUSCO,CUSCO,SAN JERONIMO,comisarias,1
080105,CUSCO,CUSCO,SAN SEBASTIAN,denuncias_2024_2026,7409
080105,CUSCO,CUSCO,SAN SEBASTIAN,vehiculos_pnp,9
080105,CUSCO,CUSCO,SAN SEBASTIAN,vehiculos_operativos,6
080105,CUSCO,CUSCO,SAN SEBASTIAN,comisarias,1
080106,CUSCO,CUSCO,SANTIAGO,denuncias_2024_2026,8193
080106,CUSCO,CUSCO,SANTIAGO,vehiculos_pnp,29
080106,CUSCO,CUSCO,SANTIAGO,vehiculos_operativos,18
080106,CUSCO,CUSCO,SANTIAGO,comisarias,3
080107,CUSCO,CUSCO,SAYLLA,denuncias_2024_2026,786
080107,CUSCO,CUSCO,SAYLLA,vehiculos_pnp,3
080107,CUSCO,CUSCO,SAYLLA,vehiculos_operativos,3
080107,CUSCO,CUSCO,SAYLLA,comisarias,1
080108,CUSCO,CUSCO,WANCHAQ,denuncias_2024_2026,8350
080108,CUSCO,CUSCO,WANCHAQ,vehiculos_pnp,8
080108,CUSCO,CUSCO,WANCHAQ,vehiculos_operativos,5
080108,CUSCO,CUSCO,WANCHAQ,comisarias,1
080201,CUSCO,ACOMAYO,ACOMAYO,denuncias_2024_2026,267
080201,CUSCO,ACOMAYO,ACOMAYO,vehiculos_pnp,5
080201,CUSCO,ACOMAYO,ACOMAYO,vehiculos_operativos,5
080201,CUSCO,ACOMAYO,ACOMAYO,comisarias,1
080202,CUSCO,ACOMAYO,ACOPIA,denuncias_2024_2026,46
080202,CUSCO,ACOMAYO,ACOPIA,vehiculos_pnp,2
080202,CUSCO,ACOMAYO,ACOPIA,vehiculos_operativos,0
080202,CUSCO,ACOMAYO,ACOPIA,comisarias,1
080203,CUSCO,ACOMAYO,ACOS,denuncias_2024_2026,27
080203,CUSCO,ACOMAYO,ACOS,vehiculos_pnp,0
080203,CUSCO,ACOMAYO,ACOS,vehiculos_operativos,0
080203,CUSCO,ACOMAYO,ACOS,comisarias,0
080204,CUSCO,ACOMAYO,MOSOC LLACTA,denuncias_2024_2026,45
080204,CUSCO,ACOMAYO,MOSOC LLACTA,vehiculos_pnp,1
080204,CUSCO,ACOMAYO,MOSOC LLACTA,vehiculos_operativos,0
080204,CUSCO,ACOMAYO,MOSOC LLACTA,comisarias,1
080205,CUSCO,ACOMAYO,POMACANCHI,denuncias_2024_2026,98
080205,CUSCO,ACOMAYO,POMACANCHI,vehiculos_pnp,4
080205,CUSCO,ACOMAYO,POMACANCHI,vehiculos_operativos,0
080205,CUSCO,ACOMAYO,POMACANCHI,comisarias,1
080206,CUSCO,ACOMAYO,RONDOCAN,denuncias_2024_2026,9
080206,CUSCO,ACOMAYO,RONDOCAN,vehiculos_pnp,0
080206,CUSCO,ACOMAYO,RONDOCAN,vehiculos_operativos,0
080206,CUSCO,ACOMAYO,RONDOCAN,comisarias,0
080207,CUSCO,ACOMAYO,SANGARARA,denuncias_2024_2026,81
080207,CUSCO,ACOMAYO,SANGARARA,vehiculos_pnp,1
080207,CUSCO,ACOMAYO,SANGARARA,vehiculos_operativos,1
080207,CUSCO,ACOMAYO,SANGARARA,comisarias,1
080301,CUSCO,ANTA,ANTA,denuncias_2024_2026,1122
080301,CUSCO,ANTA,ANTA,vehiculos_pnp,7
080301,CUSCO,ANTA,ANTA,vehiculos_operativos,3
080301,CUSCO,ANTA,ANTA,comisarias,1
080302,CUSCO,ANTA,ANCAHUASI,denuncias_2024_2026,250
080302,CUSCO,ANTA,ANCAHUASI,vehiculos_pnp,1
080302,CUSCO,ANTA,ANCAHUASI,vehiculos_operativos,0
080302,CUSCO,ANTA,ANCAHUASI,comisarias,1
080303,CUSCO,ANTA,CACHIMAYO,denuncias_2024_2026,106
080303,CUSCO,ANTA,CACHIMAYO,vehiculos_pnp,2
080303,CUSCO,ANTA,CACHIMAYO,vehiculos_operativos,0
080303,CUSCO,ANTA,CACHIMAYO,comisarias,1
080304,CUSCO,ANTA,CHINCHAYPUJIO,denuncias_2024_2026,77
080304,CUSCO,ANTA,CHINCHAYPUJIO,vehiculos_pnp,4
080304,CUSCO,ANTA,CHINCHAYPUJIO,vehiculos_operativos,2
080304,CUSCO,ANTA,CHINCHAYPUJIO,comisarias,1
080305,CUSCO,ANTA,HUAROCONDO,denuncias_2024_2026,208
080305,CUSCO,ANTA,HUAROCONDO,vehiculos_pnp,3
080305,CUSCO,ANTA,HUAROCONDO,vehiculos_operativos,1
080305,CUSCO,ANTA,HUAROCONDO,comisarias,1
080306,CUSCO,ANTA,LIMATAMBO,denuncias_2024_2026,306
080306,CUSCO,ANTA,LIMATAMBO,vehiculos_pnp,3
080306,CUSCO,ANTA,LIMATAMBO,vehiculos_operativos,1
080306,CUSCO,ANTA,LIMATAMBO,comisarias,1
080307,CUSCO,ANTA,MOLLEPATA,denuncias_2024_2026,148
080307,CUSCO,ANTA,MOLLEPATA,vehiculos_pnp,1
080307,CUSCO,ANTA,MOLLEPATA,vehiculos_operativos,1
080307,CUSCO,ANTA,MOLLEPATA,comisarias,1
080308,CUSCO,ANTA,PUCYURA,denuncias_2024_2026,191
080308,CUSCO,ANTA,PUCYURA,vehiculos_pnp,2
080308,CUSCO,ANTA,PUCYURA,vehiculos_operativos,2
080308,CUSCO,ANTA,PUCYURA,comisarias,1
080309,CUSCO,ANTA,ZURITE,denuncias_2024_2026,170
080309,CUSCO,ANTA,ZURITE,vehiculos_pnp,2
080309,CUSCO,ANTA,ZURITE,vehiculos_operativos,2
080309,CUSCO,ANTA,ZURITE,comisarias,1
080401,CUSCO,CALCA,CALCA,denuncias_2024_2026,1513
080401,CUSCO,CALCA,CALCA,vehiculos_pnp,18
080401,CUSCO,CALCA,CALCA,vehiculos_operativos,9
080401,CUSCO,CALCA,CALCA,comisarias,1
080402,CUSCO,CALCA,COYA,denuncias_2024_2026,66
080402,CUSCO,CALCA,COYA,vehiculos_pnp,0
080402,CUSCO,CALCA,COYA,vehiculos_operativos,0
080402,CUSCO,CALCA,COYA,comisarias,0
080403,CUSCO,CALCA,LAMAY,denuncias_2024_2026,88
080403,CUSCO,CALCA,LAMAY,vehiculos_pnp,0
080403,CUSCO,CALCA,LAMAY,vehiculos_operativos,0
080403,CUSCO,CALCA,LAMAY,comisarias,0
080404,CUSCO,CALCA,LARES,denuncias_2024_2026,113
080404,CUSCO,CALCA,LARES,vehiculos_pnp,2
080404,CUSCO,CALCA,LARES,vehiculos_operativos,0
080404,CUSCO,CALCA,LARES,comisarias,1
080405,CUSCO,CALCA,PISAC,denuncias_2024_2026,476
080405,CUSCO,CALCA,PISAC,vehiculos_pnp,4
080405,CUSCO,CALCA,PISAC,vehiculos_operativos,1
080405,CUSCO,CALCA,PISAC,comisarias,1
080406,CUSCO,CALCA,SAN SALVADOR,denuncias_2024_2026,202
080406,CUSCO,CALCA,SAN SALVADOR,vehiculos_pnp,3
080406,CUSCO,CALCA,SAN SALVADOR,vehiculos_operativos,1
080406,CUSCO,CALCA,SAN SALVADOR,comisarias,1
080407,CUSCO,CALCA,TARAY,denuncias_2024_2026,54
080407,CUSCO,CALCA,TARAY,vehiculos_pnp,0
080407,CUSCO,CALCA,TARAY,vehiculos_operativos,0
080407,CUSCO,CALCA,TARAY,comisarias,0
080408,CUSCO,CALCA,YANATILE,denuncias_2024_2026,348
080408,CUSCO,CALCA,YANATILE,vehiculos_pnp,2
080408,CUSCO,CALCA,YANATILE,vehiculos_operativos,1
080408,CUSCO,CALCA,YANATILE,comisarias,1
080501,CUSCO,CANAS,YANAOCA,denuncias_2024_2026,453
080501,CUSCO,CANAS,YANAOCA,vehiculos_pnp,2
080501,CUSCO,CANAS,YANAOCA,vehiculos_operativos,2
080501,CUSCO,CANAS,YANAOCA,comisarias,1
080502,CUSCO,CANAS,CHECCA,denuncias_2024_2026,59
080502,CUSCO,CANAS,CHECCA,vehiculos_pnp,0
080502,CUSCO,CANAS,CHECCA,vehiculos_operativos,0
080502,CUSCO,CANAS,CHECCA,comisarias,0
080503,CUSCO,CANAS,KUNTURKANKI,denuncias_2024_2026,151
080503,CUSCO,CANAS,KUNTURKANKI,vehiculos_pnp,4
080503,CUSCO,CANAS,KUNTURKANKI,vehiculos_operativos,2
080503,CUSCO,CANAS,KUNTURKANKI,comisarias,1
080504,CUSCO,CANAS,LANGUI,denuncias_2024_2026,62
080504,CUSCO,CANAS,LANGUI,vehiculos_pnp,2
080504,CUSCO,CANAS,LANGUI,vehiculos_operativos,2
080504,CUSCO,CANAS,LANGUI,comisarias,1
080505,CUSCO,CANAS,LAYO,denuncias_2024_2026,91
080505,CUSCO,CANAS,LAYO,vehiculos_pnp,2
080505,CUSCO,CANAS,LAYO,vehiculos_operativos,2
080505,CUSCO,CANAS,LAYO,comisarias,1
080506,CUSCO,CANAS,PAMPAMARCA,denuncias_2024_2026,19
080506,CUSCO,CANAS,PAMPAMARCA,vehiculos_pnp,0
080506,CUSCO,CANAS,PAMPAMARCA,vehiculos_operativos,0
080506,CUSCO,CANAS,PAMPAMARCA,comisarias,0
080507,CUSCO,CANAS,QUEHUE,denuncias_2024_2026,17
080507,CUSCO,CANAS,QUEHUE,vehiculos_pnp,0
080507,CUSCO,CANAS,QUEHUE,vehiculos_operativos,0
080507,CUSCO,CANAS,QUEHUE,comisarias,0
080508,CUSCO,CANAS,TUPAC AMARU,denuncias_2024_2026,6
080508,CUSCO,CANAS,TUPAC AMARU,vehiculos_pnp,0
080508,CUSCO,CANAS,TUPAC AMARU,vehiculos_operativos,0
080508,CUSCO,CANAS,TUPAC AMARU,comisarias,0
080601,CUSCO,CANCHIS,SICUANI,denuncias_2024_2026,3148
080601,CUSCO,CANCHIS,SICUANI,vehiculos_pnp,39
080601,CUSCO,CANCHIS,SICUANI,vehiculos_operativos,33
080601,CUSCO,CANCHIS,SICUANI,comisarias,2
080602,CUSCO,CANCHIS,CHECACUPE,denuncias_2024_2026,149
080602,CUSCO,CANCHIS,CHECACUPE,vehiculos_pnp,1
080602,CUSCO,CANCHIS,CHECACUPE,vehiculos_operativos,1
080602,CUSCO,CANCHIS,CHECACUPE,comisarias,1
080603,CUSCO,CANCHIS,COMBAPATA,denuncias_2024_2026,228
080603,CUSCO,CANCHIS,COMBAPATA,vehiculos_pnp,12
080603,CUSCO,CANCHIS,COMBAPATA,vehiculos_operativos,7
080603,CUSCO,CANCHIS,COMBAPATA,comisarias,1
080604,CUSCO,CANCHIS,MARANGANI,denuncias_2024_2026,244
080604,CUSCO,CANCHIS,MARANGANI,vehiculos_pnp,1
080604,CUSCO,CANCHIS,MARANGANI,vehiculos_operativos,1
080604,CUSCO,CANCHIS,MARANGANI,comisarias,1
080605,CUSCO,CANCHIS,PITUMARCA,denuncias_2024_2026,172
080605,CUSCO,CANCHIS,PITUMARCA,vehiculos_pnp,2
080605,CUSCO,CANCHIS,PITUMARCA,vehiculos_operativos,1
080605,CUSCO,CANCHIS,PITUMARCA,comisarias,1
080606,CUSCO,CANCHIS,SAN PABLO,denuncias_2024_2026,20
080606,CUSCO,CANCHIS,SAN PABLO,vehiculos_pnp,0
080606,CUSCO,CANCHIS,SAN PABLO,vehiculos_operativos,0
080606,CUSCO,CANCHIS,SAN PABLO,comisarias,0
080607,CUSCO,CANCHIS,SAN PEDRO,denuncias_2024_2026,16
080607,CUSCO,CANCHIS,SAN PEDRO,vehiculos_pnp,0
080607,CUSCO,CANCHIS,SAN PEDRO,vehiculos_operativos,0
080607,CUSCO,CANCHIS,SAN PEDRO,comisarias,0
080608,CUSCO,CANCHIS,TINTA,denuncias_2024_2026,174
080608,CUSCO,CANCHIS,TINTA,vehiculos_pnp,2
080608,CUSCO,CANCHIS,TINTA,vehiculos_operativos,2
080608,CUSCO,CANCHIS,TINTA,comisarias,1
080701,CUSCO,CHUMBIVILCAS,SANTO TOMAS,denuncias_2024_2026,1480
080701,CUSCO,CHUMBIVILCAS,SANTO TOMAS,vehiculos_pnp,7
080701,CUSCO,CHUMBIVILCAS,SANTO TOMAS,vehiculos_operativos,3
080701,CUSCO,CHUMBIVILCAS,SANTO TOMAS,comisarias,1
080702,CUSCO,CHUMBIVILCAS,CAPACMARCA,denuncias_2024_2026,27
080702,CUSCO,CHUMBIVILCAS,CAPACMARCA,vehiculos_pnp,0
080702,CUSCO,CHUMBIVILCAS,CAPACMARCA,vehiculos_operativos,0
080702,CUSCO,CHUMBIVILCAS,CAPACMARCA,comisarias,0
080703,CUSCO,CHUMBIVILCAS,CHAMACA,denuncias_2024_2026,35
080703,CUSCO,CHUMBIVILCAS,CHAMACA,vehiculos_pnp,0
080703,CUSCO,CHUMBIVILCAS,CHAMACA,vehiculos_operativos,0
080703,CUSCO,CHUMBIVILCAS,CHAMACA,comisarias,0
080704,CUSCO,CHUMBIVILCAS,COLQUEMARCA,denuncias_2024_2026,279
080704,CUSCO,CHUMBIVILCAS,COLQUEMARCA,vehiculos_pnp,0
080704,CUSCO,CHUMBIVILCAS,COLQUEMARCA,vehiculos_operativos,0
080704,CUSCO,CHUMBIVILCAS,COLQUEMARCA,comisarias,0
080705,CUSCO,CHUMBIVILCAS,LIVITACA,denuncias_2024_2026,149
080705,CUSCO,CHUMBIVILCAS,LIVITACA,vehiculos_pnp,2
080705,CUSCO,CHUMBIVILCAS,LIVITACA,vehiculos_operativos,1
080705,CUSCO,CHUMBIVILCAS,LIVITACA,comisarias,1
080706,CUSCO,CHUMBIVILCAS,LLUSCO,denuncias_2024_2026,61
080706,CUSCO,CHUMBIVILCAS,LLUSCO,vehiculos_pnp,0
080706,CUSCO,CHUMBIVILCAS,LLUSCO,vehiculos_operativos,0
080706,CUSCO,CHUMBIVILCAS,LLUSCO,comisarias,0
080707,CUSCO,CHUMBIVILCAS,QUIÑOTA,denuncias_2024_2026,49
080707,CUSCO,CHUMBIVILCAS,QUIÑOTA,vehiculos_pnp,0
080707,CUSCO,CHUMBIVILCAS,QUIÑOTA,vehiculos_operativos,0
080707,CUSCO,CHUMBIVILCAS,QUIÑOTA,comisarias,0
080708,CUSCO,CHUMBIVILCAS,VELILLE,denuncias_2024_2026,252
080708,CUSCO,CHUMBIVILCAS,VELILLE,vehiculos_pnp,3
080708,CUSCO,CHUMBIVILCAS,VELILLE,vehiculos_operativos,1
080708,CUSCO,CHUMBIVILCAS,VELILLE,comisarias,1
080801,CUSCO,ESPINAR,ESPINAR,denuncias_2024_2026,1440
080801,CUSCO,ESPINAR,ESPINAR,vehiculos_pnp,16
080801,CUSCO,ESPINAR,ESPINAR,vehiculos_operativos,11
080801,CUSCO,ESPINAR,ESPINAR,comisarias,1
080802,CUSCO,ESPINAR,CONDOROMA,denuncias_2024_2026,3
080802,CUSCO,ESPINAR,CONDOROMA,vehiculos_pnp,0
080802,CUSCO,ESPINAR,CONDOROMA,vehiculos_operativos,0
080802,CUSCO,ESPINAR,CONDOROMA,comisarias,0
080803,CUSCO,ESPINAR,COPORAQUE,denuncias_2024_2026,38
080803,CUSCO,ESPINAR,COPORAQUE,vehiculos_pnp,0
080803,CUSCO,ESPINAR,COPORAQUE,vehiculos_operativos,0
080803,CUSCO,ESPINAR,COPORAQUE,comisarias,0
080804,CUSCO,ESPINAR,OCORURO,denuncias_2024_2026,6
080804,CUSCO,ESPINAR,OCORURO,vehiculos_pnp,0
080804,CUSCO,ESPINAR,OCORURO,vehiculos_operativos,0
080804,CUSCO,ESPINAR,OCORURO,comisarias,0
080805,CUSCO,ESPINAR,PALLPATA,denuncias_2024_2026,36
080805,CUSCO,ESPINAR,PALLPATA,vehiculos_pnp,0
080805,CUSCO,ESPINAR,PALLPATA,vehiculos_operativos,0
080805,CUSCO,ESPINAR,PALLPATA,comisarias,0
080806,CUSCO,ESPINAR,PICHIGUA,denuncias_2024_2026,13
080806,CUSCO,ESPINAR,PICHIGUA,vehiculos_pnp,0
080806,CUSCO,ESPINAR,PICHIGUA,vehiculos_operativos,0
080806,CUSCO,ESPINAR,PICHIGUA,comisarias,0
080807,CUSCO,ESPINAR,SUYCKUTAMBO,denuncias_2024_2026,10
080807,CUSCO,ESPINAR,SUYCKUTAMBO,vehiculos_pnp,0
080807,CUSCO,ESPINAR,SUYCKUTAMBO,vehiculos_operativos,0
080807,CUSCO,ESPINAR,SUYCKUTAMBO,comisarias,0
080808,CUSCO,ESPINAR,ALTO PICHIGUA,denuncias_2024_2026,12
080808,CUSCO,ESPINAR,ALTO PICHIGUA,vehiculos_pnp,0
080808,CUSCO,ESPINAR,ALTO PICHIGUA,vehiculos_operativos,0
080808,CUSCO,ESPINAR,ALTO PICHIGUA,comisarias,0
080901,CUSCO,LA CONVENCION,SANTA ANA,denuncias_2024_2026,7056
080901,CUSCO,LA CONVENCION,SANTA ANA,vehiculos_pnp,40
080901,CUSCO,LA CONVENCION,SANTA ANA,vehiculos_operativos,36
080901,CUSCO,LA CONVENCION,SANTA ANA,comisarias,3
080902,CUSCO,LA CONVENCION,ECHARATE,denuncias_2024_2026,1003
080902,CUSCO,LA CONVENCION,ECHARATE,vehiculos_pnp,32
080902,CUSCO,LA CONVENCION,ECHARATE,vehiculos_operativos,20
080902,CUSCO,LA CONVENCION,ECHARATE,comisarias,4
080903,CUSCO,LA CONVENCION,HUAYOPATA,denuncias_2024_2026,274
080903,CUSCO,LA CONVENCION,HUAYOPATA,vehiculos_pnp,7
080903,CUSCO,LA CONVENCION,HUAYOPATA,vehiculos_operativos,4
080903,CUSCO,LA CONVENCION,HUAYOPATA,comisarias,1
080904,CUSCO,LA CONVENCION,MARANURA,denuncias_2024_2026,244
080904,CUSCO,LA CONVENCION,MARANURA,vehiculos_pnp,4
080904,CUSCO,LA CONVENCION,MARANURA,vehiculos_operativos,3
080904,CUSCO,LA CONVENCION,MARANURA,comisarias,2
080905,CUSCO,LA CONVENCION,OCOBAMBA,denuncias_2024_2026,164
080905,CUSCO,LA CONVENCION,OCOBAMBA,vehiculos_pnp,0
080905,CUSCO,LA CONVENCION,OCOBAMBA,vehiculos_operativos,0
080905,CUSCO,LA CONVENCION,OCOBAMBA,comisarias,1
080906,CUSCO,LA CONVENCION,QUELLOUNO,denuncias_2024_2026,342
080906,CUSCO,LA CONVENCION,QUELLOUNO,vehiculos_pnp,7
080906,CUSCO,LA CONVENCION,QUELLOUNO,vehiculos_operativos,3
080906,CUSCO,LA CONVENCION,QUELLOUNO,comisarias,1
080907,CUSCO,LA CONVENCION,KIMBIRI,denuncias_2024_2026,1158
080907,CUSCO,LA CONVENCION,KIMBIRI,vehiculos_pnp,9
080907,CUSCO,LA CONVENCION,KIMBIRI,vehiculos_operativos,6
080907,CUSCO,LA CONVENCION,KIMBIRI,comisarias,1
080908,CUSCO,LA CONVENCION,SANTA TERESA,denuncias_2024_2026,316
080908,CUSCO,LA CONVENCION,SANTA TERESA,vehiculos_pnp,1
080908,CUSCO,LA CONVENCION,SANTA TERESA,vehiculos_operativos,1
080908,CUSCO,LA CONVENCION,SANTA TERESA,comisarias,1
080909,CUSCO,LA CONVENCION,VILCABAMBA,denuncias_2024_2026,304
080909,CUSCO,LA CONVENCION,VILCABAMBA,vehiculos_pnp,6
080909,CUSCO,LA CONVENCION,VILCABAMBA,vehiculos_operativos,4
080909,CUSCO,LA CONVENCION,VILCABAMBA,comisarias,1
080910,CUSCO,LA CONVENCION,PICHARI,denuncias_2024_2026,2541
080910,CUSCO,LA CONVENCION,PICHARI,vehiculos_pnp,70
080910,CUSCO,LA CONVENCION,PICHARI,vehiculos_operativos,42
080910,CUSCO,LA CONVENCION,PICHARI,comisarias,2
080914,CUSCO,LA CONVENCION,MEGANTONI,denuncias_2024_2026,183
080914,CUSCO,LA CONVENCION,MEGANTONI,vehiculos_pnp,0
080914,CUSCO,LA CONVENCION,MEGANTONI,vehiculos_operativos,0
080914,CUSCO,LA CONVENCION,MEGANTONI,comisarias,1
080915,CUSCO,LA CONVENCION,KUMPIRUSHIATO,denuncias_2024_2026,275
080915,CUSCO,LA CONVENCION,KUMPIRUSHIATO,vehiculos_pnp,0
080915,CUSCO,LA CONVENCION,KUMPIRUSHIATO,vehiculos_operativos,0
080915,CUSCO,LA CONVENCION,KUMPIRUSHIATO,comisarias,0
081001,CUSCO,PARURO,PARURO,denuncias_2024_2026,147
081001,CUSCO,PARURO,PARURO,vehiculos_pnp,2
081001,CUSCO,PARURO,PARURO,vehiculos_operativos,1
081001,CUSCO,PARURO,PARURO,comisarias,1
081002,CUSCO,PARURO,ACCHA,denuncias_2024_2026,99
081002,CUSCO,PARURO,ACCHA,vehiculos_pnp,2
081002,CUSCO,PARURO,ACCHA,vehiculos_operativos,2
081002,CUSCO,PARURO,ACCHA,comisarias,1
081003,CUSCO,PARURO,CCAPI,denuncias_2024_2026,11
081003,CUSCO,PARURO,CCAPI,vehiculos_pnp,2
081003,CUSCO,PARURO,CCAPI,vehiculos_operativos,2
081003,CUSCO,PARURO,CCAPI,comisarias,1
081004,CUSCO,PARURO,COLCHA,denuncias_2024_2026,8
081004,CUSCO,PARURO,COLCHA,vehiculos_pnp,0
081004,CUSCO,PARURO,COLCHA,vehiculos_operativos,0
081004,CUSCO,PARURO,COLCHA,comisarias,0
081005,CUSCO,PARURO,HUANOQUITE,denuncias_2024_2026,226
081005,CUSCO,PARURO,HUANOQUITE,vehiculos_pnp,1
081005,CUSCO,PARURO,HUANOQUITE,vehiculos_operativos,1
081005,CUSCO,PARURO,HUANOQUITE,comisarias,1
081006,CUSCO,PARURO,OMACHA,denuncias_2024_2026,62
081006,CUSCO,PARURO,OMACHA,vehiculos_pnp,3
081006,CUSCO,PARURO,OMACHA,vehiculos_operativos,2
081006,CUSCO,PARURO,OMACHA,comisarias,1
081007,CUSCO,PARURO,PACCARITAMBO,denuncias_2024_2026,12
081007,CUSCO,PARURO,PACCARITAMBO,vehiculos_pnp,0
081007,CUSCO,PARURO,PACCARITAMBO,vehiculos_operativos,0
081007,CUSCO,PARURO,PACCARITAMBO,comisarias,0
081008,CUSCO,PARURO,PILLPINTO,denuncias_2024_2026,21
081008,CUSCO,PARURO,PILLPINTO,vehiculos_pnp,0
081008,CUSCO,PARURO,PILLPINTO,vehiculos_operativos,0
081008,CUSCO,PARURO,PILLPINTO,comisarias,0
081009,CUSCO,PARURO,YAURISQUE,denuncias_2024_2026,94
081009,CUSCO,PARURO,YAURISQUE,vehiculos_pnp,4
081009,CUSCO,PARURO,YAURISQUE,vehiculos_operativos,2
081009,CUSCO,PARURO,YAURISQUE,comisarias,1
081101,CUSCO,PAUCARTAMBO,PAUCARTAMBO,denuncias_2024_2026,640
081101,CUSCO,PAUCARTAMBO,PAUCARTAMBO,vehiculos_pnp,2
081101,CUSCO,PAUCARTAMBO,PAUCARTAMBO,vehiculos_operativos,2
081101,CUSCO,PAUCARTAMBO,PAUCARTAMBO,comisarias,1
081102,CUSCO,PAUCARTAMBO,CAICAY,denuncias_2024_2026,50
081102,CUSCO,PAUCARTAMBO,CAICAY,vehiculos_pnp,0
081102,CUSCO,PAUCARTAMBO,CAICAY,vehiculos_operativos,0
081102,CUSCO,PAUCARTAMBO,CAICAY,comisarias,0
081103,CUSCO,PAUCARTAMBO,CHALLABAMBA,denuncias_2024_2026,89
081103,CUSCO,PAUCARTAMBO,CHALLABAMBA,vehiculos_pnp,0
081103,CUSCO,PAUCARTAMBO,CHALLABAMBA,vehiculos_operativos,0
081103,CUSCO,PAUCARTAMBO,CHALLABAMBA,comisarias,0
081104,CUSCO,PAUCARTAMBO,COLQUEPATA,denuncias_2024_2026,135
081104,CUSCO,PAUCARTAMBO,COLQUEPATA,vehiculos_pnp,1
081104,CUSCO,PAUCARTAMBO,COLQUEPATA,vehiculos_operativos,0
081104,CUSCO,PAUCARTAMBO,COLQUEPATA,comisarias,1
081105,CUSCO,PAUCARTAMBO,HUANCARANI,denuncias_2024_2026,138
081105,CUSCO,PAUCARTAMBO,HUANCARANI,vehiculos_pnp,2
081105,CUSCO,PAUCARTAMBO,HUANCARANI,vehiculos_operativos,2
081105,CUSCO,PAUCARTAMBO,HUANCARANI,comisarias,1
081106,CUSCO,PAUCARTAMBO,KOSÑIPATA,denuncias_2024_2026,388
081106,CUSCO,PAUCARTAMBO,KOSÑIPATA,vehiculos_pnp,5
081106,CUSCO,PAUCARTAMBO,KOSÑIPATA,vehiculos_operativos,0
081106,CUSCO,PAUCARTAMBO,KOSÑIPATA,comisarias,0
081201,CUSCO,QUISPICANCHI,URCOS,denuncias_2024_2026,673
081201,CUSCO,QUISPICANCHI,URCOS,vehiculos_pnp,4
081201,CUSCO,QUISPICANCHI,URCOS,vehiculos_operativos,2
081201,CUSCO,QUISPICANCHI,URCOS,comisarias,1
081202,CUSCO,QUISPICANCHI,ANDAHUAYLILLAS,denuncias_2024_2026,238
081202,CUSCO,QUISPICANCHI,ANDAHUAYLILLAS,vehiculos_pnp,2
081202,CUSCO,QUISPICANCHI,ANDAHUAYLILLAS,vehiculos_operativos,2
081202,CUSCO,QUISPICANCHI,ANDAHUAYLILLAS,comisarias,1
081203,CUSCO,QUISPICANCHI,CAMANTI,denuncias_2024_2026,161
081203,CUSCO,QUISPICANCHI,CAMANTI,vehiculos_pnp,3
081203,CUSCO,QUISPICANCHI,CAMANTI,vehiculos_operativos,1
081203,CUSCO,QUISPICANCHI,CAMANTI,comisarias,1
081204,CUSCO,QUISPICANCHI,CCARHUAYO,denuncias_2024_2026,12
081204,CUSCO,QUISPICANCHI,CCARHUAYO,vehiculos_pnp,0
081204,CUSCO,QUISPICANCHI,CCARHUAYO,vehiculos_operativos,0
081204,CUSCO,QUISPICANCHI,CCARHUAYO,comisarias,0
081205,CUSCO,QUISPICANCHI,CCATCA,denuncias_2024_2026,327
081205,CUSCO,QUISPICANCHI,CCATCA,vehiculos_pnp,5
081205,CUSCO,QUISPICANCHI,CCATCA,vehiculos_operativos,3
081205,CUSCO,QUISPICANCHI,CCATCA,comisarias,2
081206,CUSCO,QUISPICANCHI,CUSIPATA,denuncias_2024_2026,149
081206,CUSCO,QUISPICANCHI,CUSIPATA,vehiculos_pnp,0
081206,CUSCO,QUISPICANCHI,CUSIPATA,vehiculos_operativos,0
081206,CUSCO,QUISPICANCHI,CUSIPATA,comisarias,0
081207,CUSCO,QUISPICANCHI,HUARO,denuncias_2024_2026,181
081207,CUSCO,QUISPICANCHI,HUARO,vehiculos_pnp,2
081207,CUSCO,QUISPICANCHI,HUARO,vehiculos_operativos,2
081207,CUSCO,QUISPICANCHI,HUARO,comisarias,1
081208,CUSCO,QUISPICANCHI,LUCRE,denuncias_2024_2026,303
081208,CUSCO,QUISPICANCHI,LUCRE,vehiculos_pnp,4
081208,CUSCO,QUISPICANCHI,LUCRE,vehiculos_operativos,1
081208,CUSCO,QUISPICANCHI,LUCRE,comisarias,2
081209,CUSCO,QUISPICANCHI,MARCAPATA,denuncias_2024_2026,67
081209,CUSCO,QUISPICANCHI,MARCAPATA,vehiculos_pnp,2
081209,CUSCO,QUISPICANCHI,MARCAPATA,vehiculos_operativos,2
081209,CUSCO,QUISPICANCHI,MARCAPATA,comisarias,1
081210,CUSCO,QUISPICANCHI,OCONGATE,denuncias_2024_2026,345
081210,CUSCO,QUISPICANCHI,OCONGATE,vehiculos_pnp,2
081210,CUSCO,QUISPICANCHI,OCONGATE,vehiculos_operativos,1
081210,CUSCO,QUISPICANCHI,OCONGATE,comisarias,1
081211,CUSCO,QUISPICANCHI,OROPESA,denuncias_2024_2026,593
081211,CUSCO,QUISPICANCHI,OROPESA,vehiculos_pnp,0
081211,CUSCO,QUISPICANCHI,OROPESA,vehiculos_operativos,0
081211,CUSCO,QUISPICANCHI,OROPESA,comisarias,1
081212,CUSCO,QUISPICANCHI,QUIQUIJANA,denuncias_2024_2026,277
081212,CUSCO,QUISPICANCHI,QUIQUIJANA,vehiculos_pnp,5
081212,CUSCO,QUISPICANCHI,QUIQUIJANA,vehiculos_operativos,4
081212,CUSCO,QUISPICANCHI,QUIQUIJANA,comisarias,1
081301,CUSCO,URUBAMBA,URUBAMBA,denuncias_2024_2026,2756
081301,CUSCO,URUBAMBA,URUBAMBA,vehiculos_pnp,9
081301,CUSCO,URUBAMBA,URUBAMBA,vehiculos_operativos,4
081301,CUSCO,URUBAMBA,URUBAMBA,comisarias,1
081302,CUSCO,URUBAMBA,CHINCHERO,denuncias_2024_2026,407
081302,CUSCO,URUBAMBA,CHINCHERO,vehiculos_pnp,4
081302,CUSCO,URUBAMBA,CHINCHERO,vehiculos_operativos,2
081302,CUSCO,URUBAMBA,CHINCHERO,comisarias,1
081303,CUSCO,URUBAMBA,HUAYLLABAMBA,denuncias_2024_2026,348
081303,CUSCO,URUBAMBA,HUAYLLABAMBA,vehiculos_pnp,2
081303,CUSCO,URUBAMBA,HUAYLLABAMBA,vehiculos_operativos,1
081303,CUSCO,URUBAMBA,HUAYLLABAMBA,comisarias,1
081304,CUSCO,URUBAMBA,MACHUPICCHU,denuncias_2024_2026,513
081304,CUSCO,URUBAMBA,MACHUPICCHU,vehiculos_pnp,1
081304,CUSCO,URUBAMBA,MACHUPICCHU,vehiculos_operativos,1
081304,CUSCO,URUBAMBA,MACHUPICCHU,comisarias,1
081305,CUSCO,URUBAMBA,MARAS,denuncias_2024_2026,350
081305,CUSCO,URUBAMBA,MARAS,vehiculos_pnp,3
081305,CUSCO,URUBAMBA,MARAS,vehiculos_operativos,1
081305,CUSCO,URUBAMBA,MARAS,comisarias,1
081306,CUSCO,URUBAMBA,OLLANTAYTAMBO,denuncias_2024_2026,888
081306,CUSCO,URUBAMBA,OLLANTAYTAMBO,vehiculos_pnp,5
081306,CUSCO,URUBAMBA,OLLANTAYTAMBO,vehiculos_operativos,3
081306,CUSCO,URUBAMBA,OLLANTAYTAMBO,comisarias,1
081307,CUSCO,URUBAMBA,YUCAY,denuncias_2024_2026,58
081307,CUSCO,URUBAMBA,YUCAY,vehiculos_pnp,0
081307,CUSCO,URUBAMBA,YUCAY,vehiculos_operativos,0
081307,CUSCO,URUBAMBA,YUCAY,comisarias,0
090101,HUANCAVELICA,HUANCAVELICA,HUANCAVELICA,denuncias_2024_2026,3165
090101,HUANCAVELICA,HUANCAVELICA,HUANCAVELICA,vehiculos_pnp,67
090101,HUANCAVELICA,HUANCAVELICA,HUANCAVELICA,vehiculos_operativos,25
090101,HUANCAVELICA,HUANCAVELICA,HUANCAVELICA,comisarias,1
090102,HUANCAVELICA,HUANCAVELICA,ACOBAMBILLA,denuncias_2024_2026,38
090102,HUANCAVELICA,HUANCAVELICA,ACOBAMBILLA,vehiculos_pnp,3
090102,HUANCAVELICA,HUANCAVELICA,ACOBAMBILLA,vehiculos_operativos,2
090102,HUANCAVELICA,HUANCAVELICA,ACOBAMBILLA,comisarias,1
090103,HUANCAVELICA,HUANCAVELICA,ACORIA,denuncias_2024_2026,199
090103,HUANCAVELICA,HUANCAVELICA,ACORIA,vehiculos_pnp,1
090103,HUANCAVELICA,HUANCAVELICA,ACORIA,vehiculos_operativos,1
090103,HUANCAVELICA,HUANCAVELICA,ACORIA,comisarias,1
090104,HUANCAVELICA,HUANCAVELICA,CONAYCA,denuncias_2024_2026,5
090104,HUANCAVELICA,HUANCAVELICA,CONAYCA,vehiculos_pnp,0
090104,HUANCAVELICA,HUANCAVELICA,CONAYCA,vehiculos_operativos,0
090104,HUANCAVELICA,HUANCAVELICA,CONAYCA,comisarias,0
090105,HUANCAVELICA,HUANCAVELICA,CUENCA,denuncias_2024_2026,10
090105,HUANCAVELICA,HUANCAVELICA,CUENCA,vehiculos_pnp,0
090105,HUANCAVELICA,HUANCAVELICA,CUENCA,vehiculos_operativos,0
090105,HUANCAVELICA,HUANCAVELICA,CUENCA,comisarias,0
090106,HUANCAVELICA,HUANCAVELICA,HUACHOCOLPA,denuncias_2024_2026,28
090106,HUANCAVELICA,HUANCAVELICA,HUACHOCOLPA,vehiculos_pnp,0
090106,HUANCAVELICA,HUANCAVELICA,HUACHOCOLPA,vehiculos_operativos,0
090106,HUANCAVELICA,HUANCAVELICA,HUACHOCOLPA,comisarias,1
090107,HUANCAVELICA,HUANCAVELICA,HUAYLLAHUARA,denuncias_2024_2026,1
090107,HUANCAVELICA,HUANCAVELICA,HUAYLLAHUARA,vehiculos_pnp,0
090107,HUANCAVELICA,HUANCAVELICA,HUAYLLAHUARA,vehiculos_operativos,0
090107,HUANCAVELICA,HUANCAVELICA,HUAYLLAHUARA,comisarias,0
090108,HUANCAVELICA,HUANCAVELICA,IZCUCHACA,denuncias_2024_2026,94
090108,HUANCAVELICA,HUANCAVELICA,IZCUCHACA,vehiculos_pnp,2
090108,HUANCAVELICA,HUANCAVELICA,IZCUCHACA,vehiculos_operativos,1
090108,HUANCAVELICA,HUANCAVELICA,IZCUCHACA,comisarias,1
090109,HUANCAVELICA,HUANCAVELICA,LARIA,denuncias_2024_2026,2
090109,HUANCAVELICA,HUANCAVELICA,LARIA,vehiculos_pnp,0
090109,HUANCAVELICA,HUANCAVELICA,LARIA,vehiculos_operativos,0
090109,HUANCAVELICA,HUANCAVELICA,LARIA,comisarias,0
090110,HUANCAVELICA,HUANCAVELICA,MANTA,denuncias_2024_2026,2
090110,HUANCAVELICA,HUANCAVELICA,MANTA,vehiculos_pnp,0
090110,HUANCAVELICA,HUANCAVELICA,MANTA,vehiculos_operativos,0
090110,HUANCAVELICA,HUANCAVELICA,MANTA,comisarias,0
090111,HUANCAVELICA,HUANCAVELICA,MARISCAL CACERES,denuncias_2024_2026,43
090111,HUANCAVELICA,HUANCAVELICA,MARISCAL CACERES,vehiculos_pnp,1
090111,HUANCAVELICA,HUANCAVELICA,MARISCAL CACERES,vehiculos_operativos,1
090111,HUANCAVELICA,HUANCAVELICA,MARISCAL CACERES,comisarias,0
090112,HUANCAVELICA,HUANCAVELICA,MOYA,denuncias_2024_2026,37
090112,HUANCAVELICA,HUANCAVELICA,MOYA,vehiculos_pnp,2
090112,HUANCAVELICA,HUANCAVELICA,MOYA,vehiculos_operativos,2
090112,HUANCAVELICA,HUANCAVELICA,MOYA,comisarias,1
090113,HUANCAVELICA,HUANCAVELICA,NUEVO OCCORO,denuncias_2024_2026,4
090113,HUANCAVELICA,HUANCAVELICA,NUEVO OCCORO,vehiculos_pnp,0
090113,HUANCAVELICA,HUANCAVELICA,NUEVO OCCORO,vehiculos_operativos,0
090113,HUANCAVELICA,HUANCAVELICA,NUEVO OCCORO,comisarias,0
090114,HUANCAVELICA,HUANCAVELICA,PALCA,denuncias_2024_2026,6
090114,HUANCAVELICA,HUANCAVELICA,PALCA,vehiculos_pnp,0
090114,HUANCAVELICA,HUANCAVELICA,PALCA,vehiculos_operativos,0
090114,HUANCAVELICA,HUANCAVELICA,PALCA,comisarias,0
090115,HUANCAVELICA,HUANCAVELICA,PILCHACA,denuncias_2024_2026,8
090115,HUANCAVELICA,HUANCAVELICA,PILCHACA,vehiculos_pnp,0
090115,HUANCAVELICA,HUANCAVELICA,PILCHACA,vehiculos_operativos,0
090115,HUANCAVELICA,HUANCAVELICA,PILCHACA,comisarias,0
090116,HUANCAVELICA,HUANCAVELICA,VILCA,denuncias_2024_2026,4
090116,HUANCAVELICA,HUANCAVELICA,VILCA,vehiculos_pnp,0
090116,HUANCAVELICA,HUANCAVELICA,VILCA,vehiculos_operativos,0
090116,HUANCAVELICA,HUANCAVELICA,VILCA,comisarias,0
090117,HUANCAVELICA,HUANCAVELICA,YAULI,denuncias_2024_2026,144
090117,HUANCAVELICA,HUANCAVELICA,YAULI,vehiculos_pnp,2
090117,HUANCAVELICA,HUANCAVELICA,YAULI,vehiculos_operativos,1
090117,HUANCAVELICA,HUANCAVELICA,YAULI,comisarias,1
090118,HUANCAVELICA,HUANCAVELICA,ASCENSION,denuncias_2024_2026,236
090118,HUANCAVELICA,HUANCAVELICA,ASCENSION,vehiculos_pnp,0
090118,HUANCAVELICA,HUANCAVELICA,ASCENSION,vehiculos_operativos,0
090118,HUANCAVELICA,HUANCAVELICA,ASCENSION,comisarias,0
090119,HUANCAVELICA,HUANCAVELICA,HUANDO,denuncias_2024_2026,146
090119,HUANCAVELICA,HUANCAVELICA,HUANDO,vehiculos_pnp,2
090119,HUANCAVELICA,HUANCAVELICA,HUANDO,vehiculos_operativos,1
090119,HUANCAVELICA,HUANCAVELICA,HUANDO,comisarias,1
090201,HUANCAVELICA,ACOBAMBA,ACOBAMBA,denuncias_2024_2026,482
090201,HUANCAVELICA,ACOBAMBA,ACOBAMBA,vehiculos_pnp,4
090201,HUANCAVELICA,ACOBAMBA,ACOBAMBA,vehiculos_operativos,2
090201,HUANCAVELICA,ACOBAMBA,ACOBAMBA,comisarias,1
090202,HUANCAVELICA,ACOBAMBA,ANDABAMBA,denuncias_2024_2026,21
090202,HUANCAVELICA,ACOBAMBA,ANDABAMBA,vehiculos_pnp,0
090202,HUANCAVELICA,ACOBAMBA,ANDABAMBA,vehiculos_operativos,0
090202,HUANCAVELICA,ACOBAMBA,ANDABAMBA,comisarias,0
090203,HUANCAVELICA,ACOBAMBA,ANTA,denuncias_2024_2026,11
090203,HUANCAVELICA,ACOBAMBA,ANTA,vehiculos_pnp,0
090203,HUANCAVELICA,ACOBAMBA,ANTA,vehiculos_operativos,0
090203,HUANCAVELICA,ACOBAMBA,ANTA,comisarias,0
090204,HUANCAVELICA,ACOBAMBA,CAJA,denuncias_2024_2026,14
090204,HUANCAVELICA,ACOBAMBA,CAJA,vehiculos_pnp,0
090204,HUANCAVELICA,ACOBAMBA,CAJA,vehiculos_operativos,0
090204,HUANCAVELICA,ACOBAMBA,CAJA,comisarias,0
090205,HUANCAVELICA,ACOBAMBA,MARCAS,denuncias_2024_2026,38
090205,HUANCAVELICA,ACOBAMBA,MARCAS,vehiculos_pnp,3
090205,HUANCAVELICA,ACOBAMBA,MARCAS,vehiculos_operativos,2
090205,HUANCAVELICA,ACOBAMBA,MARCAS,comisarias,1
090206,HUANCAVELICA,ACOBAMBA,PAUCARA,denuncias_2024_2026,293
090206,HUANCAVELICA,ACOBAMBA,PAUCARA,vehiculos_pnp,4
090206,HUANCAVELICA,ACOBAMBA,PAUCARA,vehiculos_operativos,1
090206,HUANCAVELICA,ACOBAMBA,PAUCARA,comisarias,1
090207,HUANCAVELICA,ACOBAMBA,POMACOCHA,denuncias_2024_2026,21
090207,HUANCAVELICA,ACOBAMBA,POMACOCHA,vehiculos_pnp,0
090207,HUANCAVELICA,ACOBAMBA,POMACOCHA,vehiculos_operativos,0
090207,HUANCAVELICA,ACOBAMBA,POMACOCHA,comisarias,0
090208,HUANCAVELICA,ACOBAMBA,ROSARIO,denuncias_2024_2026,31
090208,HUANCAVELICA,ACOBAMBA,ROSARIO,vehiculos_pnp,0
090208,HUANCAVELICA,ACOBAMBA,ROSARIO,vehiculos_operativos,0
090208,HUANCAVELICA,ACOBAMBA,ROSARIO,comisarias,0
090301,HUANCAVELICA,ANGARAES,LIRCAY,denuncias_2024_2026,730
090301,HUANCAVELICA,ANGARAES,LIRCAY,vehiculos_pnp,5
090301,HUANCAVELICA,ANGARAES,LIRCAY,vehiculos_operativos,4
090301,HUANCAVELICA,ANGARAES,LIRCAY,comisarias,1
090302,HUANCAVELICA,ANGARAES,ANCHONGA,denuncias_2024_2026,16
090302,HUANCAVELICA,ANGARAES,ANCHONGA,vehiculos_pnp,0
090302,HUANCAVELICA,ANGARAES,ANCHONGA,vehiculos_operativos,0
090302,HUANCAVELICA,ANGARAES,ANCHONGA,comisarias,0
090303,HUANCAVELICA,ANGARAES,CALLANMARCA,denuncias_2024_2026,2
090303,HUANCAVELICA,ANGARAES,CALLANMARCA,vehiculos_pnp,0
090303,HUANCAVELICA,ANGARAES,CALLANMARCA,vehiculos_operativos,0
090303,HUANCAVELICA,ANGARAES,CALLANMARCA,comisarias,0
090304,HUANCAVELICA,ANGARAES,CCOCHACCASA,denuncias_2024_2026,35
090304,HUANCAVELICA,ANGARAES,CCOCHACCASA,vehiculos_pnp,2
090304,HUANCAVELICA,ANGARAES,CCOCHACCASA,vehiculos_operativos,1
090304,HUANCAVELICA,ANGARAES,CCOCHACCASA,comisarias,1
090305,HUANCAVELICA,ANGARAES,CHINCHO,denuncias_2024_2026,14
090305,HUANCAVELICA,ANGARAES,CHINCHO,vehiculos_pnp,0
090305,HUANCAVELICA,ANGARAES,CHINCHO,vehiculos_operativos,0
090305,HUANCAVELICA,ANGARAES,CHINCHO,comisarias,0
090306,HUANCAVELICA,ANGARAES,CONGALLA,denuncias_2024_2026,64
090306,HUANCAVELICA,ANGARAES,CONGALLA,vehiculos_pnp,2
090306,HUANCAVELICA,ANGARAES,CONGALLA,vehiculos_operativos,2
090306,HUANCAVELICA,ANGARAES,CONGALLA,comisarias,1
090307,HUANCAVELICA,ANGARAES,HUANCA-HUANCA,denuncias_2024_2026,2
090307,HUANCAVELICA,ANGARAES,HUANCA-HUANCA,vehiculos_pnp,0
090307,HUANCAVELICA,ANGARAES,HUANCA-HUANCA,vehiculos_operativos,0
090307,HUANCAVELICA,ANGARAES,HUANCA-HUANCA,comisarias,0
090308,HUANCAVELICA,ANGARAES,HUAYLLAY GRANDE,denuncias_2024_2026,2
090308,HUANCAVELICA,ANGARAES,HUAYLLAY GRANDE,vehiculos_pnp,0
090308,HUANCAVELICA,ANGARAES,HUAYLLAY GRANDE,vehiculos_operativos,0
090308,HUANCAVELICA,ANGARAES,HUAYLLAY GRANDE,comisarias,0
090309,HUANCAVELICA,ANGARAES,JULCAMARCA,denuncias_2024_2026,58
090309,HUANCAVELICA,ANGARAES,JULCAMARCA,vehiculos_pnp,2
090309,HUANCAVELICA,ANGARAES,JULCAMARCA,vehiculos_operativos,2
090309,HUANCAVELICA,ANGARAES,JULCAMARCA,comisarias,1
090310,HUANCAVELICA,ANGARAES,SAN ANTONIO DE ANTAPARCO,denuncias_2024_2026,7
090310,HUANCAVELICA,ANGARAES,SAN ANTONIO DE ANTAPARCO,vehiculos_pnp,0
090310,HUANCAVELICA,ANGARAES,SAN ANTONIO DE ANTAPARCO,vehiculos_operativos,0
090310,HUANCAVELICA,ANGARAES,SAN ANTONIO DE ANTAPARCO,comisarias,0
090311,HUANCAVELICA,ANGARAES,SANTO TOMAS DE PATA,denuncias_2024_2026,9
090311,HUANCAVELICA,ANGARAES,SANTO TOMAS DE PATA,vehiculos_pnp,0
090311,HUANCAVELICA,ANGARAES,SANTO TOMAS DE PATA,vehiculos_operativos,0
090311,HUANCAVELICA,ANGARAES,SANTO TOMAS DE PATA,comisarias,0
090312,HUANCAVELICA,ANGARAES,SECCLLA,denuncias_2024_2026,21
090312,HUANCAVELICA,ANGARAES,SECCLLA,vehiculos_pnp,0
090312,HUANCAVELICA,ANGARAES,SECCLLA,vehiculos_operativos,0
090312,HUANCAVELICA,ANGARAES,SECCLLA,comisarias,0
090401,HUANCAVELICA,CASTROVIRREYNA,CASTROVIRREYNA,denuncias_2024_2026,112
090401,HUANCAVELICA,CASTROVIRREYNA,CASTROVIRREYNA,vehiculos_pnp,2
090401,HUANCAVELICA,CASTROVIRREYNA,CASTROVIRREYNA,vehiculos_operativos,2
090401,HUANCAVELICA,CASTROVIRREYNA,CASTROVIRREYNA,comisarias,1
090402,HUANCAVELICA,CASTROVIRREYNA,ARMA,denuncias_2024_2026,29
090402,HUANCAVELICA,CASTROVIRREYNA,ARMA,vehiculos_pnp,2
090402,HUANCAVELICA,CASTROVIRREYNA,ARMA,vehiculos_operativos,2
090402,HUANCAVELICA,CASTROVIRREYNA,ARMA,comisarias,1
090403,HUANCAVELICA,CASTROVIRREYNA,AURAHUA,denuncias_2024_2026,97
090403,HUANCAVELICA,CASTROVIRREYNA,AURAHUA,vehiculos_pnp,1
090403,HUANCAVELICA,CASTROVIRREYNA,AURAHUA,vehiculos_operativos,1
090403,HUANCAVELICA,CASTROVIRREYNA,AURAHUA,comisarias,1
090404,HUANCAVELICA,CASTROVIRREYNA,CAPILLAS,denuncias_2024_2026,7
090404,HUANCAVELICA,CASTROVIRREYNA,CAPILLAS,vehiculos_pnp,0
090404,HUANCAVELICA,CASTROVIRREYNA,CAPILLAS,vehiculos_operativos,0
090404,HUANCAVELICA,CASTROVIRREYNA,CAPILLAS,comisarias,0
090405,HUANCAVELICA,CASTROVIRREYNA,CHUPAMARCA,denuncias_2024_2026,29
090405,HUANCAVELICA,CASTROVIRREYNA,CHUPAMARCA,vehiculos_pnp,1
090405,HUANCAVELICA,CASTROVIRREYNA,CHUPAMARCA,vehiculos_operativos,1
090405,HUANCAVELICA,CASTROVIRREYNA,CHUPAMARCA,comisarias,1
090406,HUANCAVELICA,CASTROVIRREYNA,COCAS,denuncias_2024_2026,4
090406,HUANCAVELICA,CASTROVIRREYNA,COCAS,vehiculos_pnp,0
090406,HUANCAVELICA,CASTROVIRREYNA,COCAS,vehiculos_operativos,0
090406,HUANCAVELICA,CASTROVIRREYNA,COCAS,comisarias,0
090407,HUANCAVELICA,CASTROVIRREYNA,HUACHOS,denuncias_2024_2026,52
090407,HUANCAVELICA,CASTROVIRREYNA,HUACHOS,vehiculos_pnp,1
090407,HUANCAVELICA,CASTROVIRREYNA,HUACHOS,vehiculos_operativos,1
090407,HUANCAVELICA,CASTROVIRREYNA,HUACHOS,comisarias,1
090408,HUANCAVELICA,CASTROVIRREYNA,HUAMATAMBO,denuncias_2024_2026,1
090408,HUANCAVELICA,CASTROVIRREYNA,HUAMATAMBO,vehiculos_pnp,0
090408,HUANCAVELICA,CASTROVIRREYNA,HUAMATAMBO,vehiculos_operativos,0
090408,HUANCAVELICA,CASTROVIRREYNA,HUAMATAMBO,comisarias,0
090409,HUANCAVELICA,CASTROVIRREYNA,MOLLEPAMPA,denuncias_2024_2026,1
090409,HUANCAVELICA,CASTROVIRREYNA,MOLLEPAMPA,vehiculos_pnp,0
090409,HUANCAVELICA,CASTROVIRREYNA,MOLLEPAMPA,vehiculos_operativos,0
090409,HUANCAVELICA,CASTROVIRREYNA,MOLLEPAMPA,comisarias,0
090410,HUANCAVELICA,CASTROVIRREYNA,SAN JUAN,denuncias_2024_2026,4
090410,HUANCAVELICA,CASTROVIRREYNA,SAN JUAN,vehiculos_pnp,0
090410,HUANCAVELICA,CASTROVIRREYNA,SAN JUAN,vehiculos_operativos,0
090410,HUANCAVELICA,CASTROVIRREYNA,SAN JUAN,comisarias,0
090411,HUANCAVELICA,CASTROVIRREYNA,SANTA ANA,denuncias_2024_2026,12
090411,HUANCAVELICA,CASTROVIRREYNA,SANTA ANA,vehiculos_pnp,0
090411,HUANCAVELICA,CASTROVIRREYNA,SANTA ANA,vehiculos_operativos,0
090411,HUANCAVELICA,CASTROVIRREYNA,SANTA ANA,comisarias,0
090412,HUANCAVELICA,CASTROVIRREYNA,TANTARA,denuncias_2024_2026,56
090412,HUANCAVELICA,CASTROVIRREYNA,TANTARA,vehiculos_pnp,0
090412,HUANCAVELICA,CASTROVIRREYNA,TANTARA,vehiculos_operativos,0
090412,HUANCAVELICA,CASTROVIRREYNA,TANTARA,comisarias,1
090413,HUANCAVELICA,CASTROVIRREYNA,TICRAPO,denuncias_2024_2026,84
090413,HUANCAVELICA,CASTROVIRREYNA,TICRAPO,vehiculos_pnp,1
090413,HUANCAVELICA,CASTROVIRREYNA,TICRAPO,vehiculos_operativos,1
090413,HUANCAVELICA,CASTROVIRREYNA,TICRAPO,comisarias,1
090501,HUANCAVELICA,CHURCAMPA,CHURCAMPA,denuncias_2024_2026,134
090501,HUANCAVELICA,CHURCAMPA,CHURCAMPA,vehiculos_pnp,3
090501,HUANCAVELICA,CHURCAMPA,CHURCAMPA,vehiculos_operativos,2
090501,HUANCAVELICA,CHURCAMPA,CHURCAMPA,comisarias,1
090502,HUANCAVELICA,CHURCAMPA,ANCO,denuncias_2024_2026,191
090502,HUANCAVELICA,CHURCAMPA,ANCO,vehiculos_pnp,3
090502,HUANCAVELICA,CHURCAMPA,ANCO,vehiculos_operativos,1
090502,HUANCAVELICA,CHURCAMPA,ANCO,comisarias,1
090503,HUANCAVELICA,CHURCAMPA,CHINCHIHUASI,denuncias_2024_2026,33
090503,HUANCAVELICA,CHURCAMPA,CHINCHIHUASI,vehiculos_pnp,3
090503,HUANCAVELICA,CHURCAMPA,CHINCHIHUASI,vehiculos_operativos,2
090503,HUANCAVELICA,CHURCAMPA,CHINCHIHUASI,comisarias,1
090504,HUANCAVELICA,CHURCAMPA,EL CARMEN,denuncias_2024_2026,2
090504,HUANCAVELICA,CHURCAMPA,EL CARMEN,vehiculos_pnp,0
090504,HUANCAVELICA,CHURCAMPA,EL CARMEN,vehiculos_operativos,0
090504,HUANCAVELICA,CHURCAMPA,EL CARMEN,comisarias,0
090506,HUANCAVELICA,CHURCAMPA,LOCROJA,denuncias_2024_2026,17
090506,HUANCAVELICA,CHURCAMPA,LOCROJA,vehiculos_pnp,0
090506,HUANCAVELICA,CHURCAMPA,LOCROJA,vehiculos_operativos,0
090506,HUANCAVELICA,CHURCAMPA,LOCROJA,comisarias,0
090507,HUANCAVELICA,CHURCAMPA,PAUCARBAMBA,denuncias_2024_2026,90
090507,HUANCAVELICA,CHURCAMPA,PAUCARBAMBA,vehiculos_pnp,5
090507,HUANCAVELICA,CHURCAMPA,PAUCARBAMBA,vehiculos_operativos,4
090507,HUANCAVELICA,CHURCAMPA,PAUCARBAMBA,comisarias,1
090508,HUANCAVELICA,CHURCAMPA,SAN MIGUEL DE MAYOCC,denuncias_2024_2026,46
090508,HUANCAVELICA,CHURCAMPA,SAN MIGUEL DE MAYOCC,vehiculos_pnp,2
090508,HUANCAVELICA,CHURCAMPA,SAN MIGUEL DE MAYOCC,vehiculos_operativos,2
090508,HUANCAVELICA,CHURCAMPA,SAN MIGUEL DE MAYOCC,comisarias,1
090509,HUANCAVELICA,CHURCAMPA,SAN PEDRO DE CORIS,denuncias_2024_2026,47
090509,HUANCAVELICA,CHURCAMPA,SAN PEDRO DE CORIS,vehiculos_pnp,5
090509,HUANCAVELICA,CHURCAMPA,SAN PEDRO DE CORIS,vehiculos_operativos,3
090509,HUANCAVELICA,CHURCAMPA,SAN PEDRO DE CORIS,comisarias,1
090510,HUANCAVELICA,CHURCAMPA,PACHAMARCA,denuncias_2024_2026,1
090510,HUANCAVELICA,CHURCAMPA,PACHAMARCA,vehiculos_pnp,0
090510,HUANCAVELICA,CHURCAMPA,PACHAMARCA,vehiculos_operativos,0
090510,HUANCAVELICA,CHURCAMPA,PACHAMARCA,comisarias,0
090601,HUANCAVELICA,HUAYTARA,HUAYTARA,denuncias_2024_2026,140
090601,HUANCAVELICA,HUAYTARA,HUAYTARA,vehiculos_pnp,6
090601,HUANCAVELICA,HUAYTARA,HUAYTARA,vehiculos_operativos,2
090601,HUANCAVELICA,HUAYTARA,HUAYTARA,comisarias,1
090603,HUANCAVELICA,HUAYTARA,CORDOVA,denuncias_2024_2026,36
090603,HUANCAVELICA,HUAYTARA,CORDOVA,vehiculos_pnp,1
090603,HUANCAVELICA,HUAYTARA,CORDOVA,vehiculos_operativos,0
090603,HUANCAVELICA,HUAYTARA,CORDOVA,comisarias,1
090605,HUANCAVELICA,HUAYTARA,LARAMARCA,denuncias_2024_2026,3
090605,HUANCAVELICA,HUAYTARA,LARAMARCA,vehiculos_pnp,0
090605,HUANCAVELICA,HUAYTARA,LARAMARCA,vehiculos_operativos,0
090605,HUANCAVELICA,HUAYTARA,LARAMARCA,comisarias,0
090606,HUANCAVELICA,HUAYTARA,OCOYO,denuncias_2024_2026,5
090606,HUANCAVELICA,HUAYTARA,OCOYO,vehiculos_pnp,0
090606,HUANCAVELICA,HUAYTARA,OCOYO,vehiculos_operativos,0
090606,HUANCAVELICA,HUAYTARA,OCOYO,comisarias,0
090607,HUANCAVELICA,HUAYTARA,PILPICHACA,denuncias_2024_2026,90
090607,HUANCAVELICA,HUAYTARA,PILPICHACA,vehiculos_pnp,2
090607,HUANCAVELICA,HUAYTARA,PILPICHACA,vehiculos_operativos,2
090607,HUANCAVELICA,HUAYTARA,PILPICHACA,comisarias,0
090608,HUANCAVELICA,HUAYTARA,QUERCO,denuncias_2024_2026,5
090608,HUANCAVELICA,HUAYTARA,QUERCO,vehiculos_pnp,0
090608,HUANCAVELICA,HUAYTARA,QUERCO,vehiculos_operativos,0
090608,HUANCAVELICA,HUAYTARA,QUERCO,comisarias,0
090609,HUANCAVELICA,HUAYTARA,QUITO-ARMA,denuncias_2024_2026,1
090609,HUANCAVELICA,HUAYTARA,QUITO-ARMA,vehiculos_pnp,0
090609,HUANCAVELICA,HUAYTARA,QUITO-ARMA,vehiculos_operativos,0
090609,HUANCAVELICA,HUAYTARA,QUITO-ARMA,comisarias,0
090610,HUANCAVELICA,HUAYTARA,SAN ANTONIO DE CUSICANCHA,denuncias_2024_2026,3
090610,HUANCAVELICA,HUAYTARA,SAN ANTONIO DE CUSICANCHA,vehiculos_pnp,0
090610,HUANCAVELICA,HUAYTARA,SAN ANTONIO DE CUSICANCHA,vehiculos_operativos,0
090610,HUANCAVELICA,HUAYTARA,SAN ANTONIO DE CUSICANCHA,comisarias,0
090611,HUANCAVELICA,HUAYTARA,SAN FRANCISCO DE SANGAYAICO,denuncias_2024_2026,5
090611,HUANCAVELICA,HUAYTARA,SAN FRANCISCO DE SANGAYAICO,vehiculos_pnp,0
090611,HUANCAVELICA,HUAYTARA,SAN FRANCISCO DE SANGAYAICO,vehiculos_operativos,0
090611,HUANCAVELICA,HUAYTARA,SAN FRANCISCO DE SANGAYAICO,comisarias,0
090613,HUANCAVELICA,HUAYTARA,SANTIAGO DE CHOCORVOS,denuncias_2024_2026,73
090613,HUANCAVELICA,HUAYTARA,SANTIAGO DE CHOCORVOS,vehiculos_pnp,1
090613,HUANCAVELICA,HUAYTARA,SANTIAGO DE CHOCORVOS,vehiculos_operativos,0
090613,HUANCAVELICA,HUAYTARA,SANTIAGO DE CHOCORVOS,comisarias,1
090614,HUANCAVELICA,HUAYTARA,SANTIAGO DE QUIRAHUARA,denuncias_2024_2026,2
090614,HUANCAVELICA,HUAYTARA,SANTIAGO DE QUIRAHUARA,vehiculos_pnp,0
090614,HUANCAVELICA,HUAYTARA,SANTIAGO DE QUIRAHUARA,vehiculos_operativos,0
090614,HUANCAVELICA,HUAYTARA,SANTIAGO DE QUIRAHUARA,comisarias,0
090615,HUANCAVELICA,HUAYTARA,SANTO DOMINGO DE CAPILLAS,denuncias_2024_2026,3
090615,HUANCAVELICA,HUAYTARA,SANTO DOMINGO DE CAPILLAS,vehiculos_pnp,0
090615,HUANCAVELICA,HUAYTARA,SANTO DOMINGO DE CAPILLAS,vehiculos_operativos,0
090615,HUANCAVELICA,HUAYTARA,SANTO DOMINGO DE CAPILLAS,comisarias,0
090701,HUANCAVELICA,TAYACAJA,PAMPAS,denuncias_2024_2026,768
090701,HUANCAVELICA,TAYACAJA,PAMPAS,vehiculos_pnp,25
090701,HUANCAVELICA,TAYACAJA,PAMPAS,vehiculos_operativos,9
090701,HUANCAVELICA,TAYACAJA,PAMPAS,comisarias,1
090702,HUANCAVELICA,TAYACAJA,ACOSTAMBO,denuncias_2024_2026,103
090702,HUANCAVELICA,TAYACAJA,ACOSTAMBO,vehiculos_pnp,3
090702,HUANCAVELICA,TAYACAJA,ACOSTAMBO,vehiculos_operativos,1
090702,HUANCAVELICA,TAYACAJA,ACOSTAMBO,comisarias,1
090703,HUANCAVELICA,TAYACAJA,ACRAQUIA,denuncias_2024_2026,15
090703,HUANCAVELICA,TAYACAJA,ACRAQUIA,vehiculos_pnp,0
090703,HUANCAVELICA,TAYACAJA,ACRAQUIA,vehiculos_operativos,0
090703,HUANCAVELICA,TAYACAJA,ACRAQUIA,comisarias,0
090704,HUANCAVELICA,TAYACAJA,AHUAYCHA,denuncias_2024_2026,26
090704,HUANCAVELICA,TAYACAJA,AHUAYCHA,vehiculos_pnp,7
090704,HUANCAVELICA,TAYACAJA,AHUAYCHA,vehiculos_operativos,3
090704,HUANCAVELICA,TAYACAJA,AHUAYCHA,comisarias,1
090705,HUANCAVELICA,TAYACAJA,COLCABAMBA,denuncias_2024_2026,76
090705,HUANCAVELICA,TAYACAJA,COLCABAMBA,vehiculos_pnp,7
090705,HUANCAVELICA,TAYACAJA,COLCABAMBA,vehiculos_operativos,2
090705,HUANCAVELICA,TAYACAJA,COLCABAMBA,comisarias,1
090706,HUANCAVELICA,TAYACAJA,DANIEL HERNANDEZ,denuncias_2024_2026,47
090706,HUANCAVELICA,TAYACAJA,DANIEL HERNANDEZ,vehiculos_pnp,0
090706,HUANCAVELICA,TAYACAJA,DANIEL HERNANDEZ,vehiculos_operativos,0
090706,HUANCAVELICA,TAYACAJA,DANIEL HERNANDEZ,comisarias,0
090707,HUANCAVELICA,TAYACAJA,HUACHOCOLPA,denuncias_2024_2026,67
090707,HUANCAVELICA,TAYACAJA,HUACHOCOLPA,vehiculos_pnp,4
090707,HUANCAVELICA,TAYACAJA,HUACHOCOLPA,vehiculos_operativos,3
090707,HUANCAVELICA,TAYACAJA,HUACHOCOLPA,comisarias,1
090709,HUANCAVELICA,TAYACAJA,HUARIBAMBA,denuncias_2024_2026,20
090709,HUANCAVELICA,TAYACAJA,HUARIBAMBA,vehiculos_pnp,0
090709,HUANCAVELICA,TAYACAJA,HUARIBAMBA,vehiculos_operativos,0
090709,HUANCAVELICA,TAYACAJA,HUARIBAMBA,comisarias,0
090710,HUANCAVELICA,TAYACAJA,ÑAHUIMPUQUIO,denuncias_2024_2026,15
090710,HUANCAVELICA,TAYACAJA,ÑAHUIMPUQUIO,vehiculos_pnp,0
090710,HUANCAVELICA,TAYACAJA,ÑAHUIMPUQUIO,vehiculos_operativos,0
090710,HUANCAVELICA,TAYACAJA,ÑAHUIMPUQUIO,comisarias,0
090711,HUANCAVELICA,TAYACAJA,PAZOS,denuncias_2024_2026,115
090711,HUANCAVELICA,TAYACAJA,PAZOS,vehiculos_pnp,3
090711,HUANCAVELICA,TAYACAJA,PAZOS,vehiculos_operativos,1
090711,HUANCAVELICA,TAYACAJA,PAZOS,comisarias,1
090713,HUANCAVELICA,TAYACAJA,QUISHUAR,denuncias_2024_2026,77
090713,HUANCAVELICA,TAYACAJA,QUISHUAR,vehiculos_pnp,0
090713,HUANCAVELICA,TAYACAJA,QUISHUAR,vehiculos_operativos,0
090713,HUANCAVELICA,TAYACAJA,QUISHUAR,comisarias,0
090714,HUANCAVELICA,TAYACAJA,SALCABAMBA,denuncias_2024_2026,11
090714,HUANCAVELICA,TAYACAJA,SALCABAMBA,vehiculos_pnp,0
090714,HUANCAVELICA,TAYACAJA,SALCABAMBA,vehiculos_operativos,0
090714,HUANCAVELICA,TAYACAJA,SALCABAMBA,comisarias,0
090715,HUANCAVELICA,TAYACAJA,SALCAHUASI,denuncias_2024_2026,21
090715,HUANCAVELICA,TAYACAJA,SALCAHUASI,vehiculos_pnp,0
090715,HUANCAVELICA,TAYACAJA,SALCAHUASI,vehiculos_operativos,0
090715,HUANCAVELICA,TAYACAJA,SALCAHUASI,comisarias,0
090716,HUANCAVELICA,TAYACAJA,SAN MARCOS DE ROCCHAC,denuncias_2024_2026,11
090716,HUANCAVELICA,TAYACAJA,SAN MARCOS DE ROCCHAC,vehiculos_pnp,0
090716,HUANCAVELICA,TAYACAJA,SAN MARCOS DE ROCCHAC,vehiculos_operativos,0
090716,HUANCAVELICA,TAYACAJA,SAN MARCOS DE ROCCHAC,comisarias,0
090717,HUANCAVELICA,TAYACAJA,SURCUBAMBA,denuncias_2024_2026,98
090717,HUANCAVELICA,TAYACAJA,SURCUBAMBA,vehiculos_pnp,4
090717,HUANCAVELICA,TAYACAJA,SURCUBAMBA,vehiculos_operativos,4
090717,HUANCAVELICA,TAYACAJA,SURCUBAMBA,comisarias,1
090718,HUANCAVELICA,TAYACAJA,TINTAY PUNCU,denuncias_2024_2026,65
090718,HUANCAVELICA,TAYACAJA,TINTAY PUNCU,vehiculos_pnp,4
090718,HUANCAVELICA,TAYACAJA,TINTAY PUNCU,vehiculos_operativos,4
090718,HUANCAVELICA,TAYACAJA,TINTAY PUNCU,comisarias,1
100101,HUANUCO,HUANUCO,HUANUCO,denuncias_2024_2026,10313
100101,HUANUCO,HUANUCO,HUANUCO,vehiculos_pnp,123
100101,HUANUCO,HUANUCO,HUANUCO,vehiculos_operativos,84
100101,HUANUCO,HUANUCO,HUANUCO,comisarias,1
100102,HUANUCO,HUANUCO,AMARILIS,denuncias_2024_2026,8552
100102,HUANUCO,HUANUCO,AMARILIS,vehiculos_pnp,14
100102,HUANUCO,HUANUCO,AMARILIS,vehiculos_operativos,7
100102,HUANUCO,HUANUCO,AMARILIS,comisarias,1
100103,HUANUCO,HUANUCO,CHINCHAO,denuncias_2024_2026,535
100103,HUANUCO,HUANUCO,CHINCHAO,vehiculos_pnp,1
100103,HUANUCO,HUANUCO,CHINCHAO,vehiculos_operativos,1
100103,HUANUCO,HUANUCO,CHINCHAO,comisarias,1
100104,HUANUCO,HUANUCO,CHURUBAMBA,denuncias_2024_2026,294
100104,HUANUCO,HUANUCO,CHURUBAMBA,vehiculos_pnp,2
100104,HUANUCO,HUANUCO,CHURUBAMBA,vehiculos_operativos,1
100104,HUANUCO,HUANUCO,CHURUBAMBA,comisarias,1
100105,HUANUCO,HUANUCO,MARGOS,denuncias_2024_2026,257
100105,HUANUCO,HUANUCO,MARGOS,vehiculos_pnp,1
100105,HUANUCO,HUANUCO,MARGOS,vehiculos_operativos,1
100105,HUANUCO,HUANUCO,MARGOS,comisarias,1
100106,HUANUCO,HUANUCO,QUISQUI,denuncias_2024_2026,28
100106,HUANUCO,HUANUCO,QUISQUI,vehiculos_pnp,0
100106,HUANUCO,HUANUCO,QUISQUI,vehiculos_operativos,0
100106,HUANUCO,HUANUCO,QUISQUI,comisarias,0
100107,HUANUCO,HUANUCO,SAN FRANCISCO DE CAYRAN,denuncias_2024_2026,26
100107,HUANUCO,HUANUCO,SAN FRANCISCO DE CAYRAN,vehiculos_pnp,0
100107,HUANUCO,HUANUCO,SAN FRANCISCO DE CAYRAN,vehiculos_operativos,0
100107,HUANUCO,HUANUCO,SAN FRANCISCO DE CAYRAN,comisarias,0
100108,HUANUCO,HUANUCO,SAN PEDRO DE CHAULAN,denuncias_2024_2026,86
100108,HUANUCO,HUANUCO,SAN PEDRO DE CHAULAN,vehiculos_pnp,2
100108,HUANUCO,HUANUCO,SAN PEDRO DE CHAULAN,vehiculos_operativos,1
100108,HUANUCO,HUANUCO,SAN PEDRO DE CHAULAN,comisarias,1
100109,HUANUCO,HUANUCO,SANTA MARIA DEL VALLE,denuncias_2024_2026,136
100109,HUANUCO,HUANUCO,SANTA MARIA DEL VALLE,vehiculos_pnp,0
100109,HUANUCO,HUANUCO,SANTA MARIA DEL VALLE,vehiculos_operativos,0
100109,HUANUCO,HUANUCO,SANTA MARIA DEL VALLE,comisarias,0
100110,HUANUCO,HUANUCO,YARUMAYO,denuncias_2024_2026,15
100110,HUANUCO,HUANUCO,YARUMAYO,vehiculos_pnp,0
100110,HUANUCO,HUANUCO,YARUMAYO,vehiculos_operativos,0
100110,HUANUCO,HUANUCO,YARUMAYO,comisarias,0
100111,HUANUCO,HUANUCO,PILLCO MARCA,denuncias_2024_2026,3424
100111,HUANUCO,HUANUCO,PILLCO MARCA,vehiculos_pnp,4
100111,HUANUCO,HUANUCO,PILLCO MARCA,vehiculos_operativos,4
100111,HUANUCO,HUANUCO,PILLCO MARCA,comisarias,1
100201,HUANUCO,AMBO,AMBO,denuncias_2024_2026,1863
100201,HUANUCO,AMBO,AMBO,vehiculos_pnp,4
100201,HUANUCO,AMBO,AMBO,vehiculos_operativos,4
100201,HUANUCO,AMBO,AMBO,comisarias,1
100202,HUANUCO,AMBO,CAYNA,denuncias_2024_2026,52
100202,HUANUCO,AMBO,CAYNA,vehiculos_pnp,2
100202,HUANUCO,AMBO,CAYNA,vehiculos_operativos,2
100202,HUANUCO,AMBO,CAYNA,comisarias,1
100203,HUANUCO,AMBO,COLPAS,denuncias_2024_2026,4
100203,HUANUCO,AMBO,COLPAS,vehiculos_pnp,0
100203,HUANUCO,AMBO,COLPAS,vehiculos_operativos,0
100203,HUANUCO,AMBO,COLPAS,comisarias,0
100204,HUANUCO,AMBO,CONCHAMARCA,denuncias_2024_2026,48
100204,HUANUCO,AMBO,CONCHAMARCA,vehiculos_pnp,0
100204,HUANUCO,AMBO,CONCHAMARCA,vehiculos_operativos,0
100204,HUANUCO,AMBO,CONCHAMARCA,comisarias,0
100205,HUANUCO,AMBO,HUACAR,denuncias_2024_2026,50
100205,HUANUCO,AMBO,HUACAR,vehiculos_pnp,0
100205,HUANUCO,AMBO,HUACAR,vehiculos_operativos,0
100205,HUANUCO,AMBO,HUACAR,comisarias,0
100206,HUANUCO,AMBO,SAN FRANCISCO,denuncias_2024_2026,3
100206,HUANUCO,AMBO,SAN FRANCISCO,vehiculos_pnp,0
100206,HUANUCO,AMBO,SAN FRANCISCO,vehiculos_operativos,0
100206,HUANUCO,AMBO,SAN FRANCISCO,comisarias,0
100207,HUANUCO,AMBO,SAN RAFAEL,denuncias_2024_2026,222
100207,HUANUCO,AMBO,SAN RAFAEL,vehiculos_pnp,2
100207,HUANUCO,AMBO,SAN RAFAEL,vehiculos_operativos,1
100207,HUANUCO,AMBO,SAN RAFAEL,comisarias,1
100208,HUANUCO,AMBO,TOMAY KICHWA,denuncias_2024_2026,42
100208,HUANUCO,AMBO,TOMAY KICHWA,vehiculos_pnp,0
100208,HUANUCO,AMBO,TOMAY KICHWA,vehiculos_operativos,0
100208,HUANUCO,AMBO,TOMAY KICHWA,comisarias,0
100301,HUANUCO,DOS DE MAYO,LA UNION,denuncias_2024_2026,695
100301,HUANUCO,DOS DE MAYO,LA UNION,vehiculos_pnp,6
100301,HUANUCO,DOS DE MAYO,LA UNION,vehiculos_operativos,4
100301,HUANUCO,DOS DE MAYO,LA UNION,comisarias,1
100307,HUANUCO,DOS DE MAYO,CHUQUIS,denuncias_2024_2026,22
100307,HUANUCO,DOS DE MAYO,CHUQUIS,vehiculos_pnp,0
100307,HUANUCO,DOS DE MAYO,CHUQUIS,vehiculos_operativos,0
100307,HUANUCO,DOS DE MAYO,CHUQUIS,comisarias,0
100311,HUANUCO,DOS DE MAYO,MARIAS,denuncias_2024_2026,15
100311,HUANUCO,DOS DE MAYO,MARIAS,vehiculos_pnp,0
100311,HUANUCO,DOS DE MAYO,MARIAS,vehiculos_operativos,0
100311,HUANUCO,DOS DE MAYO,MARIAS,comisarias,0
100313,HUANUCO,DOS DE MAYO,PACHAS,denuncias_2024_2026,63
100313,HUANUCO,DOS DE MAYO,PACHAS,vehiculos_pnp,0
100313,HUANUCO,DOS DE MAYO,PACHAS,vehiculos_operativos,0
100313,HUANUCO,DOS DE MAYO,PACHAS,comisarias,0
100316,HUANUCO,DOS DE MAYO,QUIVILLA,denuncias_2024_2026,2
100316,HUANUCO,DOS DE MAYO,QUIVILLA,vehiculos_pnp,0
100316,HUANUCO,DOS DE MAYO,QUIVILLA,vehiculos_operativos,0
100316,HUANUCO,DOS DE MAYO,QUIVILLA,comisarias,0
100317,HUANUCO,DOS DE MAYO,RIPAN,denuncias_2024_2026,77
100317,HUANUCO,DOS DE MAYO,RIPAN,vehiculos_pnp,0
100317,HUANUCO,DOS DE MAYO,RIPAN,vehiculos_operativos,0
100317,HUANUCO,DOS DE MAYO,RIPAN,comisarias,0
100321,HUANUCO,DOS DE MAYO,SHUNQUI,denuncias_2024_2026,20
100321,HUANUCO,DOS DE MAYO,SHUNQUI,vehiculos_pnp,0
100321,HUANUCO,DOS DE MAYO,SHUNQUI,vehiculos_operativos,0
100321,HUANUCO,DOS DE MAYO,SHUNQUI,comisarias,0
100322,HUANUCO,DOS DE MAYO,SILLAPATA,denuncias_2024_2026,12
100322,HUANUCO,DOS DE MAYO,SILLAPATA,vehiculos_pnp,0
100322,HUANUCO,DOS DE MAYO,SILLAPATA,vehiculos_operativos,0
100322,HUANUCO,DOS DE MAYO,SILLAPATA,comisarias,0
100323,HUANUCO,DOS DE MAYO,YANAS,denuncias_2024_2026,12
100323,HUANUCO,DOS DE MAYO,YANAS,vehiculos_pnp,0
100323,HUANUCO,DOS DE MAYO,YANAS,vehiculos_operativos,0
100323,HUANUCO,DOS DE MAYO,YANAS,comisarias,0
100401,HUANUCO,HUACAYBAMBA,HUACAYBAMBA,denuncias_2024_2026,145
100401,HUANUCO,HUACAYBAMBA,HUACAYBAMBA,vehiculos_pnp,2
100401,HUANUCO,HUACAYBAMBA,HUACAYBAMBA,vehiculos_operativos,2
100401,HUANUCO,HUACAYBAMBA,HUACAYBAMBA,comisarias,1
100402,HUANUCO,HUACAYBAMBA,CANCHABAMBA,denuncias_2024_2026,6
100402,HUANUCO,HUACAYBAMBA,CANCHABAMBA,vehiculos_pnp,0
100402,HUANUCO,HUACAYBAMBA,CANCHABAMBA,vehiculos_operativos,0
100402,HUANUCO,HUACAYBAMBA,CANCHABAMBA,comisarias,0
100403,HUANUCO,HUACAYBAMBA,COCHABAMBA,denuncias_2024_2026,7
100403,HUANUCO,HUACAYBAMBA,COCHABAMBA,vehiculos_pnp,2
100403,HUANUCO,HUACAYBAMBA,COCHABAMBA,vehiculos_operativos,2
100403,HUANUCO,HUACAYBAMBA,COCHABAMBA,comisarias,0
100404,HUANUCO,HUACAYBAMBA,PINRA,denuncias_2024_2026,3
100404,HUANUCO,HUACAYBAMBA,PINRA,vehiculos_pnp,0
100404,HUANUCO,HUACAYBAMBA,PINRA,vehiculos_operativos,0
100404,HUANUCO,HUACAYBAMBA,PINRA,comisarias,0
100501,HUANUCO,HUAMALIES,LLATA,denuncias_2024_2026,483
100501,HUANUCO,HUAMALIES,LLATA,vehiculos_pnp,2
100501,HUANUCO,HUAMALIES,LLATA,vehiculos_operativos,2
100501,HUANUCO,HUAMALIES,LLATA,comisarias,1
100502,HUANUCO,HUAMALIES,ARANCAY,denuncias_2024_2026,7
100502,HUANUCO,HUAMALIES,ARANCAY,vehiculos_pnp,0
100502,HUANUCO,HUAMALIES,ARANCAY,vehiculos_operativos,0
100502,HUANUCO,HUAMALIES,ARANCAY,comisarias,0
100503,HUANUCO,HUAMALIES,CHAVIN DE PARIARCA,denuncias_2024_2026,69
100503,HUANUCO,HUAMALIES,CHAVIN DE PARIARCA,vehiculos_pnp,0
100503,HUANUCO,HUAMALIES,CHAVIN DE PARIARCA,vehiculos_operativos,0
100503,HUANUCO,HUAMALIES,CHAVIN DE PARIARCA,comisarias,1
100504,HUANUCO,HUAMALIES,JACAS GRANDE,denuncias_2024_2026,18
100504,HUANUCO,HUAMALIES,JACAS GRANDE,vehiculos_pnp,0
100504,HUANUCO,HUAMALIES,JACAS GRANDE,vehiculos_operativos,0
100504,HUANUCO,HUAMALIES,JACAS GRANDE,comisarias,0
100505,HUANUCO,HUAMALIES,JIRCAN,denuncias_2024_2026,1
100505,HUANUCO,HUAMALIES,JIRCAN,vehiculos_pnp,0
100505,HUANUCO,HUAMALIES,JIRCAN,vehiculos_operativos,0
100505,HUANUCO,HUAMALIES,JIRCAN,comisarias,0
100506,HUANUCO,HUAMALIES,MIRAFLORES,denuncias_2024_2026,11
100506,HUANUCO,HUAMALIES,MIRAFLORES,vehiculos_pnp,0
100506,HUANUCO,HUAMALIES,MIRAFLORES,vehiculos_operativos,0
100506,HUANUCO,HUAMALIES,MIRAFLORES,comisarias,0
100507,HUANUCO,HUAMALIES,MONZON,denuncias_2024_2026,386
100507,HUANUCO,HUAMALIES,MONZON,vehiculos_pnp,5
100507,HUANUCO,HUAMALIES,MONZON,vehiculos_operativos,4
100507,HUANUCO,HUAMALIES,MONZON,comisarias,3
100508,HUANUCO,HUAMALIES,PUNCHAO,denuncias_2024_2026,6
100508,HUANUCO,HUAMALIES,PUNCHAO,vehiculos_pnp,0
100508,HUANUCO,HUAMALIES,PUNCHAO,vehiculos_operativos,0
100508,HUANUCO,HUAMALIES,PUNCHAO,comisarias,0
100509,HUANUCO,HUAMALIES,PUÑOS,denuncias_2024_2026,32
100509,HUANUCO,HUAMALIES,PUÑOS,vehiculos_pnp,0
100509,HUANUCO,HUAMALIES,PUÑOS,vehiculos_operativos,0
100509,HUANUCO,HUAMALIES,PUÑOS,comisarias,0
100510,HUANUCO,HUAMALIES,SINGA,denuncias_2024_2026,9
100510,HUANUCO,HUAMALIES,SINGA,vehiculos_pnp,0
100510,HUANUCO,HUAMALIES,SINGA,vehiculos_operativos,0
100510,HUANUCO,HUAMALIES,SINGA,comisarias,0
100511,HUANUCO,HUAMALIES,TANTAMAYO,denuncias_2024_2026,5
100511,HUANUCO,HUAMALIES,TANTAMAYO,vehiculos_pnp,0
100511,HUANUCO,HUAMALIES,TANTAMAYO,vehiculos_operativos,0
100511,HUANUCO,HUAMALIES,TANTAMAYO,comisarias,0
100601,HUANUCO,LEONCIO PRADO,RUPA-RUPA,denuncias_2024_2026,7410
100601,HUANUCO,LEONCIO PRADO,RUPA-RUPA,vehiculos_pnp,85
100601,HUANUCO,LEONCIO PRADO,RUPA-RUPA,vehiculos_operativos,49
100601,HUANUCO,LEONCIO PRADO,RUPA-RUPA,comisarias,2
100602,HUANUCO,LEONCIO PRADO,DANIEL ALOMIAS ROBLES,denuncias_2024_2026,280
100602,HUANUCO,LEONCIO PRADO,DANIEL ALOMIAS ROBLES,vehiculos_pnp,4
100602,HUANUCO,LEONCIO PRADO,DANIEL ALOMIAS ROBLES,vehiculos_operativos,3
100602,HUANUCO,LEONCIO PRADO,DANIEL ALOMIAS ROBLES,comisarias,0
100603,HUANUCO,LEONCIO PRADO,HERMILIO VALDIZAN,denuncias_2024_2026,20
100603,HUANUCO,LEONCIO PRADO,HERMILIO VALDIZAN,vehiculos_pnp,0
100603,HUANUCO,LEONCIO PRADO,HERMILIO VALDIZAN,vehiculos_operativos,0
100603,HUANUCO,LEONCIO PRADO,HERMILIO VALDIZAN,comisarias,0
100604,HUANUCO,LEONCIO PRADO,JOSE CRESPO Y CASTILLO,denuncias_2024_2026,1697
100604,HUANUCO,LEONCIO PRADO,JOSE CRESPO Y CASTILLO,vehiculos_pnp,18
100604,HUANUCO,LEONCIO PRADO,JOSE CRESPO Y CASTILLO,vehiculos_operativos,9
100604,HUANUCO,LEONCIO PRADO,JOSE CRESPO Y CASTILLO,comisarias,1
100605,HUANUCO,LEONCIO PRADO,LUYANDO,denuncias_2024_2026,161
100605,HUANUCO,LEONCIO PRADO,LUYANDO,vehiculos_pnp,3
100605,HUANUCO,LEONCIO PRADO,LUYANDO,vehiculos_operativos,2
100605,HUANUCO,LEONCIO PRADO,LUYANDO,comisarias,0
100606,HUANUCO,LEONCIO PRADO,MARIANO DAMASO BERAUN,denuncias_2024_2026,340
100606,HUANUCO,LEONCIO PRADO,MARIANO DAMASO BERAUN,vehiculos_pnp,2
100606,HUANUCO,LEONCIO PRADO,MARIANO DAMASO BERAUN,vehiculos_operativos,1
100606,HUANUCO,LEONCIO PRADO,MARIANO DAMASO BERAUN,comisarias,1
100608,HUANUCO,LEONCIO PRADO,CASTILLO GRANDE,denuncias_2024_2026,318
100608,HUANUCO,LEONCIO PRADO,CASTILLO GRANDE,vehiculos_pnp,0
100608,HUANUCO,LEONCIO PRADO,CASTILLO GRANDE,vehiculos_operativos,0
100608,HUANUCO,LEONCIO PRADO,CASTILLO GRANDE,comisarias,0
100701,HUANUCO,MARAÑON,HUACRACHUCO,denuncias_2024_2026,278
100701,HUANUCO,MARAÑON,HUACRACHUCO,vehiculos_pnp,2
100701,HUANUCO,MARAÑON,HUACRACHUCO,vehiculos_operativos,2
100701,HUANUCO,MARAÑON,HUACRACHUCO,comisarias,0
100702,HUANUCO,MARAÑON,CHOLON,denuncias_2024_2026,276
100702,HUANUCO,MARAÑON,CHOLON,vehiculos_pnp,6
100702,HUANUCO,MARAÑON,CHOLON,vehiculos_operativos,5
100702,HUANUCO,MARAÑON,CHOLON,comisarias,0
100703,HUANUCO,MARAÑON,SAN BUENAVENTURA,denuncias_2024_2026,3
100703,HUANUCO,MARAÑON,SAN BUENAVENTURA,vehiculos_pnp,0
100703,HUANUCO,MARAÑON,SAN BUENAVENTURA,vehiculos_operativos,0
100703,HUANUCO,MARAÑON,SAN BUENAVENTURA,comisarias,0
100801,HUANUCO,PACHITEA,PANAO,denuncias_2024_2026,684
100801,HUANUCO,PACHITEA,PANAO,vehiculos_pnp,2
100801,HUANUCO,PACHITEA,PANAO,vehiculos_operativos,2
100801,HUANUCO,PACHITEA,PANAO,comisarias,1
100802,HUANUCO,PACHITEA,CHAGLLA,denuncias_2024_2026,90
100802,HUANUCO,PACHITEA,CHAGLLA,vehiculos_pnp,0
100802,HUANUCO,PACHITEA,CHAGLLA,vehiculos_operativos,0
100802,HUANUCO,PACHITEA,CHAGLLA,comisarias,0
100803,HUANUCO,PACHITEA,MOLINO,denuncias_2024_2026,99
100803,HUANUCO,PACHITEA,MOLINO,vehiculos_pnp,0
100803,HUANUCO,PACHITEA,MOLINO,vehiculos_operativos,0
100803,HUANUCO,PACHITEA,MOLINO,comisarias,0
100804,HUANUCO,PACHITEA,UMARI,denuncias_2024_2026,78
100804,HUANUCO,PACHITEA,UMARI,vehiculos_pnp,0
100804,HUANUCO,PACHITEA,UMARI,vehiculos_operativos,0
100804,HUANUCO,PACHITEA,UMARI,comisarias,0
100901,HUANUCO,PUERTO INCA,PUERTO INCA,denuncias_2024_2026,667
100901,HUANUCO,PUERTO INCA,PUERTO INCA,vehiculos_pnp,28
100901,HUANUCO,PUERTO INCA,PUERTO INCA,vehiculos_operativos,9
100901,HUANUCO,PUERTO INCA,PUERTO INCA,comisarias,1
100902,HUANUCO,PUERTO INCA,CODO DEL POZUZO,denuncias_2024_2026,295
100902,HUANUCO,PUERTO INCA,CODO DEL POZUZO,vehiculos_pnp,2
100902,HUANUCO,PUERTO INCA,CODO DEL POZUZO,vehiculos_operativos,1
100902,HUANUCO,PUERTO INCA,CODO DEL POZUZO,comisarias,1
100903,HUANUCO,PUERTO INCA,HONORIA,denuncias_2024_2026,141
100903,HUANUCO,PUERTO INCA,HONORIA,vehiculos_pnp,2
100903,HUANUCO,PUERTO INCA,HONORIA,vehiculos_operativos,0
100903,HUANUCO,PUERTO INCA,HONORIA,comisarias,1
100904,HUANUCO,PUERTO INCA,TOURNAVISTA,denuncias_2024_2026,227
100904,HUANUCO,PUERTO INCA,TOURNAVISTA,vehiculos_pnp,2
100904,HUANUCO,PUERTO INCA,TOURNAVISTA,vehiculos_operativos,1
100904,HUANUCO,PUERTO INCA,TOURNAVISTA,comisarias,1
100905,HUANUCO,PUERTO INCA,YUYAPICHIS,denuncias_2024_2026,382
100905,HUANUCO,PUERTO INCA,YUYAPICHIS,vehiculos_pnp,2
100905,HUANUCO,PUERTO INCA,YUYAPICHIS,vehiculos_operativos,0
100905,HUANUCO,PUERTO INCA,YUYAPICHIS,comisarias,1
101001,HUANUCO,LAURICOCHA,JESUS,denuncias_2024_2026,166
101001,HUANUCO,LAURICOCHA,JESUS,vehiculos_pnp,0
101001,HUANUCO,LAURICOCHA,JESUS,vehiculos_operativos,0
101001,HUANUCO,LAURICOCHA,JESUS,comisarias,1
101002,HUANUCO,LAURICOCHA,BAÑOS,denuncias_2024_2026,84
101002,HUANUCO,LAURICOCHA,BAÑOS,vehiculos_pnp,1
101002,HUANUCO,LAURICOCHA,BAÑOS,vehiculos_operativos,0
101002,HUANUCO,LAURICOCHA,BAÑOS,comisarias,0
101003,HUANUCO,LAURICOCHA,JIVIA,denuncias_2024_2026,11
101003,HUANUCO,LAURICOCHA,JIVIA,vehiculos_pnp,0
101003,HUANUCO,LAURICOCHA,JIVIA,vehiculos_operativos,0
101003,HUANUCO,LAURICOCHA,JIVIA,comisarias,0
101004,HUANUCO,LAURICOCHA,QUEROPALCA,denuncias_2024_2026,7
101004,HUANUCO,LAURICOCHA,QUEROPALCA,vehiculos_pnp,0
101004,HUANUCO,LAURICOCHA,QUEROPALCA,vehiculos_operativos,0
101004,HUANUCO,LAURICOCHA,QUEROPALCA,comisarias,0
101005,HUANUCO,LAURICOCHA,RONDOS,denuncias_2024_2026,19
101005,HUANUCO,LAURICOCHA,RONDOS,vehiculos_pnp,1
101005,HUANUCO,LAURICOCHA,RONDOS,vehiculos_operativos,1
101005,HUANUCO,LAURICOCHA,RONDOS,comisarias,1
101006,HUANUCO,LAURICOCHA,SAN FRANCISCO DE ASIS,denuncias_2024_2026,4
101006,HUANUCO,LAURICOCHA,SAN FRANCISCO DE ASIS,vehiculos_pnp,0
101006,HUANUCO,LAURICOCHA,SAN FRANCISCO DE ASIS,vehiculos_operativos,0
101006,HUANUCO,LAURICOCHA,SAN FRANCISCO DE ASIS,comisarias,0
101007,HUANUCO,LAURICOCHA,SAN MIGUEL DE CAURI,denuncias_2024_2026,35
101007,HUANUCO,LAURICOCHA,SAN MIGUEL DE CAURI,vehiculos_pnp,1
101007,HUANUCO,LAURICOCHA,SAN MIGUEL DE CAURI,vehiculos_operativos,1
101007,HUANUCO,LAURICOCHA,SAN MIGUEL DE CAURI,comisarias,1
101101,HUANUCO,YAROWILCA,CHAVINILLO,denuncias_2024_2026,284
101101,HUANUCO,YAROWILCA,CHAVINILLO,vehiculos_pnp,1
101101,HUANUCO,YAROWILCA,CHAVINILLO,vehiculos_operativos,0
101101,HUANUCO,YAROWILCA,CHAVINILLO,comisarias,1
101102,HUANUCO,YAROWILCA,CAHUAC,denuncias_2024_2026,6
101102,HUANUCO,YAROWILCA,CAHUAC,vehiculos_pnp,0
101102,HUANUCO,YAROWILCA,CAHUAC,vehiculos_operativos,0
101102,HUANUCO,YAROWILCA,CAHUAC,comisarias,0
101103,HUANUCO,YAROWILCA,CHACABAMBA,denuncias_2024_2026,5
101103,HUANUCO,YAROWILCA,CHACABAMBA,vehiculos_pnp,0
101103,HUANUCO,YAROWILCA,CHACABAMBA,vehiculos_operativos,0
101103,HUANUCO,YAROWILCA,CHACABAMBA,comisarias,0
101104,HUANUCO,YAROWILCA,APARICIO POMARES,denuncias_2024_2026,21
101104,HUANUCO,YAROWILCA,APARICIO POMARES,vehiculos_pnp,0
101104,HUANUCO,YAROWILCA,APARICIO POMARES,vehiculos_operativos,0
101104,HUANUCO,YAROWILCA,APARICIO POMARES,comisarias,0
101105,HUANUCO,YAROWILCA,JACAS CHICO,denuncias_2024_2026,3
101105,HUANUCO,YAROWILCA,JACAS CHICO,vehiculos_pnp,0
101105,HUANUCO,YAROWILCA,JACAS CHICO,vehiculos_operativos,0
101105,HUANUCO,YAROWILCA,JACAS CHICO,comisarias,0
101106,HUANUCO,YAROWILCA,OBAS,denuncias_2024_2026,18
101106,HUANUCO,YAROWILCA,OBAS,vehiculos_pnp,0
101106,HUANUCO,YAROWILCA,OBAS,vehiculos_operativos,0
101106,HUANUCO,YAROWILCA,OBAS,comisarias,0
101107,HUANUCO,YAROWILCA,PAMPAMARCA,denuncias_2024_2026,3
101107,HUANUCO,YAROWILCA,PAMPAMARCA,vehiculos_pnp,0
101107,HUANUCO,YAROWILCA,PAMPAMARCA,vehiculos_operativos,0
101107,HUANUCO,YAROWILCA,PAMPAMARCA,comisarias,0
101108,HUANUCO,YAROWILCA,CHORAS,denuncias_2024_2026,4
101108,HUANUCO,YAROWILCA,CHORAS,vehiculos_pnp,0
101108,HUANUCO,YAROWILCA,CHORAS,vehiculos_operativos,0
101108,HUANUCO,YAROWILCA,CHORAS,comisarias,0
110101,ICA,ICA,ICA,denuncias_2024_2026,21556
110101,ICA,ICA,ICA,vehiculos_pnp,309
110101,ICA,ICA,ICA,vehiculos_operativos,70
110101,ICA,ICA,ICA,comisarias,1
110102,ICA,ICA,LA TINGUIÑA,denuncias_2024_2026,2327
110102,ICA,ICA,LA TINGUIÑA,vehiculos_pnp,8
110102,ICA,ICA,LA TINGUIÑA,vehiculos_operativos,3
110102,ICA,ICA,LA TINGUIÑA,comisarias,0
110103,ICA,ICA,LOS AQUIJES,denuncias_2024_2026,1871
110103,ICA,ICA,LOS AQUIJES,vehiculos_pnp,10
110103,ICA,ICA,LOS AQUIJES,vehiculos_operativos,3
110103,ICA,ICA,LOS AQUIJES,comisarias,1
110104,ICA,ICA,OCUCAJE,denuncias_2024_2026,381
110104,ICA,ICA,OCUCAJE,vehiculos_pnp,4
110104,ICA,ICA,OCUCAJE,vehiculos_operativos,0
110104,ICA,ICA,OCUCAJE,comisarias,1
110105,ICA,ICA,PACHACUTEC,denuncias_2024_2026,883
110105,ICA,ICA,PACHACUTEC,vehiculos_pnp,4
110105,ICA,ICA,PACHACUTEC,vehiculos_operativos,2
110105,ICA,ICA,PACHACUTEC,comisarias,1
110106,ICA,ICA,PARCONA,denuncias_2024_2026,2948
110106,ICA,ICA,PARCONA,vehiculos_pnp,10
110106,ICA,ICA,PARCONA,vehiculos_operativos,2
110106,ICA,ICA,PARCONA,comisarias,1
110107,ICA,ICA,PUEBLO NUEVO,denuncias_2024_2026,428
110107,ICA,ICA,PUEBLO NUEVO,vehiculos_pnp,2
110107,ICA,ICA,PUEBLO NUEVO,vehiculos_operativos,2
110107,ICA,ICA,PUEBLO NUEVO,comisarias,1
110108,ICA,ICA,SALAS,denuncias_2024_2026,2234
110108,ICA,ICA,SALAS,vehiculos_pnp,17
110108,ICA,ICA,SALAS,vehiculos_operativos,7
110108,ICA,ICA,SALAS,comisarias,2
110109,ICA,ICA,SAN JOSE DE LOS MOLINOS,denuncias_2024_2026,576
110109,ICA,ICA,SAN JOSE DE LOS MOLINOS,vehiculos_pnp,3
110109,ICA,ICA,SAN JOSE DE LOS MOLINOS,vehiculos_operativos,1
110109,ICA,ICA,SAN JOSE DE LOS MOLINOS,comisarias,1
110110,ICA,ICA,SAN JUAN BAUTISTA,denuncias_2024_2026,1157
110110,ICA,ICA,SAN JUAN BAUTISTA,vehiculos_pnp,7
110110,ICA,ICA,SAN JUAN BAUTISTA,vehiculos_operativos,2
110110,ICA,ICA,SAN JUAN BAUTISTA,comisarias,1
110111,ICA,ICA,SANTIAGO,denuncias_2024_2026,1801
110111,ICA,ICA,SANTIAGO,vehiculos_pnp,14
110111,ICA,ICA,SANTIAGO,vehiculos_operativos,2
110111,ICA,ICA,SANTIAGO,comisarias,1
110112,ICA,ICA,SUBTANJALLA,denuncias_2024_2026,1874
110112,ICA,ICA,SUBTANJALLA,vehiculos_pnp,5
110112,ICA,ICA,SUBTANJALLA,vehiculos_operativos,2
110112,ICA,ICA,SUBTANJALLA,comisarias,1
110113,ICA,ICA,TATE,denuncias_2024_2026,118
110113,ICA,ICA,TATE,vehiculos_pnp,0
110113,ICA,ICA,TATE,vehiculos_operativos,0
110113,ICA,ICA,TATE,comisarias,0
110114,ICA,ICA,YAUCA DEL ROSARIO,denuncias_2024_2026,95
110114,ICA,ICA,YAUCA DEL ROSARIO,vehiculos_pnp,0
110114,ICA,ICA,YAUCA DEL ROSARIO,vehiculos_operativos,0
110114,ICA,ICA,YAUCA DEL ROSARIO,comisarias,0
110201,ICA,CHINCHA,CHINCHA ALTA,denuncias_2024_2026,5041
110201,ICA,CHINCHA,CHINCHA ALTA,vehiculos_pnp,102
110201,ICA,CHINCHA,CHINCHA ALTA,vehiculos_operativos,29
110201,ICA,CHINCHA,CHINCHA ALTA,comisarias,1
110202,ICA,CHINCHA,ALTO LARAN,denuncias_2024_2026,817
110202,ICA,CHINCHA,ALTO LARAN,vehiculos_pnp,4
110202,ICA,CHINCHA,ALTO LARAN,vehiculos_operativos,0
110202,ICA,CHINCHA,ALTO LARAN,comisarias,1
110203,ICA,CHINCHA,CHAVIN,denuncias_2024_2026,24
110203,ICA,CHINCHA,CHAVIN,vehiculos_pnp,0
110203,ICA,CHINCHA,CHAVIN,vehiculos_operativos,0
110203,ICA,CHINCHA,CHAVIN,comisarias,0
110204,ICA,CHINCHA,CHINCHA BAJA,denuncias_2024_2026,694
110204,ICA,CHINCHA,CHINCHA BAJA,vehiculos_pnp,3
110204,ICA,CHINCHA,CHINCHA BAJA,vehiculos_operativos,1
110204,ICA,CHINCHA,CHINCHA BAJA,comisarias,1
110205,ICA,CHINCHA,EL CARMEN,denuncias_2024_2026,938
110205,ICA,CHINCHA,EL CARMEN,vehiculos_pnp,6
110205,ICA,CHINCHA,EL CARMEN,vehiculos_operativos,1
110205,ICA,CHINCHA,EL CARMEN,comisarias,1
110206,ICA,CHINCHA,GROCIO PRADO,denuncias_2024_2026,2162
110206,ICA,CHINCHA,GROCIO PRADO,vehiculos_pnp,4
110206,ICA,CHINCHA,GROCIO PRADO,vehiculos_operativos,0
110206,ICA,CHINCHA,GROCIO PRADO,comisarias,1
110207,ICA,CHINCHA,PUEBLO NUEVO,denuncias_2024_2026,3492
110207,ICA,CHINCHA,PUEBLO NUEVO,vehiculos_pnp,13
110207,ICA,CHINCHA,PUEBLO NUEVO,vehiculos_operativos,1
110207,ICA,CHINCHA,PUEBLO NUEVO,comisarias,1
110208,ICA,CHINCHA,SAN JUAN DE YANAC,denuncias_2024_2026,2
110208,ICA,CHINCHA,SAN JUAN DE YANAC,vehiculos_pnp,0
110208,ICA,CHINCHA,SAN JUAN DE YANAC,vehiculos_operativos,0
110208,ICA,CHINCHA,SAN JUAN DE YANAC,comisarias,0
110209,ICA,CHINCHA,SAN PEDRO DE HUACARPANA,denuncias_2024_2026,6
110209,ICA,CHINCHA,SAN PEDRO DE HUACARPANA,vehiculos_pnp,0
110209,ICA,CHINCHA,SAN PEDRO DE HUACARPANA,vehiculos_operativos,0
110209,ICA,CHINCHA,SAN PEDRO DE HUACARPANA,comisarias,0
110210,ICA,CHINCHA,SUNAMPE,denuncias_2024_2026,1840
110210,ICA,CHINCHA,SUNAMPE,vehiculos_pnp,6
110210,ICA,CHINCHA,SUNAMPE,vehiculos_operativos,1
110210,ICA,CHINCHA,SUNAMPE,comisarias,1
110211,ICA,CHINCHA,TAMBO DE MORA,denuncias_2024_2026,641
110211,ICA,CHINCHA,TAMBO DE MORA,vehiculos_pnp,5
110211,ICA,CHINCHA,TAMBO DE MORA,vehiculos_operativos,1
110211,ICA,CHINCHA,TAMBO DE MORA,comisarias,1
110301,ICA,NAZCA,NAZCA,denuncias_2024_2026,2408
110301,ICA,NAZCA,NAZCA,vehiculos_pnp,15
110301,ICA,NAZCA,NAZCA,vehiculos_operativos,2
110301,ICA,NAZCA,NAZCA,comisarias,0
110302,ICA,NAZCA,CHANGUILLO,denuncias_2024_2026,24
110302,ICA,NAZCA,CHANGUILLO,vehiculos_pnp,0
110302,ICA,NAZCA,CHANGUILLO,vehiculos_operativos,0
110302,ICA,NAZCA,CHANGUILLO,comisarias,0
110303,ICA,NAZCA,EL INGENIO,denuncias_2024_2026,247
110303,ICA,NAZCA,EL INGENIO,vehiculos_pnp,5
110303,ICA,NAZCA,EL INGENIO,vehiculos_operativos,1
110303,ICA,NAZCA,EL INGENIO,comisarias,0
110304,ICA,NAZCA,MARCONA,denuncias_2024_2026,1222
110304,ICA,NAZCA,MARCONA,vehiculos_pnp,9
110304,ICA,NAZCA,MARCONA,vehiculos_operativos,4
110304,ICA,NAZCA,MARCONA,comisarias,0
110305,ICA,NAZCA,VISTA ALEGRE,denuncias_2024_2026,1182
110305,ICA,NAZCA,VISTA ALEGRE,vehiculos_pnp,11
110305,ICA,NAZCA,VISTA ALEGRE,vehiculos_operativos,5
110305,ICA,NAZCA,VISTA ALEGRE,comisarias,0
110401,ICA,PALPA,PALPA,denuncias_2024_2026,1207
110401,ICA,PALPA,PALPA,vehiculos_pnp,9
110401,ICA,PALPA,PALPA,vehiculos_operativos,4
110401,ICA,PALPA,PALPA,comisarias,1
110402,ICA,PALPA,LLIPATA,denuncias_2024_2026,67
110402,ICA,PALPA,LLIPATA,vehiculos_pnp,0
110402,ICA,PALPA,LLIPATA,vehiculos_operativos,0
110402,ICA,PALPA,LLIPATA,comisarias,0
110403,ICA,PALPA,RIO GRANDE,denuncias_2024_2026,79
110403,ICA,PALPA,RIO GRANDE,vehiculos_pnp,0
110403,ICA,PALPA,RIO GRANDE,vehiculos_operativos,0
110403,ICA,PALPA,RIO GRANDE,comisarias,0
110404,ICA,PALPA,SANTA CRUZ,denuncias_2024_2026,34
110404,ICA,PALPA,SANTA CRUZ,vehiculos_pnp,0
110404,ICA,PALPA,SANTA CRUZ,vehiculos_operativos,0
110404,ICA,PALPA,SANTA CRUZ,comisarias,0
110405,ICA,PALPA,TIBILLO,denuncias_2024_2026,9
110405,ICA,PALPA,TIBILLO,vehiculos_pnp,0
110405,ICA,PALPA,TIBILLO,vehiculos_operativos,0
110405,ICA,PALPA,TIBILLO,comisarias,0
110501,ICA,PISCO,PISCO,denuncias_2024_2026,5873
110501,ICA,PISCO,PISCO,vehiculos_pnp,44
110501,ICA,PISCO,PISCO,vehiculos_operativos,11
110501,ICA,PISCO,PISCO,comisarias,2
110502,ICA,PISCO,HUANCANO,denuncias_2024_2026,14
110502,ICA,PISCO,HUANCANO,vehiculos_pnp,0
110502,ICA,PISCO,HUANCANO,vehiculos_operativos,0
110502,ICA,PISCO,HUANCANO,comisarias,0
110503,ICA,PISCO,HUMAY,denuncias_2024_2026,339
110503,ICA,PISCO,HUMAY,vehiculos_pnp,7
110503,ICA,PISCO,HUMAY,vehiculos_operativos,5
110503,ICA,PISCO,HUMAY,comisarias,1
110504,ICA,PISCO,INDEPENDENCIA,denuncias_2024_2026,537
110504,ICA,PISCO,INDEPENDENCIA,vehiculos_pnp,5
110504,ICA,PISCO,INDEPENDENCIA,vehiculos_operativos,0
110504,ICA,PISCO,INDEPENDENCIA,comisarias,1
110505,ICA,PISCO,PARACAS,denuncias_2024_2026,856
110505,ICA,PISCO,PARACAS,vehiculos_pnp,15
110505,ICA,PISCO,PARACAS,vehiculos_operativos,4
110505,ICA,PISCO,PARACAS,comisarias,1
110506,ICA,PISCO,SAN ANDRES,denuncias_2024_2026,2190
110506,ICA,PISCO,SAN ANDRES,vehiculos_pnp,5
110506,ICA,PISCO,SAN ANDRES,vehiculos_operativos,0
110506,ICA,PISCO,SAN ANDRES,comisarias,1
110507,ICA,PISCO,SAN CLEMENTE,denuncias_2024_2026,1409
110507,ICA,PISCO,SAN CLEMENTE,vehiculos_pnp,10
110507,ICA,PISCO,SAN CLEMENTE,vehiculos_operativos,0
110507,ICA,PISCO,SAN CLEMENTE,comisarias,1
110508,ICA,PISCO,TUPAC AMARU INCA,denuncias_2024_2026,1150
110508,ICA,PISCO,TUPAC AMARU INCA,vehiculos_pnp,4
110508,ICA,PISCO,TUPAC AMARU INCA,vehiculos_operativos,0
110508,ICA,PISCO,TUPAC AMARU INCA,comisarias,1
120101,JUNIN,HUANCAYO,HUANCAYO,denuncias_2024_2026,10265
120101,JUNIN,HUANCAYO,HUANCAYO,vehiculos_pnp,242
120101,JUNIN,HUANCAYO,HUANCAYO,vehiculos_operativos,100
120101,JUNIN,HUANCAYO,HUANCAYO,comisarias,1
120104,JUNIN,HUANCAYO,CARHUACALLANGA,denuncias_2024_2026,3
120104,JUNIN,HUANCAYO,CARHUACALLANGA,vehiculos_pnp,0
120104,JUNIN,HUANCAYO,CARHUACALLANGA,vehiculos_operativos,0
120104,JUNIN,HUANCAYO,CARHUACALLANGA,comisarias,0
120105,JUNIN,HUANCAYO,CHACAPAMPA,denuncias_2024_2026,17
120105,JUNIN,HUANCAYO,CHACAPAMPA,vehiculos_pnp,0
120105,JUNIN,HUANCAYO,CHACAPAMPA,vehiculos_operativos,0
120105,JUNIN,HUANCAYO,CHACAPAMPA,comisarias,0
120106,JUNIN,HUANCAYO,CHICCHE,denuncias_2024_2026,19
120106,JUNIN,HUANCAYO,CHICCHE,vehiculos_pnp,0
120106,JUNIN,HUANCAYO,CHICCHE,vehiculos_operativos,0
120106,JUNIN,HUANCAYO,CHICCHE,comisarias,0
120107,JUNIN,HUANCAYO,CHILCA,denuncias_2024_2026,6565
120107,JUNIN,HUANCAYO,CHILCA,vehiculos_pnp,13
120107,JUNIN,HUANCAYO,CHILCA,vehiculos_operativos,9
120107,JUNIN,HUANCAYO,CHILCA,comisarias,1
120108,JUNIN,HUANCAYO,CHONGOS ALTO,denuncias_2024_2026,64
120108,JUNIN,HUANCAYO,CHONGOS ALTO,vehiculos_pnp,2
120108,JUNIN,HUANCAYO,CHONGOS ALTO,vehiculos_operativos,1
120108,JUNIN,HUANCAYO,CHONGOS ALTO,comisarias,1
120111,JUNIN,HUANCAYO,CHUPURO,denuncias_2024_2026,24
120111,JUNIN,HUANCAYO,CHUPURO,vehiculos_pnp,0
120111,JUNIN,HUANCAYO,CHUPURO,vehiculos_operativos,0
120111,JUNIN,HUANCAYO,CHUPURO,comisarias,0
120112,JUNIN,HUANCAYO,COLCA,denuncias_2024_2026,10
120112,JUNIN,HUANCAYO,COLCA,vehiculos_pnp,0
120112,JUNIN,HUANCAYO,COLCA,vehiculos_operativos,0
120112,JUNIN,HUANCAYO,COLCA,comisarias,0
120113,JUNIN,HUANCAYO,CULLHUAS,denuncias_2024_2026,8
120113,JUNIN,HUANCAYO,CULLHUAS,vehiculos_pnp,0
120113,JUNIN,HUANCAYO,CULLHUAS,vehiculos_operativos,0
120113,JUNIN,HUANCAYO,CULLHUAS,comisarias,0
120114,JUNIN,HUANCAYO,EL TAMBO,denuncias_2024_2026,11958
120114,JUNIN,HUANCAYO,EL TAMBO,vehiculos_pnp,20
120114,JUNIN,HUANCAYO,EL TAMBO,vehiculos_operativos,14
120114,JUNIN,HUANCAYO,EL TAMBO,comisarias,1
120116,JUNIN,HUANCAYO,HUACRAPUQUIO,denuncias_2024_2026,28
120116,JUNIN,HUANCAYO,HUACRAPUQUIO,vehiculos_pnp,0
120116,JUNIN,HUANCAYO,HUACRAPUQUIO,vehiculos_operativos,0
120116,JUNIN,HUANCAYO,HUACRAPUQUIO,comisarias,0
120117,JUNIN,HUANCAYO,HUALHUAS,denuncias_2024_2026,231
120117,JUNIN,HUANCAYO,HUALHUAS,vehiculos_pnp,0
120117,JUNIN,HUANCAYO,HUALHUAS,vehiculos_operativos,0
120117,JUNIN,HUANCAYO,HUALHUAS,comisarias,0
120119,JUNIN,HUANCAYO,HUANCAN,denuncias_2024_2026,216
120119,JUNIN,HUANCAYO,HUANCAN,vehiculos_pnp,0
120119,JUNIN,HUANCAYO,HUANCAN,vehiculos_operativos,0
120119,JUNIN,HUANCAYO,HUANCAN,comisarias,0
120120,JUNIN,HUANCAYO,HUASICANCHA,denuncias_2024_2026,15
120120,JUNIN,HUANCAYO,HUASICANCHA,vehiculos_pnp,0
120120,JUNIN,HUANCAYO,HUASICANCHA,vehiculos_operativos,0
120120,JUNIN,HUANCAYO,HUASICANCHA,comisarias,0
120121,JUNIN,HUANCAYO,HUAYUCACHI,denuncias_2024_2026,1283
120121,JUNIN,HUANCAYO,HUAYUCACHI,vehiculos_pnp,4
120121,JUNIN,HUANCAYO,HUAYUCACHI,vehiculos_operativos,4
120121,JUNIN,HUANCAYO,HUAYUCACHI,comisarias,1
120122,JUNIN,HUANCAYO,INGENIO,denuncias_2024_2026,43
120122,JUNIN,HUANCAYO,INGENIO,vehiculos_pnp,0
120122,JUNIN,HUANCAYO,INGENIO,vehiculos_operativos,0
120122,JUNIN,HUANCAYO,INGENIO,comisarias,0
120124,JUNIN,HUANCAYO,PARIAHUANCA,denuncias_2024_2026,12
120124,JUNIN,HUANCAYO,PARIAHUANCA,vehiculos_pnp,0
120124,JUNIN,HUANCAYO,PARIAHUANCA,vehiculos_operativos,0
120124,JUNIN,HUANCAYO,PARIAHUANCA,comisarias,0
120125,JUNIN,HUANCAYO,PILCOMAYO,denuncias_2024_2026,1395
120125,JUNIN,HUANCAYO,PILCOMAYO,vehiculos_pnp,0
120125,JUNIN,HUANCAYO,PILCOMAYO,vehiculos_operativos,0
120125,JUNIN,HUANCAYO,PILCOMAYO,comisarias,0
120126,JUNIN,HUANCAYO,PUCARA,denuncias_2024_2026,86
120126,JUNIN,HUANCAYO,PUCARA,vehiculos_pnp,0
120126,JUNIN,HUANCAYO,PUCARA,vehiculos_operativos,0
120126,JUNIN,HUANCAYO,PUCARA,comisarias,0
120127,JUNIN,HUANCAYO,QUICHUAY,denuncias_2024_2026,25
120127,JUNIN,HUANCAYO,QUICHUAY,vehiculos_pnp,0
120127,JUNIN,HUANCAYO,QUICHUAY,vehiculos_operativos,0
120127,JUNIN,HUANCAYO,QUICHUAY,comisarias,0
120128,JUNIN,HUANCAYO,QUILCAS,denuncias_2024_2026,104
120128,JUNIN,HUANCAYO,QUILCAS,vehiculos_pnp,0
120128,JUNIN,HUANCAYO,QUILCAS,vehiculos_operativos,0
120128,JUNIN,HUANCAYO,QUILCAS,comisarias,0
120129,JUNIN,HUANCAYO,SAN AGUSTIN,denuncias_2024_2026,1221
120129,JUNIN,HUANCAYO,SAN AGUSTIN,vehiculos_pnp,5
120129,JUNIN,HUANCAYO,SAN AGUSTIN,vehiculos_operativos,2
120129,JUNIN,HUANCAYO,SAN AGUSTIN,comisarias,1
120130,JUNIN,HUANCAYO,SAN JERONIMO DE TUNAN,denuncias_2024_2026,1032
120130,JUNIN,HUANCAYO,SAN JERONIMO DE TUNAN,vehiculos_pnp,6
120130,JUNIN,HUANCAYO,SAN JERONIMO DE TUNAN,vehiculos_operativos,3
120130,JUNIN,HUANCAYO,SAN JERONIMO DE TUNAN,comisarias,1
120132,JUNIN,HUANCAYO,SAÑO,denuncias_2024_2026,164
120132,JUNIN,HUANCAYO,SAÑO,vehiculos_pnp,0
120132,JUNIN,HUANCAYO,SAÑO,vehiculos_operativos,0
120132,JUNIN,HUANCAYO,SAÑO,comisarias,0
120133,JUNIN,HUANCAYO,SAPALLANGA,denuncias_2024_2026,1670
120133,JUNIN,HUANCAYO,SAPALLANGA,vehiculos_pnp,8
120133,JUNIN,HUANCAYO,SAPALLANGA,vehiculos_operativos,3
120133,JUNIN,HUANCAYO,SAPALLANGA,comisarias,1
120134,JUNIN,HUANCAYO,SICAYA,denuncias_2024_2026,728
120134,JUNIN,HUANCAYO,SICAYA,vehiculos_pnp,8
120134,JUNIN,HUANCAYO,SICAYA,vehiculos_operativos,4
120134,JUNIN,HUANCAYO,SICAYA,comisarias,1
120135,JUNIN,HUANCAYO,SANTO DOMINGO DE ACOBAMBA,denuncias_2024_2026,69
120135,JUNIN,HUANCAYO,SANTO DOMINGO DE ACOBAMBA,vehiculos_pnp,3
120135,JUNIN,HUANCAYO,SANTO DOMINGO DE ACOBAMBA,vehiculos_operativos,1
120135,JUNIN,HUANCAYO,SANTO DOMINGO DE ACOBAMBA,comisarias,1
120136,JUNIN,HUANCAYO,VIQUES,denuncias_2024_2026,51
120136,JUNIN,HUANCAYO,VIQUES,vehiculos_pnp,0
120136,JUNIN,HUANCAYO,VIQUES,vehiculos_operativos,0
120136,JUNIN,HUANCAYO,VIQUES,comisarias,0
120201,JUNIN,CONCEPCION,CONCEPCION,denuncias_2024_2026,1887
120201,JUNIN,CONCEPCION,CONCEPCION,vehiculos_pnp,13
120201,JUNIN,CONCEPCION,CONCEPCION,vehiculos_operativos,1
120201,JUNIN,CONCEPCION,CONCEPCION,comisarias,1
120202,JUNIN,CONCEPCION,ACO,denuncias_2024_2026,33
120202,JUNIN,CONCEPCION,ACO,vehiculos_pnp,0
120202,JUNIN,CONCEPCION,ACO,vehiculos_operativos,0
120202,JUNIN,CONCEPCION,ACO,comisarias,0
120203,JUNIN,CONCEPCION,ANDAMARCA,denuncias_2024_2026,52
120203,JUNIN,CONCEPCION,ANDAMARCA,vehiculos_pnp,0
120203,JUNIN,CONCEPCION,ANDAMARCA,vehiculos_operativos,0
120203,JUNIN,CONCEPCION,ANDAMARCA,comisarias,0
120204,JUNIN,CONCEPCION,CHAMBARA,denuncias_2024_2026,46
120204,JUNIN,CONCEPCION,CHAMBARA,vehiculos_pnp,0
120204,JUNIN,CONCEPCION,CHAMBARA,vehiculos_operativos,0
120204,JUNIN,CONCEPCION,CHAMBARA,comisarias,0
120205,JUNIN,CONCEPCION,COCHAS,denuncias_2024_2026,15
120205,JUNIN,CONCEPCION,COCHAS,vehiculos_pnp,0
120205,JUNIN,CONCEPCION,COCHAS,vehiculos_operativos,0
120205,JUNIN,CONCEPCION,COCHAS,comisarias,0
120206,JUNIN,CONCEPCION,COMAS,denuncias_2024_2026,68
120206,JUNIN,CONCEPCION,COMAS,vehiculos_pnp,4
120206,JUNIN,CONCEPCION,COMAS,vehiculos_operativos,3
120206,JUNIN,CONCEPCION,COMAS,comisarias,1
120207,JUNIN,CONCEPCION,HEROINAS TOLEDO,denuncias_2024_2026,8
120207,JUNIN,CONCEPCION,HEROINAS TOLEDO,vehiculos_pnp,0
120207,JUNIN,CONCEPCION,HEROINAS TOLEDO,vehiculos_operativos,0
120207,JUNIN,CONCEPCION,HEROINAS TOLEDO,comisarias,0
120208,JUNIN,CONCEPCION,MANZANARES,denuncias_2024_2026,28
120208,JUNIN,CONCEPCION,MANZANARES,vehiculos_pnp,0
120208,JUNIN,CONCEPCION,MANZANARES,vehiculos_operativos,0
120208,JUNIN,CONCEPCION,MANZANARES,comisarias,0
120209,JUNIN,CONCEPCION,MARISCAL CASTILLA,denuncias_2024_2026,3
120209,JUNIN,CONCEPCION,MARISCAL CASTILLA,vehiculos_pnp,0
120209,JUNIN,CONCEPCION,MARISCAL CASTILLA,vehiculos_operativos,0
120209,JUNIN,CONCEPCION,MARISCAL CASTILLA,comisarias,0
120210,JUNIN,CONCEPCION,MATAHUASI,denuncias_2024_2026,124
120210,JUNIN,CONCEPCION,MATAHUASI,vehiculos_pnp,0
120210,JUNIN,CONCEPCION,MATAHUASI,vehiculos_operativos,0
120210,JUNIN,CONCEPCION,MATAHUASI,comisarias,0
120211,JUNIN,CONCEPCION,MITO,denuncias_2024_2026,96
120211,JUNIN,CONCEPCION,MITO,vehiculos_pnp,0
120211,JUNIN,CONCEPCION,MITO,vehiculos_operativos,0
120211,JUNIN,CONCEPCION,MITO,comisarias,0
120212,JUNIN,CONCEPCION,NUEVE DE JULIO,denuncias_2024_2026,59
120212,JUNIN,CONCEPCION,NUEVE DE JULIO,vehiculos_pnp,0
120212,JUNIN,CONCEPCION,NUEVE DE JULIO,vehiculos_operativos,0
120212,JUNIN,CONCEPCION,NUEVE DE JULIO,comisarias,0
120213,JUNIN,CONCEPCION,ORCOTUNA,denuncias_2024_2026,782
120213,JUNIN,CONCEPCION,ORCOTUNA,vehiculos_pnp,7
120213,JUNIN,CONCEPCION,ORCOTUNA,vehiculos_operativos,3
120213,JUNIN,CONCEPCION,ORCOTUNA,comisarias,1
120214,JUNIN,CONCEPCION,SAN JOSE DE QUERO,denuncias_2024_2026,65
120214,JUNIN,CONCEPCION,SAN JOSE DE QUERO,vehiculos_pnp,0
120214,JUNIN,CONCEPCION,SAN JOSE DE QUERO,vehiculos_operativos,0
120214,JUNIN,CONCEPCION,SAN JOSE DE QUERO,comisarias,0
120215,JUNIN,CONCEPCION,SANTA ROSA DE OCOPA,denuncias_2024_2026,47
120215,JUNIN,CONCEPCION,SANTA ROSA DE OCOPA,vehiculos_pnp,0
120215,JUNIN,CONCEPCION,SANTA ROSA DE OCOPA,vehiculos_operativos,0
120215,JUNIN,CONCEPCION,SANTA ROSA DE OCOPA,comisarias,0
120301,JUNIN,CHANCHAMAYO,CHANCHAMAYO,denuncias_2024_2026,3514
120301,JUNIN,CHANCHAMAYO,CHANCHAMAYO,vehiculos_pnp,39
120301,JUNIN,CHANCHAMAYO,CHANCHAMAYO,vehiculos_operativos,21
120301,JUNIN,CHANCHAMAYO,CHANCHAMAYO,comisarias,1
120302,JUNIN,CHANCHAMAYO,PERENE,denuncias_2024_2026,1954
120302,JUNIN,CHANCHAMAYO,PERENE,vehiculos_pnp,2
120302,JUNIN,CHANCHAMAYO,PERENE,vehiculos_operativos,1
120302,JUNIN,CHANCHAMAYO,PERENE,comisarias,1
120303,JUNIN,CHANCHAMAYO,PICHANAQUI,denuncias_2024_2026,4004
120303,JUNIN,CHANCHAMAYO,PICHANAQUI,vehiculos_pnp,12
120303,JUNIN,CHANCHAMAYO,PICHANAQUI,vehiculos_operativos,6
120303,JUNIN,CHANCHAMAYO,PICHANAQUI,comisarias,1
120304,JUNIN,CHANCHAMAYO,SAN LUIS DE SHUARO,denuncias_2024_2026,181
120304,JUNIN,CHANCHAMAYO,SAN LUIS DE SHUARO,vehiculos_pnp,9
120304,JUNIN,CHANCHAMAYO,SAN LUIS DE SHUARO,vehiculos_operativos,4
120304,JUNIN,CHANCHAMAYO,SAN LUIS DE SHUARO,comisarias,1
120305,JUNIN,CHANCHAMAYO,SAN RAMON,denuncias_2024_2026,1800
120305,JUNIN,CHANCHAMAYO,SAN RAMON,vehiculos_pnp,2
120305,JUNIN,CHANCHAMAYO,SAN RAMON,vehiculos_operativos,2
120305,JUNIN,CHANCHAMAYO,SAN RAMON,comisarias,1
120306,JUNIN,CHANCHAMAYO,VITOC,denuncias_2024_2026,14
120306,JUNIN,CHANCHAMAYO,VITOC,vehiculos_pnp,0
120306,JUNIN,CHANCHAMAYO,VITOC,vehiculos_operativos,0
120306,JUNIN,CHANCHAMAYO,VITOC,comisarias,0
120401,JUNIN,JAUJA,JAUJA,denuncias_2024_2026,1900
120401,JUNIN,JAUJA,JAUJA,vehiculos_pnp,13
120401,JUNIN,JAUJA,JAUJA,vehiculos_operativos,5
120401,JUNIN,JAUJA,JAUJA,comisarias,1
120402,JUNIN,JAUJA,ACOLLA,denuncias_2024_2026,383
120402,JUNIN,JAUJA,ACOLLA,vehiculos_pnp,7
120402,JUNIN,JAUJA,ACOLLA,vehiculos_operativos,4
120402,JUNIN,JAUJA,ACOLLA,comisarias,1
120403,JUNIN,JAUJA,APATA,denuncias_2024_2026,440
120403,JUNIN,JAUJA,APATA,vehiculos_pnp,7
120403,JUNIN,JAUJA,APATA,vehiculos_operativos,1
120403,JUNIN,JAUJA,APATA,comisarias,1
120404,JUNIN,JAUJA,ATAURA,denuncias_2024_2026,65
120404,JUNIN,JAUJA,ATAURA,vehiculos_pnp,0
120404,JUNIN,JAUJA,ATAURA,vehiculos_operativos,0
120404,JUNIN,JAUJA,ATAURA,comisarias,0
120405,JUNIN,JAUJA,CANCHAYLLO,denuncias_2024_2026,115
120405,JUNIN,JAUJA,CANCHAYLLO,vehiculos_pnp,3
120405,JUNIN,JAUJA,CANCHAYLLO,vehiculos_operativos,3
120405,JUNIN,JAUJA,CANCHAYLLO,comisarias,1
120406,JUNIN,JAUJA,CURICACA,denuncias_2024_2026,25
120406,JUNIN,JAUJA,CURICACA,vehiculos_pnp,0
120406,JUNIN,JAUJA,CURICACA,vehiculos_operativos,0
120406,JUNIN,JAUJA,CURICACA,comisarias,0
120407,JUNIN,JAUJA,EL MANTARO,denuncias_2024_2026,108
120407,JUNIN,JAUJA,EL MANTARO,vehiculos_pnp,0
120407,JUNIN,JAUJA,EL MANTARO,vehiculos_operativos,0
120407,JUNIN,JAUJA,EL MANTARO,comisarias,0
120408,JUNIN,JAUJA,HUAMALI,denuncias_2024_2026,51
120408,JUNIN,JAUJA,HUAMALI,vehiculos_pnp,0
120408,JUNIN,JAUJA,HUAMALI,vehiculos_operativos,0
120408,JUNIN,JAUJA,HUAMALI,comisarias,0
120409,JUNIN,JAUJA,HUARIPAMPA,denuncias_2024_2026,30
120409,JUNIN,JAUJA,HUARIPAMPA,vehiculos_pnp,0
120409,JUNIN,JAUJA,HUARIPAMPA,vehiculos_operativos,0
120409,JUNIN,JAUJA,HUARIPAMPA,comisarias,0
120410,JUNIN,JAUJA,HUERTAS,denuncias_2024_2026,49
120410,JUNIN,JAUJA,HUERTAS,vehiculos_pnp,0
120410,JUNIN,JAUJA,HUERTAS,vehiculos_operativos,0
120410,JUNIN,JAUJA,HUERTAS,comisarias,0
120411,JUNIN,JAUJA,JANJAILLO,denuncias_2024_2026,4
120411,JUNIN,JAUJA,JANJAILLO,vehiculos_pnp,0
120411,JUNIN,JAUJA,JANJAILLO,vehiculos_operativos,0
120411,JUNIN,JAUJA,JANJAILLO,comisarias,0
120412,JUNIN,JAUJA,JULCAN,denuncias_2024_2026,18
120412,JUNIN,JAUJA,JULCAN,vehiculos_pnp,0
120412,JUNIN,JAUJA,JULCAN,vehiculos_operativos,0
120412,JUNIN,JAUJA,JULCAN,comisarias,0
120413,JUNIN,JAUJA,LEONOR ORDOÑEZ,denuncias_2024_2026,45
120413,JUNIN,JAUJA,LEONOR ORDOÑEZ,vehiculos_pnp,0
120413,JUNIN,JAUJA,LEONOR ORDOÑEZ,vehiculos_operativos,0
120413,JUNIN,JAUJA,LEONOR ORDOÑEZ,comisarias,0
120414,JUNIN,JAUJA,LLOCLLAPAMPA,denuncias_2024_2026,17
120414,JUNIN,JAUJA,LLOCLLAPAMPA,vehiculos_pnp,0
120414,JUNIN,JAUJA,LLOCLLAPAMPA,vehiculos_operativos,0
120414,JUNIN,JAUJA,LLOCLLAPAMPA,comisarias,0
120415,JUNIN,JAUJA,MARCO,denuncias_2024_2026,32
120415,JUNIN,JAUJA,MARCO,vehiculos_pnp,0
120415,JUNIN,JAUJA,MARCO,vehiculos_operativos,0
120415,JUNIN,JAUJA,MARCO,comisarias,0
120416,JUNIN,JAUJA,MASMA,denuncias_2024_2026,38
120416,JUNIN,JAUJA,MASMA,vehiculos_pnp,0
120416,JUNIN,JAUJA,MASMA,vehiculos_operativos,0
120416,JUNIN,JAUJA,MASMA,comisarias,0
120417,JUNIN,JAUJA,MASMA CHICCHE,denuncias_2024_2026,9
120417,JUNIN,JAUJA,MASMA CHICCHE,vehiculos_pnp,0
120417,JUNIN,JAUJA,MASMA CHICCHE,vehiculos_operativos,0
120417,JUNIN,JAUJA,MASMA CHICCHE,comisarias,0
120418,JUNIN,JAUJA,MOLINOS,denuncias_2024_2026,18
120418,JUNIN,JAUJA,MOLINOS,vehiculos_pnp,0
120418,JUNIN,JAUJA,MOLINOS,vehiculos_operativos,0
120418,JUNIN,JAUJA,MOLINOS,comisarias,0
120419,JUNIN,JAUJA,MONOBAMBA,denuncias_2024_2026,3
120419,JUNIN,JAUJA,MONOBAMBA,vehiculos_pnp,0
120419,JUNIN,JAUJA,MONOBAMBA,vehiculos_operativos,0
120419,JUNIN,JAUJA,MONOBAMBA,comisarias,0
120420,JUNIN,JAUJA,MUQUI,denuncias_2024_2026,34
120420,JUNIN,JAUJA,MUQUI,vehiculos_pnp,0
120420,JUNIN,JAUJA,MUQUI,vehiculos_operativos,0
120420,JUNIN,JAUJA,MUQUI,comisarias,0
120421,JUNIN,JAUJA,MUQUIYAUYO,denuncias_2024_2026,63
120421,JUNIN,JAUJA,MUQUIYAUYO,vehiculos_pnp,0
120421,JUNIN,JAUJA,MUQUIYAUYO,vehiculos_operativos,0
120421,JUNIN,JAUJA,MUQUIYAUYO,comisarias,0
120422,JUNIN,JAUJA,PACA,denuncias_2024_2026,12
120422,JUNIN,JAUJA,PACA,vehiculos_pnp,0
120422,JUNIN,JAUJA,PACA,vehiculos_operativos,0
120422,JUNIN,JAUJA,PACA,comisarias,0
120423,JUNIN,JAUJA,PACCHA,denuncias_2024_2026,14
120423,JUNIN,JAUJA,PACCHA,vehiculos_pnp,0
120423,JUNIN,JAUJA,PACCHA,vehiculos_operativos,0
120423,JUNIN,JAUJA,PACCHA,comisarias,0
120424,JUNIN,JAUJA,PANCAN,denuncias_2024_2026,50
120424,JUNIN,JAUJA,PANCAN,vehiculos_pnp,0
120424,JUNIN,JAUJA,PANCAN,vehiculos_operativos,0
120424,JUNIN,JAUJA,PANCAN,comisarias,0
120425,JUNIN,JAUJA,PARCO,denuncias_2024_2026,23
120425,JUNIN,JAUJA,PARCO,vehiculos_pnp,0
120425,JUNIN,JAUJA,PARCO,vehiculos_operativos,0
120425,JUNIN,JAUJA,PARCO,comisarias,0
120426,JUNIN,JAUJA,POMACANCHA,denuncias_2024_2026,21
120426,JUNIN,JAUJA,POMACANCHA,vehiculos_pnp,0
120426,JUNIN,JAUJA,POMACANCHA,vehiculos_operativos,0
120426,JUNIN,JAUJA,POMACANCHA,comisarias,0
120427,JUNIN,JAUJA,RICRAN,denuncias_2024_2026,12
120427,JUNIN,JAUJA,RICRAN,vehiculos_pnp,0
120427,JUNIN,JAUJA,RICRAN,vehiculos_operativos,0
120427,JUNIN,JAUJA,RICRAN,comisarias,0
120428,JUNIN,JAUJA,SAN LORENZO,denuncias_2024_2026,132
120428,JUNIN,JAUJA,SAN LORENZO,vehiculos_pnp,0
120428,JUNIN,JAUJA,SAN LORENZO,vehiculos_operativos,0
120428,JUNIN,JAUJA,SAN LORENZO,comisarias,0
120429,JUNIN,JAUJA,SAN PEDRO DE CHUNAN,denuncias_2024_2026,17
120429,JUNIN,JAUJA,SAN PEDRO DE CHUNAN,vehiculos_pnp,0
120429,JUNIN,JAUJA,SAN PEDRO DE CHUNAN,vehiculos_operativos,0
120429,JUNIN,JAUJA,SAN PEDRO DE CHUNAN,comisarias,0
120430,JUNIN,JAUJA,SAUSA,denuncias_2024_2026,99
120430,JUNIN,JAUJA,SAUSA,vehiculos_pnp,0
120430,JUNIN,JAUJA,SAUSA,vehiculos_operativos,0
120430,JUNIN,JAUJA,SAUSA,comisarias,0
120431,JUNIN,JAUJA,SINCOS,denuncias_2024_2026,185
120431,JUNIN,JAUJA,SINCOS,vehiculos_pnp,3
120431,JUNIN,JAUJA,SINCOS,vehiculos_operativos,2
120431,JUNIN,JAUJA,SINCOS,comisarias,1
120432,JUNIN,JAUJA,TUNAN MARCA,denuncias_2024_2026,12
120432,JUNIN,JAUJA,TUNAN MARCA,vehiculos_pnp,0
120432,JUNIN,JAUJA,TUNAN MARCA,vehiculos_operativos,0
120432,JUNIN,JAUJA,TUNAN MARCA,comisarias,0
120433,JUNIN,JAUJA,YAULI,denuncias_2024_2026,14
120433,JUNIN,JAUJA,YAULI,vehiculos_pnp,0
120433,JUNIN,JAUJA,YAULI,vehiculos_operativos,0
120433,JUNIN,JAUJA,YAULI,comisarias,0
120434,JUNIN,JAUJA,YAUYOS,denuncias_2024_2026,240
120434,JUNIN,JAUJA,YAUYOS,vehiculos_pnp,0
120434,JUNIN,JAUJA,YAUYOS,vehiculos_operativos,0
120434,JUNIN,JAUJA,YAUYOS,comisarias,0
120501,JUNIN,JUNIN,JUNIN,denuncias_2024_2026,631
120501,JUNIN,JUNIN,JUNIN,vehiculos_pnp,7
120501,JUNIN,JUNIN,JUNIN,vehiculos_operativos,7
120501,JUNIN,JUNIN,JUNIN,comisarias,1
120502,JUNIN,JUNIN,CARHUAMAYO,denuncias_2024_2026,258
120502,JUNIN,JUNIN,CARHUAMAYO,vehiculos_pnp,1
120502,JUNIN,JUNIN,CARHUAMAYO,vehiculos_operativos,1
120502,JUNIN,JUNIN,CARHUAMAYO,comisarias,1
120503,JUNIN,JUNIN,ONDORES,denuncias_2024_2026,15
120503,JUNIN,JUNIN,ONDORES,vehiculos_pnp,0
120503,JUNIN,JUNIN,ONDORES,vehiculos_operativos,0
120503,JUNIN,JUNIN,ONDORES,comisarias,0
120504,JUNIN,JUNIN,ULCUMAYO,denuncias_2024_2026,92
120504,JUNIN,JUNIN,ULCUMAYO,vehiculos_pnp,1
120504,JUNIN,JUNIN,ULCUMAYO,vehiculos_operativos,1
120504,JUNIN,JUNIN,ULCUMAYO,comisarias,1
120601,JUNIN,SATIPO,SATIPO,denuncias_2024_2026,3326
120601,JUNIN,SATIPO,SATIPO,vehiculos_pnp,19
120601,JUNIN,SATIPO,SATIPO,vehiculos_operativos,10
120601,JUNIN,SATIPO,SATIPO,comisarias,1
120602,JUNIN,SATIPO,COVIRIALI,denuncias_2024_2026,55
120602,JUNIN,SATIPO,COVIRIALI,vehiculos_pnp,0
120602,JUNIN,SATIPO,COVIRIALI,vehiculos_operativos,0
120602,JUNIN,SATIPO,COVIRIALI,comisarias,0
120603,JUNIN,SATIPO,LLAYLLA,denuncias_2024_2026,79
120603,JUNIN,SATIPO,LLAYLLA,vehiculos_pnp,0
120603,JUNIN,SATIPO,LLAYLLA,vehiculos_operativos,0
120603,JUNIN,SATIPO,LLAYLLA,comisarias,0
120604,JUNIN,SATIPO,MAZAMARI,denuncias_2024_2026,4297
120604,JUNIN,SATIPO,MAZAMARI,vehiculos_pnp,60
120604,JUNIN,SATIPO,MAZAMARI,vehiculos_operativos,32
120604,JUNIN,SATIPO,MAZAMARI,comisarias,1
120605,JUNIN,SATIPO,PAMPA HERMOSA,denuncias_2024_2026,26
120605,JUNIN,SATIPO,PAMPA HERMOSA,vehiculos_pnp,0
120605,JUNIN,SATIPO,PAMPA HERMOSA,vehiculos_operativos,0
120605,JUNIN,SATIPO,PAMPA HERMOSA,comisarias,0
120606,JUNIN,SATIPO,PANGOA,denuncias_2024_2026,4536
120606,JUNIN,SATIPO,PANGOA,vehiculos_pnp,10
120606,JUNIN,SATIPO,PANGOA,vehiculos_operativos,3
120606,JUNIN,SATIPO,PANGOA,comisarias,1
120607,JUNIN,SATIPO,RIO NEGRO,denuncias_2024_2026,731
120607,JUNIN,SATIPO,RIO NEGRO,vehiculos_pnp,7
120607,JUNIN,SATIPO,RIO NEGRO,vehiculos_operativos,7
120607,JUNIN,SATIPO,RIO NEGRO,comisarias,1
120608,JUNIN,SATIPO,RIO TAMBO,denuncias_2024_2026,180
120608,JUNIN,SATIPO,RIO TAMBO,vehiculos_pnp,0
120608,JUNIN,SATIPO,RIO TAMBO,vehiculos_operativos,0
120608,JUNIN,SATIPO,RIO TAMBO,comisarias,0
120701,JUNIN,TARMA,TARMA,denuncias_2024_2026,2449
120701,JUNIN,TARMA,TARMA,vehiculos_pnp,13
120701,JUNIN,TARMA,TARMA,vehiculos_operativos,12
120701,JUNIN,TARMA,TARMA,comisarias,1
120702,JUNIN,TARMA,ACOBAMBA,denuncias_2024_2026,340
120702,JUNIN,TARMA,ACOBAMBA,vehiculos_pnp,2
120702,JUNIN,TARMA,ACOBAMBA,vehiculos_operativos,2
120702,JUNIN,TARMA,ACOBAMBA,comisarias,1
120703,JUNIN,TARMA,HUARICOLCA,denuncias_2024_2026,10
120703,JUNIN,TARMA,HUARICOLCA,vehiculos_pnp,0
120703,JUNIN,TARMA,HUARICOLCA,vehiculos_operativos,0
120703,JUNIN,TARMA,HUARICOLCA,comisarias,0
120704,JUNIN,TARMA,HUASAHUASI,denuncias_2024_2026,271
120704,JUNIN,TARMA,HUASAHUASI,vehiculos_pnp,3
120704,JUNIN,TARMA,HUASAHUASI,vehiculos_operativos,1
120704,JUNIN,TARMA,HUASAHUASI,comisarias,1
120705,JUNIN,TARMA,LA UNION,denuncias_2024_2026,22
120705,JUNIN,TARMA,LA UNION,vehiculos_pnp,0
120705,JUNIN,TARMA,LA UNION,vehiculos_operativos,0
120705,JUNIN,TARMA,LA UNION,comisarias,0
120706,JUNIN,TARMA,PALCA,denuncias_2024_2026,222
120706,JUNIN,TARMA,PALCA,vehiculos_pnp,6
120706,JUNIN,TARMA,PALCA,vehiculos_operativos,4
120706,JUNIN,TARMA,PALCA,comisarias,1
120707,JUNIN,TARMA,PALCAMAYO,denuncias_2024_2026,18
120707,JUNIN,TARMA,PALCAMAYO,vehiculos_pnp,0
120707,JUNIN,TARMA,PALCAMAYO,vehiculos_operativos,0
120707,JUNIN,TARMA,PALCAMAYO,comisarias,0
120708,JUNIN,TARMA,SAN PEDRO DE CAJAS,denuncias_2024_2026,16
120708,JUNIN,TARMA,SAN PEDRO DE CAJAS,vehiculos_pnp,0
120708,JUNIN,TARMA,SAN PEDRO DE CAJAS,vehiculos_operativos,0
120708,JUNIN,TARMA,SAN PEDRO DE CAJAS,comisarias,0
120709,JUNIN,TARMA,TAPO,denuncias_2024_2026,9
120709,JUNIN,TARMA,TAPO,vehiculos_pnp,0
120709,JUNIN,TARMA,TAPO,vehiculos_operativos,0
120709,JUNIN,TARMA,TAPO,comisarias,0
120801,JUNIN,YAULI,LA OROYA,denuncias_2024_2026,746
120801,JUNIN,YAULI,LA OROYA,vehiculos_pnp,16
120801,JUNIN,YAULI,LA OROYA,vehiculos_operativos,13
120801,JUNIN,YAULI,LA OROYA,comisarias,1
120802,JUNIN,YAULI,CHACAPALPA,denuncias_2024_2026,11
120802,JUNIN,YAULI,CHACAPALPA,vehiculos_pnp,0
120802,JUNIN,YAULI,CHACAPALPA,vehiculos_operativos,0
120802,JUNIN,YAULI,CHACAPALPA,comisarias,0
120803,JUNIN,YAULI,HUAY-HUAY,denuncias_2024_2026,8
120803,JUNIN,YAULI,HUAY-HUAY,vehiculos_pnp,0
120803,JUNIN,YAULI,HUAY-HUAY,vehiculos_operativos,0
120803,JUNIN,YAULI,HUAY-HUAY,comisarias,0
120804,JUNIN,YAULI,MARCAPOMACOCHA,denuncias_2024_2026,14
120804,JUNIN,YAULI,MARCAPOMACOCHA,vehiculos_pnp,0
120804,JUNIN,YAULI,MARCAPOMACOCHA,vehiculos_operativos,0
120804,JUNIN,YAULI,MARCAPOMACOCHA,comisarias,0
120805,JUNIN,YAULI,MOROCOCHA,denuncias_2024_2026,167
120805,JUNIN,YAULI,MOROCOCHA,vehiculos_pnp,3
120805,JUNIN,YAULI,MOROCOCHA,vehiculos_operativos,2
120805,JUNIN,YAULI,MOROCOCHA,comisarias,1
120806,JUNIN,YAULI,PACCHA,denuncias_2024_2026,27
120806,JUNIN,YAULI,PACCHA,vehiculos_pnp,0
120806,JUNIN,YAULI,PACCHA,vehiculos_operativos,0
120806,JUNIN,YAULI,PACCHA,comisarias,0
120807,JUNIN,YAULI,SANTA BARBARA DE CARHUACAYAN,denuncias_2024_2026,17
120807,JUNIN,YAULI,SANTA BARBARA DE CARHUACAYAN,vehiculos_pnp,0
120807,JUNIN,YAULI,SANTA BARBARA DE CARHUACAYAN,vehiculos_operativos,0
120807,JUNIN,YAULI,SANTA BARBARA DE CARHUACAYAN,comisarias,0
120808,JUNIN,YAULI,SANTA ROSA DE SACCO,denuncias_2024_2026,155
120808,JUNIN,YAULI,SANTA ROSA DE SACCO,vehiculos_pnp,0
120808,JUNIN,YAULI,SANTA ROSA DE SACCO,vehiculos_operativos,0
120808,JUNIN,YAULI,SANTA ROSA DE SACCO,comisarias,0
120809,JUNIN,YAULI,SUITUCANCHA,denuncias_2024_2026,12
120809,JUNIN,YAULI,SUITUCANCHA,vehiculos_pnp,0
120809,JUNIN,YAULI,SUITUCANCHA,vehiculos_operativos,0
120809,JUNIN,YAULI,SUITUCANCHA,comisarias,0
120810,JUNIN,YAULI,YAULI,denuncias_2024_2026,45
120810,JUNIN,YAULI,YAULI,vehiculos_pnp,0
120810,JUNIN,YAULI,YAULI,vehiculos_operativos,0
120810,JUNIN,YAULI,YAULI,comisarias,0
120901,JUNIN,CHUPACA,CHUPACA,denuncias_2024_2026,3306
120901,JUNIN,CHUPACA,CHUPACA,vehiculos_pnp,19
120901,JUNIN,CHUPACA,CHUPACA,vehiculos_operativos,11
120901,JUNIN,CHUPACA,CHUPACA,comisarias,1
120902,JUNIN,CHUPACA,AHUAC,denuncias_2024_2026,333
120902,JUNIN,CHUPACA,AHUAC,vehiculos_pnp,0
120902,JUNIN,CHUPACA,AHUAC,vehiculos_operativos,0
120902,JUNIN,CHUPACA,AHUAC,comisarias,0
120903,JUNIN,CHUPACA,CHONGOS BAJO,denuncias_2024_2026,214
120903,JUNIN,CHUPACA,CHONGOS BAJO,vehiculos_pnp,0
120903,JUNIN,CHUPACA,CHONGOS BAJO,vehiculos_operativos,0
120903,JUNIN,CHUPACA,CHONGOS BAJO,comisarias,0
120904,JUNIN,CHUPACA,HUACHAC,denuncias_2024_2026,129
120904,JUNIN,CHUPACA,HUACHAC,vehiculos_pnp,0
120904,JUNIN,CHUPACA,HUACHAC,vehiculos_operativos,0
120904,JUNIN,CHUPACA,HUACHAC,comisarias,0
120905,JUNIN,CHUPACA,HUAMANCACA CHICO,denuncias_2024_2026,576
120905,JUNIN,CHUPACA,HUAMANCACA CHICO,vehiculos_pnp,0
120905,JUNIN,CHUPACA,HUAMANCACA CHICO,vehiculos_operativos,0
120905,JUNIN,CHUPACA,HUAMANCACA CHICO,comisarias,0
120906,JUNIN,CHUPACA,SAN JUAN DE YSCOS,denuncias_2024_2026,139
120906,JUNIN,CHUPACA,SAN JUAN DE YSCOS,vehiculos_pnp,0
120906,JUNIN,CHUPACA,SAN JUAN DE YSCOS,vehiculos_operativos,0
120906,JUNIN,CHUPACA,SAN JUAN DE YSCOS,comisarias,0
120907,JUNIN,CHUPACA,SAN JUAN DE JARPA,denuncias_2024_2026,38
120907,JUNIN,CHUPACA,SAN JUAN DE JARPA,vehiculos_pnp,0
120907,JUNIN,CHUPACA,SAN JUAN DE JARPA,vehiculos_operativos,0
120907,JUNIN,CHUPACA,SAN JUAN DE JARPA,comisarias,0
120908,JUNIN,CHUPACA,TRES DE DICIEMBRE,denuncias_2024_2026,249
120908,JUNIN,CHUPACA,TRES DE DICIEMBRE,vehiculos_pnp,0
120908,JUNIN,CHUPACA,TRES DE DICIEMBRE,vehiculos_operativos,0
120908,JUNIN,CHUPACA,TRES DE DICIEMBRE,comisarias,0
120909,JUNIN,CHUPACA,YANACANCHA,denuncias_2024_2026,36
120909,JUNIN,CHUPACA,YANACANCHA,vehiculos_pnp,0
120909,JUNIN,CHUPACA,YANACANCHA,vehiculos_operativos,0
120909,JUNIN,CHUPACA,YANACANCHA,comisarias,0
130101,LA LIBERTAD,TRUJILLO,TRUJILLO,denuncias_2024_2026,42233
130101,LA LIBERTAD,TRUJILLO,TRUJILLO,vehiculos_pnp,370
130101,LA LIBERTAD,TRUJILLO,TRUJILLO,vehiculos_operativos,197
130101,LA LIBERTAD,TRUJILLO,TRUJILLO,comisarias,3
130102,LA LIBERTAD,TRUJILLO,EL PORVENIR,denuncias_2024_2026,8620
130102,LA LIBERTAD,TRUJILLO,EL PORVENIR,vehiculos_pnp,24
130102,LA LIBERTAD,TRUJILLO,EL PORVENIR,vehiculos_operativos,18
130102,LA LIBERTAD,TRUJILLO,EL PORVENIR,comisarias,3
130103,LA LIBERTAD,TRUJILLO,FLORENCIA DE MORA,denuncias_2024_2026,3715
130103,LA LIBERTAD,TRUJILLO,FLORENCIA DE MORA,vehiculos_pnp,9
130103,LA LIBERTAD,TRUJILLO,FLORENCIA DE MORA,vehiculos_operativos,6
130103,LA LIBERTAD,TRUJILLO,FLORENCIA DE MORA,comisarias,1
130104,LA LIBERTAD,TRUJILLO,HUANCHACO,denuncias_2024_2026,5010
130104,LA LIBERTAD,TRUJILLO,HUANCHACO,vehiculos_pnp,19
130104,LA LIBERTAD,TRUJILLO,HUANCHACO,vehiculos_operativos,14
130104,LA LIBERTAD,TRUJILLO,HUANCHACO,comisarias,2
130105,LA LIBERTAD,TRUJILLO,LA ESPERANZA,denuncias_2024_2026,9992
130105,LA LIBERTAD,TRUJILLO,LA ESPERANZA,vehiculos_pnp,21
130105,LA LIBERTAD,TRUJILLO,LA ESPERANZA,vehiculos_operativos,14
130105,LA LIBERTAD,TRUJILLO,LA ESPERANZA,comisarias,2
130106,LA LIBERTAD,TRUJILLO,LAREDO,denuncias_2024_2026,2018
130106,LA LIBERTAD,TRUJILLO,LAREDO,vehiculos_pnp,7
130106,LA LIBERTAD,TRUJILLO,LAREDO,vehiculos_operativos,5
130106,LA LIBERTAD,TRUJILLO,LAREDO,comisarias,1
130107,LA LIBERTAD,TRUJILLO,MOCHE,denuncias_2024_2026,3488
130107,LA LIBERTAD,TRUJILLO,MOCHE,vehiculos_pnp,140
130107,LA LIBERTAD,TRUJILLO,MOCHE,vehiculos_operativos,23
130107,LA LIBERTAD,TRUJILLO,MOCHE,comisarias,1
130108,LA LIBERTAD,TRUJILLO,POROTO,denuncias_2024_2026,248
130108,LA LIBERTAD,TRUJILLO,POROTO,vehiculos_pnp,5
130108,LA LIBERTAD,TRUJILLO,POROTO,vehiculos_operativos,4
130108,LA LIBERTAD,TRUJILLO,POROTO,comisarias,1
130109,LA LIBERTAD,TRUJILLO,SALAVERRY,denuncias_2024_2026,1111
130109,LA LIBERTAD,TRUJILLO,SALAVERRY,vehiculos_pnp,6
130109,LA LIBERTAD,TRUJILLO,SALAVERRY,vehiculos_operativos,6
130109,LA LIBERTAD,TRUJILLO,SALAVERRY,comisarias,2
130110,LA LIBERTAD,TRUJILLO,SIMBAL,denuncias_2024_2026,179
130110,LA LIBERTAD,TRUJILLO,SIMBAL,vehiculos_pnp,11
130110,LA LIBERTAD,TRUJILLO,SIMBAL,vehiculos_operativos,9
130110,LA LIBERTAD,TRUJILLO,SIMBAL,comisarias,1
130111,LA LIBERTAD,TRUJILLO,VICTOR LARCO HERRERA,denuncias_2024_2026,3429
130111,LA LIBERTAD,TRUJILLO,VICTOR LARCO HERRERA,vehiculos_pnp,8
130111,LA LIBERTAD,TRUJILLO,VICTOR LARCO HERRERA,vehiculos_operativos,6
130111,LA LIBERTAD,TRUJILLO,VICTOR LARCO HERRERA,comisarias,1
130201,LA LIBERTAD,ASCOPE,ASCOPE,denuncias_2024_2026,447
130201,LA LIBERTAD,ASCOPE,ASCOPE,vehiculos_pnp,6
130201,LA LIBERTAD,ASCOPE,ASCOPE,vehiculos_operativos,4
130201,LA LIBERTAD,ASCOPE,ASCOPE,comisarias,1
130202,LA LIBERTAD,ASCOPE,CHICAMA,denuncias_2024_2026,941
130202,LA LIBERTAD,ASCOPE,CHICAMA,vehiculos_pnp,6
130202,LA LIBERTAD,ASCOPE,CHICAMA,vehiculos_operativos,5
130202,LA LIBERTAD,ASCOPE,CHICAMA,comisarias,3
130203,LA LIBERTAD,ASCOPE,CHOCOPE,denuncias_2024_2026,427
130203,LA LIBERTAD,ASCOPE,CHOCOPE,vehiculos_pnp,3
130203,LA LIBERTAD,ASCOPE,CHOCOPE,vehiculos_operativos,2
130203,LA LIBERTAD,ASCOPE,CHOCOPE,comisarias,1
130204,LA LIBERTAD,ASCOPE,MAGDALENA DE CAO,denuncias_2024_2026,118
130204,LA LIBERTAD,ASCOPE,MAGDALENA DE CAO,vehiculos_pnp,4
130204,LA LIBERTAD,ASCOPE,MAGDALENA DE CAO,vehiculos_operativos,3
130204,LA LIBERTAD,ASCOPE,MAGDALENA DE CAO,comisarias,1
130205,LA LIBERTAD,ASCOPE,PAIJAN,denuncias_2024_2026,1186
130205,LA LIBERTAD,ASCOPE,PAIJAN,vehiculos_pnp,39
130205,LA LIBERTAD,ASCOPE,PAIJAN,vehiculos_operativos,19
130205,LA LIBERTAD,ASCOPE,PAIJAN,comisarias,1
130206,LA LIBERTAD,ASCOPE,RAZURI,denuncias_2024_2026,402
130206,LA LIBERTAD,ASCOPE,RAZURI,vehiculos_pnp,2
130206,LA LIBERTAD,ASCOPE,RAZURI,vehiculos_operativos,2
130206,LA LIBERTAD,ASCOPE,RAZURI,comisarias,1
130207,LA LIBERTAD,ASCOPE,SANTIAGO DE CAO,denuncias_2024_2026,1229
130207,LA LIBERTAD,ASCOPE,SANTIAGO DE CAO,vehiculos_pnp,5
130207,LA LIBERTAD,ASCOPE,SANTIAGO DE CAO,vehiculos_operativos,4
130207,LA LIBERTAD,ASCOPE,SANTIAGO DE CAO,comisarias,2
130208,LA LIBERTAD,ASCOPE,CASA GRANDE,denuncias_2024_2026,1458
130208,LA LIBERTAD,ASCOPE,CASA GRANDE,vehiculos_pnp,9
130208,LA LIBERTAD,ASCOPE,CASA GRANDE,vehiculos_operativos,7
130208,LA LIBERTAD,ASCOPE,CASA GRANDE,comisarias,2
130301,LA LIBERTAD,BOLIVAR,BOLIVAR,denuncias_2024_2026,51
130301,LA LIBERTAD,BOLIVAR,BOLIVAR,vehiculos_pnp,3
130301,LA LIBERTAD,BOLIVAR,BOLIVAR,vehiculos_operativos,3
130301,LA LIBERTAD,BOLIVAR,BOLIVAR,comisarias,1
130302,LA LIBERTAD,BOLIVAR,BAMBAMARCA,denuncias_2024_2026,24
130302,LA LIBERTAD,BOLIVAR,BAMBAMARCA,vehiculos_pnp,1
130302,LA LIBERTAD,BOLIVAR,BAMBAMARCA,vehiculos_operativos,1
130302,LA LIBERTAD,BOLIVAR,BAMBAMARCA,comisarias,1
130303,LA LIBERTAD,BOLIVAR,CONDORMARCA,denuncias_2024_2026,3
130303,LA LIBERTAD,BOLIVAR,CONDORMARCA,vehiculos_pnp,0
130303,LA LIBERTAD,BOLIVAR,CONDORMARCA,vehiculos_operativos,0
130303,LA LIBERTAD,BOLIVAR,CONDORMARCA,comisarias,0
130304,LA LIBERTAD,BOLIVAR,LONGOTEA,denuncias_2024_2026,28
130304,LA LIBERTAD,BOLIVAR,LONGOTEA,vehiculos_pnp,0
130304,LA LIBERTAD,BOLIVAR,LONGOTEA,vehiculos_operativos,0
130304,LA LIBERTAD,BOLIVAR,LONGOTEA,comisarias,0
130305,LA LIBERTAD,BOLIVAR,UCHUMARCA,denuncias_2024_2026,66
130305,LA LIBERTAD,BOLIVAR,UCHUMARCA,vehiculos_pnp,10
130305,LA LIBERTAD,BOLIVAR,UCHUMARCA,vehiculos_operativos,9
130305,LA LIBERTAD,BOLIVAR,UCHUMARCA,comisarias,1
130306,LA LIBERTAD,BOLIVAR,UCUNCHA,denuncias_2024_2026,2
130306,LA LIBERTAD,BOLIVAR,UCUNCHA,vehiculos_pnp,0
130306,LA LIBERTAD,BOLIVAR,UCUNCHA,vehiculos_operativos,0
130306,LA LIBERTAD,BOLIVAR,UCUNCHA,comisarias,0
130401,LA LIBERTAD,CHEPEN,CHEPEN,denuncias_2024_2026,3421
130401,LA LIBERTAD,CHEPEN,CHEPEN,vehiculos_pnp,14
130401,LA LIBERTAD,CHEPEN,CHEPEN,vehiculos_operativos,10
130401,LA LIBERTAD,CHEPEN,CHEPEN,comisarias,2
130402,LA LIBERTAD,CHEPEN,PACANGA,denuncias_2024_2026,1725
130402,LA LIBERTAD,CHEPEN,PACANGA,vehiculos_pnp,8
130402,LA LIBERTAD,CHEPEN,PACANGA,vehiculos_operativos,6
130402,LA LIBERTAD,CHEPEN,PACANGA,comisarias,2
130403,LA LIBERTAD,CHEPEN,PUEBLO NUEVO,denuncias_2024_2026,597
130403,LA LIBERTAD,CHEPEN,PUEBLO NUEVO,vehiculos_pnp,2
130403,LA LIBERTAD,CHEPEN,PUEBLO NUEVO,vehiculos_operativos,1
130403,LA LIBERTAD,CHEPEN,PUEBLO NUEVO,comisarias,1
130501,LA LIBERTAD,JULCAN,JULCAN,denuncias_2024_2026,281
130501,LA LIBERTAD,JULCAN,JULCAN,vehiculos_pnp,3
130501,LA LIBERTAD,JULCAN,JULCAN,vehiculos_operativos,2
130501,LA LIBERTAD,JULCAN,JULCAN,comisarias,1
130502,LA LIBERTAD,JULCAN,CALAMARCA,denuncias_2024_2026,18
130502,LA LIBERTAD,JULCAN,CALAMARCA,vehiculos_pnp,0
130502,LA LIBERTAD,JULCAN,CALAMARCA,vehiculos_operativos,0
130502,LA LIBERTAD,JULCAN,CALAMARCA,comisarias,0
130503,LA LIBERTAD,JULCAN,CARABAMBA,denuncias_2024_2026,81
130503,LA LIBERTAD,JULCAN,CARABAMBA,vehiculos_pnp,2
130503,LA LIBERTAD,JULCAN,CARABAMBA,vehiculos_operativos,1
130503,LA LIBERTAD,JULCAN,CARABAMBA,comisarias,1
130504,LA LIBERTAD,JULCAN,HUASO,denuncias_2024_2026,2
130504,LA LIBERTAD,JULCAN,HUASO,vehiculos_pnp,0
130504,LA LIBERTAD,JULCAN,HUASO,vehiculos_operativos,0
130504,LA LIBERTAD,JULCAN,HUASO,comisarias,0
130601,LA LIBERTAD,OTUZCO,OTUZCO,denuncias_2024_2026,942
130601,LA LIBERTAD,OTUZCO,OTUZCO,vehiculos_pnp,9
130601,LA LIBERTAD,OTUZCO,OTUZCO,vehiculos_operativos,9
130601,LA LIBERTAD,OTUZCO,OTUZCO,comisarias,2
130602,LA LIBERTAD,OTUZCO,AGALLPAMPA,denuncias_2024_2026,126
130602,LA LIBERTAD,OTUZCO,AGALLPAMPA,vehiculos_pnp,1
130602,LA LIBERTAD,OTUZCO,AGALLPAMPA,vehiculos_operativos,1
130602,LA LIBERTAD,OTUZCO,AGALLPAMPA,comisarias,1
130604,LA LIBERTAD,OTUZCO,CHARAT,denuncias_2024_2026,37
130604,LA LIBERTAD,OTUZCO,CHARAT,vehiculos_pnp,6
130604,LA LIBERTAD,OTUZCO,CHARAT,vehiculos_operativos,4
130604,LA LIBERTAD,OTUZCO,CHARAT,comisarias,2
130605,LA LIBERTAD,OTUZCO,HUARANCHAL,denuncias_2024_2026,71
130605,LA LIBERTAD,OTUZCO,HUARANCHAL,vehiculos_pnp,2
130605,LA LIBERTAD,OTUZCO,HUARANCHAL,vehiculos_operativos,1
130605,LA LIBERTAD,OTUZCO,HUARANCHAL,comisarias,1
130606,LA LIBERTAD,OTUZCO,LA CUESTA,denuncias_2024_2026,2
130606,LA LIBERTAD,OTUZCO,LA CUESTA,vehiculos_pnp,0
130606,LA LIBERTAD,OTUZCO,LA CUESTA,vehiculos_operativos,0
130606,LA LIBERTAD,OTUZCO,LA CUESTA,comisarias,0
130608,LA LIBERTAD,OTUZCO,MACHE,denuncias_2024_2026,39
130608,LA LIBERTAD,OTUZCO,MACHE,vehiculos_pnp,1
130608,LA LIBERTAD,OTUZCO,MACHE,vehiculos_operativos,1
130608,LA LIBERTAD,OTUZCO,MACHE,comisarias,1
130610,LA LIBERTAD,OTUZCO,PARANDAY,denuncias_2024_2026,1
130610,LA LIBERTAD,OTUZCO,PARANDAY,vehiculos_pnp,0
130610,LA LIBERTAD,OTUZCO,PARANDAY,vehiculos_operativos,0
130610,LA LIBERTAD,OTUZCO,PARANDAY,comisarias,0
130611,LA LIBERTAD,OTUZCO,SALPO,denuncias_2024_2026,76
130611,LA LIBERTAD,OTUZCO,SALPO,vehiculos_pnp,2
130611,LA LIBERTAD,OTUZCO,SALPO,vehiculos_operativos,1
130611,LA LIBERTAD,OTUZCO,SALPO,comisarias,1
130613,LA LIBERTAD,OTUZCO,SINSICAP,denuncias_2024_2026,65
130613,LA LIBERTAD,OTUZCO,SINSICAP,vehiculos_pnp,2
130613,LA LIBERTAD,OTUZCO,SINSICAP,vehiculos_operativos,2
130613,LA LIBERTAD,OTUZCO,SINSICAP,comisarias,1
130614,LA LIBERTAD,OTUZCO,USQUIL,denuncias_2024_2026,183
130614,LA LIBERTAD,OTUZCO,USQUIL,vehiculos_pnp,2
130614,LA LIBERTAD,OTUZCO,USQUIL,vehiculos_operativos,2
130614,LA LIBERTAD,OTUZCO,USQUIL,comisarias,1
130701,LA LIBERTAD,PACASMAYO,SAN PEDRO DE LLOC,denuncias_2024_2026,1104
130701,LA LIBERTAD,PACASMAYO,SAN PEDRO DE LLOC,vehiculos_pnp,4
130701,LA LIBERTAD,PACASMAYO,SAN PEDRO DE LLOC,vehiculos_operativos,3
130701,LA LIBERTAD,PACASMAYO,SAN PEDRO DE LLOC,comisarias,1
130702,LA LIBERTAD,PACASMAYO,GUADALUPE,denuncias_2024_2026,3016
130702,LA LIBERTAD,PACASMAYO,GUADALUPE,vehiculos_pnp,13
130702,LA LIBERTAD,PACASMAYO,GUADALUPE,vehiculos_operativos,12
130702,LA LIBERTAD,PACASMAYO,GUADALUPE,comisarias,2
130703,LA LIBERTAD,PACASMAYO,JEQUETEPEQUE,denuncias_2024_2026,309
130703,LA LIBERTAD,PACASMAYO,JEQUETEPEQUE,vehiculos_pnp,4
130703,LA LIBERTAD,PACASMAYO,JEQUETEPEQUE,vehiculos_operativos,2
130703,LA LIBERTAD,PACASMAYO,JEQUETEPEQUE,comisarias,1
130704,LA LIBERTAD,PACASMAYO,PACASMAYO,denuncias_2024_2026,2477
130704,LA LIBERTAD,PACASMAYO,PACASMAYO,vehiculos_pnp,11
130704,LA LIBERTAD,PACASMAYO,PACASMAYO,vehiculos_operativos,9
130704,LA LIBERTAD,PACASMAYO,PACASMAYO,comisarias,1
130705,LA LIBERTAD,PACASMAYO,SAN JOSE,denuncias_2024_2026,552
130705,LA LIBERTAD,PACASMAYO,SAN JOSE,vehiculos_pnp,1
130705,LA LIBERTAD,PACASMAYO,SAN JOSE,vehiculos_operativos,1
130705,LA LIBERTAD,PACASMAYO,SAN JOSE,comisarias,1
130801,LA LIBERTAD,PATAZ,TAYABAMBA,denuncias_2024_2026,559
130801,LA LIBERTAD,PATAZ,TAYABAMBA,vehiculos_pnp,4
130801,LA LIBERTAD,PATAZ,TAYABAMBA,vehiculos_operativos,2
130801,LA LIBERTAD,PATAZ,TAYABAMBA,comisarias,1
130802,LA LIBERTAD,PATAZ,BULDIBUYO,denuncias_2024_2026,17
130802,LA LIBERTAD,PATAZ,BULDIBUYO,vehiculos_pnp,0
130802,LA LIBERTAD,PATAZ,BULDIBUYO,vehiculos_operativos,0
130802,LA LIBERTAD,PATAZ,BULDIBUYO,comisarias,0
130803,LA LIBERTAD,PATAZ,CHILLIA,denuncias_2024_2026,105
130803,LA LIBERTAD,PATAZ,CHILLIA,vehiculos_pnp,1
130803,LA LIBERTAD,PATAZ,CHILLIA,vehiculos_operativos,1
130803,LA LIBERTAD,PATAZ,CHILLIA,comisarias,1
130804,LA LIBERTAD,PATAZ,HUANCASPATA,denuncias_2024_2026,8
130804,LA LIBERTAD,PATAZ,HUANCASPATA,vehiculos_pnp,0
130804,LA LIBERTAD,PATAZ,HUANCASPATA,vehiculos_operativos,0
130804,LA LIBERTAD,PATAZ,HUANCASPATA,comisarias,0
130805,LA LIBERTAD,PATAZ,HUAYLILLAS,denuncias_2024_2026,10
130805,LA LIBERTAD,PATAZ,HUAYLILLAS,vehiculos_pnp,0
130805,LA LIBERTAD,PATAZ,HUAYLILLAS,vehiculos_operativos,0
130805,LA LIBERTAD,PATAZ,HUAYLILLAS,comisarias,0
130806,LA LIBERTAD,PATAZ,HUAYO,denuncias_2024_2026,3
130806,LA LIBERTAD,PATAZ,HUAYO,vehiculos_pnp,0
130806,LA LIBERTAD,PATAZ,HUAYO,vehiculos_operativos,0
130806,LA LIBERTAD,PATAZ,HUAYO,comisarias,0
130807,LA LIBERTAD,PATAZ,ONGON,denuncias_2024_2026,5
130807,LA LIBERTAD,PATAZ,ONGON,vehiculos_pnp,0
130807,LA LIBERTAD,PATAZ,ONGON,vehiculos_operativos,0
130807,LA LIBERTAD,PATAZ,ONGON,comisarias,0
130808,LA LIBERTAD,PATAZ,PARCOY,denuncias_2024_2026,537
130808,LA LIBERTAD,PATAZ,PARCOY,vehiculos_pnp,4
130808,LA LIBERTAD,PATAZ,PARCOY,vehiculos_operativos,2
130808,LA LIBERTAD,PATAZ,PARCOY,comisarias,2
130809,LA LIBERTAD,PATAZ,PATAZ,denuncias_2024_2026,597
130809,LA LIBERTAD,PATAZ,PATAZ,vehiculos_pnp,3
130809,LA LIBERTAD,PATAZ,PATAZ,vehiculos_operativos,2
130809,LA LIBERTAD,PATAZ,PATAZ,comisarias,2
130810,LA LIBERTAD,PATAZ,PIAS,denuncias_2024_2026,3
130810,LA LIBERTAD,PATAZ,PIAS,vehiculos_pnp,0
130810,LA LIBERTAD,PATAZ,PIAS,vehiculos_operativos,0
130810,LA LIBERTAD,PATAZ,PIAS,comisarias,0
130811,LA LIBERTAD,PATAZ,SANTIAGO DE CHALLAS,denuncias_2024_2026,1
130811,LA LIBERTAD,PATAZ,SANTIAGO DE CHALLAS,vehiculos_pnp,0
130811,LA LIBERTAD,PATAZ,SANTIAGO DE CHALLAS,vehiculos_operativos,0
130811,LA LIBERTAD,PATAZ,SANTIAGO DE CHALLAS,comisarias,0
130812,LA LIBERTAD,PATAZ,TAURIJA,denuncias_2024_2026,10
130812,LA LIBERTAD,PATAZ,TAURIJA,vehiculos_pnp,0
130812,LA LIBERTAD,PATAZ,TAURIJA,vehiculos_operativos,0
130812,LA LIBERTAD,PATAZ,TAURIJA,comisarias,0
130813,LA LIBERTAD,PATAZ,URPAY,denuncias_2024_2026,7
130813,LA LIBERTAD,PATAZ,URPAY,vehiculos_pnp,0
130813,LA LIBERTAD,PATAZ,URPAY,vehiculos_operativos,0
130813,LA LIBERTAD,PATAZ,URPAY,comisarias,0
130901,LA LIBERTAD,SANCHEZ CARRION,HUAMACHUCO,denuncias_2024_2026,2768
130901,LA LIBERTAD,SANCHEZ CARRION,HUAMACHUCO,vehiculos_pnp,28
130901,LA LIBERTAD,SANCHEZ CARRION,HUAMACHUCO,vehiculos_operativos,16
130901,LA LIBERTAD,SANCHEZ CARRION,HUAMACHUCO,comisarias,1
130902,LA LIBERTAD,SANCHEZ CARRION,CHUGAY,denuncias_2024_2026,36
130902,LA LIBERTAD,SANCHEZ CARRION,CHUGAY,vehiculos_pnp,0
130902,LA LIBERTAD,SANCHEZ CARRION,CHUGAY,vehiculos_operativos,0
130902,LA LIBERTAD,SANCHEZ CARRION,CHUGAY,comisarias,0
130903,LA LIBERTAD,SANCHEZ CARRION,COCHORCO,denuncias_2024_2026,13
130903,LA LIBERTAD,SANCHEZ CARRION,COCHORCO,vehiculos_pnp,0
130903,LA LIBERTAD,SANCHEZ CARRION,COCHORCO,vehiculos_operativos,0
130903,LA LIBERTAD,SANCHEZ CARRION,COCHORCO,comisarias,0
130904,LA LIBERTAD,SANCHEZ CARRION,CURGOS,denuncias_2024_2026,65
130904,LA LIBERTAD,SANCHEZ CARRION,CURGOS,vehiculos_pnp,1
130904,LA LIBERTAD,SANCHEZ CARRION,CURGOS,vehiculos_operativos,1
130904,LA LIBERTAD,SANCHEZ CARRION,CURGOS,comisarias,1
130905,LA LIBERTAD,SANCHEZ CARRION,MARCABAL,denuncias_2024_2026,37
130905,LA LIBERTAD,SANCHEZ CARRION,MARCABAL,vehiculos_pnp,0
130905,LA LIBERTAD,SANCHEZ CARRION,MARCABAL,vehiculos_operativos,0
130905,LA LIBERTAD,SANCHEZ CARRION,MARCABAL,comisarias,0
130906,LA LIBERTAD,SANCHEZ CARRION,SANAGORAN,denuncias_2024_2026,36
130906,LA LIBERTAD,SANCHEZ CARRION,SANAGORAN,vehiculos_pnp,0
130906,LA LIBERTAD,SANCHEZ CARRION,SANAGORAN,vehiculos_operativos,0
130906,LA LIBERTAD,SANCHEZ CARRION,SANAGORAN,comisarias,0
130907,LA LIBERTAD,SANCHEZ CARRION,SARIN,denuncias_2024_2026,83
130907,LA LIBERTAD,SANCHEZ CARRION,SARIN,vehiculos_pnp,2
130907,LA LIBERTAD,SANCHEZ CARRION,SARIN,vehiculos_operativos,2
130907,LA LIBERTAD,SANCHEZ CARRION,SARIN,comisarias,1
130908,LA LIBERTAD,SANCHEZ CARRION,SARTIMBAMBA,denuncias_2024_2026,23
130908,LA LIBERTAD,SANCHEZ CARRION,SARTIMBAMBA,vehiculos_pnp,0
130908,LA LIBERTAD,SANCHEZ CARRION,SARTIMBAMBA,vehiculos_operativos,0
130908,LA LIBERTAD,SANCHEZ CARRION,SARTIMBAMBA,comisarias,0
131001,LA LIBERTAD,SANTIAGO DE CHUCO,SANTIAGO DE CHUCO,denuncias_2024_2026,480
131001,LA LIBERTAD,SANTIAGO DE CHUCO,SANTIAGO DE CHUCO,vehiculos_pnp,3
131001,LA LIBERTAD,SANTIAGO DE CHUCO,SANTIAGO DE CHUCO,vehiculos_operativos,1
131001,LA LIBERTAD,SANTIAGO DE CHUCO,SANTIAGO DE CHUCO,comisarias,1
131002,LA LIBERTAD,SANTIAGO DE CHUCO,ANGASMARCA,denuncias_2024_2026,137
131002,LA LIBERTAD,SANTIAGO DE CHUCO,ANGASMARCA,vehiculos_pnp,2
131002,LA LIBERTAD,SANTIAGO DE CHUCO,ANGASMARCA,vehiculos_operativos,2
131002,LA LIBERTAD,SANTIAGO DE CHUCO,ANGASMARCA,comisarias,1
131003,LA LIBERTAD,SANTIAGO DE CHUCO,CACHICADAN,denuncias_2024_2026,107
131003,LA LIBERTAD,SANTIAGO DE CHUCO,CACHICADAN,vehiculos_pnp,1
131003,LA LIBERTAD,SANTIAGO DE CHUCO,CACHICADAN,vehiculos_operativos,1
131003,LA LIBERTAD,SANTIAGO DE CHUCO,CACHICADAN,comisarias,1
131004,LA LIBERTAD,SANTIAGO DE CHUCO,MOLLEBAMBA,denuncias_2024_2026,2
131004,LA LIBERTAD,SANTIAGO DE CHUCO,MOLLEBAMBA,vehiculos_pnp,0
131004,LA LIBERTAD,SANTIAGO DE CHUCO,MOLLEBAMBA,vehiculos_operativos,0
131004,LA LIBERTAD,SANTIAGO DE CHUCO,MOLLEBAMBA,comisarias,0
131005,LA LIBERTAD,SANTIAGO DE CHUCO,MOLLEPATA,denuncias_2024_2026,7
131005,LA LIBERTAD,SANTIAGO DE CHUCO,MOLLEPATA,vehiculos_pnp,0
131005,LA LIBERTAD,SANTIAGO DE CHUCO,MOLLEPATA,vehiculos_operativos,0
131005,LA LIBERTAD,SANTIAGO DE CHUCO,MOLLEPATA,comisarias,0
131006,LA LIBERTAD,SANTIAGO DE CHUCO,QUIRUVILCA,denuncias_2024_2026,292
131006,LA LIBERTAD,SANTIAGO DE CHUCO,QUIRUVILCA,vehiculos_pnp,10
131006,LA LIBERTAD,SANTIAGO DE CHUCO,QUIRUVILCA,vehiculos_operativos,5
131006,LA LIBERTAD,SANTIAGO DE CHUCO,QUIRUVILCA,comisarias,2
131007,LA LIBERTAD,SANTIAGO DE CHUCO,SANTA CRUZ DE CHUCA,denuncias_2024_2026,2
131007,LA LIBERTAD,SANTIAGO DE CHUCO,SANTA CRUZ DE CHUCA,vehiculos_pnp,0
131007,LA LIBERTAD,SANTIAGO DE CHUCO,SANTA CRUZ DE CHUCA,vehiculos_operativos,0
131007,LA LIBERTAD,SANTIAGO DE CHUCO,SANTA CRUZ DE CHUCA,comisarias,0
131008,LA LIBERTAD,SANTIAGO DE CHUCO,SITABAMBA,denuncias_2024_2026,15
131008,LA LIBERTAD,SANTIAGO DE CHUCO,SITABAMBA,vehiculos_pnp,0
131008,LA LIBERTAD,SANTIAGO DE CHUCO,SITABAMBA,vehiculos_operativos,0
131008,LA LIBERTAD,SANTIAGO DE CHUCO,SITABAMBA,comisarias,0
131101,LA LIBERTAD,GRAN CHIMU,CASCAS,denuncias_2024_2026,438
131101,LA LIBERTAD,GRAN CHIMU,CASCAS,vehiculos_pnp,8
131101,LA LIBERTAD,GRAN CHIMU,CASCAS,vehiculos_operativos,4
131101,LA LIBERTAD,GRAN CHIMU,CASCAS,comisarias,2
131102,LA LIBERTAD,GRAN CHIMU,LUCMA,denuncias_2024_2026,39
131102,LA LIBERTAD,GRAN CHIMU,LUCMA,vehiculos_pnp,2
131102,LA LIBERTAD,GRAN CHIMU,LUCMA,vehiculos_operativos,1
131102,LA LIBERTAD,GRAN CHIMU,LUCMA,comisarias,1
131103,LA LIBERTAD,GRAN CHIMU,COMPIN,denuncias_2024_2026,25
131103,LA LIBERTAD,GRAN CHIMU,COMPIN,vehiculos_pnp,1
131103,LA LIBERTAD,GRAN CHIMU,COMPIN,vehiculos_operativos,1
131103,LA LIBERTAD,GRAN CHIMU,COMPIN,comisarias,0
131104,LA LIBERTAD,GRAN CHIMU,SAYAPULLO,denuncias_2024_2026,77
131104,LA LIBERTAD,GRAN CHIMU,SAYAPULLO,vehiculos_pnp,2
131104,LA LIBERTAD,GRAN CHIMU,SAYAPULLO,vehiculos_operativos,1
131104,LA LIBERTAD,GRAN CHIMU,SAYAPULLO,comisarias,1
131201,LA LIBERTAD,VIRU,VIRU,denuncias_2024_2026,4134
131201,LA LIBERTAD,VIRU,VIRU,vehiculos_pnp,31
131201,LA LIBERTAD,VIRU,VIRU,vehiculos_operativos,17
131201,LA LIBERTAD,VIRU,VIRU,comisarias,2
131202,LA LIBERTAD,VIRU,CHAO,denuncias_2024_2026,2489
131202,LA LIBERTAD,VIRU,CHAO,vehiculos_pnp,4
131202,LA LIBERTAD,VIRU,CHAO,vehiculos_operativos,2
131202,LA LIBERTAD,VIRU,CHAO,comisarias,1
131203,LA LIBERTAD,VIRU,GUADALUPITO,denuncias_2024_2026,489
131203,LA LIBERTAD,VIRU,GUADALUPITO,vehiculos_pnp,3
131203,LA LIBERTAD,VIRU,GUADALUPITO,vehiculos_operativos,1
131203,LA LIBERTAD,VIRU,GUADALUPITO,comisarias,1
140101,LAMBAYEQUE,CHICLAYO,CHICLAYO,denuncias_2024_2026,56532
140101,LAMBAYEQUE,CHICLAYO,CHICLAYO,vehiculos_pnp,383
140101,LAMBAYEQUE,CHICLAYO,CHICLAYO,vehiculos_operativos,209
140101,LAMBAYEQUE,CHICLAYO,CHICLAYO,comisarias,4
140102,LAMBAYEQUE,CHICLAYO,CHONGOYAPE,denuncias_2024_2026,1381
140102,LAMBAYEQUE,CHICLAYO,CHONGOYAPE,vehiculos_pnp,5
140102,LAMBAYEQUE,CHICLAYO,CHONGOYAPE,vehiculos_operativos,3
140102,LAMBAYEQUE,CHICLAYO,CHONGOYAPE,comisarias,2
140103,LAMBAYEQUE,CHICLAYO,ETEN,denuncias_2024_2026,868
140103,LAMBAYEQUE,CHICLAYO,ETEN,vehiculos_pnp,5
140103,LAMBAYEQUE,CHICLAYO,ETEN,vehiculos_operativos,3
140103,LAMBAYEQUE,CHICLAYO,ETEN,comisarias,1
140104,LAMBAYEQUE,CHICLAYO,ETEN PUERTO,denuncias_2024_2026,265
140104,LAMBAYEQUE,CHICLAYO,ETEN PUERTO,vehiculos_pnp,3
140104,LAMBAYEQUE,CHICLAYO,ETEN PUERTO,vehiculos_operativos,3
140104,LAMBAYEQUE,CHICLAYO,ETEN PUERTO,comisarias,1
140105,LAMBAYEQUE,CHICLAYO,JOSE LEONARDO ORTIZ,denuncias_2024_2026,20601
140105,LAMBAYEQUE,CHICLAYO,JOSE LEONARDO ORTIZ,vehiculos_pnp,24
140105,LAMBAYEQUE,CHICLAYO,JOSE LEONARDO ORTIZ,vehiculos_operativos,19
140105,LAMBAYEQUE,CHICLAYO,JOSE LEONARDO ORTIZ,comisarias,2
140106,LAMBAYEQUE,CHICLAYO,LA VICTORIA,denuncias_2024_2026,10921
140106,LAMBAYEQUE,CHICLAYO,LA VICTORIA,vehiculos_pnp,16
140106,LAMBAYEQUE,CHICLAYO,LA VICTORIA,vehiculos_operativos,12
140106,LAMBAYEQUE,CHICLAYO,LA VICTORIA,comisarias,1
140107,LAMBAYEQUE,CHICLAYO,LAGUNAS,denuncias_2024_2026,744
140107,LAMBAYEQUE,CHICLAYO,LAGUNAS,vehiculos_pnp,7
140107,LAMBAYEQUE,CHICLAYO,LAGUNAS,vehiculos_operativos,4
140107,LAMBAYEQUE,CHICLAYO,LAGUNAS,comisarias,1
140108,LAMBAYEQUE,CHICLAYO,MONSEFU,denuncias_2024_2026,2434
140108,LAMBAYEQUE,CHICLAYO,MONSEFU,vehiculos_pnp,4
140108,LAMBAYEQUE,CHICLAYO,MONSEFU,vehiculos_operativos,3
140108,LAMBAYEQUE,CHICLAYO,MONSEFU,comisarias,1
140109,LAMBAYEQUE,CHICLAYO,NUEVA ARICA,denuncias_2024_2026,257
140109,LAMBAYEQUE,CHICLAYO,NUEVA ARICA,vehiculos_pnp,1
140109,LAMBAYEQUE,CHICLAYO,NUEVA ARICA,vehiculos_operativos,1
140109,LAMBAYEQUE,CHICLAYO,NUEVA ARICA,comisarias,1
140110,LAMBAYEQUE,CHICLAYO,OYOTUN,denuncias_2024_2026,542
140110,LAMBAYEQUE,CHICLAYO,OYOTUN,vehiculos_pnp,2
140110,LAMBAYEQUE,CHICLAYO,OYOTUN,vehiculos_operativos,2
140110,LAMBAYEQUE,CHICLAYO,OYOTUN,comisarias,1
140111,LAMBAYEQUE,CHICLAYO,PICSI,denuncias_2024_2026,1288
140111,LAMBAYEQUE,CHICLAYO,PICSI,vehiculos_pnp,9
140111,LAMBAYEQUE,CHICLAYO,PICSI,vehiculos_operativos,7
140111,LAMBAYEQUE,CHICLAYO,PICSI,comisarias,1
140112,LAMBAYEQUE,CHICLAYO,PIMENTEL,denuncias_2024_2026,4517
140112,LAMBAYEQUE,CHICLAYO,PIMENTEL,vehiculos_pnp,4
140112,LAMBAYEQUE,CHICLAYO,PIMENTEL,vehiculos_operativos,4
140112,LAMBAYEQUE,CHICLAYO,PIMENTEL,comisarias,1
140113,LAMBAYEQUE,CHICLAYO,REQUE,denuncias_2024_2026,1347
140113,LAMBAYEQUE,CHICLAYO,REQUE,vehiculos_pnp,14
140113,LAMBAYEQUE,CHICLAYO,REQUE,vehiculos_operativos,13
140113,LAMBAYEQUE,CHICLAYO,REQUE,comisarias,1
140114,LAMBAYEQUE,CHICLAYO,SANTA ROSA,denuncias_2024_2026,597
140114,LAMBAYEQUE,CHICLAYO,SANTA ROSA,vehiculos_pnp,3
140114,LAMBAYEQUE,CHICLAYO,SANTA ROSA,vehiculos_operativos,2
140114,LAMBAYEQUE,CHICLAYO,SANTA ROSA,comisarias,1
140115,LAMBAYEQUE,CHICLAYO,SAÑA,denuncias_2024_2026,1310
140115,LAMBAYEQUE,CHICLAYO,SAÑA,vehiculos_pnp,7
140115,LAMBAYEQUE,CHICLAYO,SAÑA,vehiculos_operativos,4
140115,LAMBAYEQUE,CHICLAYO,SAÑA,comisarias,0
140116,LAMBAYEQUE,CHICLAYO,CAYALTI,denuncias_2024_2026,1814
140116,LAMBAYEQUE,CHICLAYO,CAYALTI,vehiculos_pnp,5
140116,LAMBAYEQUE,CHICLAYO,CAYALTI,vehiculos_operativos,2
140116,LAMBAYEQUE,CHICLAYO,CAYALTI,comisarias,1
140117,LAMBAYEQUE,CHICLAYO,PATAPO,denuncias_2024_2026,1930
140117,LAMBAYEQUE,CHICLAYO,PATAPO,vehiculos_pnp,5
140117,LAMBAYEQUE,CHICLAYO,PATAPO,vehiculos_operativos,3
140117,LAMBAYEQUE,CHICLAYO,PATAPO,comisarias,2
140118,LAMBAYEQUE,CHICLAYO,POMALCA,denuncias_2024_2026,2326
140118,LAMBAYEQUE,CHICLAYO,POMALCA,vehiculos_pnp,12
140118,LAMBAYEQUE,CHICLAYO,POMALCA,vehiculos_operativos,7
140118,LAMBAYEQUE,CHICLAYO,POMALCA,comisarias,1
140119,LAMBAYEQUE,CHICLAYO,PUCALA,denuncias_2024_2026,776
140119,LAMBAYEQUE,CHICLAYO,PUCALA,vehiculos_pnp,0
140119,LAMBAYEQUE,CHICLAYO,PUCALA,vehiculos_operativos,0
140119,LAMBAYEQUE,CHICLAYO,PUCALA,comisarias,1
140120,LAMBAYEQUE,CHICLAYO,TUMAN,denuncias_2024_2026,2879
140120,LAMBAYEQUE,CHICLAYO,TUMAN,vehiculos_pnp,8
140120,LAMBAYEQUE,CHICLAYO,TUMAN,vehiculos_operativos,4
140120,LAMBAYEQUE,CHICLAYO,TUMAN,comisarias,2
140201,LAMBAYEQUE,FERREÑAFE,FERREÑAFE,denuncias_2024_2026,4123
140201,LAMBAYEQUE,FERREÑAFE,FERREÑAFE,vehiculos_pnp,17
140201,LAMBAYEQUE,FERREÑAFE,FERREÑAFE,vehiculos_operativos,11
140201,LAMBAYEQUE,FERREÑAFE,FERREÑAFE,comisarias,0
140202,LAMBAYEQUE,FERREÑAFE,CAÑARIS,denuncias_2024_2026,11
140202,LAMBAYEQUE,FERREÑAFE,CAÑARIS,vehiculos_pnp,1
140202,LAMBAYEQUE,FERREÑAFE,CAÑARIS,vehiculos_operativos,0
140202,LAMBAYEQUE,FERREÑAFE,CAÑARIS,comisarias,0
140203,LAMBAYEQUE,FERREÑAFE,INCAHUASI,denuncias_2024_2026,153
140203,LAMBAYEQUE,FERREÑAFE,INCAHUASI,vehiculos_pnp,6
140203,LAMBAYEQUE,FERREÑAFE,INCAHUASI,vehiculos_operativos,2
140203,LAMBAYEQUE,FERREÑAFE,INCAHUASI,comisarias,0
140204,LAMBAYEQUE,FERREÑAFE,MANUEL ANTONIO MESONES MURO,denuncias_2024_2026,223
140204,LAMBAYEQUE,FERREÑAFE,MANUEL ANTONIO MESONES MURO,vehiculos_pnp,0
140204,LAMBAYEQUE,FERREÑAFE,MANUEL ANTONIO MESONES MURO,vehiculos_operativos,0
140204,LAMBAYEQUE,FERREÑAFE,MANUEL ANTONIO MESONES MURO,comisarias,0
140205,LAMBAYEQUE,FERREÑAFE,PITIPO,denuncias_2024_2026,1004
140205,LAMBAYEQUE,FERREÑAFE,PITIPO,vehiculos_pnp,1
140205,LAMBAYEQUE,FERREÑAFE,PITIPO,vehiculos_operativos,1
140205,LAMBAYEQUE,FERREÑAFE,PITIPO,comisarias,0
140206,LAMBAYEQUE,FERREÑAFE,PUEBLO NUEVO,denuncias_2024_2026,820
140206,LAMBAYEQUE,FERREÑAFE,PUEBLO NUEVO,vehiculos_pnp,0
140206,LAMBAYEQUE,FERREÑAFE,PUEBLO NUEVO,vehiculos_operativos,0
140206,LAMBAYEQUE,FERREÑAFE,PUEBLO NUEVO,comisarias,0
140301,LAMBAYEQUE,LAMBAYEQUE,LAMBAYEQUE,denuncias_2024_2026,6978
140301,LAMBAYEQUE,LAMBAYEQUE,LAMBAYEQUE,vehiculos_pnp,23
140301,LAMBAYEQUE,LAMBAYEQUE,LAMBAYEQUE,vehiculos_operativos,15
140301,LAMBAYEQUE,LAMBAYEQUE,LAMBAYEQUE,comisarias,2
140302,LAMBAYEQUE,LAMBAYEQUE,CHOCHOPE,denuncias_2024_2026,14
140302,LAMBAYEQUE,LAMBAYEQUE,CHOCHOPE,vehiculos_pnp,0
140302,LAMBAYEQUE,LAMBAYEQUE,CHOCHOPE,vehiculos_operativos,0
140302,LAMBAYEQUE,LAMBAYEQUE,CHOCHOPE,comisarias,0
140303,LAMBAYEQUE,LAMBAYEQUE,ILLIMO,denuncias_2024_2026,494
140303,LAMBAYEQUE,LAMBAYEQUE,ILLIMO,vehiculos_pnp,2
140303,LAMBAYEQUE,LAMBAYEQUE,ILLIMO,vehiculos_operativos,2
140303,LAMBAYEQUE,LAMBAYEQUE,ILLIMO,comisarias,1
140304,LAMBAYEQUE,LAMBAYEQUE,JAYANCA,denuncias_2024_2026,1125
140304,LAMBAYEQUE,LAMBAYEQUE,JAYANCA,vehiculos_pnp,2
140304,LAMBAYEQUE,LAMBAYEQUE,JAYANCA,vehiculos_operativos,2
140304,LAMBAYEQUE,LAMBAYEQUE,JAYANCA,comisarias,1
140305,LAMBAYEQUE,LAMBAYEQUE,MOCHUMI,denuncias_2024_2026,936
140305,LAMBAYEQUE,LAMBAYEQUE,MOCHUMI,vehiculos_pnp,1
140305,LAMBAYEQUE,LAMBAYEQUE,MOCHUMI,vehiculos_operativos,1
140305,LAMBAYEQUE,LAMBAYEQUE,MOCHUMI,comisarias,1
140306,LAMBAYEQUE,LAMBAYEQUE,MORROPE,denuncias_2024_2026,1539
140306,LAMBAYEQUE,LAMBAYEQUE,MORROPE,vehiculos_pnp,11
140306,LAMBAYEQUE,LAMBAYEQUE,MORROPE,vehiculos_operativos,10
140306,LAMBAYEQUE,LAMBAYEQUE,MORROPE,comisarias,2
140307,LAMBAYEQUE,LAMBAYEQUE,MOTUPE,denuncias_2024_2026,2193
140307,LAMBAYEQUE,LAMBAYEQUE,MOTUPE,vehiculos_pnp,5
140307,LAMBAYEQUE,LAMBAYEQUE,MOTUPE,vehiculos_operativos,4
140307,LAMBAYEQUE,LAMBAYEQUE,MOTUPE,comisarias,1
140308,LAMBAYEQUE,LAMBAYEQUE,OLMOS,denuncias_2024_2026,2555
140308,LAMBAYEQUE,LAMBAYEQUE,OLMOS,vehiculos_pnp,18
140308,LAMBAYEQUE,LAMBAYEQUE,OLMOS,vehiculos_operativos,12
140308,LAMBAYEQUE,LAMBAYEQUE,OLMOS,comisarias,1
140309,LAMBAYEQUE,LAMBAYEQUE,PACORA,denuncias_2024_2026,574
140309,LAMBAYEQUE,LAMBAYEQUE,PACORA,vehiculos_pnp,2
140309,LAMBAYEQUE,LAMBAYEQUE,PACORA,vehiculos_operativos,2
140309,LAMBAYEQUE,LAMBAYEQUE,PACORA,comisarias,1
140310,LAMBAYEQUE,LAMBAYEQUE,SALAS,denuncias_2024_2026,272
140310,LAMBAYEQUE,LAMBAYEQUE,SALAS,vehiculos_pnp,3
140310,LAMBAYEQUE,LAMBAYEQUE,SALAS,vehiculos_operativos,3
140310,LAMBAYEQUE,LAMBAYEQUE,SALAS,comisarias,2
140311,LAMBAYEQUE,LAMBAYEQUE,SAN JOSE,denuncias_2024_2026,1089
140311,LAMBAYEQUE,LAMBAYEQUE,SAN JOSE,vehiculos_pnp,3
140311,LAMBAYEQUE,LAMBAYEQUE,SAN JOSE,vehiculos_operativos,3
140311,LAMBAYEQUE,LAMBAYEQUE,SAN JOSE,comisarias,1
140312,LAMBAYEQUE,LAMBAYEQUE,TUCUME,denuncias_2024_2026,937
140312,LAMBAYEQUE,LAMBAYEQUE,TUCUME,vehiculos_pnp,4
140312,LAMBAYEQUE,LAMBAYEQUE,TUCUME,vehiculos_operativos,2
140312,LAMBAYEQUE,LAMBAYEQUE,TUCUME,comisarias,1
150101,LIMA METROPOLITANA,LIMA,LIMA,denuncias_2024_2026,74349
150101,LIMA METROPOLITANA,LIMA,LIMA,vehiculos_pnp,2692
150101,LIMA METROPOLITANA,LIMA,LIMA,vehiculos_operativos,1726
150101,LIMA METROPOLITANA,LIMA,LIMA,comisarias,10
150102,LIMA METROPOLITANA,LIMA,ANCON,denuncias_2024_2026,4485
150102,LIMA METROPOLITANA,LIMA,ANCON,vehiculos_pnp,21
150102,LIMA METROPOLITANA,LIMA,ANCON,vehiculos_operativos,15
150102,LIMA METROPOLITANA,LIMA,ANCON,comisarias,1
150103,LIMA METROPOLITANA,LIMA,ATE,denuncias_2024_2026,37817
150103,LIMA METROPOLITANA,LIMA,ATE,vehiculos_pnp,272
150103,LIMA METROPOLITANA,LIMA,ATE,vehiculos_operativos,215
150103,LIMA METROPOLITANA,LIMA,ATE,comisarias,4
150104,LIMA METROPOLITANA,LIMA,BARRANCO,denuncias_2024_2026,7148
150104,LIMA METROPOLITANA,LIMA,BARRANCO,vehiculos_pnp,171
150104,LIMA METROPOLITANA,LIMA,BARRANCO,vehiculos_operativos,115
150104,LIMA METROPOLITANA,LIMA,BARRANCO,comisarias,1
150105,LIMA METROPOLITANA,LIMA,BREÑA,denuncias_2024_2026,11470
150105,LIMA METROPOLITANA,LIMA,BREÑA,vehiculos_pnp,58
150105,LIMA METROPOLITANA,LIMA,BREÑA,vehiculos_operativos,54
150105,LIMA METROPOLITANA,LIMA,BREÑA,comisarias,0
150106,LIMA METROPOLITANA,LIMA,CARABAYLLO,denuncias_2024_2026,23802
150106,LIMA METROPOLITANA,LIMA,CARABAYLLO,vehiculos_pnp,63
150106,LIMA METROPOLITANA,LIMA,CARABAYLLO,vehiculos_operativos,40
150106,LIMA METROPOLITANA,LIMA,CARABAYLLO,comisarias,3
150107,LIMA METROPOLITANA,LIMA,CHACLACAYO,denuncias_2024_2026,4744
150107,LIMA METROPOLITANA,LIMA,CHACLACAYO,vehiculos_pnp,16
150107,LIMA METROPOLITANA,LIMA,CHACLACAYO,vehiculos_operativos,10
150107,LIMA METROPOLITANA,LIMA,CHACLACAYO,comisarias,1
150108,LIMA METROPOLITANA,LIMA,CHORRILLOS,denuncias_2024_2026,23879
150108,LIMA METROPOLITANA,LIMA,CHORRILLOS,vehiculos_pnp,134
150108,LIMA METROPOLITANA,LIMA,CHORRILLOS,vehiculos_operativos,106
150108,LIMA METROPOLITANA,LIMA,CHORRILLOS,comisarias,4
150109,LIMA METROPOLITANA,LIMA,CIENEGUILLA,denuncias_2024_2026,2348
150109,LIMA METROPOLITANA,LIMA,CIENEGUILLA,vehiculos_pnp,19
150109,LIMA METROPOLITANA,LIMA,CIENEGUILLA,vehiculos_operativos,12
150109,LIMA METROPOLITANA,LIMA,CIENEGUILLA,comisarias,1
150110,LIMA METROPOLITANA,LIMA,COMAS,denuncias_2024_2026,42326
150110,LIMA METROPOLITANA,LIMA,COMAS,vehiculos_pnp,114
150110,LIMA METROPOLITANA,LIMA,COMAS,vehiculos_operativos,71
150110,LIMA METROPOLITANA,LIMA,COMAS,comisarias,5
150111,LIMA METROPOLITANA,LIMA,EL AGUSTINO,denuncias_2024_2026,13842
150111,LIMA METROPOLITANA,LIMA,EL AGUSTINO,vehiculos_pnp,69
150111,LIMA METROPOLITANA,LIMA,EL AGUSTINO,vehiculos_operativos,58
150111,LIMA METROPOLITANA,LIMA,EL AGUSTINO,comisarias,5
150112,LIMA METROPOLITANA,LIMA,INDEPENDENCIA,denuncias_2024_2026,25662
150112,LIMA METROPOLITANA,LIMA,INDEPENDENCIA,vehiculos_pnp,89
150112,LIMA METROPOLITANA,LIMA,INDEPENDENCIA,vehiculos_operativos,62
150112,LIMA METROPOLITANA,LIMA,INDEPENDENCIA,comisarias,3
150113,LIMA METROPOLITANA,LIMA,JESUS MARIA,denuncias_2024_2026,9863
150113,LIMA METROPOLITANA,LIMA,JESUS MARIA,vehiculos_pnp,54
150113,LIMA METROPOLITANA,LIMA,JESUS MARIA,vehiculos_operativos,46
150113,LIMA METROPOLITANA,LIMA,JESUS MARIA,comisarias,1
150114,LIMA METROPOLITANA,LIMA,LA MOLINA,denuncias_2024_2026,11488
150114,LIMA METROPOLITANA,LIMA,LA MOLINA,vehiculos_pnp,42
150114,LIMA METROPOLITANA,LIMA,LA MOLINA,vehiculos_operativos,31
150114,LIMA METROPOLITANA,LIMA,LA MOLINA,comisarias,3
150115,LIMA METROPOLITANA,LIMA,LA VICTORIA,denuncias_2024_2026,22137
150115,LIMA METROPOLITANA,LIMA,LA VICTORIA,vehiculos_pnp,290
150115,LIMA METROPOLITANA,LIMA,LA VICTORIA,vehiculos_operativos,230
150115,LIMA METROPOLITANA,LIMA,LA VICTORIA,comisarias,3
150116,LIMA METROPOLITANA,LIMA,LINCE,denuncias_2024_2026,7874
150116,LIMA METROPOLITANA,LIMA,LINCE,vehiculos_pnp,25
150116,LIMA METROPOLITANA,LIMA,LINCE,vehiculos_operativos,20
150116,LIMA METROPOLITANA,LIMA,LINCE,comisarias,1
150117,LIMA METROPOLITANA,LIMA,LOS OLIVOS,denuncias_2024_2026,31903
150117,LIMA METROPOLITANA,LIMA,LOS OLIVOS,vehiculos_pnp,142
150117,LIMA METROPOLITANA,LIMA,LOS OLIVOS,vehiculos_operativos,101
150117,LIMA METROPOLITANA,LIMA,LOS OLIVOS,comisarias,3
150118,LIMA METROPOLITANA,LIMA,LURIGANCHO - CHOSICA,denuncias_2024_2026,17039
150118,LIMA METROPOLITANA,LIMA,LURIGANCHO - CHOSICA,vehiculos_pnp,92
150118,LIMA METROPOLITANA,LIMA,LURIGANCHO - CHOSICA,vehiculos_operativos,71
150118,LIMA METROPOLITANA,LIMA,LURIGANCHO - CHOSICA,comisarias,0
150119,LIMA METROPOLITANA,LIMA,LURIN,denuncias_2024_2026,6963
150119,LIMA METROPOLITANA,LIMA,LURIN,vehiculos_pnp,37
150119,LIMA METROPOLITANA,LIMA,LURIN,vehiculos_operativos,22
150119,LIMA METROPOLITANA,LIMA,LURIN,comisarias,1
150120,LIMA METROPOLITANA,LIMA,MAGDALENA DEL MAR,denuncias_2024_2026,3871
150120,LIMA METROPOLITANA,LIMA,MAGDALENA DEL MAR,vehiculos_pnp,70
150120,LIMA METROPOLITANA,LIMA,MAGDALENA DEL MAR,vehiculos_operativos,44
150120,LIMA METROPOLITANA,LIMA,MAGDALENA DEL MAR,comisarias,1
150121,LIMA METROPOLITANA,LIMA,PUEBLO LIBRE,denuncias_2024_2026,6099
150121,LIMA METROPOLITANA,LIMA,PUEBLO LIBRE,vehiculos_pnp,14
150121,LIMA METROPOLITANA,LIMA,PUEBLO LIBRE,vehiculos_operativos,11
150121,LIMA METROPOLITANA,LIMA,PUEBLO LIBRE,comisarias,1
150122,LIMA METROPOLITANA,LIMA,MIRAFLORES,denuncias_2024_2026,23941
150122,LIMA METROPOLITANA,LIMA,MIRAFLORES,vehiculos_pnp,35
150122,LIMA METROPOLITANA,LIMA,MIRAFLORES,vehiculos_operativos,35
150122,LIMA METROPOLITANA,LIMA,MIRAFLORES,comisarias,1
150123,LIMA METROPOLITANA,LIMA,PACHACAMAC,denuncias_2024_2026,7821
150123,LIMA METROPOLITANA,LIMA,PACHACAMAC,vehiculos_pnp,30
150123,LIMA METROPOLITANA,LIMA,PACHACAMAC,vehiculos_operativos,28
150123,LIMA METROPOLITANA,LIMA,PACHACAMAC,comisarias,2
150124,LIMA METROPOLITANA,LIMA,PUCUSANA,denuncias_2024_2026,1506
150124,LIMA METROPOLITANA,LIMA,PUCUSANA,vehiculos_pnp,11
150124,LIMA METROPOLITANA,LIMA,PUCUSANA,vehiculos_operativos,8
150124,LIMA METROPOLITANA,LIMA,PUCUSANA,comisarias,1
150125,LIMA METROPOLITANA,LIMA,PUENTE PIEDRA,denuncias_2024_2026,20818
150125,LIMA METROPOLITANA,LIMA,PUENTE PIEDRA,vehiculos_pnp,68
150125,LIMA METROPOLITANA,LIMA,PUENTE PIEDRA,vehiculos_operativos,50
150125,LIMA METROPOLITANA,LIMA,PUENTE PIEDRA,comisarias,3
150126,LIMA METROPOLITANA,LIMA,PUNTA HERMOSA,denuncias_2024_2026,1308
150126,LIMA METROPOLITANA,LIMA,PUNTA HERMOSA,vehiculos_pnp,9
150126,LIMA METROPOLITANA,LIMA,PUNTA HERMOSA,vehiculos_operativos,9
150126,LIMA METROPOLITANA,LIMA,PUNTA HERMOSA,comisarias,1
150127,LIMA METROPOLITANA,LIMA,PUNTA NEGRA,denuncias_2024_2026,609
150127,LIMA METROPOLITANA,LIMA,PUNTA NEGRA,vehiculos_pnp,8
150127,LIMA METROPOLITANA,LIMA,PUNTA NEGRA,vehiculos_operativos,5
150127,LIMA METROPOLITANA,LIMA,PUNTA NEGRA,comisarias,1
150128,LIMA METROPOLITANA,LIMA,RIMAC,denuncias_2024_2026,21074
150128,LIMA METROPOLITANA,LIMA,RIMAC,vehiculos_pnp,261
150128,LIMA METROPOLITANA,LIMA,RIMAC,vehiculos_operativos,181
150128,LIMA METROPOLITANA,LIMA,RIMAC,comisarias,6
150129,LIMA METROPOLITANA,LIMA,SAN BARTOLO,denuncias_2024_2026,1023
150129,LIMA METROPOLITANA,LIMA,SAN BARTOLO,vehiculos_pnp,17
150129,LIMA METROPOLITANA,LIMA,SAN BARTOLO,vehiculos_operativos,10
150129,LIMA METROPOLITANA,LIMA,SAN BARTOLO,comisarias,1
150130,LIMA METROPOLITANA,LIMA,SAN BORJA,denuncias_2024_2026,10665
150130,LIMA METROPOLITANA,LIMA,SAN BORJA,vehiculos_pnp,47
150130,LIMA METROPOLITANA,LIMA,SAN BORJA,vehiculos_operativos,36
150130,LIMA METROPOLITANA,LIMA,SAN BORJA,comisarias,2
150131,LIMA METROPOLITANA,LIMA,SAN ISIDRO,denuncias_2024_2026,10277
150131,LIMA METROPOLITANA,LIMA,SAN ISIDRO,vehiculos_pnp,451
150131,LIMA METROPOLITANA,LIMA,SAN ISIDRO,vehiculos_operativos,357
150131,LIMA METROPOLITANA,LIMA,SAN ISIDRO,comisarias,2
150132,LIMA METROPOLITANA,LIMA,SAN JUAN DE LURIGANCHO,denuncias_2024_2026,73859
150132,LIMA METROPOLITANA,LIMA,SAN JUAN DE LURIGANCHO,vehiculos_pnp,225
150132,LIMA METROPOLITANA,LIMA,SAN JUAN DE LURIGANCHO,vehiculos_operativos,169
150132,LIMA METROPOLITANA,LIMA,SAN JUAN DE LURIGANCHO,comisarias,9
150133,LIMA METROPOLITANA,LIMA,SAN JUAN DE MIRAFLORES,denuncias_2024_2026,25753
150133,LIMA METROPOLITANA,LIMA,SAN JUAN DE MIRAFLORES,vehiculos_pnp,74
150133,LIMA METROPOLITANA,LIMA,SAN JUAN DE MIRAFLORES,vehiculos_operativos,62
150133,LIMA METROPOLITANA,LIMA,SAN JUAN DE MIRAFLORES,comisarias,4
150134,LIMA METROPOLITANA,LIMA,SAN LUIS,denuncias_2024_2026,5490
150134,LIMA METROPOLITANA,LIMA,SAN LUIS,vehiculos_pnp,44
150134,LIMA METROPOLITANA,LIMA,SAN LUIS,vehiculos_operativos,31
150134,LIMA METROPOLITANA,LIMA,SAN LUIS,comisarias,2
150135,LIMA METROPOLITANA,LIMA,SAN MARTIN DE PORRES,denuncias_2024_2026,38728
150135,LIMA METROPOLITANA,LIMA,SAN MARTIN DE PORRES,vehiculos_pnp,88
150135,LIMA METROPOLITANA,LIMA,SAN MARTIN DE PORRES,vehiculos_operativos,70
150135,LIMA METROPOLITANA,LIMA,SAN MARTIN DE PORRES,comisarias,3
150136,LIMA METROPOLITANA,LIMA,SAN MIGUEL,denuncias_2024_2026,10056
150136,LIMA METROPOLITANA,LIMA,SAN MIGUEL,vehiculos_pnp,74
150136,LIMA METROPOLITANA,LIMA,SAN MIGUEL,vehiculos_operativos,33
150136,LIMA METROPOLITANA,LIMA,SAN MIGUEL,comisarias,2
150137,LIMA METROPOLITANA,LIMA,SANTA ANITA,denuncias_2024_2026,19061
150137,LIMA METROPOLITANA,LIMA,SANTA ANITA,vehiculos_pnp,175
150137,LIMA METROPOLITANA,LIMA,SANTA ANITA,vehiculos_operativos,149
150137,LIMA METROPOLITANA,LIMA,SANTA ANITA,comisarias,1
150138,LIMA METROPOLITANA,LIMA,SANTA MARIA DEL MAR,denuncias_2024_2026,123
150138,LIMA METROPOLITANA,LIMA,SANTA MARIA DEL MAR,vehiculos_pnp,8
150138,LIMA METROPOLITANA,LIMA,SANTA MARIA DEL MAR,vehiculos_operativos,8
150138,LIMA METROPOLITANA,LIMA,SANTA MARIA DEL MAR,comisarias,1
150139,LIMA METROPOLITANA,LIMA,SANTA ROSA,denuncias_2024_2026,1455
150139,LIMA METROPOLITANA,LIMA,SANTA ROSA,vehiculos_pnp,20
150139,LIMA METROPOLITANA,LIMA,SANTA ROSA,vehiculos_operativos,13
150139,LIMA METROPOLITANA,LIMA,SANTA ROSA,comisarias,1
150140,LIMA METROPOLITANA,LIMA,SANTIAGO DE SURCO,denuncias_2024_2026,31594
150140,LIMA METROPOLITANA,LIMA,SANTIAGO DE SURCO,vehiculos_pnp,86
150140,LIMA METROPOLITANA,LIMA,SANTIAGO DE SURCO,vehiculos_operativos,59
150140,LIMA METROPOLITANA,LIMA,SANTIAGO DE SURCO,comisarias,3
150141,LIMA METROPOLITANA,LIMA,SURQUILLO,denuncias_2024_2026,8336
150141,LIMA METROPOLITANA,LIMA,SURQUILLO,vehiculos_pnp,1049
150141,LIMA METROPOLITANA,LIMA,SURQUILLO,vehiculos_operativos,841
150141,LIMA METROPOLITANA,LIMA,SURQUILLO,comisarias,2
150142,LIMA METROPOLITANA,LIMA,VILLA EL SALVADOR,denuncias_2024_2026,28725
150142,LIMA METROPOLITANA,LIMA,VILLA EL SALVADOR,vehiculos_pnp,32
150142,LIMA METROPOLITANA,LIMA,VILLA EL SALVADOR,vehiculos_operativos,26
150142,LIMA METROPOLITANA,LIMA,VILLA EL SALVADOR,comisarias,2
150143,LIMA METROPOLITANA,LIMA,VILLA MARIA DEL TRIUNFO,denuncias_2024_2026,33031
150143,LIMA METROPOLITANA,LIMA,VILLA MARIA DEL TRIUNFO,vehiculos_pnp,114
150143,LIMA METROPOLITANA,LIMA,VILLA MARIA DEL TRIUNFO,vehiculos_operativos,103
150143,LIMA METROPOLITANA,LIMA,VILLA MARIA DEL TRIUNFO,comisarias,6
150201,REGION LIMA,BARRANCA,BARRANCA,denuncias_2024_2026,6934
150201,REGION LIMA,BARRANCA,BARRANCA,vehiculos_pnp,94
150201,REGION LIMA,BARRANCA,BARRANCA,vehiculos_operativos,36
150201,REGION LIMA,BARRANCA,BARRANCA,comisarias,0
150202,REGION LIMA,BARRANCA,PARAMONGA,denuncias_2024_2026,1185
150202,REGION LIMA,BARRANCA,PARAMONGA,vehiculos_pnp,16
150202,REGION LIMA,BARRANCA,PARAMONGA,vehiculos_operativos,1
150202,REGION LIMA,BARRANCA,PARAMONGA,comisarias,0
150203,REGION LIMA,BARRANCA,PATIVILCA,denuncias_2024_2026,771
150203,REGION LIMA,BARRANCA,PATIVILCA,vehiculos_pnp,12
150203,REGION LIMA,BARRANCA,PATIVILCA,vehiculos_operativos,1
150203,REGION LIMA,BARRANCA,PATIVILCA,comisarias,0
150204,REGION LIMA,BARRANCA,SUPE,denuncias_2024_2026,1425
150204,REGION LIMA,BARRANCA,SUPE,vehiculos_pnp,32
150204,REGION LIMA,BARRANCA,SUPE,vehiculos_operativos,7
150204,REGION LIMA,BARRANCA,SUPE,comisarias,0
150205,REGION LIMA,BARRANCA,SUPE PUERTO,denuncias_2024_2026,586
150205,REGION LIMA,BARRANCA,SUPE PUERTO,vehiculos_pnp,6
150205,REGION LIMA,BARRANCA,SUPE PUERTO,vehiculos_operativos,1
150205,REGION LIMA,BARRANCA,SUPE PUERTO,comisarias,0
150301,REGION LIMA,CAJATAMBO,CAJATAMBO,denuncias_2024_2026,10
150301,REGION LIMA,CAJATAMBO,CAJATAMBO,vehiculos_pnp,0
150301,REGION LIMA,CAJATAMBO,CAJATAMBO,vehiculos_operativos,0
150301,REGION LIMA,CAJATAMBO,CAJATAMBO,comisarias,0
150302,REGION LIMA,CAJATAMBO,COPA,denuncias_2024_2026,1
150302,REGION LIMA,CAJATAMBO,COPA,vehiculos_pnp,0
150302,REGION LIMA,CAJATAMBO,COPA,vehiculos_operativos,0
150302,REGION LIMA,CAJATAMBO,COPA,comisarias,0
150303,REGION LIMA,CAJATAMBO,GORGOR,denuncias_2024_2026,41
150303,REGION LIMA,CAJATAMBO,GORGOR,vehiculos_pnp,2
150303,REGION LIMA,CAJATAMBO,GORGOR,vehiculos_operativos,1
150303,REGION LIMA,CAJATAMBO,GORGOR,comisarias,0
150304,REGION LIMA,CAJATAMBO,HUANCAPON,denuncias_2024_2026,1
150304,REGION LIMA,CAJATAMBO,HUANCAPON,vehiculos_pnp,0
150304,REGION LIMA,CAJATAMBO,HUANCAPON,vehiculos_operativos,0
150304,REGION LIMA,CAJATAMBO,HUANCAPON,comisarias,0
150401,REGION LIMA,CANTA,CANTA,denuncias_2024_2026,417
150401,REGION LIMA,CANTA,CANTA,vehiculos_pnp,8
150401,REGION LIMA,CANTA,CANTA,vehiculos_operativos,2
150401,REGION LIMA,CANTA,CANTA,comisarias,0
150402,REGION LIMA,CANTA,ARAHUAY,denuncias_2024_2026,3
150402,REGION LIMA,CANTA,ARAHUAY,vehiculos_pnp,0
150402,REGION LIMA,CANTA,ARAHUAY,vehiculos_operativos,0
150402,REGION LIMA,CANTA,ARAHUAY,comisarias,0
150403,REGION LIMA,CANTA,HUAMANTANGA,denuncias_2024_2026,5
150403,REGION LIMA,CANTA,HUAMANTANGA,vehiculos_pnp,0
150403,REGION LIMA,CANTA,HUAMANTANGA,vehiculos_operativos,0
150403,REGION LIMA,CANTA,HUAMANTANGA,comisarias,0
150404,REGION LIMA,CANTA,HUAROS,denuncias_2024_2026,12
150404,REGION LIMA,CANTA,HUAROS,vehiculos_pnp,0
150404,REGION LIMA,CANTA,HUAROS,vehiculos_operativos,0
150404,REGION LIMA,CANTA,HUAROS,comisarias,0
150405,REGION LIMA,CANTA,LACHAQUI,denuncias_2024_2026,4
150405,REGION LIMA,CANTA,LACHAQUI,vehiculos_pnp,0
150405,REGION LIMA,CANTA,LACHAQUI,vehiculos_operativos,0
150405,REGION LIMA,CANTA,LACHAQUI,comisarias,0
150406,REGION LIMA,CANTA,SAN BUENAVENTURA,denuncias_2024_2026,2
150406,REGION LIMA,CANTA,SAN BUENAVENTURA,vehiculos_pnp,0
150406,REGION LIMA,CANTA,SAN BUENAVENTURA,vehiculos_operativos,0
150406,REGION LIMA,CANTA,SAN BUENAVENTURA,comisarias,0
150407,REGION LIMA,CANTA,SANTA ROSA DE QUIVES,denuncias_2024_2026,647
150407,REGION LIMA,CANTA,SANTA ROSA DE QUIVES,vehiculos_pnp,9
150407,REGION LIMA,CANTA,SANTA ROSA DE QUIVES,vehiculos_operativos,5
150407,REGION LIMA,CANTA,SANTA ROSA DE QUIVES,comisarias,0
150501,REGION LIMA,CAÑETE,SAN VICENTE DE CAÑETE,denuncias_2024_2026,4402
150501,REGION LIMA,CAÑETE,SAN VICENTE DE CAÑETE,vehiculos_pnp,173
150501,REGION LIMA,CAÑETE,SAN VICENTE DE CAÑETE,vehiculos_operativos,88
150501,REGION LIMA,CAÑETE,SAN VICENTE DE CAÑETE,comisarias,0
150502,REGION LIMA,CAÑETE,ASIA,denuncias_2024_2026,1055
150502,REGION LIMA,CAÑETE,ASIA,vehiculos_pnp,11
150502,REGION LIMA,CAÑETE,ASIA,vehiculos_operativos,4
150502,REGION LIMA,CAÑETE,ASIA,comisarias,0
150503,REGION LIMA,CAÑETE,CALANGO,denuncias_2024_2026,244
150503,REGION LIMA,CAÑETE,CALANGO,vehiculos_pnp,7
150503,REGION LIMA,CAÑETE,CALANGO,vehiculos_operativos,3
150503,REGION LIMA,CAÑETE,CALANGO,comisarias,0
150504,REGION LIMA,CAÑETE,CERRO AZUL,denuncias_2024_2026,1003
150504,REGION LIMA,CAÑETE,CERRO AZUL,vehiculos_pnp,12
150504,REGION LIMA,CAÑETE,CERRO AZUL,vehiculos_operativos,2
150504,REGION LIMA,CAÑETE,CERRO AZUL,comisarias,0
150505,REGION LIMA,CAÑETE,CHILCA,denuncias_2024_2026,2632
150505,REGION LIMA,CAÑETE,CHILCA,vehiculos_pnp,17
150505,REGION LIMA,CAÑETE,CHILCA,vehiculos_operativos,6
150505,REGION LIMA,CAÑETE,CHILCA,comisarias,0
150506,REGION LIMA,CAÑETE,COAYLLO,denuncias_2024_2026,28
150506,REGION LIMA,CAÑETE,COAYLLO,vehiculos_pnp,0
150506,REGION LIMA,CAÑETE,COAYLLO,vehiculos_operativos,0
150506,REGION LIMA,CAÑETE,COAYLLO,comisarias,0
150507,REGION LIMA,CAÑETE,IMPERIAL,denuncias_2024_2026,5161
150507,REGION LIMA,CAÑETE,IMPERIAL,vehiculos_pnp,18
150507,REGION LIMA,CAÑETE,IMPERIAL,vehiculos_operativos,7
150507,REGION LIMA,CAÑETE,IMPERIAL,comisarias,0
150508,REGION LIMA,CAÑETE,LUNAHUANA,denuncias_2024_2026,408
150508,REGION LIMA,CAÑETE,LUNAHUANA,vehiculos_pnp,6
150508,REGION LIMA,CAÑETE,LUNAHUANA,vehiculos_operativos,3
150508,REGION LIMA,CAÑETE,LUNAHUANA,comisarias,0
150509,REGION LIMA,CAÑETE,MALA,denuncias_2024_2026,3577
150509,REGION LIMA,CAÑETE,MALA,vehiculos_pnp,19
150509,REGION LIMA,CAÑETE,MALA,vehiculos_operativos,9
150509,REGION LIMA,CAÑETE,MALA,comisarias,0
150510,REGION LIMA,CAÑETE,NUEVO IMPERIAL,denuncias_2024_2026,1760
150510,REGION LIMA,CAÑETE,NUEVO IMPERIAL,vehiculos_pnp,22
150510,REGION LIMA,CAÑETE,NUEVO IMPERIAL,vehiculos_operativos,14
150510,REGION LIMA,CAÑETE,NUEVO IMPERIAL,comisarias,0
150511,REGION LIMA,CAÑETE,PACARAN,denuncias_2024_2026,144
150511,REGION LIMA,CAÑETE,PACARAN,vehiculos_pnp,3
150511,REGION LIMA,CAÑETE,PACARAN,vehiculos_operativos,2
150511,REGION LIMA,CAÑETE,PACARAN,comisarias,0
150512,REGION LIMA,CAÑETE,QUILMANA,denuncias_2024_2026,1145
150512,REGION LIMA,CAÑETE,QUILMANA,vehiculos_pnp,7
150512,REGION LIMA,CAÑETE,QUILMANA,vehiculos_operativos,3
150512,REGION LIMA,CAÑETE,QUILMANA,comisarias,0
150513,REGION LIMA,CAÑETE,SAN ANTONIO,denuncias_2024_2026,733
150513,REGION LIMA,CAÑETE,SAN ANTONIO,vehiculos_pnp,8
150513,REGION LIMA,CAÑETE,SAN ANTONIO,vehiculos_operativos,3
150513,REGION LIMA,CAÑETE,SAN ANTONIO,comisarias,0
150514,REGION LIMA,CAÑETE,SAN LUIS,denuncias_2024_2026,1092
150514,REGION LIMA,CAÑETE,SAN LUIS,vehiculos_pnp,9
150514,REGION LIMA,CAÑETE,SAN LUIS,vehiculos_operativos,5
150514,REGION LIMA,CAÑETE,SAN LUIS,comisarias,0
150515,REGION LIMA,CAÑETE,SANTA CRUZ DE FLORES,denuncias_2024_2026,105
150515,REGION LIMA,CAÑETE,SANTA CRUZ DE FLORES,vehiculos_pnp,0
150515,REGION LIMA,CAÑETE,SANTA CRUZ DE FLORES,vehiculos_operativos,0
150515,REGION LIMA,CAÑETE,SANTA CRUZ DE FLORES,comisarias,0
150516,REGION LIMA,CAÑETE,ZUÑIGA,denuncias_2024_2026,70
150516,REGION LIMA,CAÑETE,ZUÑIGA,vehiculos_pnp,3
150516,REGION LIMA,CAÑETE,ZUÑIGA,vehiculos_operativos,1
150516,REGION LIMA,CAÑETE,ZUÑIGA,comisarias,0
150601,REGION LIMA,HUARAL,HUARAL,denuncias_2024_2026,3601
150601,REGION LIMA,HUARAL,HUARAL,vehiculos_pnp,80
150601,REGION LIMA,HUARAL,HUARAL,vehiculos_operativos,44
150601,REGION LIMA,HUARAL,HUARAL,comisarias,0
150602,REGION LIMA,HUARAL,ATAVILLOS ALTO,denuncias_2024_2026,3
150602,REGION LIMA,HUARAL,ATAVILLOS ALTO,vehiculos_pnp,0
150602,REGION LIMA,HUARAL,ATAVILLOS ALTO,vehiculos_operativos,0
150602,REGION LIMA,HUARAL,ATAVILLOS ALTO,comisarias,0
150604,REGION LIMA,HUARAL,AUCALLAMA,denuncias_2024_2026,383
150604,REGION LIMA,HUARAL,AUCALLAMA,vehiculos_pnp,12
150604,REGION LIMA,HUARAL,AUCALLAMA,vehiculos_operativos,5
150604,REGION LIMA,HUARAL,AUCALLAMA,comisarias,0
150605,REGION LIMA,HUARAL,CHANCAY,denuncias_2024_2026,3399
150605,REGION LIMA,HUARAL,CHANCAY,vehiculos_pnp,40
150605,REGION LIMA,HUARAL,CHANCAY,vehiculos_operativos,19
150605,REGION LIMA,HUARAL,CHANCAY,comisarias,0
150606,REGION LIMA,HUARAL,IHUARI,denuncias_2024_2026,6
150606,REGION LIMA,HUARAL,IHUARI,vehiculos_pnp,0
150606,REGION LIMA,HUARAL,IHUARI,vehiculos_operativos,0
150606,REGION LIMA,HUARAL,IHUARI,comisarias,0
150608,REGION LIMA,HUARAL,PACARAOS,denuncias_2024_2026,4
150608,REGION LIMA,HUARAL,PACARAOS,vehiculos_pnp,0
150608,REGION LIMA,HUARAL,PACARAOS,vehiculos_operativos,0
150608,REGION LIMA,HUARAL,PACARAOS,comisarias,0
150610,REGION LIMA,HUARAL,SANTA CRUZ DE ANDAMARCA,denuncias_2024_2026,2
150610,REGION LIMA,HUARAL,SANTA CRUZ DE ANDAMARCA,vehiculos_pnp,0
150610,REGION LIMA,HUARAL,SANTA CRUZ DE ANDAMARCA,vehiculos_operativos,0
150610,REGION LIMA,HUARAL,SANTA CRUZ DE ANDAMARCA,comisarias,0
150611,REGION LIMA,HUARAL,SUMBILCA,denuncias_2024_2026,1
150611,REGION LIMA,HUARAL,SUMBILCA,vehiculos_pnp,0
150611,REGION LIMA,HUARAL,SUMBILCA,vehiculos_operativos,0
150611,REGION LIMA,HUARAL,SUMBILCA,comisarias,0
150701,REGION LIMA,HUAROCHIRI,MATUCANA,denuncias_2024_2026,565
150701,REGION LIMA,HUAROCHIRI,MATUCANA,vehiculos_pnp,6
150701,REGION LIMA,HUAROCHIRI,MATUCANA,vehiculos_operativos,5
150701,REGION LIMA,HUAROCHIRI,MATUCANA,comisarias,0
150702,REGION LIMA,HUAROCHIRI,ANTIOQUIA,denuncias_2024_2026,8
150702,REGION LIMA,HUAROCHIRI,ANTIOQUIA,vehiculos_pnp,0
150702,REGION LIMA,HUAROCHIRI,ANTIOQUIA,vehiculos_operativos,0
150702,REGION LIMA,HUAROCHIRI,ANTIOQUIA,comisarias,0
150703,REGION LIMA,HUAROCHIRI,CALLAHUANCA,denuncias_2024_2026,13
150703,REGION LIMA,HUAROCHIRI,CALLAHUANCA,vehiculos_pnp,0
150703,REGION LIMA,HUAROCHIRI,CALLAHUANCA,vehiculos_operativos,0
150703,REGION LIMA,HUAROCHIRI,CALLAHUANCA,comisarias,0
150704,REGION LIMA,HUAROCHIRI,CARAMPOMA,denuncias_2024_2026,18
150704,REGION LIMA,HUAROCHIRI,CARAMPOMA,vehiculos_pnp,0
150704,REGION LIMA,HUAROCHIRI,CARAMPOMA,vehiculos_operativos,0
150704,REGION LIMA,HUAROCHIRI,CARAMPOMA,comisarias,0
150705,REGION LIMA,HUAROCHIRI,CHICLA,denuncias_2024_2026,101
150705,REGION LIMA,HUAROCHIRI,CHICLA,vehiculos_pnp,11
150705,REGION LIMA,HUAROCHIRI,CHICLA,vehiculos_operativos,7
150705,REGION LIMA,HUAROCHIRI,CHICLA,comisarias,0
150706,REGION LIMA,HUAROCHIRI,CUENCA,denuncias_2024_2026,7
150706,REGION LIMA,HUAROCHIRI,CUENCA,vehiculos_pnp,0
150706,REGION LIMA,HUAROCHIRI,CUENCA,vehiculos_operativos,0
150706,REGION LIMA,HUAROCHIRI,CUENCA,comisarias,0
150707,REGION LIMA,HUAROCHIRI,HUACHUPAMPA,denuncias_2024_2026,14
150707,REGION LIMA,HUAROCHIRI,HUACHUPAMPA,vehiculos_pnp,0
150707,REGION LIMA,HUAROCHIRI,HUACHUPAMPA,vehiculos_operativos,0
150707,REGION LIMA,HUAROCHIRI,HUACHUPAMPA,comisarias,0
150708,REGION LIMA,HUAROCHIRI,HUANZA,denuncias_2024_2026,10
150708,REGION LIMA,HUAROCHIRI,HUANZA,vehiculos_pnp,0
150708,REGION LIMA,HUAROCHIRI,HUANZA,vehiculos_operativos,0
150708,REGION LIMA,HUAROCHIRI,HUANZA,comisarias,0
150709,REGION LIMA,HUAROCHIRI,HUAROCHIRI,denuncias_2024_2026,59
150709,REGION LIMA,HUAROCHIRI,HUAROCHIRI,vehiculos_pnp,3
150709,REGION LIMA,HUAROCHIRI,HUAROCHIRI,vehiculos_operativos,3
150709,REGION LIMA,HUAROCHIRI,HUAROCHIRI,comisarias,0
150710,REGION LIMA,HUAROCHIRI,LAHUAYTAMBO,denuncias_2024_2026,2
150710,REGION LIMA,HUAROCHIRI,LAHUAYTAMBO,vehiculos_pnp,0
150710,REGION LIMA,HUAROCHIRI,LAHUAYTAMBO,vehiculos_operativos,0
150710,REGION LIMA,HUAROCHIRI,LAHUAYTAMBO,comisarias,0
150711,REGION LIMA,HUAROCHIRI,LANGA,denuncias_2024_2026,4
150711,REGION LIMA,HUAROCHIRI,LANGA,vehiculos_pnp,0
150711,REGION LIMA,HUAROCHIRI,LANGA,vehiculos_operativos,0
150711,REGION LIMA,HUAROCHIRI,LANGA,comisarias,0
150712,REGION LIMA,HUAROCHIRI,LARAOS,denuncias_2024_2026,2
150712,REGION LIMA,HUAROCHIRI,LARAOS,vehiculos_pnp,0
150712,REGION LIMA,HUAROCHIRI,LARAOS,vehiculos_operativos,0
150712,REGION LIMA,HUAROCHIRI,LARAOS,comisarias,0
150713,REGION LIMA,HUAROCHIRI,MARIATANA,denuncias_2024_2026,2
150713,REGION LIMA,HUAROCHIRI,MARIATANA,vehiculos_pnp,0
150713,REGION LIMA,HUAROCHIRI,MARIATANA,vehiculos_operativos,0
150713,REGION LIMA,HUAROCHIRI,MARIATANA,comisarias,0
150714,REGION LIMA,HUAROCHIRI,RICARDO PALMA,denuncias_2024_2026,930
150714,REGION LIMA,HUAROCHIRI,RICARDO PALMA,vehiculos_pnp,5
150714,REGION LIMA,HUAROCHIRI,RICARDO PALMA,vehiculos_operativos,5
150714,REGION LIMA,HUAROCHIRI,RICARDO PALMA,comisarias,0
150715,REGION LIMA,HUAROCHIRI,SAN ANDRES DE TUPICOCHA,denuncias_2024_2026,14
150715,REGION LIMA,HUAROCHIRI,SAN ANDRES DE TUPICOCHA,vehiculos_pnp,0
150715,REGION LIMA,HUAROCHIRI,SAN ANDRES DE TUPICOCHA,vehiculos_operativos,0
150715,REGION LIMA,HUAROCHIRI,SAN ANDRES DE TUPICOCHA,comisarias,0
150716,REGION LIMA,HUAROCHIRI,SAN ANTONIO,denuncias_2024_2026,3026
150716,REGION LIMA,HUAROCHIRI,SAN ANTONIO,vehiculos_pnp,0
150716,REGION LIMA,HUAROCHIRI,SAN ANTONIO,vehiculos_operativos,0
150716,REGION LIMA,HUAROCHIRI,SAN ANTONIO,comisarias,0
150717,REGION LIMA,HUAROCHIRI,SAN BARTOLOME,denuncias_2024_2026,42
150717,REGION LIMA,HUAROCHIRI,SAN BARTOLOME,vehiculos_pnp,0
150717,REGION LIMA,HUAROCHIRI,SAN BARTOLOME,vehiculos_operativos,0
150717,REGION LIMA,HUAROCHIRI,SAN BARTOLOME,comisarias,0
150718,REGION LIMA,HUAROCHIRI,SAN DAMIAN,denuncias_2024_2026,55
150718,REGION LIMA,HUAROCHIRI,SAN DAMIAN,vehiculos_pnp,2
150718,REGION LIMA,HUAROCHIRI,SAN DAMIAN,vehiculos_operativos,2
150718,REGION LIMA,HUAROCHIRI,SAN DAMIAN,comisarias,0
150719,REGION LIMA,HUAROCHIRI,SAN JUAN DE IRIS,denuncias_2024_2026,4
150719,REGION LIMA,HUAROCHIRI,SAN JUAN DE IRIS,vehiculos_pnp,0
150719,REGION LIMA,HUAROCHIRI,SAN JUAN DE IRIS,vehiculos_operativos,0
150719,REGION LIMA,HUAROCHIRI,SAN JUAN DE IRIS,comisarias,0
150720,REGION LIMA,HUAROCHIRI,SAN JUAN DE TANTARANCHE,denuncias_2024_2026,2
150720,REGION LIMA,HUAROCHIRI,SAN JUAN DE TANTARANCHE,vehiculos_pnp,0
150720,REGION LIMA,HUAROCHIRI,SAN JUAN DE TANTARANCHE,vehiculos_operativos,0
150720,REGION LIMA,HUAROCHIRI,SAN JUAN DE TANTARANCHE,comisarias,0
150721,REGION LIMA,HUAROCHIRI,SAN LORENZO DE QUINTI,denuncias_2024_2026,89
150721,REGION LIMA,HUAROCHIRI,SAN LORENZO DE QUINTI,vehiculos_pnp,2
150721,REGION LIMA,HUAROCHIRI,SAN LORENZO DE QUINTI,vehiculos_operativos,1
150721,REGION LIMA,HUAROCHIRI,SAN LORENZO DE QUINTI,comisarias,0
150722,REGION LIMA,HUAROCHIRI,SAN MATEO,denuncias_2024_2026,218
150722,REGION LIMA,HUAROCHIRI,SAN MATEO,vehiculos_pnp,5
150722,REGION LIMA,HUAROCHIRI,SAN MATEO,vehiculos_operativos,3
150722,REGION LIMA,HUAROCHIRI,SAN MATEO,comisarias,0
150723,REGION LIMA,HUAROCHIRI,SAN MATEO DE OTAO,denuncias_2024_2026,30
150723,REGION LIMA,HUAROCHIRI,SAN MATEO DE OTAO,vehiculos_pnp,0
150723,REGION LIMA,HUAROCHIRI,SAN MATEO DE OTAO,vehiculos_operativos,0
150723,REGION LIMA,HUAROCHIRI,SAN MATEO DE OTAO,comisarias,0
150724,REGION LIMA,HUAROCHIRI,SAN PEDRO DE CASTA,denuncias_2024_2026,8
150724,REGION LIMA,HUAROCHIRI,SAN PEDRO DE CASTA,vehiculos_pnp,2
150724,REGION LIMA,HUAROCHIRI,SAN PEDRO DE CASTA,vehiculos_operativos,0
150724,REGION LIMA,HUAROCHIRI,SAN PEDRO DE CASTA,comisarias,0
150726,REGION LIMA,HUAROCHIRI,SANGALLAYA,denuncias_2024_2026,3
150726,REGION LIMA,HUAROCHIRI,SANGALLAYA,vehiculos_pnp,0
150726,REGION LIMA,HUAROCHIRI,SANGALLAYA,vehiculos_operativos,0
150726,REGION LIMA,HUAROCHIRI,SANGALLAYA,comisarias,0
150727,REGION LIMA,HUAROCHIRI,SANTA CRUZ DE COCACHACRA,denuncias_2024_2026,105
150727,REGION LIMA,HUAROCHIRI,SANTA CRUZ DE COCACHACRA,vehiculos_pnp,8
150727,REGION LIMA,HUAROCHIRI,SANTA CRUZ DE COCACHACRA,vehiculos_operativos,8
150727,REGION LIMA,HUAROCHIRI,SANTA CRUZ DE COCACHACRA,comisarias,0
150728,REGION LIMA,HUAROCHIRI,SANTA EULALIA,denuncias_2024_2026,959
150728,REGION LIMA,HUAROCHIRI,SANTA EULALIA,vehiculos_pnp,4
150728,REGION LIMA,HUAROCHIRI,SANTA EULALIA,vehiculos_operativos,2
150728,REGION LIMA,HUAROCHIRI,SANTA EULALIA,comisarias,0
150729,REGION LIMA,HUAROCHIRI,SANTIAGO DE ANCHUCAYA,denuncias_2024_2026,4
150729,REGION LIMA,HUAROCHIRI,SANTIAGO DE ANCHUCAYA,vehiculos_pnp,0
150729,REGION LIMA,HUAROCHIRI,SANTIAGO DE ANCHUCAYA,vehiculos_operativos,0
150729,REGION LIMA,HUAROCHIRI,SANTIAGO DE ANCHUCAYA,comisarias,0
150730,REGION LIMA,HUAROCHIRI,SANTIAGO DE TUNA,denuncias_2024_2026,4
150730,REGION LIMA,HUAROCHIRI,SANTIAGO DE TUNA,vehiculos_pnp,0
150730,REGION LIMA,HUAROCHIRI,SANTIAGO DE TUNA,vehiculos_operativos,0
150730,REGION LIMA,HUAROCHIRI,SANTIAGO DE TUNA,comisarias,0
150731,REGION LIMA,HUAROCHIRI,SANTO DOMINGO DE LOS OLLEROS,denuncias_2024_2026,128
150731,REGION LIMA,HUAROCHIRI,SANTO DOMINGO DE LOS OLLEROS,vehiculos_pnp,0
150731,REGION LIMA,HUAROCHIRI,SANTO DOMINGO DE LOS OLLEROS,vehiculos_operativos,0
150731,REGION LIMA,HUAROCHIRI,SANTO DOMINGO DE LOS OLLEROS,comisarias,0
150732,REGION LIMA,HUAROCHIRI,SURCO,denuncias_2024_2026,103
150732,REGION LIMA,HUAROCHIRI,SURCO,vehiculos_pnp,7
150732,REGION LIMA,HUAROCHIRI,SURCO,vehiculos_operativos,5
150732,REGION LIMA,HUAROCHIRI,SURCO,comisarias,0
150801,REGION LIMA,HUAURA,HUACHO,denuncias_2024_2026,4026
150801,REGION LIMA,HUAURA,HUACHO,vehiculos_pnp,121
150801,REGION LIMA,HUAURA,HUACHO,vehiculos_operativos,72
150801,REGION LIMA,HUAURA,HUACHO,comisarias,0
150802,REGION LIMA,HUAURA,AMBAR,denuncias_2024_2026,80
150802,REGION LIMA,HUAURA,AMBAR,vehiculos_pnp,3
150802,REGION LIMA,HUAURA,AMBAR,vehiculos_operativos,1
150802,REGION LIMA,HUAURA,AMBAR,comisarias,0
150803,REGION LIMA,HUAURA,CALETA DE CARQUIN,denuncias_2024_2026,168
150803,REGION LIMA,HUAURA,CALETA DE CARQUIN,vehiculos_pnp,0
150803,REGION LIMA,HUAURA,CALETA DE CARQUIN,vehiculos_operativos,0
150803,REGION LIMA,HUAURA,CALETA DE CARQUIN,comisarias,0
150804,REGION LIMA,HUAURA,CHECRAS,denuncias_2024_2026,31
150804,REGION LIMA,HUAURA,CHECRAS,vehiculos_pnp,0
150804,REGION LIMA,HUAURA,CHECRAS,vehiculos_operativos,0
150804,REGION LIMA,HUAURA,CHECRAS,comisarias,0
150805,REGION LIMA,HUAURA,HUALMAY,denuncias_2024_2026,1239
150805,REGION LIMA,HUAURA,HUALMAY,vehiculos_pnp,12
150805,REGION LIMA,HUAURA,HUALMAY,vehiculos_operativos,7
150805,REGION LIMA,HUAURA,HUALMAY,comisarias,0
150806,REGION LIMA,HUAURA,HUAURA,denuncias_2024_2026,1265
150806,REGION LIMA,HUAURA,HUAURA,vehiculos_pnp,14
150806,REGION LIMA,HUAURA,HUAURA,vehiculos_operativos,7
150806,REGION LIMA,HUAURA,HUAURA,comisarias,0
150807,REGION LIMA,HUAURA,LEONCIO PRADO,denuncias_2024_2026,4
150807,REGION LIMA,HUAURA,LEONCIO PRADO,vehiculos_pnp,0
150807,REGION LIMA,HUAURA,LEONCIO PRADO,vehiculos_operativos,0
150807,REGION LIMA,HUAURA,LEONCIO PRADO,comisarias,0
150808,REGION LIMA,HUAURA,PACCHO,denuncias_2024_2026,4
150808,REGION LIMA,HUAURA,PACCHO,vehiculos_pnp,0
150808,REGION LIMA,HUAURA,PACCHO,vehiculos_operativos,0
150808,REGION LIMA,HUAURA,PACCHO,comisarias,0
150809,REGION LIMA,HUAURA,SANTA LEONOR,denuncias_2024_2026,24
150809,REGION LIMA,HUAURA,SANTA LEONOR,vehiculos_pnp,0
150809,REGION LIMA,HUAURA,SANTA LEONOR,vehiculos_operativos,0
150809,REGION LIMA,HUAURA,SANTA LEONOR,comisarias,0
150810,REGION LIMA,HUAURA,SANTA MARIA,denuncias_2024_2026,1714
150810,REGION LIMA,HUAURA,SANTA MARIA,vehiculos_pnp,0
150810,REGION LIMA,HUAURA,SANTA MARIA,vehiculos_operativos,0
150810,REGION LIMA,HUAURA,SANTA MARIA,comisarias,0
150811,REGION LIMA,HUAURA,SAYAN,denuncias_2024_2026,1184
150811,REGION LIMA,HUAURA,SAYAN,vehiculos_pnp,14
150811,REGION LIMA,HUAURA,SAYAN,vehiculos_operativos,4
150811,REGION LIMA,HUAURA,SAYAN,comisarias,0
150812,REGION LIMA,HUAURA,VEGUETA,denuncias_2024_2026,1218
150812,REGION LIMA,HUAURA,VEGUETA,vehiculos_pnp,21
150812,REGION LIMA,HUAURA,VEGUETA,vehiculos_operativos,3
150812,REGION LIMA,HUAURA,VEGUETA,comisarias,0
150901,REGION LIMA,OYON,OYON,denuncias_2024_2026,350
150901,REGION LIMA,OYON,OYON,vehiculos_pnp,8
150901,REGION LIMA,OYON,OYON,vehiculos_operativos,2
150901,REGION LIMA,OYON,OYON,comisarias,0
150902,REGION LIMA,OYON,ANDAJES,denuncias_2024_2026,16
150902,REGION LIMA,OYON,ANDAJES,vehiculos_pnp,0
150902,REGION LIMA,OYON,ANDAJES,vehiculos_operativos,0
150902,REGION LIMA,OYON,ANDAJES,comisarias,0
150903,REGION LIMA,OYON,CAUJUL,denuncias_2024_2026,2
150903,REGION LIMA,OYON,CAUJUL,vehiculos_pnp,0
150903,REGION LIMA,OYON,CAUJUL,vehiculos_operativos,0
150903,REGION LIMA,OYON,CAUJUL,comisarias,0
150904,REGION LIMA,OYON,COCHAMARCA,denuncias_2024_2026,6
150904,REGION LIMA,OYON,COCHAMARCA,vehiculos_pnp,0
150904,REGION LIMA,OYON,COCHAMARCA,vehiculos_operativos,0
150904,REGION LIMA,OYON,COCHAMARCA,comisarias,0
150905,REGION LIMA,OYON,NAVAN,denuncias_2024_2026,6
150905,REGION LIMA,OYON,NAVAN,vehiculos_pnp,0
150905,REGION LIMA,OYON,NAVAN,vehiculos_operativos,0
150905,REGION LIMA,OYON,NAVAN,comisarias,0
150906,REGION LIMA,OYON,PACHANGARA,denuncias_2024_2026,324
150906,REGION LIMA,OYON,PACHANGARA,vehiculos_pnp,7
150906,REGION LIMA,OYON,PACHANGARA,vehiculos_operativos,2
150906,REGION LIMA,OYON,PACHANGARA,comisarias,0
151001,REGION LIMA,YAUYOS,YAUYOS,denuncias_2024_2026,155
151001,REGION LIMA,YAUYOS,YAUYOS,vehiculos_pnp,7
151001,REGION LIMA,YAUYOS,YAUYOS,vehiculos_operativos,1
151001,REGION LIMA,YAUYOS,YAUYOS,comisarias,0
151002,REGION LIMA,YAUYOS,ALIS,denuncias_2024_2026,9
151002,REGION LIMA,YAUYOS,ALIS,vehiculos_pnp,0
151002,REGION LIMA,YAUYOS,ALIS,vehiculos_operativos,0
151002,REGION LIMA,YAUYOS,ALIS,comisarias,0
151003,REGION LIMA,YAUYOS,AYAUCA,denuncias_2024_2026,82
151003,REGION LIMA,YAUYOS,AYAUCA,vehiculos_pnp,5
151003,REGION LIMA,YAUYOS,AYAUCA,vehiculos_operativos,1
151003,REGION LIMA,YAUYOS,AYAUCA,comisarias,0
151004,REGION LIMA,YAUYOS,AYAVIRI,denuncias_2024_2026,2
151004,REGION LIMA,YAUYOS,AYAVIRI,vehiculos_pnp,0
151004,REGION LIMA,YAUYOS,AYAVIRI,vehiculos_operativos,0
151004,REGION LIMA,YAUYOS,AYAVIRI,comisarias,0
151005,REGION LIMA,YAUYOS,AZANGARO,denuncias_2024_2026,7
151005,REGION LIMA,YAUYOS,AZANGARO,vehiculos_pnp,0
151005,REGION LIMA,YAUYOS,AZANGARO,vehiculos_operativos,0
151005,REGION LIMA,YAUYOS,AZANGARO,comisarias,0
151006,REGION LIMA,YAUYOS,CACRA,denuncias_2024_2026,7
151006,REGION LIMA,YAUYOS,CACRA,vehiculos_pnp,0
151006,REGION LIMA,YAUYOS,CACRA,vehiculos_operativos,0
151006,REGION LIMA,YAUYOS,CACRA,comisarias,0
151007,REGION LIMA,YAUYOS,CARANIA,denuncias_2024_2026,1
151007,REGION LIMA,YAUYOS,CARANIA,vehiculos_pnp,0
151007,REGION LIMA,YAUYOS,CARANIA,vehiculos_operativos,0
151007,REGION LIMA,YAUYOS,CARANIA,comisarias,0
151008,REGION LIMA,YAUYOS,CATAHUASI,denuncias_2024_2026,102
151008,REGION LIMA,YAUYOS,CATAHUASI,vehiculos_pnp,8
151008,REGION LIMA,YAUYOS,CATAHUASI,vehiculos_operativos,2
151008,REGION LIMA,YAUYOS,CATAHUASI,comisarias,0
151009,REGION LIMA,YAUYOS,CHOCOS,denuncias_2024_2026,18
151009,REGION LIMA,YAUYOS,CHOCOS,vehiculos_pnp,0
151009,REGION LIMA,YAUYOS,CHOCOS,vehiculos_operativos,0
151009,REGION LIMA,YAUYOS,CHOCOS,comisarias,0
151010,REGION LIMA,YAUYOS,COCHAS,denuncias_2024_2026,24
151010,REGION LIMA,YAUYOS,COCHAS,vehiculos_pnp,0
151010,REGION LIMA,YAUYOS,COCHAS,vehiculos_operativos,0
151010,REGION LIMA,YAUYOS,COCHAS,comisarias,0
151011,REGION LIMA,YAUYOS,COLONIA,denuncias_2024_2026,16
151011,REGION LIMA,YAUYOS,COLONIA,vehiculos_pnp,0
151011,REGION LIMA,YAUYOS,COLONIA,vehiculos_operativos,0
151011,REGION LIMA,YAUYOS,COLONIA,comisarias,0
151012,REGION LIMA,YAUYOS,HONGOS,denuncias_2024_2026,8
151012,REGION LIMA,YAUYOS,HONGOS,vehiculos_pnp,0
151012,REGION LIMA,YAUYOS,HONGOS,vehiculos_operativos,0
151012,REGION LIMA,YAUYOS,HONGOS,comisarias,0
151014,REGION LIMA,YAUYOS,HUANCAYA,denuncias_2024_2026,9
151014,REGION LIMA,YAUYOS,HUANCAYA,vehiculos_pnp,0
151014,REGION LIMA,YAUYOS,HUANCAYA,vehiculos_operativos,0
151014,REGION LIMA,YAUYOS,HUANCAYA,comisarias,0
151015,REGION LIMA,YAUYOS,HUANGASCAR,denuncias_2024_2026,57
151015,REGION LIMA,YAUYOS,HUANGASCAR,vehiculos_pnp,5
151015,REGION LIMA,YAUYOS,HUANGASCAR,vehiculos_operativos,1
151015,REGION LIMA,YAUYOS,HUANGASCAR,comisarias,0
151016,REGION LIMA,YAUYOS,HUANTAN,denuncias_2024_2026,13
151016,REGION LIMA,YAUYOS,HUANTAN,vehiculos_pnp,0
151016,REGION LIMA,YAUYOS,HUANTAN,vehiculos_operativos,0
151016,REGION LIMA,YAUYOS,HUANTAN,comisarias,0
151017,REGION LIMA,YAUYOS,HUAÑEC,denuncias_2024_2026,3
151017,REGION LIMA,YAUYOS,HUAÑEC,vehiculos_pnp,0
151017,REGION LIMA,YAUYOS,HUAÑEC,vehiculos_operativos,0
151017,REGION LIMA,YAUYOS,HUAÑEC,comisarias,0
151018,REGION LIMA,YAUYOS,LARAOS,denuncias_2024_2026,11
151018,REGION LIMA,YAUYOS,LARAOS,vehiculos_pnp,0
151018,REGION LIMA,YAUYOS,LARAOS,vehiculos_operativos,0
151018,REGION LIMA,YAUYOS,LARAOS,comisarias,0
151019,REGION LIMA,YAUYOS,LINCHA,denuncias_2024_2026,25
151019,REGION LIMA,YAUYOS,LINCHA,vehiculos_pnp,0
151019,REGION LIMA,YAUYOS,LINCHA,vehiculos_operativos,0
151019,REGION LIMA,YAUYOS,LINCHA,comisarias,0
151020,REGION LIMA,YAUYOS,MADEAN,denuncias_2024_2026,11
151020,REGION LIMA,YAUYOS,MADEAN,vehiculos_pnp,0
151020,REGION LIMA,YAUYOS,MADEAN,vehiculos_operativos,0
151020,REGION LIMA,YAUYOS,MADEAN,comisarias,0
151021,REGION LIMA,YAUYOS,MIRAFLORES,denuncias_2024_2026,1
151021,REGION LIMA,YAUYOS,MIRAFLORES,vehiculos_pnp,0
151021,REGION LIMA,YAUYOS,MIRAFLORES,vehiculos_operativos,0
151021,REGION LIMA,YAUYOS,MIRAFLORES,comisarias,0
151022,REGION LIMA,YAUYOS,OMAS,denuncias_2024_2026,2
151022,REGION LIMA,YAUYOS,OMAS,vehiculos_pnp,0
151022,REGION LIMA,YAUYOS,OMAS,vehiculos_operativos,0
151022,REGION LIMA,YAUYOS,OMAS,comisarias,0
151023,REGION LIMA,YAUYOS,PUTINZA,denuncias_2024_2026,10
151023,REGION LIMA,YAUYOS,PUTINZA,vehiculos_pnp,0
151023,REGION LIMA,YAUYOS,PUTINZA,vehiculos_operativos,0
151023,REGION LIMA,YAUYOS,PUTINZA,comisarias,0
151024,REGION LIMA,YAUYOS,QUINCHES,denuncias_2024_2026,3
151024,REGION LIMA,YAUYOS,QUINCHES,vehiculos_pnp,0
151024,REGION LIMA,YAUYOS,QUINCHES,vehiculos_operativos,0
151024,REGION LIMA,YAUYOS,QUINCHES,comisarias,0
151025,REGION LIMA,YAUYOS,QUINOCAY,denuncias_2024_2026,3
151025,REGION LIMA,YAUYOS,QUINOCAY,vehiculos_pnp,0
151025,REGION LIMA,YAUYOS,QUINOCAY,vehiculos_operativos,0
151025,REGION LIMA,YAUYOS,QUINOCAY,comisarias,0
151027,REGION LIMA,YAUYOS,SAN PEDRO DE PILAS,denuncias_2024_2026,12
151027,REGION LIMA,YAUYOS,SAN PEDRO DE PILAS,vehiculos_pnp,0
151027,REGION LIMA,YAUYOS,SAN PEDRO DE PILAS,vehiculos_operativos,0
151027,REGION LIMA,YAUYOS,SAN PEDRO DE PILAS,comisarias,0
151028,REGION LIMA,YAUYOS,TANTA,denuncias_2024_2026,4
151028,REGION LIMA,YAUYOS,TANTA,vehiculos_pnp,0
151028,REGION LIMA,YAUYOS,TANTA,vehiculos_operativos,0
151028,REGION LIMA,YAUYOS,TANTA,comisarias,0
151029,REGION LIMA,YAUYOS,TAURIPAMPA,denuncias_2024_2026,2
151029,REGION LIMA,YAUYOS,TAURIPAMPA,vehiculos_pnp,0
151029,REGION LIMA,YAUYOS,TAURIPAMPA,vehiculos_operativos,0
151029,REGION LIMA,YAUYOS,TAURIPAMPA,comisarias,0
151030,REGION LIMA,YAUYOS,TOMAS,denuncias_2024_2026,2
151030,REGION LIMA,YAUYOS,TOMAS,vehiculos_pnp,0
151030,REGION LIMA,YAUYOS,TOMAS,vehiculos_operativos,0
151030,REGION LIMA,YAUYOS,TOMAS,comisarias,0
151031,REGION LIMA,YAUYOS,TUPE,denuncias_2024_2026,15
151031,REGION LIMA,YAUYOS,TUPE,vehiculos_pnp,0
151031,REGION LIMA,YAUYOS,TUPE,vehiculos_operativos,0
151031,REGION LIMA,YAUYOS,TUPE,comisarias,0
151032,REGION LIMA,YAUYOS,VIÑAC,denuncias_2024_2026,34
151032,REGION LIMA,YAUYOS,VIÑAC,vehiculos_pnp,0
151032,REGION LIMA,YAUYOS,VIÑAC,vehiculos_operativos,0
151032,REGION LIMA,YAUYOS,VIÑAC,comisarias,0
160101,LORETO,MAYNAS,IQUITOS,denuncias_2024_2026,11114
160101,LORETO,MAYNAS,IQUITOS,vehiculos_pnp,147
160101,LORETO,MAYNAS,IQUITOS,vehiculos_operativos,55
160101,LORETO,MAYNAS,IQUITOS,comisarias,2
160102,LORETO,MAYNAS,ALTO NANAY,denuncias_2024_2026,6
160102,LORETO,MAYNAS,ALTO NANAY,vehiculos_pnp,4
160102,LORETO,MAYNAS,ALTO NANAY,vehiculos_operativos,3
160102,LORETO,MAYNAS,ALTO NANAY,comisarias,1
160103,LORETO,MAYNAS,FERNANDO LORES,denuncias_2024_2026,92
160103,LORETO,MAYNAS,FERNANDO LORES,vehiculos_pnp,7
160103,LORETO,MAYNAS,FERNANDO LORES,vehiculos_operativos,3
160103,LORETO,MAYNAS,FERNANDO LORES,comisarias,3
160104,LORETO,MAYNAS,INDIANA,denuncias_2024_2026,115
160104,LORETO,MAYNAS,INDIANA,vehiculos_pnp,8
160104,LORETO,MAYNAS,INDIANA,vehiculos_operativos,5
160104,LORETO,MAYNAS,INDIANA,comisarias,2
160105,LORETO,MAYNAS,LAS AMAZONAS,denuncias_2024_2026,22
160105,LORETO,MAYNAS,LAS AMAZONAS,vehiculos_pnp,6
160105,LORETO,MAYNAS,LAS AMAZONAS,vehiculos_operativos,4
160105,LORETO,MAYNAS,LAS AMAZONAS,comisarias,2
160106,LORETO,MAYNAS,MAZAN,denuncias_2024_2026,125
160106,LORETO,MAYNAS,MAZAN,vehiculos_pnp,0
160106,LORETO,MAYNAS,MAZAN,vehiculos_operativos,0
160106,LORETO,MAYNAS,MAZAN,comisarias,1
160107,LORETO,MAYNAS,NAPO,denuncias_2024_2026,9
160107,LORETO,MAYNAS,NAPO,vehiculos_pnp,4
160107,LORETO,MAYNAS,NAPO,vehiculos_operativos,4
160107,LORETO,MAYNAS,NAPO,comisarias,1
160108,LORETO,MAYNAS,PUNCHANA,denuncias_2024_2026,4538
160108,LORETO,MAYNAS,PUNCHANA,vehiculos_pnp,13
160108,LORETO,MAYNAS,PUNCHANA,vehiculos_operativos,9
160108,LORETO,MAYNAS,PUNCHANA,comisarias,1
160110,LORETO,MAYNAS,TORRES CAUSANA,denuncias_2024_2026,15
160110,LORETO,MAYNAS,TORRES CAUSANA,vehiculos_pnp,4
160110,LORETO,MAYNAS,TORRES CAUSANA,vehiculos_operativos,3
160110,LORETO,MAYNAS,TORRES CAUSANA,comisarias,1
160112,LORETO,MAYNAS,BELEN,denuncias_2024_2026,3142
160112,LORETO,MAYNAS,BELEN,vehiculos_pnp,7
160112,LORETO,MAYNAS,BELEN,vehiculos_operativos,5
160112,LORETO,MAYNAS,BELEN,comisarias,2
160113,LORETO,MAYNAS,SAN JUAN BAUTISTA,denuncias_2024_2026,4735
160113,LORETO,MAYNAS,SAN JUAN BAUTISTA,vehiculos_pnp,19
160113,LORETO,MAYNAS,SAN JUAN BAUTISTA,vehiculos_operativos,14
160113,LORETO,MAYNAS,SAN JUAN BAUTISTA,comisarias,0
160201,LORETO,ALTO AMAZONAS,YURIMAGUAS,denuncias_2024_2026,5263
160201,LORETO,ALTO AMAZONAS,YURIMAGUAS,vehiculos_pnp,26
160201,LORETO,ALTO AMAZONAS,YURIMAGUAS,vehiculos_operativos,13
160201,LORETO,ALTO AMAZONAS,YURIMAGUAS,comisarias,1
160202,LORETO,ALTO AMAZONAS,BALSAPUERTO,denuncias_2024_2026,18
160202,LORETO,ALTO AMAZONAS,BALSAPUERTO,vehiculos_pnp,0
160202,LORETO,ALTO AMAZONAS,BALSAPUERTO,vehiculos_operativos,0
160202,LORETO,ALTO AMAZONAS,BALSAPUERTO,comisarias,0
160205,LORETO,ALTO AMAZONAS,JEBEROS,denuncias_2024_2026,4
160205,LORETO,ALTO AMAZONAS,JEBEROS,vehiculos_pnp,0
160205,LORETO,ALTO AMAZONAS,JEBEROS,vehiculos_operativos,0
160205,LORETO,ALTO AMAZONAS,JEBEROS,comisarias,0
160206,LORETO,ALTO AMAZONAS,LAGUNAS,denuncias_2024_2026,2
160206,LORETO,ALTO AMAZONAS,LAGUNAS,vehiculos_pnp,3
160206,LORETO,ALTO AMAZONAS,LAGUNAS,vehiculos_operativos,1
160206,LORETO,ALTO AMAZONAS,LAGUNAS,comisarias,1
160210,LORETO,ALTO AMAZONAS,SANTA CRUZ,denuncias_2024_2026,2
160210,LORETO,ALTO AMAZONAS,SANTA CRUZ,vehiculos_pnp,0
160210,LORETO,ALTO AMAZONAS,SANTA CRUZ,vehiculos_operativos,0
160210,LORETO,ALTO AMAZONAS,SANTA CRUZ,comisarias,0
160211,LORETO,ALTO AMAZONAS,TENIENTE CESAR LOPEZ ROJAS,denuncias_2024_2026,14
160211,LORETO,ALTO AMAZONAS,TENIENTE CESAR LOPEZ ROJAS,vehiculos_pnp,0
160211,LORETO,ALTO AMAZONAS,TENIENTE CESAR LOPEZ ROJAS,vehiculos_operativos,0
160211,LORETO,ALTO AMAZONAS,TENIENTE CESAR LOPEZ ROJAS,comisarias,0
160301,LORETO,LORETO,NAUTA,denuncias_2024_2026,728
160301,LORETO,LORETO,NAUTA,vehiculos_pnp,80
160301,LORETO,LORETO,NAUTA,vehiculos_operativos,39
160301,LORETO,LORETO,NAUTA,comisarias,2
160302,LORETO,LORETO,PARINARI,denuncias_2024_2026,2
160302,LORETO,LORETO,PARINARI,vehiculos_pnp,2
160302,LORETO,LORETO,PARINARI,vehiculos_operativos,2
160302,LORETO,LORETO,PARINARI,comisarias,1
160303,LORETO,LORETO,TIGRE,denuncias_2024_2026,5
160303,LORETO,LORETO,TIGRE,vehiculos_pnp,2
160303,LORETO,LORETO,TIGRE,vehiculos_operativos,2
160303,LORETO,LORETO,TIGRE,comisarias,1
160304,LORETO,LORETO,TROMPETEROS,denuncias_2024_2026,25
160304,LORETO,LORETO,TROMPETEROS,vehiculos_pnp,2
160304,LORETO,LORETO,TROMPETEROS,vehiculos_operativos,2
160304,LORETO,LORETO,TROMPETEROS,comisarias,1
160305,LORETO,LORETO,URARINAS,denuncias_2024_2026,4
160305,LORETO,LORETO,URARINAS,vehiculos_pnp,0
160305,LORETO,LORETO,URARINAS,vehiculos_operativos,0
160305,LORETO,LORETO,URARINAS,comisarias,1
160401,LORETO,MARISCAL RAMON CASTILLA,RAMON CASTILLA,denuncias_2024_2026,482
160401,LORETO,MARISCAL RAMON CASTILLA,RAMON CASTILLA,vehiculos_pnp,21
160401,LORETO,MARISCAL RAMON CASTILLA,RAMON CASTILLA,vehiculos_operativos,15
160401,LORETO,MARISCAL RAMON CASTILLA,RAMON CASTILLA,comisarias,2
160402,LORETO,MARISCAL RAMON CASTILLA,PEBAS,denuncias_2024_2026,66
160402,LORETO,MARISCAL RAMON CASTILLA,PEBAS,vehiculos_pnp,3
160402,LORETO,MARISCAL RAMON CASTILLA,PEBAS,vehiculos_operativos,2
160402,LORETO,MARISCAL RAMON CASTILLA,PEBAS,comisarias,1
160403,LORETO,MARISCAL RAMON CASTILLA,YAVARI,denuncias_2024_2026,33
160403,LORETO,MARISCAL RAMON CASTILLA,YAVARI,vehiculos_pnp,6
160403,LORETO,MARISCAL RAMON CASTILLA,YAVARI,vehiculos_operativos,3
160403,LORETO,MARISCAL RAMON CASTILLA,YAVARI,comisarias,0
160404,LORETO,MARISCAL RAMON CASTILLA,SAN PABLO,denuncias_2024_2026,120
160404,LORETO,MARISCAL RAMON CASTILLA,SAN PABLO,vehiculos_pnp,4
160404,LORETO,MARISCAL RAMON CASTILLA,SAN PABLO,vehiculos_operativos,3
160404,LORETO,MARISCAL RAMON CASTILLA,SAN PABLO,comisarias,1
160501,LORETO,REQUENA,REQUENA,denuncias_2024_2026,679
160501,LORETO,REQUENA,REQUENA,vehiculos_pnp,11
160501,LORETO,REQUENA,REQUENA,vehiculos_operativos,9
160501,LORETO,REQUENA,REQUENA,comisarias,1
160502,LORETO,REQUENA,ALTO TAPICHE,denuncias_2024_2026,1
160502,LORETO,REQUENA,ALTO TAPICHE,vehiculos_pnp,2
160502,LORETO,REQUENA,ALTO TAPICHE,vehiculos_operativos,2
160502,LORETO,REQUENA,ALTO TAPICHE,comisarias,1
160504,LORETO,REQUENA,EMILIO SAN MARTIN,denuncias_2024_2026,6
160504,LORETO,REQUENA,EMILIO SAN MARTIN,vehiculos_pnp,2
160504,LORETO,REQUENA,EMILIO SAN MARTIN,vehiculos_operativos,2
160504,LORETO,REQUENA,EMILIO SAN MARTIN,comisarias,1
160506,LORETO,REQUENA,PUINAHUA,denuncias_2024_2026,3
160506,LORETO,REQUENA,PUINAHUA,vehiculos_pnp,4
160506,LORETO,REQUENA,PUINAHUA,vehiculos_operativos,4
160506,LORETO,REQUENA,PUINAHUA,comisarias,1
160507,LORETO,REQUENA,SAQUENA,denuncias_2024_2026,1
160507,LORETO,REQUENA,SAQUENA,vehiculos_pnp,3
160507,LORETO,REQUENA,SAQUENA,vehiculos_operativos,0
160507,LORETO,REQUENA,SAQUENA,comisarias,2
160508,LORETO,REQUENA,SOPLIN,denuncias_2024_2026,1
160508,LORETO,REQUENA,SOPLIN,vehiculos_pnp,0
160508,LORETO,REQUENA,SOPLIN,vehiculos_operativos,0
160508,LORETO,REQUENA,SOPLIN,comisarias,1
160509,LORETO,REQUENA,TAPICHE,denuncias_2024_2026,1
160509,LORETO,REQUENA,TAPICHE,vehiculos_pnp,0
160509,LORETO,REQUENA,TAPICHE,vehiculos_operativos,0
160509,LORETO,REQUENA,TAPICHE,comisarias,1
160510,LORETO,REQUENA,JENARO HERRERA,denuncias_2024_2026,23
160510,LORETO,REQUENA,JENARO HERRERA,vehiculos_pnp,1
160510,LORETO,REQUENA,JENARO HERRERA,vehiculos_operativos,1
160510,LORETO,REQUENA,JENARO HERRERA,comisarias,1
160601,LORETO,UCAYALI,CONTAMANA,denuncias_2024_2026,525
160601,LORETO,UCAYALI,CONTAMANA,vehiculos_pnp,3
160601,LORETO,UCAYALI,CONTAMANA,vehiculos_operativos,1
160601,LORETO,UCAYALI,CONTAMANA,comisarias,1
160602,LORETO,UCAYALI,INAHUAYA,denuncias_2024_2026,6
160602,LORETO,UCAYALI,INAHUAYA,vehiculos_pnp,0
160602,LORETO,UCAYALI,INAHUAYA,vehiculos_operativos,0
160602,LORETO,UCAYALI,INAHUAYA,comisarias,0
160603,LORETO,UCAYALI,PADRE MARQUEZ,denuncias_2024_2026,6
160603,LORETO,UCAYALI,PADRE MARQUEZ,vehiculos_pnp,0
160603,LORETO,UCAYALI,PADRE MARQUEZ,vehiculos_operativos,0
160603,LORETO,UCAYALI,PADRE MARQUEZ,comisarias,0
160604,LORETO,UCAYALI,PAMPA HERMOSA,denuncias_2024_2026,54
160604,LORETO,UCAYALI,PAMPA HERMOSA,vehiculos_pnp,1
160604,LORETO,UCAYALI,PAMPA HERMOSA,vehiculos_operativos,1
160604,LORETO,UCAYALI,PAMPA HERMOSA,comisarias,1
160605,LORETO,UCAYALI,SARAYACU,denuncias_2024_2026,21
160605,LORETO,UCAYALI,SARAYACU,vehiculos_pnp,0
160605,LORETO,UCAYALI,SARAYACU,vehiculos_operativos,0
160605,LORETO,UCAYALI,SARAYACU,comisarias,1
160606,LORETO,UCAYALI,VARGAS GUERRA,denuncias_2024_2026,53
160606,LORETO,UCAYALI,VARGAS GUERRA,vehiculos_pnp,0
160606,LORETO,UCAYALI,VARGAS GUERRA,vehiculos_operativos,0
160606,LORETO,UCAYALI,VARGAS GUERRA,comisarias,1
160701,LORETO,DATEM DEL MARAÑON,BARRANCA,denuncias_2024_2026,10
160701,LORETO,DATEM DEL MARAÑON,BARRANCA,vehiculos_pnp,2
160701,LORETO,DATEM DEL MARAÑON,BARRANCA,vehiculos_operativos,0
160701,LORETO,DATEM DEL MARAÑON,BARRANCA,comisarias,0
160702,LORETO,DATEM DEL MARAÑON,CAHUAPANAS,denuncias_2024_2026,1
160702,LORETO,DATEM DEL MARAÑON,CAHUAPANAS,vehiculos_pnp,0
160702,LORETO,DATEM DEL MARAÑON,CAHUAPANAS,vehiculos_operativos,0
160702,LORETO,DATEM DEL MARAÑON,CAHUAPANAS,comisarias,0
160703,LORETO,DATEM DEL MARAÑON,MANSERICHE,denuncias_2024_2026,7
160703,LORETO,DATEM DEL MARAÑON,MANSERICHE,vehiculos_pnp,0
160703,LORETO,DATEM DEL MARAÑON,MANSERICHE,vehiculos_operativos,0
160703,LORETO,DATEM DEL MARAÑON,MANSERICHE,comisarias,0
160704,LORETO,DATEM DEL MARAÑON,MORONA,denuncias_2024_2026,1
160704,LORETO,DATEM DEL MARAÑON,MORONA,vehiculos_pnp,0
160704,LORETO,DATEM DEL MARAÑON,MORONA,vehiculos_operativos,0
160704,LORETO,DATEM DEL MARAÑON,MORONA,comisarias,0
160705,LORETO,DATEM DEL MARAÑON,PASTAZA,denuncias_2024_2026,1
160705,LORETO,DATEM DEL MARAÑON,PASTAZA,vehiculos_pnp,0
160705,LORETO,DATEM DEL MARAÑON,PASTAZA,vehiculos_operativos,0
160705,LORETO,DATEM DEL MARAÑON,PASTAZA,comisarias,0
160801,LORETO,MAYNAS,PUTUMAYO,denuncias_2024_2026,99
160801,LORETO,MAYNAS,PUTUMAYO,vehiculos_pnp,10
160801,LORETO,MAYNAS,PUTUMAYO,vehiculos_operativos,8
160801,LORETO,MAYNAS,PUTUMAYO,comisarias,0
160803,LORETO,MAYNAS,TENIENTE MANUEL CLAVERO,denuncias_2024_2026,2
160803,LORETO,MAYNAS,TENIENTE MANUEL CLAVERO,vehiculos_pnp,1
160803,LORETO,MAYNAS,TENIENTE MANUEL CLAVERO,vehiculos_operativos,0
160803,LORETO,MAYNAS,TENIENTE MANUEL CLAVERO,comisarias,0
170101,MADRE DE DIOS,TAMBOPATA,TAMBOPATA,denuncias_2024_2026,11395
170101,MADRE DE DIOS,TAMBOPATA,TAMBOPATA,vehiculos_pnp,252
170101,MADRE DE DIOS,TAMBOPATA,TAMBOPATA,vehiculos_operativos,117
170101,MADRE DE DIOS,TAMBOPATA,TAMBOPATA,comisarias,2
170102,MADRE DE DIOS,TAMBOPATA,INAMBARI,denuncias_2024_2026,1853
170102,MADRE DE DIOS,TAMBOPATA,INAMBARI,vehiculos_pnp,35
170102,MADRE DE DIOS,TAMBOPATA,INAMBARI,vehiculos_operativos,7
170102,MADRE DE DIOS,TAMBOPATA,INAMBARI,comisarias,2
170103,MADRE DE DIOS,TAMBOPATA,LAS PIEDRAS,denuncias_2024_2026,497
170103,MADRE DE DIOS,TAMBOPATA,LAS PIEDRAS,vehiculos_pnp,2
170103,MADRE DE DIOS,TAMBOPATA,LAS PIEDRAS,vehiculos_operativos,0
170103,MADRE DE DIOS,TAMBOPATA,LAS PIEDRAS,comisarias,2
170104,MADRE DE DIOS,TAMBOPATA,LABERINTO,denuncias_2024_2026,666
170104,MADRE DE DIOS,TAMBOPATA,LABERINTO,vehiculos_pnp,1
170104,MADRE DE DIOS,TAMBOPATA,LABERINTO,vehiculos_operativos,1
170104,MADRE DE DIOS,TAMBOPATA,LABERINTO,comisarias,1
170201,MADRE DE DIOS,MANU,MANU,denuncias_2024_2026,136
170201,MADRE DE DIOS,MANU,MANU,vehiculos_pnp,2
170201,MADRE DE DIOS,MANU,MANU,vehiculos_operativos,0
170201,MADRE DE DIOS,MANU,MANU,comisarias,1
170202,MADRE DE DIOS,MANU,FITZCARRALD,denuncias_2024_2026,14
170202,MADRE DE DIOS,MANU,FITZCARRALD,vehiculos_pnp,0
170202,MADRE DE DIOS,MANU,FITZCARRALD,vehiculos_operativos,0
170202,MADRE DE DIOS,MANU,FITZCARRALD,comisarias,0
170203,MADRE DE DIOS,MANU,MADRE DE DIOS,denuncias_2024_2026,411
170203,MADRE DE DIOS,MANU,MADRE DE DIOS,vehiculos_pnp,2
170203,MADRE DE DIOS,MANU,MADRE DE DIOS,vehiculos_operativos,0
170203,MADRE DE DIOS,MANU,MADRE DE DIOS,comisarias,2
170204,MADRE DE DIOS,MANU,HUEPETUHE,denuncias_2024_2026,502
170204,MADRE DE DIOS,MANU,HUEPETUHE,vehiculos_pnp,5
170204,MADRE DE DIOS,MANU,HUEPETUHE,vehiculos_operativos,2
170204,MADRE DE DIOS,MANU,HUEPETUHE,comisarias,1
170301,MADRE DE DIOS,TAHUAMANU,IÑAPARI,denuncias_2024_2026,9
170301,MADRE DE DIOS,TAHUAMANU,IÑAPARI,vehiculos_pnp,18
170301,MADRE DE DIOS,TAHUAMANU,IÑAPARI,vehiculos_operativos,13
170301,MADRE DE DIOS,TAHUAMANU,IÑAPARI,comisarias,0
170302,MADRE DE DIOS,TAHUAMANU,IBERIA,denuncias_2024_2026,519
170302,MADRE DE DIOS,TAHUAMANU,IBERIA,vehiculos_pnp,3
170302,MADRE DE DIOS,TAHUAMANU,IBERIA,vehiculos_operativos,1
170302,MADRE DE DIOS,TAHUAMANU,IBERIA,comisarias,1
170303,MADRE DE DIOS,TAHUAMANU,TAHUAMANU,denuncias_2024_2026,40
170303,MADRE DE DIOS,TAHUAMANU,TAHUAMANU,vehiculos_pnp,17
170303,MADRE DE DIOS,TAHUAMANU,TAHUAMANU,vehiculos_operativos,12
170303,MADRE DE DIOS,TAHUAMANU,TAHUAMANU,comisarias,0
180101,MOQUEGUA,MARISCAL NIETO,MOQUEGUA,denuncias_2024_2026,7492
180101,MOQUEGUA,MARISCAL NIETO,MOQUEGUA,vehiculos_pnp,129
180101,MOQUEGUA,MARISCAL NIETO,MOQUEGUA,vehiculos_operativos,81
180101,MOQUEGUA,MARISCAL NIETO,MOQUEGUA,comisarias,3
180102,MOQUEGUA,MARISCAL NIETO,CARUMAS,denuncias_2024_2026,16
180102,MOQUEGUA,MARISCAL NIETO,CARUMAS,vehiculos_pnp,1
180102,MOQUEGUA,MARISCAL NIETO,CARUMAS,vehiculos_operativos,1
180102,MOQUEGUA,MARISCAL NIETO,CARUMAS,comisarias,1
180103,MOQUEGUA,MARISCAL NIETO,CUCHUMBAYA,denuncias_2024_2026,2
180103,MOQUEGUA,MARISCAL NIETO,CUCHUMBAYA,vehiculos_pnp,0
180103,MOQUEGUA,MARISCAL NIETO,CUCHUMBAYA,vehiculos_operativos,0
180103,MOQUEGUA,MARISCAL NIETO,CUCHUMBAYA,comisarias,0
180104,MOQUEGUA,MARISCAL NIETO,SAMEGUA,denuncias_2024_2026,509
180104,MOQUEGUA,MARISCAL NIETO,SAMEGUA,vehiculos_pnp,4
180104,MOQUEGUA,MARISCAL NIETO,SAMEGUA,vehiculos_operativos,4
180104,MOQUEGUA,MARISCAL NIETO,SAMEGUA,comisarias,1
180105,MOQUEGUA,MARISCAL NIETO,SAN CRISTOBAL,denuncias_2024_2026,5
180105,MOQUEGUA,MARISCAL NIETO,SAN CRISTOBAL,vehiculos_pnp,3
180105,MOQUEGUA,MARISCAL NIETO,SAN CRISTOBAL,vehiculos_operativos,2
180105,MOQUEGUA,MARISCAL NIETO,SAN CRISTOBAL,comisarias,1
180106,MOQUEGUA,MARISCAL NIETO,TORATA,denuncias_2024_2026,177
180106,MOQUEGUA,MARISCAL NIETO,TORATA,vehiculos_pnp,5
180106,MOQUEGUA,MARISCAL NIETO,TORATA,vehiculos_operativos,5
180106,MOQUEGUA,MARISCAL NIETO,TORATA,comisarias,1
180201,MOQUEGUA,GENERAL SANCHEZ CERRO,OMATE,denuncias_2024_2026,162
180201,MOQUEGUA,GENERAL SANCHEZ CERRO,OMATE,vehiculos_pnp,2
180201,MOQUEGUA,GENERAL SANCHEZ CERRO,OMATE,vehiculos_operativos,0
180201,MOQUEGUA,GENERAL SANCHEZ CERRO,OMATE,comisarias,1
180202,MOQUEGUA,GENERAL SANCHEZ CERRO,CHOJATA,denuncias_2024_2026,6
180202,MOQUEGUA,GENERAL SANCHEZ CERRO,CHOJATA,vehiculos_pnp,4
180202,MOQUEGUA,GENERAL SANCHEZ CERRO,CHOJATA,vehiculos_operativos,2
180202,MOQUEGUA,GENERAL SANCHEZ CERRO,CHOJATA,comisarias,1
180203,MOQUEGUA,GENERAL SANCHEZ CERRO,COALAQUE,denuncias_2024_2026,5
180203,MOQUEGUA,GENERAL SANCHEZ CERRO,COALAQUE,vehiculos_pnp,0
180203,MOQUEGUA,GENERAL SANCHEZ CERRO,COALAQUE,vehiculos_operativos,0
180203,MOQUEGUA,GENERAL SANCHEZ CERRO,COALAQUE,comisarias,0
180204,MOQUEGUA,GENERAL SANCHEZ CERRO,ICHUÑA,denuncias_2024_2026,87
180204,MOQUEGUA,GENERAL SANCHEZ CERRO,ICHUÑA,vehiculos_pnp,7
180204,MOQUEGUA,GENERAL SANCHEZ CERRO,ICHUÑA,vehiculos_operativos,4
180204,MOQUEGUA,GENERAL SANCHEZ CERRO,ICHUÑA,comisarias,0
180205,MOQUEGUA,GENERAL SANCHEZ CERRO,LA CAPILLA,denuncias_2024_2026,17
180205,MOQUEGUA,GENERAL SANCHEZ CERRO,LA CAPILLA,vehiculos_pnp,0
180205,MOQUEGUA,GENERAL SANCHEZ CERRO,LA CAPILLA,vehiculos_operativos,0
180205,MOQUEGUA,GENERAL SANCHEZ CERRO,LA CAPILLA,comisarias,0
180208,MOQUEGUA,GENERAL SANCHEZ CERRO,PUQUINA,denuncias_2024_2026,118
180208,MOQUEGUA,GENERAL SANCHEZ CERRO,PUQUINA,vehiculos_pnp,2
180208,MOQUEGUA,GENERAL SANCHEZ CERRO,PUQUINA,vehiculos_operativos,1
180208,MOQUEGUA,GENERAL SANCHEZ CERRO,PUQUINA,comisarias,1
180209,MOQUEGUA,GENERAL SANCHEZ CERRO,QUINISTAQUILLAS,denuncias_2024_2026,24
180209,MOQUEGUA,GENERAL SANCHEZ CERRO,QUINISTAQUILLAS,vehiculos_pnp,2
180209,MOQUEGUA,GENERAL SANCHEZ CERRO,QUINISTAQUILLAS,vehiculos_operativos,0
180209,MOQUEGUA,GENERAL SANCHEZ CERRO,QUINISTAQUILLAS,comisarias,1
180210,MOQUEGUA,GENERAL SANCHEZ CERRO,UBINAS,denuncias_2024_2026,11
180210,MOQUEGUA,GENERAL SANCHEZ CERRO,UBINAS,vehiculos_pnp,3
180210,MOQUEGUA,GENERAL SANCHEZ CERRO,UBINAS,vehiculos_operativos,2
180210,MOQUEGUA,GENERAL SANCHEZ CERRO,UBINAS,comisarias,2
180211,MOQUEGUA,GENERAL SANCHEZ CERRO,YUNGA,denuncias_2024_2026,1
180211,MOQUEGUA,GENERAL SANCHEZ CERRO,YUNGA,vehiculos_pnp,0
180211,MOQUEGUA,GENERAL SANCHEZ CERRO,YUNGA,vehiculos_operativos,0
180211,MOQUEGUA,GENERAL SANCHEZ CERRO,YUNGA,comisarias,0
180301,MOQUEGUA,ILO,ILO,denuncias_2024_2026,5874
180301,MOQUEGUA,ILO,ILO,vehiculos_pnp,29
180301,MOQUEGUA,ILO,ILO,vehiculos_operativos,22
180301,MOQUEGUA,ILO,ILO,comisarias,2
180302,MOQUEGUA,ILO,EL ALGARROBAL,denuncias_2024_2026,187
180302,MOQUEGUA,ILO,EL ALGARROBAL,vehiculos_pnp,2
180302,MOQUEGUA,ILO,EL ALGARROBAL,vehiculos_operativos,0
180302,MOQUEGUA,ILO,EL ALGARROBAL,comisarias,1
180303,MOQUEGUA,ILO,PACOCHA,denuncias_2024_2026,290
180303,MOQUEGUA,ILO,PACOCHA,vehiculos_pnp,0
180303,MOQUEGUA,ILO,PACOCHA,vehiculos_operativos,0
180303,MOQUEGUA,ILO,PACOCHA,comisarias,1
190101,PASCO,PASCO,CHAUPIMARCA,denuncias_2024_2026,1397
190101,PASCO,PASCO,CHAUPIMARCA,vehiculos_pnp,9
190101,PASCO,PASCO,CHAUPIMARCA,vehiculos_operativos,2
190101,PASCO,PASCO,CHAUPIMARCA,comisarias,1
190102,PASCO,PASCO,HUACHON,denuncias_2024_2026,82
190102,PASCO,PASCO,HUACHON,vehiculos_pnp,1
190102,PASCO,PASCO,HUACHON,vehiculos_operativos,1
190102,PASCO,PASCO,HUACHON,comisarias,1
190103,PASCO,PASCO,HUARIACA,denuncias_2024_2026,322
190103,PASCO,PASCO,HUARIACA,vehiculos_pnp,3
190103,PASCO,PASCO,HUARIACA,vehiculos_operativos,1
190103,PASCO,PASCO,HUARIACA,comisarias,1
190104,PASCO,PASCO,HUAYLLAY,denuncias_2024_2026,322
190104,PASCO,PASCO,HUAYLLAY,vehiculos_pnp,4
190104,PASCO,PASCO,HUAYLLAY,vehiculos_operativos,1
190104,PASCO,PASCO,HUAYLLAY,comisarias,1
190105,PASCO,PASCO,NINACACA,denuncias_2024_2026,42
190105,PASCO,PASCO,NINACACA,vehiculos_pnp,0
190105,PASCO,PASCO,NINACACA,vehiculos_operativos,0
190105,PASCO,PASCO,NINACACA,comisarias,0
190106,PASCO,PASCO,PALLANCHACRA,denuncias_2024_2026,1
190106,PASCO,PASCO,PALLANCHACRA,vehiculos_pnp,0
190106,PASCO,PASCO,PALLANCHACRA,vehiculos_operativos,0
190106,PASCO,PASCO,PALLANCHACRA,comisarias,0
190107,PASCO,PASCO,PAUCARTAMBO,denuncias_2024_2026,411
190107,PASCO,PASCO,PAUCARTAMBO,vehiculos_pnp,7
190107,PASCO,PASCO,PAUCARTAMBO,vehiculos_operativos,3
190107,PASCO,PASCO,PAUCARTAMBO,comisarias,1
190108,PASCO,PASCO,SAN FRANCISCO DE ASIS DE YARUSYACAN,denuncias_2024_2026,69
190108,PASCO,PASCO,SAN FRANCISCO DE ASIS DE YARUSYACAN,vehiculos_pnp,2
190108,PASCO,PASCO,SAN FRANCISCO DE ASIS DE YARUSYACAN,vehiculos_operativos,2
190108,PASCO,PASCO,SAN FRANCISCO DE ASIS DE YARUSYACAN,comisarias,1
190109,PASCO,PASCO,SIMON BOLIVAR,denuncias_2024_2026,177
190109,PASCO,PASCO,SIMON BOLIVAR,vehiculos_pnp,2
190109,PASCO,PASCO,SIMON BOLIVAR,vehiculos_operativos,1
190109,PASCO,PASCO,SIMON BOLIVAR,comisarias,1
190110,PASCO,PASCO,TICLACAYAN,denuncias_2024_2026,153
190110,PASCO,PASCO,TICLACAYAN,vehiculos_pnp,6
190110,PASCO,PASCO,TICLACAYAN,vehiculos_operativos,3
190110,PASCO,PASCO,TICLACAYAN,comisarias,1
190111,PASCO,PASCO,TINYAHUARCO,denuncias_2024_2026,217
190111,PASCO,PASCO,TINYAHUARCO,vehiculos_pnp,4
190111,PASCO,PASCO,TINYAHUARCO,vehiculos_operativos,0
190111,PASCO,PASCO,TINYAHUARCO,comisarias,1
190112,PASCO,PASCO,VICCO,denuncias_2024_2026,125
190112,PASCO,PASCO,VICCO,vehiculos_pnp,4
190112,PASCO,PASCO,VICCO,vehiculos_operativos,3
190112,PASCO,PASCO,VICCO,comisarias,1
190113,PASCO,PASCO,YANACANCHA,denuncias_2024_2026,1479
190113,PASCO,PASCO,YANACANCHA,vehiculos_pnp,35
190113,PASCO,PASCO,YANACANCHA,vehiculos_operativos,13
190113,PASCO,PASCO,YANACANCHA,comisarias,3
190201,PASCO,DANIEL ALCIDES CARRION,YANAHUANCA,denuncias_2024_2026,545
190201,PASCO,DANIEL ALCIDES CARRION,YANAHUANCA,vehiculos_pnp,4
190201,PASCO,DANIEL ALCIDES CARRION,YANAHUANCA,vehiculos_operativos,2
190201,PASCO,DANIEL ALCIDES CARRION,YANAHUANCA,comisarias,1
190202,PASCO,DANIEL ALCIDES CARRION,CHACAYAN,denuncias_2024_2026,40
190202,PASCO,DANIEL ALCIDES CARRION,CHACAYAN,vehiculos_pnp,3
190202,PASCO,DANIEL ALCIDES CARRION,CHACAYAN,vehiculos_operativos,2
190202,PASCO,DANIEL ALCIDES CARRION,CHACAYAN,comisarias,1
190203,PASCO,DANIEL ALCIDES CARRION,GOYLLARISQUIZGA,denuncias_2024_2026,8
190203,PASCO,DANIEL ALCIDES CARRION,GOYLLARISQUIZGA,vehiculos_pnp,1
190203,PASCO,DANIEL ALCIDES CARRION,GOYLLARISQUIZGA,vehiculos_operativos,1
190203,PASCO,DANIEL ALCIDES CARRION,GOYLLARISQUIZGA,comisarias,1
190204,PASCO,DANIEL ALCIDES CARRION,PAUCAR,denuncias_2024_2026,63
190204,PASCO,DANIEL ALCIDES CARRION,PAUCAR,vehiculos_pnp,2
190204,PASCO,DANIEL ALCIDES CARRION,PAUCAR,vehiculos_operativos,0
190204,PASCO,DANIEL ALCIDES CARRION,PAUCAR,comisarias,1
190205,PASCO,DANIEL ALCIDES CARRION,SAN PEDRO DE PILLAO,denuncias_2024_2026,13
190205,PASCO,DANIEL ALCIDES CARRION,SAN PEDRO DE PILLAO,vehiculos_pnp,0
190205,PASCO,DANIEL ALCIDES CARRION,SAN PEDRO DE PILLAO,vehiculos_operativos,0
190205,PASCO,DANIEL ALCIDES CARRION,SAN PEDRO DE PILLAO,comisarias,0
190206,PASCO,DANIEL ALCIDES CARRION,SANTA ANA DE TUSI,denuncias_2024_2026,89
190206,PASCO,DANIEL ALCIDES CARRION,SANTA ANA DE TUSI,vehiculos_pnp,2
190206,PASCO,DANIEL ALCIDES CARRION,SANTA ANA DE TUSI,vehiculos_operativos,0
190206,PASCO,DANIEL ALCIDES CARRION,SANTA ANA DE TUSI,comisarias,1
190207,PASCO,DANIEL ALCIDES CARRION,TAPUC,denuncias_2024_2026,15
190207,PASCO,DANIEL ALCIDES CARRION,TAPUC,vehiculos_pnp,0
190207,PASCO,DANIEL ALCIDES CARRION,TAPUC,vehiculos_operativos,0
190207,PASCO,DANIEL ALCIDES CARRION,TAPUC,comisarias,0
190208,PASCO,DANIEL ALCIDES CARRION,VILCABAMBA,denuncias_2024_2026,5
190208,PASCO,DANIEL ALCIDES CARRION,VILCABAMBA,vehiculos_pnp,0
190208,PASCO,DANIEL ALCIDES CARRION,VILCABAMBA,vehiculos_operativos,0
190208,PASCO,DANIEL ALCIDES CARRION,VILCABAMBA,comisarias,0
190301,PASCO,OXAPAMPA,OXAPAMPA,denuncias_2024_2026,1557
190301,PASCO,OXAPAMPA,OXAPAMPA,vehiculos_pnp,5
190301,PASCO,OXAPAMPA,OXAPAMPA,vehiculos_operativos,4
190301,PASCO,OXAPAMPA,OXAPAMPA,comisarias,1
190302,PASCO,OXAPAMPA,CHONTABAMBA,denuncias_2024_2026,281
190302,PASCO,OXAPAMPA,CHONTABAMBA,vehiculos_pnp,0
190302,PASCO,OXAPAMPA,CHONTABAMBA,vehiculos_operativos,0
190302,PASCO,OXAPAMPA,CHONTABAMBA,comisarias,0
190303,PASCO,OXAPAMPA,HUANCABAMBA,denuncias_2024_2026,235
190303,PASCO,OXAPAMPA,HUANCABAMBA,vehiculos_pnp,3
190303,PASCO,OXAPAMPA,HUANCABAMBA,vehiculos_operativos,3
190303,PASCO,OXAPAMPA,HUANCABAMBA,comisarias,1
190304,PASCO,OXAPAMPA,PALCAZU,denuncias_2024_2026,244
190304,PASCO,OXAPAMPA,PALCAZU,vehiculos_pnp,3
190304,PASCO,OXAPAMPA,PALCAZU,vehiculos_operativos,2
190304,PASCO,OXAPAMPA,PALCAZU,comisarias,1
190305,PASCO,OXAPAMPA,POZUZO,denuncias_2024_2026,83
190305,PASCO,OXAPAMPA,POZUZO,vehiculos_pnp,6
190305,PASCO,OXAPAMPA,POZUZO,vehiculos_operativos,3
190305,PASCO,OXAPAMPA,POZUZO,comisarias,1
190306,PASCO,OXAPAMPA,PUERTO BERMUDEZ,denuncias_2024_2026,555
190306,PASCO,OXAPAMPA,PUERTO BERMUDEZ,vehiculos_pnp,10
190306,PASCO,OXAPAMPA,PUERTO BERMUDEZ,vehiculos_operativos,5
190306,PASCO,OXAPAMPA,PUERTO BERMUDEZ,comisarias,1
190307,PASCO,OXAPAMPA,VILLA RICA,denuncias_2024_2026,645
190307,PASCO,OXAPAMPA,VILLA RICA,vehiculos_pnp,6
190307,PASCO,OXAPAMPA,VILLA RICA,vehiculos_operativos,3
190307,PASCO,OXAPAMPA,VILLA RICA,comisarias,1
190308,PASCO,OXAPAMPA,CONSTITUCION,denuncias_2024_2026,702
190308,PASCO,OXAPAMPA,CONSTITUCION,vehiculos_pnp,0
190308,PASCO,OXAPAMPA,CONSTITUCION,vehiculos_operativos,0
190308,PASCO,OXAPAMPA,CONSTITUCION,comisarias,1
200101,PIURA,PIURA,PIURA,denuncias_2024_2026,27224
200101,PIURA,PIURA,PIURA,vehiculos_pnp,316
200101,PIURA,PIURA,PIURA,vehiculos_operativos,200
200101,PIURA,PIURA,PIURA,comisarias,2
200104,PIURA,PIURA,CASTILLA,denuncias_2024_2026,11795
200104,PIURA,PIURA,CASTILLA,vehiculos_pnp,29
200104,PIURA,PIURA,CASTILLA,vehiculos_operativos,14
200104,PIURA,PIURA,CASTILLA,comisarias,3
200105,PIURA,PIURA,CATACAOS,denuncias_2024_2026,2939
200105,PIURA,PIURA,CATACAOS,vehiculos_pnp,19
200105,PIURA,PIURA,CATACAOS,vehiculos_operativos,8
200105,PIURA,PIURA,CATACAOS,comisarias,2
200107,PIURA,PIURA,CURA MORI,denuncias_2024_2026,534
200107,PIURA,PIURA,CURA MORI,vehiculos_pnp,5
200107,PIURA,PIURA,CURA MORI,vehiculos_operativos,2
200107,PIURA,PIURA,CURA MORI,comisarias,1
200108,PIURA,PIURA,EL TALLAN,denuncias_2024_2026,35
200108,PIURA,PIURA,EL TALLAN,vehiculos_pnp,0
200108,PIURA,PIURA,EL TALLAN,vehiculos_operativos,0
200108,PIURA,PIURA,EL TALLAN,comisarias,0
200109,PIURA,PIURA,LA ARENA,denuncias_2024_2026,929
200109,PIURA,PIURA,LA ARENA,vehiculos_pnp,4
200109,PIURA,PIURA,LA ARENA,vehiculos_operativos,2
200109,PIURA,PIURA,LA ARENA,comisarias,1
200110,PIURA,PIURA,LA UNION,denuncias_2024_2026,1537
200110,PIURA,PIURA,LA UNION,vehiculos_pnp,8
200110,PIURA,PIURA,LA UNION,vehiculos_operativos,4
200110,PIURA,PIURA,LA UNION,comisarias,1
200111,PIURA,PIURA,LAS LOMAS,denuncias_2024_2026,543
200111,PIURA,PIURA,LAS LOMAS,vehiculos_pnp,11
200111,PIURA,PIURA,LAS LOMAS,vehiculos_operativos,10
200111,PIURA,PIURA,LAS LOMAS,comisarias,2
200114,PIURA,PIURA,TAMBO GRANDE,denuncias_2024_2026,2725
200114,PIURA,PIURA,TAMBO GRANDE,vehiculos_pnp,15
200114,PIURA,PIURA,TAMBO GRANDE,vehiculos_operativos,10
200114,PIURA,PIURA,TAMBO GRANDE,comisarias,2
200115,PIURA,PIURA,26 DE OCTUBRE,denuncias_2024_2026,9664
200115,PIURA,PIURA,26 DE OCTUBRE,vehiculos_pnp,26
200115,PIURA,PIURA,26 DE OCTUBRE,vehiculos_operativos,18
200115,PIURA,PIURA,26 DE OCTUBRE,comisarias,0
200201,PIURA,AYABACA,AYABACA,denuncias_2024_2026,635
200201,PIURA,AYABACA,AYABACA,vehiculos_pnp,21
200201,PIURA,AYABACA,AYABACA,vehiculos_operativos,14
200201,PIURA,AYABACA,AYABACA,comisarias,1
200202,PIURA,AYABACA,FRIAS,denuncias_2024_2026,130
200202,PIURA,AYABACA,FRIAS,vehiculos_pnp,5
200202,PIURA,AYABACA,FRIAS,vehiculos_operativos,4
200202,PIURA,AYABACA,FRIAS,comisarias,2
200203,PIURA,AYABACA,JILILI,denuncias_2024_2026,29
200203,PIURA,AYABACA,JILILI,vehiculos_pnp,3
200203,PIURA,AYABACA,JILILI,vehiculos_operativos,2
200203,PIURA,AYABACA,JILILI,comisarias,1
200204,PIURA,AYABACA,LAGUNAS,denuncias_2024_2026,43
200204,PIURA,AYABACA,LAGUNAS,vehiculos_pnp,3
200204,PIURA,AYABACA,LAGUNAS,vehiculos_operativos,3
200204,PIURA,AYABACA,LAGUNAS,comisarias,1
200205,PIURA,AYABACA,MONTERO,denuncias_2024_2026,69
200205,PIURA,AYABACA,MONTERO,vehiculos_pnp,3
200205,PIURA,AYABACA,MONTERO,vehiculos_operativos,2
200205,PIURA,AYABACA,MONTERO,comisarias,1
200206,PIURA,AYABACA,PACAIPAMPA,denuncias_2024_2026,170
200206,PIURA,AYABACA,PACAIPAMPA,vehiculos_pnp,3
200206,PIURA,AYABACA,PACAIPAMPA,vehiculos_operativos,2
200206,PIURA,AYABACA,PACAIPAMPA,comisarias,1
200207,PIURA,AYABACA,PAIMAS,denuncias_2024_2026,277
200207,PIURA,AYABACA,PAIMAS,vehiculos_pnp,3
200207,PIURA,AYABACA,PAIMAS,vehiculos_operativos,1
200207,PIURA,AYABACA,PAIMAS,comisarias,1
200208,PIURA,AYABACA,SAPILLICA,denuncias_2024_2026,65
200208,PIURA,AYABACA,SAPILLICA,vehiculos_pnp,13
200208,PIURA,AYABACA,SAPILLICA,vehiculos_operativos,11
200208,PIURA,AYABACA,SAPILLICA,comisarias,1
200209,PIURA,AYABACA,SICCHEZ,denuncias_2024_2026,48
200209,PIURA,AYABACA,SICCHEZ,vehiculos_pnp,1
200209,PIURA,AYABACA,SICCHEZ,vehiculos_operativos,1
200209,PIURA,AYABACA,SICCHEZ,comisarias,1
200210,PIURA,AYABACA,SUYO,denuncias_2024_2026,345
200210,PIURA,AYABACA,SUYO,vehiculos_pnp,21
200210,PIURA,AYABACA,SUYO,vehiculos_operativos,17
200210,PIURA,AYABACA,SUYO,comisarias,1
200301,PIURA,HUANCABAMBA,HUANCABAMBA,denuncias_2024_2026,986
200301,PIURA,HUANCABAMBA,HUANCABAMBA,vehiculos_pnp,8
200301,PIURA,HUANCABAMBA,HUANCABAMBA,vehiculos_operativos,7
200301,PIURA,HUANCABAMBA,HUANCABAMBA,comisarias,1
200302,PIURA,HUANCABAMBA,CANCHAQUE,denuncias_2024_2026,133
200302,PIURA,HUANCABAMBA,CANCHAQUE,vehiculos_pnp,6
200302,PIURA,HUANCABAMBA,CANCHAQUE,vehiculos_operativos,4
200302,PIURA,HUANCABAMBA,CANCHAQUE,comisarias,2
200303,PIURA,HUANCABAMBA,EL CARMEN DE LA FRONTERA,denuncias_2024_2026,95
200303,PIURA,HUANCABAMBA,EL CARMEN DE LA FRONTERA,vehiculos_pnp,4
200303,PIURA,HUANCABAMBA,EL CARMEN DE LA FRONTERA,vehiculos_operativos,3
200303,PIURA,HUANCABAMBA,EL CARMEN DE LA FRONTERA,comisarias,1
200304,PIURA,HUANCABAMBA,HUARMACA,denuncias_2024_2026,333
200304,PIURA,HUANCABAMBA,HUARMACA,vehiculos_pnp,4
200304,PIURA,HUANCABAMBA,HUARMACA,vehiculos_operativos,2
200304,PIURA,HUANCABAMBA,HUARMACA,comisarias,1
200305,PIURA,HUANCABAMBA,LALAQUIZ,denuncias_2024_2026,16
200305,PIURA,HUANCABAMBA,LALAQUIZ,vehiculos_pnp,0
200305,PIURA,HUANCABAMBA,LALAQUIZ,vehiculos_operativos,0
200305,PIURA,HUANCABAMBA,LALAQUIZ,comisarias,0
200306,PIURA,HUANCABAMBA,SAN MIGUEL DE EL FAIQUE,denuncias_2024_2026,197
200306,PIURA,HUANCABAMBA,SAN MIGUEL DE EL FAIQUE,vehiculos_pnp,3
200306,PIURA,HUANCABAMBA,SAN MIGUEL DE EL FAIQUE,vehiculos_operativos,3
200306,PIURA,HUANCABAMBA,SAN MIGUEL DE EL FAIQUE,comisarias,1
200307,PIURA,HUANCABAMBA,SONDOR,denuncias_2024_2026,55
200307,PIURA,HUANCABAMBA,SONDOR,vehiculos_pnp,4
200307,PIURA,HUANCABAMBA,SONDOR,vehiculos_operativos,2
200307,PIURA,HUANCABAMBA,SONDOR,comisarias,1
200308,PIURA,HUANCABAMBA,SONDORILLO,denuncias_2024_2026,58
200308,PIURA,HUANCABAMBA,SONDORILLO,vehiculos_pnp,3
200308,PIURA,HUANCABAMBA,SONDORILLO,vehiculos_operativos,1
200308,PIURA,HUANCABAMBA,SONDORILLO,comisarias,1
200401,PIURA,MORROPON,CHULUCANAS,denuncias_2024_2026,2974
200401,PIURA,MORROPON,CHULUCANAS,vehiculos_pnp,37
200401,PIURA,MORROPON,CHULUCANAS,vehiculos_operativos,19
200401,PIURA,MORROPON,CHULUCANAS,comisarias,5
200402,PIURA,MORROPON,BUENOS AIRES,denuncias_2024_2026,203
200402,PIURA,MORROPON,BUENOS AIRES,vehiculos_pnp,5
200402,PIURA,MORROPON,BUENOS AIRES,vehiculos_operativos,2
200402,PIURA,MORROPON,BUENOS AIRES,comisarias,1
200403,PIURA,MORROPON,CHALACO,denuncias_2024_2026,68
200403,PIURA,MORROPON,CHALACO,vehiculos_pnp,4
200403,PIURA,MORROPON,CHALACO,vehiculos_operativos,3
200403,PIURA,MORROPON,CHALACO,comisarias,1
200404,PIURA,MORROPON,LA MATANZA,denuncias_2024_2026,269
200404,PIURA,MORROPON,LA MATANZA,vehiculos_pnp,5
200404,PIURA,MORROPON,LA MATANZA,vehiculos_operativos,2
200404,PIURA,MORROPON,LA MATANZA,comisarias,1
200405,PIURA,MORROPON,MORROPON,denuncias_2024_2026,674
200405,PIURA,MORROPON,MORROPON,vehiculos_pnp,9
200405,PIURA,MORROPON,MORROPON,vehiculos_operativos,6
200405,PIURA,MORROPON,MORROPON,comisarias,1
200406,PIURA,MORROPON,SALITRAL,denuncias_2024_2026,140
200406,PIURA,MORROPON,SALITRAL,vehiculos_pnp,2
200406,PIURA,MORROPON,SALITRAL,vehiculos_operativos,2
200406,PIURA,MORROPON,SALITRAL,comisarias,1
200407,PIURA,MORROPON,SAN JUAN DE BIGOTE,denuncias_2024_2026,104
200407,PIURA,MORROPON,SAN JUAN DE BIGOTE,vehiculos_pnp,2
200407,PIURA,MORROPON,SAN JUAN DE BIGOTE,vehiculos_operativos,2
200407,PIURA,MORROPON,SAN JUAN DE BIGOTE,comisarias,1
200408,PIURA,MORROPON,SANTA CATALINA DE MOSSA,denuncias_2024_2026,35
200408,PIURA,MORROPON,SANTA CATALINA DE MOSSA,vehiculos_pnp,8
200408,PIURA,MORROPON,SANTA CATALINA DE MOSSA,vehiculos_operativos,6
200408,PIURA,MORROPON,SANTA CATALINA DE MOSSA,comisarias,2
200409,PIURA,MORROPON,SANTO DOMINGO,denuncias_2024_2026,52
200409,PIURA,MORROPON,SANTO DOMINGO,vehiculos_pnp,3
200409,PIURA,MORROPON,SANTO DOMINGO,vehiculos_operativos,2
200409,PIURA,MORROPON,SANTO DOMINGO,comisarias,1
200410,PIURA,MORROPON,YAMANGO,denuncias_2024_2026,84
200410,PIURA,MORROPON,YAMANGO,vehiculos_pnp,4
200410,PIURA,MORROPON,YAMANGO,vehiculos_operativos,3
200410,PIURA,MORROPON,YAMANGO,comisarias,1
200501,PIURA,PAITA,PAITA,denuncias_2024_2026,3671
200501,PIURA,PAITA,PAITA,vehiculos_pnp,26
200501,PIURA,PAITA,PAITA,vehiculos_operativos,15
200501,PIURA,PAITA,PAITA,comisarias,2
200502,PIURA,PAITA,AMOTAPE,denuncias_2024_2026,17
200502,PIURA,PAITA,AMOTAPE,vehiculos_pnp,3
200502,PIURA,PAITA,AMOTAPE,vehiculos_operativos,3
200502,PIURA,PAITA,AMOTAPE,comisarias,1
200504,PIURA,PAITA,COLAN,denuncias_2024_2026,415
200504,PIURA,PAITA,COLAN,vehiculos_pnp,11
200504,PIURA,PAITA,COLAN,vehiculos_operativos,6
200504,PIURA,PAITA,COLAN,comisarias,2
200505,PIURA,PAITA,LA HUACA,denuncias_2024_2026,314
200505,PIURA,PAITA,LA HUACA,vehiculos_pnp,5
200505,PIURA,PAITA,LA HUACA,vehiculos_operativos,1
200505,PIURA,PAITA,LA HUACA,comisarias,1
200506,PIURA,PAITA,TAMARINDO,denuncias_2024_2026,65
200506,PIURA,PAITA,TAMARINDO,vehiculos_pnp,2
200506,PIURA,PAITA,TAMARINDO,vehiculos_operativos,1
200506,PIURA,PAITA,TAMARINDO,comisarias,1
200507,PIURA,PAITA,VICHAYAL,denuncias_2024_2026,107
200507,PIURA,PAITA,VICHAYAL,vehiculos_pnp,4
200507,PIURA,PAITA,VICHAYAL,vehiculos_operativos,2
200507,PIURA,PAITA,VICHAYAL,comisarias,1
200601,PIURA,SULLANA,SULLANA,denuncias_2024_2026,13164
200601,PIURA,SULLANA,SULLANA,vehiculos_pnp,125
200601,PIURA,SULLANA,SULLANA,vehiculos_operativos,72
200601,PIURA,SULLANA,SULLANA,comisarias,3
200602,PIURA,SULLANA,BELLAVISTA,denuncias_2024_2026,1755
200602,PIURA,SULLANA,BELLAVISTA,vehiculos_pnp,10
200602,PIURA,SULLANA,BELLAVISTA,vehiculos_operativos,6
200602,PIURA,SULLANA,BELLAVISTA,comisarias,1
200603,PIURA,SULLANA,IGNACIO ESCUDERO,denuncias_2024_2026,519
200603,PIURA,SULLANA,IGNACIO ESCUDERO,vehiculos_pnp,6
200603,PIURA,SULLANA,IGNACIO ESCUDERO,vehiculos_operativos,2
200603,PIURA,SULLANA,IGNACIO ESCUDERO,comisarias,1
200604,PIURA,SULLANA,LANCONES,denuncias_2024_2026,175
200604,PIURA,SULLANA,LANCONES,vehiculos_pnp,13
200604,PIURA,SULLANA,LANCONES,vehiculos_operativos,9
200604,PIURA,SULLANA,LANCONES,comisarias,1
200605,PIURA,SULLANA,MARCAVELICA,denuncias_2024_2026,1053
200605,PIURA,SULLANA,MARCAVELICA,vehiculos_pnp,11
200605,PIURA,SULLANA,MARCAVELICA,vehiculos_operativos,8
200605,PIURA,SULLANA,MARCAVELICA,comisarias,1
200606,PIURA,SULLANA,MIGUEL CHECA,denuncias_2024_2026,260
200606,PIURA,SULLANA,MIGUEL CHECA,vehiculos_pnp,5
200606,PIURA,SULLANA,MIGUEL CHECA,vehiculos_operativos,2
200606,PIURA,SULLANA,MIGUEL CHECA,comisarias,1
200607,PIURA,SULLANA,QUERECOTILLO,denuncias_2024_2026,659
200607,PIURA,SULLANA,QUERECOTILLO,vehiculos_pnp,5
200607,PIURA,SULLANA,QUERECOTILLO,vehiculos_operativos,4
200607,PIURA,SULLANA,QUERECOTILLO,comisarias,2
200608,PIURA,SULLANA,SALITRAL,denuncias_2024_2026,289
200608,PIURA,SULLANA,SALITRAL,vehiculos_pnp,9
200608,PIURA,SULLANA,SALITRAL,vehiculos_operativos,7
200608,PIURA,SULLANA,SALITRAL,comisarias,1
200701,PIURA,TALARA,PARIÑAS,denuncias_2024_2026,4433
200701,PIURA,TALARA,PARIÑAS,vehiculos_pnp,24
200701,PIURA,TALARA,PARIÑAS,vehiculos_operativos,12
200701,PIURA,TALARA,PARIÑAS,comisarias,0
200702,PIURA,TALARA,EL ALTO,denuncias_2024_2026,490
200702,PIURA,TALARA,EL ALTO,vehiculos_pnp,5
200702,PIURA,TALARA,EL ALTO,vehiculos_operativos,3
200702,PIURA,TALARA,EL ALTO,comisarias,1
200703,PIURA,TALARA,LA BREA,denuncias_2024_2026,310
200703,PIURA,TALARA,LA BREA,vehiculos_pnp,5
200703,PIURA,TALARA,LA BREA,vehiculos_operativos,3
200703,PIURA,TALARA,LA BREA,comisarias,1
200704,PIURA,TALARA,LOBITOS,denuncias_2024_2026,14
200704,PIURA,TALARA,LOBITOS,vehiculos_pnp,0
200704,PIURA,TALARA,LOBITOS,vehiculos_operativos,0
200704,PIURA,TALARA,LOBITOS,comisarias,0
200705,PIURA,TALARA,LOS ORGANOS,denuncias_2024_2026,602
200705,PIURA,TALARA,LOS ORGANOS,vehiculos_pnp,14
200705,PIURA,TALARA,LOS ORGANOS,vehiculos_operativos,5
200705,PIURA,TALARA,LOS ORGANOS,comisarias,1
200706,PIURA,TALARA,MANCORA,denuncias_2024_2026,1275
200706,PIURA,TALARA,MANCORA,vehiculos_pnp,13
200706,PIURA,TALARA,MANCORA,vehiculos_operativos,4
200706,PIURA,TALARA,MANCORA,comisarias,1
200801,PIURA,SECHURA,SECHURA,denuncias_2024_2026,2193
200801,PIURA,SECHURA,SECHURA,vehiculos_pnp,22
200801,PIURA,SECHURA,SECHURA,vehiculos_operativos,12
200801,PIURA,SECHURA,SECHURA,comisarias,3
200802,PIURA,SECHURA,BELLAVISTA DE LA UNION,denuncias_2024_2026,169
200802,PIURA,SECHURA,BELLAVISTA DE LA UNION,vehiculos_pnp,3
200802,PIURA,SECHURA,BELLAVISTA DE LA UNION,vehiculos_operativos,3
200802,PIURA,SECHURA,BELLAVISTA DE LA UNION,comisarias,1
200803,PIURA,SECHURA,BERNAL,denuncias_2024_2026,401
200803,PIURA,SECHURA,BERNAL,vehiculos_pnp,6
200803,PIURA,SECHURA,BERNAL,vehiculos_operativos,4
200803,PIURA,SECHURA,BERNAL,comisarias,1
200804,PIURA,SECHURA,CRISTO NOS VALGA,denuncias_2024_2026,26
200804,PIURA,SECHURA,CRISTO NOS VALGA,vehiculos_pnp,0
200804,PIURA,SECHURA,CRISTO NOS VALGA,vehiculos_operativos,0
200804,PIURA,SECHURA,CRISTO NOS VALGA,comisarias,0
200805,PIURA,SECHURA,VICE,denuncias_2024_2026,300
200805,PIURA,SECHURA,VICE,vehiculos_pnp,4
200805,PIURA,SECHURA,VICE,vehiculos_operativos,2
200805,PIURA,SECHURA,VICE,comisarias,1
200806,PIURA,SECHURA,RINCONADA LLICUAR,denuncias_2024_2026,67
200806,PIURA,SECHURA,RINCONADA LLICUAR,vehiculos_pnp,7
200806,PIURA,SECHURA,RINCONADA LLICUAR,vehiculos_operativos,3
200806,PIURA,SECHURA,RINCONADA LLICUAR,comisarias,1
210101,PUNO,PUNO,PUNO,denuncias_2024_2026,9700
210101,PUNO,PUNO,PUNO,vehiculos_pnp,262
210101,PUNO,PUNO,PUNO,vehiculos_operativos,105
210101,PUNO,PUNO,PUNO,comisarias,4
210102,PUNO,PUNO,ACORA,denuncias_2024_2026,395
210102,PUNO,PUNO,ACORA,vehiculos_pnp,8
210102,PUNO,PUNO,ACORA,vehiculos_operativos,3
210102,PUNO,PUNO,ACORA,comisarias,1
210103,PUNO,PUNO,AMANTANI,denuncias_2024_2026,14
210103,PUNO,PUNO,AMANTANI,vehiculos_pnp,0
210103,PUNO,PUNO,AMANTANI,vehiculos_operativos,0
210103,PUNO,PUNO,AMANTANI,comisarias,0
210104,PUNO,PUNO,ATUNCOLLA,denuncias_2024_2026,9
210104,PUNO,PUNO,ATUNCOLLA,vehiculos_pnp,0
210104,PUNO,PUNO,ATUNCOLLA,vehiculos_operativos,0
210104,PUNO,PUNO,ATUNCOLLA,comisarias,0
210105,PUNO,PUNO,CAPACHICA,denuncias_2024_2026,216
210105,PUNO,PUNO,CAPACHICA,vehiculos_pnp,3
210105,PUNO,PUNO,CAPACHICA,vehiculos_operativos,1
210105,PUNO,PUNO,CAPACHICA,comisarias,1
210106,PUNO,PUNO,CHUCUITO,denuncias_2024_2026,173
210106,PUNO,PUNO,CHUCUITO,vehiculos_pnp,1
210106,PUNO,PUNO,CHUCUITO,vehiculos_operativos,1
210106,PUNO,PUNO,CHUCUITO,comisarias,1
210107,PUNO,PUNO,COATA,denuncias_2024_2026,35
210107,PUNO,PUNO,COATA,vehiculos_pnp,0
210107,PUNO,PUNO,COATA,vehiculos_operativos,0
210107,PUNO,PUNO,COATA,comisarias,0
210108,PUNO,PUNO,HUATA,denuncias_2024_2026,75
210108,PUNO,PUNO,HUATA,vehiculos_pnp,1
210108,PUNO,PUNO,HUATA,vehiculos_operativos,1
210108,PUNO,PUNO,HUATA,comisarias,1
210109,PUNO,PUNO,MAÑAZO,denuncias_2024_2026,228
210109,PUNO,PUNO,MAÑAZO,vehiculos_pnp,2
210109,PUNO,PUNO,MAÑAZO,vehiculos_operativos,1
210109,PUNO,PUNO,MAÑAZO,comisarias,0
210110,PUNO,PUNO,PAUCARCOLLA,denuncias_2024_2026,191
210110,PUNO,PUNO,PAUCARCOLLA,vehiculos_pnp,2
210110,PUNO,PUNO,PAUCARCOLLA,vehiculos_operativos,2
210110,PUNO,PUNO,PAUCARCOLLA,comisarias,1
210111,PUNO,PUNO,PICHACANI,denuncias_2024_2026,90
210111,PUNO,PUNO,PICHACANI,vehiculos_pnp,1
210111,PUNO,PUNO,PICHACANI,vehiculos_operativos,1
210111,PUNO,PUNO,PICHACANI,comisarias,1
210112,PUNO,PUNO,PLATERIA,denuncias_2024_2026,114
210112,PUNO,PUNO,PLATERIA,vehiculos_pnp,1
210112,PUNO,PUNO,PLATERIA,vehiculos_operativos,1
210112,PUNO,PUNO,PLATERIA,comisarias,1
210113,PUNO,PUNO,SAN ANTONIO,denuncias_2024_2026,3
210113,PUNO,PUNO,SAN ANTONIO,vehiculos_pnp,0
210113,PUNO,PUNO,SAN ANTONIO,vehiculos_operativos,0
210113,PUNO,PUNO,SAN ANTONIO,comisarias,0
210114,PUNO,PUNO,TIQUILLACA,denuncias_2024_2026,97
210114,PUNO,PUNO,TIQUILLACA,vehiculos_pnp,2
210114,PUNO,PUNO,TIQUILLACA,vehiculos_operativos,1
210114,PUNO,PUNO,TIQUILLACA,comisarias,1
210115,PUNO,PUNO,VILQUE,denuncias_2024_2026,30
210115,PUNO,PUNO,VILQUE,vehiculos_pnp,0
210115,PUNO,PUNO,VILQUE,vehiculos_operativos,0
210115,PUNO,PUNO,VILQUE,comisarias,0
210201,PUNO,AZANGARO,AZANGARO,denuncias_2024_2026,974
210201,PUNO,AZANGARO,AZANGARO,vehiculos_pnp,5
210201,PUNO,AZANGARO,AZANGARO,vehiculos_operativos,3
210201,PUNO,AZANGARO,AZANGARO,comisarias,1
210202,PUNO,AZANGARO,ACHAYA,denuncias_2024_2026,7
210202,PUNO,AZANGARO,ACHAYA,vehiculos_pnp,0
210202,PUNO,AZANGARO,ACHAYA,vehiculos_operativos,0
210202,PUNO,AZANGARO,ACHAYA,comisarias,0
210203,PUNO,AZANGARO,ARAPA,denuncias_2024_2026,157
210203,PUNO,AZANGARO,ARAPA,vehiculos_pnp,3
210203,PUNO,AZANGARO,ARAPA,vehiculos_operativos,1
210203,PUNO,AZANGARO,ARAPA,comisarias,1
210204,PUNO,AZANGARO,ASILLO,denuncias_2024_2026,146
210204,PUNO,AZANGARO,ASILLO,vehiculos_pnp,2
210204,PUNO,AZANGARO,ASILLO,vehiculos_operativos,2
210204,PUNO,AZANGARO,ASILLO,comisarias,1
210205,PUNO,AZANGARO,CAMINACA,denuncias_2024_2026,17
210205,PUNO,AZANGARO,CAMINACA,vehiculos_pnp,0
210205,PUNO,AZANGARO,CAMINACA,vehiculos_operativos,0
210205,PUNO,AZANGARO,CAMINACA,comisarias,0
210206,PUNO,AZANGARO,CHUPA,denuncias_2024_2026,22
210206,PUNO,AZANGARO,CHUPA,vehiculos_pnp,0
210206,PUNO,AZANGARO,CHUPA,vehiculos_operativos,0
210206,PUNO,AZANGARO,CHUPA,comisarias,0
210207,PUNO,AZANGARO,JOSE DOMINGO CHOQUEHUANCA,denuncias_2024_2026,63
210207,PUNO,AZANGARO,JOSE DOMINGO CHOQUEHUANCA,vehiculos_pnp,1
210207,PUNO,AZANGARO,JOSE DOMINGO CHOQUEHUANCA,vehiculos_operativos,1
210207,PUNO,AZANGARO,JOSE DOMINGO CHOQUEHUANCA,comisarias,1
210208,PUNO,AZANGARO,MUÑANI,denuncias_2024_2026,77
210208,PUNO,AZANGARO,MUÑANI,vehiculos_pnp,0
210208,PUNO,AZANGARO,MUÑANI,vehiculos_operativos,0
210208,PUNO,AZANGARO,MUÑANI,comisarias,0
210209,PUNO,AZANGARO,POTONI,denuncias_2024_2026,34
210209,PUNO,AZANGARO,POTONI,vehiculos_pnp,0
210209,PUNO,AZANGARO,POTONI,vehiculos_operativos,0
210209,PUNO,AZANGARO,POTONI,comisarias,0
210210,PUNO,AZANGARO,SAMAN,denuncias_2024_2026,74
210210,PUNO,AZANGARO,SAMAN,vehiculos_pnp,0
210210,PUNO,AZANGARO,SAMAN,vehiculos_operativos,0
210210,PUNO,AZANGARO,SAMAN,comisarias,0
210211,PUNO,AZANGARO,SAN ANTON,denuncias_2024_2026,110
210211,PUNO,AZANGARO,SAN ANTON,vehiculos_pnp,1
210211,PUNO,AZANGARO,SAN ANTON,vehiculos_operativos,1
210211,PUNO,AZANGARO,SAN ANTON,comisarias,1
210212,PUNO,AZANGARO,SAN JOSE,denuncias_2024_2026,10
210212,PUNO,AZANGARO,SAN JOSE,vehiculos_pnp,0
210212,PUNO,AZANGARO,SAN JOSE,vehiculos_operativos,0
210212,PUNO,AZANGARO,SAN JOSE,comisarias,0
210213,PUNO,AZANGARO,SAN JUAN DE SALINAS,denuncias_2024_2026,9
210213,PUNO,AZANGARO,SAN JUAN DE SALINAS,vehiculos_pnp,0
210213,PUNO,AZANGARO,SAN JUAN DE SALINAS,vehiculos_operativos,0
210213,PUNO,AZANGARO,SAN JUAN DE SALINAS,comisarias,0
210214,PUNO,AZANGARO,SANTIAGO DE PUPUJA,denuncias_2024_2026,20
210214,PUNO,AZANGARO,SANTIAGO DE PUPUJA,vehiculos_pnp,0
210214,PUNO,AZANGARO,SANTIAGO DE PUPUJA,vehiculos_operativos,0
210214,PUNO,AZANGARO,SANTIAGO DE PUPUJA,comisarias,0
210215,PUNO,AZANGARO,TIRAPATA,denuncias_2024_2026,11
210215,PUNO,AZANGARO,TIRAPATA,vehiculos_pnp,0
210215,PUNO,AZANGARO,TIRAPATA,vehiculos_operativos,0
210215,PUNO,AZANGARO,TIRAPATA,comisarias,0
210301,PUNO,CARABAYA,MACUSANI,denuncias_2024_2026,664
210301,PUNO,CARABAYA,MACUSANI,vehiculos_pnp,9
210301,PUNO,CARABAYA,MACUSANI,vehiculos_operativos,5
210301,PUNO,CARABAYA,MACUSANI,comisarias,1
210302,PUNO,CARABAYA,AJOYANI,denuncias_2024_2026,7
210302,PUNO,CARABAYA,AJOYANI,vehiculos_pnp,0
210302,PUNO,CARABAYA,AJOYANI,vehiculos_operativos,0
210302,PUNO,CARABAYA,AJOYANI,comisarias,0
210303,PUNO,CARABAYA,AYAPATA,denuncias_2024_2026,19
210303,PUNO,CARABAYA,AYAPATA,vehiculos_pnp,0
210303,PUNO,CARABAYA,AYAPATA,vehiculos_operativos,0
210303,PUNO,CARABAYA,AYAPATA,comisarias,0
210304,PUNO,CARABAYA,COASA,denuncias_2024_2026,28
210304,PUNO,CARABAYA,COASA,vehiculos_pnp,0
210304,PUNO,CARABAYA,COASA,vehiculos_operativos,0
210304,PUNO,CARABAYA,COASA,comisarias,0
210305,PUNO,CARABAYA,CORANI,denuncias_2024_2026,15
210305,PUNO,CARABAYA,CORANI,vehiculos_pnp,0
210305,PUNO,CARABAYA,CORANI,vehiculos_operativos,0
210305,PUNO,CARABAYA,CORANI,comisarias,0
210306,PUNO,CARABAYA,CRUCERO,denuncias_2024_2026,195
210306,PUNO,CARABAYA,CRUCERO,vehiculos_pnp,2
210306,PUNO,CARABAYA,CRUCERO,vehiculos_operativos,1
210306,PUNO,CARABAYA,CRUCERO,comisarias,1
210307,PUNO,CARABAYA,ITUATA,denuncias_2024_2026,13
210307,PUNO,CARABAYA,ITUATA,vehiculos_pnp,0
210307,PUNO,CARABAYA,ITUATA,vehiculos_operativos,0
210307,PUNO,CARABAYA,ITUATA,comisarias,0
210308,PUNO,CARABAYA,OLLACHEA,denuncias_2024_2026,38
210308,PUNO,CARABAYA,OLLACHEA,vehiculos_pnp,0
210308,PUNO,CARABAYA,OLLACHEA,vehiculos_operativos,0
210308,PUNO,CARABAYA,OLLACHEA,comisarias,0
210309,PUNO,CARABAYA,SAN GABAN,denuncias_2024_2026,61
210309,PUNO,CARABAYA,SAN GABAN,vehiculos_pnp,0
210309,PUNO,CARABAYA,SAN GABAN,vehiculos_operativos,0
210309,PUNO,CARABAYA,SAN GABAN,comisarias,0
210310,PUNO,CARABAYA,USICAYOS,denuncias_2024_2026,8
210310,PUNO,CARABAYA,USICAYOS,vehiculos_pnp,0
210310,PUNO,CARABAYA,USICAYOS,vehiculos_operativos,0
210310,PUNO,CARABAYA,USICAYOS,comisarias,0
210401,PUNO,CHUCUITO,JULI,denuncias_2024_2026,460
210401,PUNO,CHUCUITO,JULI,vehiculos_pnp,4
210401,PUNO,CHUCUITO,JULI,vehiculos_operativos,2
210401,PUNO,CHUCUITO,JULI,comisarias,1
210402,PUNO,CHUCUITO,DESAGUADERO,denuncias_2024_2026,869
210402,PUNO,CHUCUITO,DESAGUADERO,vehiculos_pnp,9
210402,PUNO,CHUCUITO,DESAGUADERO,vehiculos_operativos,6
210402,PUNO,CHUCUITO,DESAGUADERO,comisarias,1
210403,PUNO,CHUCUITO,HUACULLANI,denuncias_2024_2026,62
210403,PUNO,CHUCUITO,HUACULLANI,vehiculos_pnp,2
210403,PUNO,CHUCUITO,HUACULLANI,vehiculos_operativos,2
210403,PUNO,CHUCUITO,HUACULLANI,comisarias,1
210404,PUNO,CHUCUITO,KELLUYO,denuncias_2024_2026,23
210404,PUNO,CHUCUITO,KELLUYO,vehiculos_pnp,0
210404,PUNO,CHUCUITO,KELLUYO,vehiculos_operativos,0
210404,PUNO,CHUCUITO,KELLUYO,comisarias,0
210405,PUNO,CHUCUITO,PISACOMA,denuncias_2024_2026,9
210405,PUNO,CHUCUITO,PISACOMA,vehiculos_pnp,1
210405,PUNO,CHUCUITO,PISACOMA,vehiculos_operativos,0
210405,PUNO,CHUCUITO,PISACOMA,comisarias,0
210406,PUNO,CHUCUITO,POMATA,denuncias_2024_2026,280
210406,PUNO,CHUCUITO,POMATA,vehiculos_pnp,1
210406,PUNO,CHUCUITO,POMATA,vehiculos_operativos,1
210406,PUNO,CHUCUITO,POMATA,comisarias,1
210407,PUNO,CHUCUITO,ZEPITA,denuncias_2024_2026,202
210407,PUNO,CHUCUITO,ZEPITA,vehiculos_pnp,2
210407,PUNO,CHUCUITO,ZEPITA,vehiculos_operativos,2
210407,PUNO,CHUCUITO,ZEPITA,comisarias,1
210501,PUNO,EL COLLAO,ILAVE,denuncias_2024_2026,1456
210501,PUNO,EL COLLAO,ILAVE,vehiculos_pnp,16
210501,PUNO,EL COLLAO,ILAVE,vehiculos_operativos,10
210501,PUNO,EL COLLAO,ILAVE,comisarias,1
210502,PUNO,EL COLLAO,CAPAZO,denuncias_2024_2026,38
210502,PUNO,EL COLLAO,CAPAZO,vehiculos_pnp,0
210502,PUNO,EL COLLAO,CAPAZO,vehiculos_operativos,0
210502,PUNO,EL COLLAO,CAPAZO,comisarias,0
210503,PUNO,EL COLLAO,PILCUYO,denuncias_2024_2026,131
210503,PUNO,EL COLLAO,PILCUYO,vehiculos_pnp,4
210503,PUNO,EL COLLAO,PILCUYO,vehiculos_operativos,2
210503,PUNO,EL COLLAO,PILCUYO,comisarias,1
210504,PUNO,EL COLLAO,SANTA ROSA,denuncias_2024_2026,69
210504,PUNO,EL COLLAO,SANTA ROSA,vehiculos_pnp,13
210504,PUNO,EL COLLAO,SANTA ROSA,vehiculos_operativos,9
210504,PUNO,EL COLLAO,SANTA ROSA,comisarias,1
210505,PUNO,EL COLLAO,CONDURIRI,denuncias_2024_2026,6
210505,PUNO,EL COLLAO,CONDURIRI,vehiculos_pnp,0
210505,PUNO,EL COLLAO,CONDURIRI,vehiculos_operativos,0
210505,PUNO,EL COLLAO,CONDURIRI,comisarias,0
210601,PUNO,HUANCANE,HUANCANE,denuncias_2024_2026,460
210601,PUNO,HUANCANE,HUANCANE,vehiculos_pnp,8
210601,PUNO,HUANCANE,HUANCANE,vehiculos_operativos,8
210601,PUNO,HUANCANE,HUANCANE,comisarias,1
210602,PUNO,HUANCANE,COJATA,denuncias_2024_2026,32
210602,PUNO,HUANCANE,COJATA,vehiculos_pnp,1
210602,PUNO,HUANCANE,COJATA,vehiculos_operativos,1
210602,PUNO,HUANCANE,COJATA,comisarias,0
210603,PUNO,HUANCANE,HUATASANI,denuncias_2024_2026,15
210603,PUNO,HUANCANE,HUATASANI,vehiculos_pnp,0
210603,PUNO,HUANCANE,HUATASANI,vehiculos_operativos,0
210603,PUNO,HUANCANE,HUATASANI,comisarias,0
210604,PUNO,HUANCANE,INCHUPALLA,denuncias_2024_2026,4
210604,PUNO,HUANCANE,INCHUPALLA,vehiculos_pnp,0
210604,PUNO,HUANCANE,INCHUPALLA,vehiculos_operativos,0
210604,PUNO,HUANCANE,INCHUPALLA,comisarias,0
210605,PUNO,HUANCANE,PUSI,denuncias_2024_2026,86
210605,PUNO,HUANCANE,PUSI,vehiculos_pnp,1
210605,PUNO,HUANCANE,PUSI,vehiculos_operativos,1
210605,PUNO,HUANCANE,PUSI,comisarias,1
210606,PUNO,HUANCANE,ROSASPATA,denuncias_2024_2026,32
210606,PUNO,HUANCANE,ROSASPATA,vehiculos_pnp,2
210606,PUNO,HUANCANE,ROSASPATA,vehiculos_operativos,0
210606,PUNO,HUANCANE,ROSASPATA,comisarias,1
210607,PUNO,HUANCANE,TARACO,denuncias_2024_2026,188
210607,PUNO,HUANCANE,TARACO,vehiculos_pnp,2
210607,PUNO,HUANCANE,TARACO,vehiculos_operativos,1
210607,PUNO,HUANCANE,TARACO,comisarias,1
210608,PUNO,HUANCANE,VILQUE CHICO,denuncias_2024_2026,141
210608,PUNO,HUANCANE,VILQUE CHICO,vehiculos_pnp,1
210608,PUNO,HUANCANE,VILQUE CHICO,vehiculos_operativos,1
210608,PUNO,HUANCANE,VILQUE CHICO,comisarias,1
210701,PUNO,LAMPA,LAMPA,denuncias_2024_2026,270
210701,PUNO,LAMPA,LAMPA,vehiculos_pnp,7
210701,PUNO,LAMPA,LAMPA,vehiculos_operativos,5
210701,PUNO,LAMPA,LAMPA,comisarias,1
210702,PUNO,LAMPA,CABANILLA,denuncias_2024_2026,87
210702,PUNO,LAMPA,CABANILLA,vehiculos_pnp,0
210702,PUNO,LAMPA,CABANILLA,vehiculos_operativos,0
210702,PUNO,LAMPA,CABANILLA,comisarias,1
210703,PUNO,LAMPA,CALAPUJA,denuncias_2024_2026,8
210703,PUNO,LAMPA,CALAPUJA,vehiculos_pnp,0
210703,PUNO,LAMPA,CALAPUJA,vehiculos_operativos,0
210703,PUNO,LAMPA,CALAPUJA,comisarias,0
210704,PUNO,LAMPA,NICASIO,denuncias_2024_2026,10
210704,PUNO,LAMPA,NICASIO,vehiculos_pnp,0
210704,PUNO,LAMPA,NICASIO,vehiculos_operativos,0
210704,PUNO,LAMPA,NICASIO,comisarias,0
210705,PUNO,LAMPA,OCUVIRI,denuncias_2024_2026,10
210705,PUNO,LAMPA,OCUVIRI,vehiculos_pnp,0
210705,PUNO,LAMPA,OCUVIRI,vehiculos_operativos,0
210705,PUNO,LAMPA,OCUVIRI,comisarias,0
210706,PUNO,LAMPA,PALCA,denuncias_2024_2026,10
210706,PUNO,LAMPA,PALCA,vehiculos_pnp,0
210706,PUNO,LAMPA,PALCA,vehiculos_operativos,0
210706,PUNO,LAMPA,PALCA,comisarias,0
210708,PUNO,LAMPA,PUCARA,denuncias_2024_2026,84
210708,PUNO,LAMPA,PUCARA,vehiculos_pnp,2
210708,PUNO,LAMPA,PUCARA,vehiculos_operativos,1
210708,PUNO,LAMPA,PUCARA,comisarias,1
210709,PUNO,LAMPA,SANTA LUCIA,denuncias_2024_2026,180
210709,PUNO,LAMPA,SANTA LUCIA,vehiculos_pnp,6
210709,PUNO,LAMPA,SANTA LUCIA,vehiculos_operativos,5
210709,PUNO,LAMPA,SANTA LUCIA,comisarias,1
210710,PUNO,LAMPA,VILAVILA,denuncias_2024_2026,6
210710,PUNO,LAMPA,VILAVILA,vehiculos_pnp,0
210710,PUNO,LAMPA,VILAVILA,vehiculos_operativos,0
210710,PUNO,LAMPA,VILAVILA,comisarias,0
210801,PUNO,MELGAR,AYAVIRI,denuncias_2024_2026,797
210801,PUNO,MELGAR,AYAVIRI,vehiculos_pnp,14
210801,PUNO,MELGAR,AYAVIRI,vehiculos_operativos,11
210801,PUNO,MELGAR,AYAVIRI,comisarias,1
210802,PUNO,MELGAR,ANTAUTA,denuncias_2024_2026,18
210802,PUNO,MELGAR,ANTAUTA,vehiculos_pnp,2
210802,PUNO,MELGAR,ANTAUTA,vehiculos_operativos,2
210802,PUNO,MELGAR,ANTAUTA,comisarias,1
210804,PUNO,MELGAR,LLALLI,denuncias_2024_2026,4
210804,PUNO,MELGAR,LLALLI,vehiculos_pnp,0
210804,PUNO,MELGAR,LLALLI,vehiculos_operativos,0
210804,PUNO,MELGAR,LLALLI,comisarias,0
210805,PUNO,MELGAR,MACARI,denuncias_2024_2026,11
210805,PUNO,MELGAR,MACARI,vehiculos_pnp,0
210805,PUNO,MELGAR,MACARI,vehiculos_operativos,0
210805,PUNO,MELGAR,MACARI,comisarias,0
210806,PUNO,MELGAR,NUÑOA,denuncias_2024_2026,116
210806,PUNO,MELGAR,NUÑOA,vehiculos_pnp,2
210806,PUNO,MELGAR,NUÑOA,vehiculos_operativos,1
210806,PUNO,MELGAR,NUÑOA,comisarias,0
210807,PUNO,MELGAR,ORURILLO,denuncias_2024_2026,80
210807,PUNO,MELGAR,ORURILLO,vehiculos_pnp,4
210807,PUNO,MELGAR,ORURILLO,vehiculos_operativos,2
210807,PUNO,MELGAR,ORURILLO,comisarias,1
210808,PUNO,MELGAR,SANTA ROSA,denuncias_2024_2026,104
210808,PUNO,MELGAR,SANTA ROSA,vehiculos_pnp,0
210808,PUNO,MELGAR,SANTA ROSA,vehiculos_operativos,0
210808,PUNO,MELGAR,SANTA ROSA,comisarias,1
210809,PUNO,MELGAR,UMACHIRI,denuncias_2024_2026,5
210809,PUNO,MELGAR,UMACHIRI,vehiculos_pnp,0
210809,PUNO,MELGAR,UMACHIRI,vehiculos_operativos,0
210809,PUNO,MELGAR,UMACHIRI,comisarias,0
210901,PUNO,MOHO,MOHO,denuncias_2024_2026,141
210901,PUNO,MOHO,MOHO,vehiculos_pnp,4
210901,PUNO,MOHO,MOHO,vehiculos_operativos,3
210901,PUNO,MOHO,MOHO,comisarias,1
210902,PUNO,MOHO,CONIMA,denuncias_2024_2026,44
210902,PUNO,MOHO,CONIMA,vehiculos_pnp,1
210902,PUNO,MOHO,CONIMA,vehiculos_operativos,1
210902,PUNO,MOHO,CONIMA,comisarias,1
210903,PUNO,MOHO,HUAYRAPATA,denuncias_2024_2026,6
210903,PUNO,MOHO,HUAYRAPATA,vehiculos_pnp,0
210903,PUNO,MOHO,HUAYRAPATA,vehiculos_operativos,0
210903,PUNO,MOHO,HUAYRAPATA,comisarias,0
210904,PUNO,MOHO,TILALI,denuncias_2024_2026,7
210904,PUNO,MOHO,TILALI,vehiculos_pnp,0
210904,PUNO,MOHO,TILALI,vehiculos_operativos,0
210904,PUNO,MOHO,TILALI,comisarias,0
211001,PUNO,SAN ANTONIO DE PUTINA,PUTINA,denuncias_2024_2026,385
211001,PUNO,SAN ANTONIO DE PUTINA,PUTINA,vehiculos_pnp,7
211001,PUNO,SAN ANTONIO DE PUTINA,PUTINA,vehiculos_operativos,2
211001,PUNO,SAN ANTONIO DE PUTINA,PUTINA,comisarias,1
211002,PUNO,SAN ANTONIO DE PUTINA,ANANEA,denuncias_2024_2026,437
211002,PUNO,SAN ANTONIO DE PUTINA,ANANEA,vehiculos_pnp,10
211002,PUNO,SAN ANTONIO DE PUTINA,ANANEA,vehiculos_operativos,5
211002,PUNO,SAN ANTONIO DE PUTINA,ANANEA,comisarias,2
211003,PUNO,SAN ANTONIO DE PUTINA,PEDRO VILCA APAZA,denuncias_2024_2026,3
211003,PUNO,SAN ANTONIO DE PUTINA,PEDRO VILCA APAZA,vehiculos_pnp,0
211003,PUNO,SAN ANTONIO DE PUTINA,PEDRO VILCA APAZA,vehiculos_operativos,0
211003,PUNO,SAN ANTONIO DE PUTINA,PEDRO VILCA APAZA,comisarias,0
211004,PUNO,SAN ANTONIO DE PUTINA,QUILCAPUNCU,denuncias_2024_2026,23
211004,PUNO,SAN ANTONIO DE PUTINA,QUILCAPUNCU,vehiculos_pnp,0
211004,PUNO,SAN ANTONIO DE PUTINA,QUILCAPUNCU,vehiculos_operativos,0
211004,PUNO,SAN ANTONIO DE PUTINA,QUILCAPUNCU,comisarias,0
211005,PUNO,SAN ANTONIO DE PUTINA,SINA,denuncias_2024_2026,21
211005,PUNO,SAN ANTONIO DE PUTINA,SINA,vehiculos_pnp,0
211005,PUNO,SAN ANTONIO DE PUTINA,SINA,vehiculos_operativos,0
211005,PUNO,SAN ANTONIO DE PUTINA,SINA,comisarias,0
211101,PUNO,SAN ROMAN,JULIACA,denuncias_2024_2026,14757
211101,PUNO,SAN ROMAN,JULIACA,vehiculos_pnp,216
211101,PUNO,SAN ROMAN,JULIACA,vehiculos_operativos,113
211101,PUNO,SAN ROMAN,JULIACA,comisarias,2
211102,PUNO,SAN ROMAN,CABANA,denuncias_2024_2026,63
211102,PUNO,SAN ROMAN,CABANA,vehiculos_pnp,0
211102,PUNO,SAN ROMAN,CABANA,vehiculos_operativos,0
211102,PUNO,SAN ROMAN,CABANA,comisarias,0
211103,PUNO,SAN ROMAN,CABANILLAS,denuncias_2024_2026,169
211103,PUNO,SAN ROMAN,CABANILLAS,vehiculos_pnp,5
211103,PUNO,SAN ROMAN,CABANILLAS,vehiculos_operativos,5
211103,PUNO,SAN ROMAN,CABANILLAS,comisarias,1
211104,PUNO,SAN ROMAN,CARACOTO,denuncias_2024_2026,324
211104,PUNO,SAN ROMAN,CARACOTO,vehiculos_pnp,2
211104,PUNO,SAN ROMAN,CARACOTO,vehiculos_operativos,2
211104,PUNO,SAN ROMAN,CARACOTO,comisarias,1
211105,PUNO,SAN ROMAN,SAN MIGUEL,denuncias_2024_2026,1515
211105,PUNO,SAN ROMAN,SAN MIGUEL,vehiculos_pnp,0
211105,PUNO,SAN ROMAN,SAN MIGUEL,vehiculos_operativos,0
211105,PUNO,SAN ROMAN,SAN MIGUEL,comisarias,1
211201,PUNO,SANDIA,SANDIA,denuncias_2024_2026,255
211201,PUNO,SANDIA,SANDIA,vehiculos_pnp,6
211201,PUNO,SANDIA,SANDIA,vehiculos_operativos,3
211201,PUNO,SANDIA,SANDIA,comisarias,1
211202,PUNO,SANDIA,CUYOCUYO,denuncias_2024_2026,54
211202,PUNO,SANDIA,CUYOCUYO,vehiculos_pnp,0
211202,PUNO,SANDIA,CUYOCUYO,vehiculos_operativos,0
211202,PUNO,SANDIA,CUYOCUYO,comisarias,0
211203,PUNO,SANDIA,LIMBANI,denuncias_2024_2026,39
211203,PUNO,SANDIA,LIMBANI,vehiculos_pnp,2
211203,PUNO,SANDIA,LIMBANI,vehiculos_operativos,1
211203,PUNO,SANDIA,LIMBANI,comisarias,1
211204,PUNO,SANDIA,PATAMBUCO,denuncias_2024_2026,8
211204,PUNO,SANDIA,PATAMBUCO,vehiculos_pnp,0
211204,PUNO,SANDIA,PATAMBUCO,vehiculos_operativos,0
211204,PUNO,SANDIA,PATAMBUCO,comisarias,0
211205,PUNO,SANDIA,PHARA,denuncias_2024_2026,35
211205,PUNO,SANDIA,PHARA,vehiculos_pnp,0
211205,PUNO,SANDIA,PHARA,vehiculos_operativos,0
211205,PUNO,SANDIA,PHARA,comisarias,0
211206,PUNO,SANDIA,QUIACA,denuncias_2024_2026,23
211206,PUNO,SANDIA,QUIACA,vehiculos_pnp,2
211206,PUNO,SANDIA,QUIACA,vehiculos_operativos,2
211206,PUNO,SANDIA,QUIACA,comisarias,1
211207,PUNO,SANDIA,SAN JUAN DEL ORO,denuncias_2024_2026,125
211207,PUNO,SANDIA,SAN JUAN DEL ORO,vehiculos_pnp,2
211207,PUNO,SANDIA,SAN JUAN DEL ORO,vehiculos_operativos,1
211207,PUNO,SANDIA,SAN JUAN DEL ORO,comisarias,1
211208,PUNO,SANDIA,YANAHUAYA,denuncias_2024_2026,15
211208,PUNO,SANDIA,YANAHUAYA,vehiculos_pnp,0
211208,PUNO,SANDIA,YANAHUAYA,vehiculos_operativos,0
211208,PUNO,SANDIA,YANAHUAYA,comisarias,0
211209,PUNO,SANDIA,ALTO INAMBARI,denuncias_2024_2026,25
211209,PUNO,SANDIA,ALTO INAMBARI,vehiculos_pnp,0
211209,PUNO,SANDIA,ALTO INAMBARI,vehiculos_operativos,0
211209,PUNO,SANDIA,ALTO INAMBARI,comisarias,0
211210,PUNO,SANDIA,SAN PEDRO DE PUTINA PUNCO,denuncias_2024_2026,22
211210,PUNO,SANDIA,SAN PEDRO DE PUTINA PUNCO,vehiculos_pnp,0
211210,PUNO,SANDIA,SAN PEDRO DE PUTINA PUNCO,vehiculos_operativos,0
211210,PUNO,SANDIA,SAN PEDRO DE PUTINA PUNCO,comisarias,0
211301,PUNO,YUNGUYO,YUNGUYO,denuncias_2024_2026,790
211301,PUNO,YUNGUYO,YUNGUYO,vehiculos_pnp,7
211301,PUNO,YUNGUYO,YUNGUYO,vehiculos_operativos,5
211301,PUNO,YUNGUYO,YUNGUYO,comisarias,4
211302,PUNO,YUNGUYO,ANAPIA,denuncias_2024_2026,4
211302,PUNO,YUNGUYO,ANAPIA,vehiculos_pnp,0
211302,PUNO,YUNGUYO,ANAPIA,vehiculos_operativos,0
211302,PUNO,YUNGUYO,ANAPIA,comisarias,0
211303,PUNO,YUNGUYO,COPANI,denuncias_2024_2026,7
211303,PUNO,YUNGUYO,COPANI,vehiculos_pnp,1
211303,PUNO,YUNGUYO,COPANI,vehiculos_operativos,1
211303,PUNO,YUNGUYO,COPANI,comisarias,0
211304,PUNO,YUNGUYO,CUTURAPI,denuncias_2024_2026,9
211304,PUNO,YUNGUYO,CUTURAPI,vehiculos_pnp,0
211304,PUNO,YUNGUYO,CUTURAPI,vehiculos_operativos,0
211304,PUNO,YUNGUYO,CUTURAPI,comisarias,0
211305,PUNO,YUNGUYO,OLLARAYA,denuncias_2024_2026,9
211305,PUNO,YUNGUYO,OLLARAYA,vehiculos_pnp,0
211305,PUNO,YUNGUYO,OLLARAYA,vehiculos_operativos,0
211305,PUNO,YUNGUYO,OLLARAYA,comisarias,0
211306,PUNO,YUNGUYO,TINICACHI,denuncias_2024_2026,6
211306,PUNO,YUNGUYO,TINICACHI,vehiculos_pnp,0
211306,PUNO,YUNGUYO,TINICACHI,vehiculos_operativos,0
211306,PUNO,YUNGUYO,TINICACHI,comisarias,0
211307,PUNO,YUNGUYO,UNICACHI,denuncias_2024_2026,32
211307,PUNO,YUNGUYO,UNICACHI,vehiculos_pnp,2
211307,PUNO,YUNGUYO,UNICACHI,vehiculos_operativos,0
211307,PUNO,YUNGUYO,UNICACHI,comisarias,1
220101,SAN MARTIN,MOYOBAMBA,MOYOBAMBA,denuncias_2024_2026,6346
220101,SAN MARTIN,MOYOBAMBA,MOYOBAMBA,vehiculos_pnp,50
220101,SAN MARTIN,MOYOBAMBA,MOYOBAMBA,vehiculos_operativos,27
220101,SAN MARTIN,MOYOBAMBA,MOYOBAMBA,comisarias,2
220102,SAN MARTIN,MOYOBAMBA,CALZADA,denuncias_2024_2026,362
220102,SAN MARTIN,MOYOBAMBA,CALZADA,vehiculos_pnp,3
220102,SAN MARTIN,MOYOBAMBA,CALZADA,vehiculos_operativos,1
220102,SAN MARTIN,MOYOBAMBA,CALZADA,comisarias,1
220103,SAN MARTIN,MOYOBAMBA,HABANA,denuncias_2024_2026,81
220103,SAN MARTIN,MOYOBAMBA,HABANA,vehiculos_pnp,0
220103,SAN MARTIN,MOYOBAMBA,HABANA,vehiculos_operativos,0
220103,SAN MARTIN,MOYOBAMBA,HABANA,comisarias,0
220104,SAN MARTIN,MOYOBAMBA,JEPELACIO,denuncias_2024_2026,423
220104,SAN MARTIN,MOYOBAMBA,JEPELACIO,vehiculos_pnp,1
220104,SAN MARTIN,MOYOBAMBA,JEPELACIO,vehiculos_operativos,1
220104,SAN MARTIN,MOYOBAMBA,JEPELACIO,comisarias,2
220105,SAN MARTIN,MOYOBAMBA,SORITOR,denuncias_2024_2026,1539
220105,SAN MARTIN,MOYOBAMBA,SORITOR,vehiculos_pnp,2
220105,SAN MARTIN,MOYOBAMBA,SORITOR,vehiculos_operativos,2
220105,SAN MARTIN,MOYOBAMBA,SORITOR,comisarias,1
220106,SAN MARTIN,MOYOBAMBA,YANTALO,denuncias_2024_2026,181
220106,SAN MARTIN,MOYOBAMBA,YANTALO,vehiculos_pnp,2
220106,SAN MARTIN,MOYOBAMBA,YANTALO,vehiculos_operativos,1
220106,SAN MARTIN,MOYOBAMBA,YANTALO,comisarias,1
220201,SAN MARTIN,BELLAVISTA,BELLAVISTA,denuncias_2024_2026,1091
220201,SAN MARTIN,BELLAVISTA,BELLAVISTA,vehiculos_pnp,8
220201,SAN MARTIN,BELLAVISTA,BELLAVISTA,vehiculos_operativos,2
220201,SAN MARTIN,BELLAVISTA,BELLAVISTA,comisarias,1
220202,SAN MARTIN,BELLAVISTA,ALTO BIAVO,denuncias_2024_2026,77
220202,SAN MARTIN,BELLAVISTA,ALTO BIAVO,vehiculos_pnp,0
220202,SAN MARTIN,BELLAVISTA,ALTO BIAVO,vehiculos_operativos,0
220202,SAN MARTIN,BELLAVISTA,ALTO BIAVO,comisarias,0
220203,SAN MARTIN,BELLAVISTA,BAJO BIAVO,denuncias_2024_2026,208
220203,SAN MARTIN,BELLAVISTA,BAJO BIAVO,vehiculos_pnp,3
220203,SAN MARTIN,BELLAVISTA,BAJO BIAVO,vehiculos_operativos,1
220203,SAN MARTIN,BELLAVISTA,BAJO BIAVO,comisarias,1
220204,SAN MARTIN,BELLAVISTA,HUALLAGA,denuncias_2024_2026,11
220204,SAN MARTIN,BELLAVISTA,HUALLAGA,vehiculos_pnp,0
220204,SAN MARTIN,BELLAVISTA,HUALLAGA,vehiculos_operativos,0
220204,SAN MARTIN,BELLAVISTA,HUALLAGA,comisarias,0
220205,SAN MARTIN,BELLAVISTA,SAN PABLO,denuncias_2024_2026,201
220205,SAN MARTIN,BELLAVISTA,SAN PABLO,vehiculos_pnp,2
220205,SAN MARTIN,BELLAVISTA,SAN PABLO,vehiculos_operativos,1
220205,SAN MARTIN,BELLAVISTA,SAN PABLO,comisarias,1
220206,SAN MARTIN,BELLAVISTA,SAN RAFAEL,denuncias_2024_2026,60
220206,SAN MARTIN,BELLAVISTA,SAN RAFAEL,vehiculos_pnp,0
220206,SAN MARTIN,BELLAVISTA,SAN RAFAEL,vehiculos_operativos,0
220206,SAN MARTIN,BELLAVISTA,SAN RAFAEL,comisarias,0
220301,SAN MARTIN,EL DORADO,SAN JOSE DE SISA,denuncias_2024_2026,589
220301,SAN MARTIN,EL DORADO,SAN JOSE DE SISA,vehiculos_pnp,2
220301,SAN MARTIN,EL DORADO,SAN JOSE DE SISA,vehiculos_operativos,1
220301,SAN MARTIN,EL DORADO,SAN JOSE DE SISA,comisarias,1
220302,SAN MARTIN,EL DORADO,AGUA BLANCA,denuncias_2024_2026,25
220302,SAN MARTIN,EL DORADO,AGUA BLANCA,vehiculos_pnp,0
220302,SAN MARTIN,EL DORADO,AGUA BLANCA,vehiculos_operativos,0
220302,SAN MARTIN,EL DORADO,AGUA BLANCA,comisarias,0
220303,SAN MARTIN,EL DORADO,SAN MARTIN,denuncias_2024_2026,218
220303,SAN MARTIN,EL DORADO,SAN MARTIN,vehiculos_pnp,2
220303,SAN MARTIN,EL DORADO,SAN MARTIN,vehiculos_operativos,1
220303,SAN MARTIN,EL DORADO,SAN MARTIN,comisarias,1
220304,SAN MARTIN,EL DORADO,SANTA ROSA,denuncias_2024_2026,62
220304,SAN MARTIN,EL DORADO,SANTA ROSA,vehiculos_pnp,0
220304,SAN MARTIN,EL DORADO,SANTA ROSA,vehiculos_operativos,0
220304,SAN MARTIN,EL DORADO,SANTA ROSA,comisarias,0
220305,SAN MARTIN,EL DORADO,SHATOJA,denuncias_2024_2026,33
220305,SAN MARTIN,EL DORADO,SHATOJA,vehiculos_pnp,0
220305,SAN MARTIN,EL DORADO,SHATOJA,vehiculos_operativos,0
220305,SAN MARTIN,EL DORADO,SHATOJA,comisarias,0
220401,SAN MARTIN,HUALLAGA,SAPOSOA,denuncias_2024_2026,623
220401,SAN MARTIN,HUALLAGA,SAPOSOA,vehiculos_pnp,6
220401,SAN MARTIN,HUALLAGA,SAPOSOA,vehiculos_operativos,5
220401,SAN MARTIN,HUALLAGA,SAPOSOA,comisarias,1
220402,SAN MARTIN,HUALLAGA,ALTO SAPOSOA,denuncias_2024_2026,34
220402,SAN MARTIN,HUALLAGA,ALTO SAPOSOA,vehiculos_pnp,0
220402,SAN MARTIN,HUALLAGA,ALTO SAPOSOA,vehiculos_operativos,0
220402,SAN MARTIN,HUALLAGA,ALTO SAPOSOA,comisarias,0
220403,SAN MARTIN,HUALLAGA,EL ESLABON,denuncias_2024_2026,29
220403,SAN MARTIN,HUALLAGA,EL ESLABON,vehiculos_pnp,0
220403,SAN MARTIN,HUALLAGA,EL ESLABON,vehiculos_operativos,0
220403,SAN MARTIN,HUALLAGA,EL ESLABON,comisarias,0
220404,SAN MARTIN,HUALLAGA,PISCOYACU,denuncias_2024_2026,81
220404,SAN MARTIN,HUALLAGA,PISCOYACU,vehiculos_pnp,0
220404,SAN MARTIN,HUALLAGA,PISCOYACU,vehiculos_operativos,0
220404,SAN MARTIN,HUALLAGA,PISCOYACU,comisarias,0
220405,SAN MARTIN,HUALLAGA,SACANCHE,denuncias_2024_2026,161
220405,SAN MARTIN,HUALLAGA,SACANCHE,vehiculos_pnp,8
220405,SAN MARTIN,HUALLAGA,SACANCHE,vehiculos_operativos,5
220405,SAN MARTIN,HUALLAGA,SACANCHE,comisarias,1
220406,SAN MARTIN,HUALLAGA,TINGO DE SAPOSOA,denuncias_2024_2026,5
220406,SAN MARTIN,HUALLAGA,TINGO DE SAPOSOA,vehiculos_pnp,0
220406,SAN MARTIN,HUALLAGA,TINGO DE SAPOSOA,vehiculos_operativos,0
220406,SAN MARTIN,HUALLAGA,TINGO DE SAPOSOA,comisarias,0
220501,SAN MARTIN,LAMAS,LAMAS,denuncias_2024_2026,692
220501,SAN MARTIN,LAMAS,LAMAS,vehiculos_pnp,1
220501,SAN MARTIN,LAMAS,LAMAS,vehiculos_operativos,1
220501,SAN MARTIN,LAMAS,LAMAS,comisarias,1
220502,SAN MARTIN,LAMAS,ALONSO DE ALVARADO,denuncias_2024_2026,390
220502,SAN MARTIN,LAMAS,ALONSO DE ALVARADO,vehiculos_pnp,4
220502,SAN MARTIN,LAMAS,ALONSO DE ALVARADO,vehiculos_operativos,3
220502,SAN MARTIN,LAMAS,ALONSO DE ALVARADO,comisarias,2
220503,SAN MARTIN,LAMAS,BARRANQUITA,denuncias_2024_2026,31
220503,SAN MARTIN,LAMAS,BARRANQUITA,vehiculos_pnp,0
220503,SAN MARTIN,LAMAS,BARRANQUITA,vehiculos_operativos,0
220503,SAN MARTIN,LAMAS,BARRANQUITA,comisarias,0
220504,SAN MARTIN,LAMAS,CAYNARACHI,denuncias_2024_2026,352
220504,SAN MARTIN,LAMAS,CAYNARACHI,vehiculos_pnp,1
220504,SAN MARTIN,LAMAS,CAYNARACHI,vehiculos_operativos,0
220504,SAN MARTIN,LAMAS,CAYNARACHI,comisarias,2
220505,SAN MARTIN,LAMAS,CUÑUMBUQUI,denuncias_2024_2026,42
220505,SAN MARTIN,LAMAS,CUÑUMBUQUI,vehiculos_pnp,0
220505,SAN MARTIN,LAMAS,CUÑUMBUQUI,vehiculos_operativos,0
220505,SAN MARTIN,LAMAS,CUÑUMBUQUI,comisarias,0
220506,SAN MARTIN,LAMAS,PINTO RECODO,denuncias_2024_2026,80
220506,SAN MARTIN,LAMAS,PINTO RECODO,vehiculos_pnp,0
220506,SAN MARTIN,LAMAS,PINTO RECODO,vehiculos_operativos,0
220506,SAN MARTIN,LAMAS,PINTO RECODO,comisarias,0
220507,SAN MARTIN,LAMAS,RUMISAPA,denuncias_2024_2026,44
220507,SAN MARTIN,LAMAS,RUMISAPA,vehiculos_pnp,0
220507,SAN MARTIN,LAMAS,RUMISAPA,vehiculos_operativos,0
220507,SAN MARTIN,LAMAS,RUMISAPA,comisarias,0
220508,SAN MARTIN,LAMAS,SAN ROQUE DE CUMBAZA,denuncias_2024_2026,38
220508,SAN MARTIN,LAMAS,SAN ROQUE DE CUMBAZA,vehiculos_pnp,0
220508,SAN MARTIN,LAMAS,SAN ROQUE DE CUMBAZA,vehiculos_operativos,0
220508,SAN MARTIN,LAMAS,SAN ROQUE DE CUMBAZA,comisarias,0
220509,SAN MARTIN,LAMAS,SHANAO,denuncias_2024_2026,20
220509,SAN MARTIN,LAMAS,SHANAO,vehiculos_pnp,0
220509,SAN MARTIN,LAMAS,SHANAO,vehiculos_operativos,0
220509,SAN MARTIN,LAMAS,SHANAO,comisarias,0
220510,SAN MARTIN,LAMAS,TABALOSOS,denuncias_2024_2026,447
220510,SAN MARTIN,LAMAS,TABALOSOS,vehiculos_pnp,3
220510,SAN MARTIN,LAMAS,TABALOSOS,vehiculos_operativos,2
220510,SAN MARTIN,LAMAS,TABALOSOS,comisarias,1
220511,SAN MARTIN,LAMAS,ZAPATERO,denuncias_2024_2026,63
220511,SAN MARTIN,LAMAS,ZAPATERO,vehiculos_pnp,0
220511,SAN MARTIN,LAMAS,ZAPATERO,vehiculos_operativos,0
220511,SAN MARTIN,LAMAS,ZAPATERO,comisarias,0
220601,SAN MARTIN,MARISCAL CACERES,JUANJUI,denuncias_2024_2026,2189
220601,SAN MARTIN,MARISCAL CACERES,JUANJUI,vehiculos_pnp,20
220601,SAN MARTIN,MARISCAL CACERES,JUANJUI,vehiculos_operativos,7
220601,SAN MARTIN,MARISCAL CACERES,JUANJUI,comisarias,1
220602,SAN MARTIN,MARISCAL CACERES,CAMPANILLA,denuncias_2024_2026,230
220602,SAN MARTIN,MARISCAL CACERES,CAMPANILLA,vehiculos_pnp,4
220602,SAN MARTIN,MARISCAL CACERES,CAMPANILLA,vehiculos_operativos,2
220602,SAN MARTIN,MARISCAL CACERES,CAMPANILLA,comisarias,1
220603,SAN MARTIN,MARISCAL CACERES,HUICUNGO,denuncias_2024_2026,118
220603,SAN MARTIN,MARISCAL CACERES,HUICUNGO,vehiculos_pnp,0
220603,SAN MARTIN,MARISCAL CACERES,HUICUNGO,vehiculos_operativos,0
220603,SAN MARTIN,MARISCAL CACERES,HUICUNGO,comisarias,1
220604,SAN MARTIN,MARISCAL CACERES,PACHIZA,denuncias_2024_2026,98
220604,SAN MARTIN,MARISCAL CACERES,PACHIZA,vehiculos_pnp,0
220604,SAN MARTIN,MARISCAL CACERES,PACHIZA,vehiculos_operativos,0
220604,SAN MARTIN,MARISCAL CACERES,PACHIZA,comisarias,0
220605,SAN MARTIN,MARISCAL CACERES,PAJARILLO,denuncias_2024_2026,72
220605,SAN MARTIN,MARISCAL CACERES,PAJARILLO,vehiculos_pnp,0
220605,SAN MARTIN,MARISCAL CACERES,PAJARILLO,vehiculos_operativos,0
220605,SAN MARTIN,MARISCAL CACERES,PAJARILLO,comisarias,0
220701,SAN MARTIN,PICOTA,PICOTA,denuncias_2024_2026,687
220701,SAN MARTIN,PICOTA,PICOTA,vehiculos_pnp,7
220701,SAN MARTIN,PICOTA,PICOTA,vehiculos_operativos,2
220701,SAN MARTIN,PICOTA,PICOTA,comisarias,1
220702,SAN MARTIN,PICOTA,BUENOS AIRES,denuncias_2024_2026,37
220702,SAN MARTIN,PICOTA,BUENOS AIRES,vehiculos_pnp,0
220702,SAN MARTIN,PICOTA,BUENOS AIRES,vehiculos_operativos,0
220702,SAN MARTIN,PICOTA,BUENOS AIRES,comisarias,0
220703,SAN MARTIN,PICOTA,CASPISAPA,denuncias_2024_2026,31
220703,SAN MARTIN,PICOTA,CASPISAPA,vehiculos_pnp,0
220703,SAN MARTIN,PICOTA,CASPISAPA,vehiculos_operativos,0
220703,SAN MARTIN,PICOTA,CASPISAPA,comisarias,0
220704,SAN MARTIN,PICOTA,PILLUANA,denuncias_2024_2026,7
220704,SAN MARTIN,PICOTA,PILLUANA,vehiculos_pnp,0
220704,SAN MARTIN,PICOTA,PILLUANA,vehiculos_operativos,0
220704,SAN MARTIN,PICOTA,PILLUANA,comisarias,0
220705,SAN MARTIN,PICOTA,PUCACACA,denuncias_2024_2026,57
220705,SAN MARTIN,PICOTA,PUCACACA,vehiculos_pnp,0
220705,SAN MARTIN,PICOTA,PUCACACA,vehiculos_operativos,0
220705,SAN MARTIN,PICOTA,PUCACACA,comisarias,0
220706,SAN MARTIN,PICOTA,SAN CRISTOBAL,denuncias_2024_2026,20
220706,SAN MARTIN,PICOTA,SAN CRISTOBAL,vehiculos_pnp,0
220706,SAN MARTIN,PICOTA,SAN CRISTOBAL,vehiculos_operativos,0
220706,SAN MARTIN,PICOTA,SAN CRISTOBAL,comisarias,0
220707,SAN MARTIN,PICOTA,SAN HILARION,denuncias_2024_2026,160
220707,SAN MARTIN,PICOTA,SAN HILARION,vehiculos_pnp,4
220707,SAN MARTIN,PICOTA,SAN HILARION,vehiculos_operativos,1
220707,SAN MARTIN,PICOTA,SAN HILARION,comisarias,1
220708,SAN MARTIN,PICOTA,SHAMBOYACU,denuncias_2024_2026,58
220708,SAN MARTIN,PICOTA,SHAMBOYACU,vehiculos_pnp,0
220708,SAN MARTIN,PICOTA,SHAMBOYACU,vehiculos_operativos,0
220708,SAN MARTIN,PICOTA,SHAMBOYACU,comisarias,0
220709,SAN MARTIN,PICOTA,TINGO DE PONASA,denuncias_2024_2026,29
220709,SAN MARTIN,PICOTA,TINGO DE PONASA,vehiculos_pnp,0
220709,SAN MARTIN,PICOTA,TINGO DE PONASA,vehiculos_operativos,0
220709,SAN MARTIN,PICOTA,TINGO DE PONASA,comisarias,0
220710,SAN MARTIN,PICOTA,TRES UNIDOS,denuncias_2024_2026,45
220710,SAN MARTIN,PICOTA,TRES UNIDOS,vehiculos_pnp,0
220710,SAN MARTIN,PICOTA,TRES UNIDOS,vehiculos_operativos,0
220710,SAN MARTIN,PICOTA,TRES UNIDOS,comisarias,0
220801,SAN MARTIN,RIOJA,RIOJA,denuncias_2024_2026,2113
220801,SAN MARTIN,RIOJA,RIOJA,vehiculos_pnp,10
220801,SAN MARTIN,RIOJA,RIOJA,vehiculos_operativos,9
220801,SAN MARTIN,RIOJA,RIOJA,comisarias,1
220802,SAN MARTIN,RIOJA,AWAJUN,denuncias_2024_2026,301
220802,SAN MARTIN,RIOJA,AWAJUN,vehiculos_pnp,0
220802,SAN MARTIN,RIOJA,AWAJUN,vehiculos_operativos,0
220802,SAN MARTIN,RIOJA,AWAJUN,comisarias,0
220803,SAN MARTIN,RIOJA,ELIAS SOPLIN VARGAS,denuncias_2024_2026,599
220803,SAN MARTIN,RIOJA,ELIAS SOPLIN VARGAS,vehiculos_pnp,1
220803,SAN MARTIN,RIOJA,ELIAS SOPLIN VARGAS,vehiculos_operativos,1
220803,SAN MARTIN,RIOJA,ELIAS SOPLIN VARGAS,comisarias,1
220804,SAN MARTIN,RIOJA,NUEVA CAJAMARCA,denuncias_2024_2026,3385
220804,SAN MARTIN,RIOJA,NUEVA CAJAMARCA,vehiculos_pnp,10
220804,SAN MARTIN,RIOJA,NUEVA CAJAMARCA,vehiculos_operativos,5
220804,SAN MARTIN,RIOJA,NUEVA CAJAMARCA,comisarias,2
220805,SAN MARTIN,RIOJA,PARDO MIGUEL,denuncias_2024_2026,537
220805,SAN MARTIN,RIOJA,PARDO MIGUEL,vehiculos_pnp,6
220805,SAN MARTIN,RIOJA,PARDO MIGUEL,vehiculos_operativos,6
220805,SAN MARTIN,RIOJA,PARDO MIGUEL,comisarias,1
220806,SAN MARTIN,RIOJA,POSIC,denuncias_2024_2026,67
220806,SAN MARTIN,RIOJA,POSIC,vehiculos_pnp,0
220806,SAN MARTIN,RIOJA,POSIC,vehiculos_operativos,0
220806,SAN MARTIN,RIOJA,POSIC,comisarias,0
220807,SAN MARTIN,RIOJA,SAN FERNANDO,denuncias_2024_2026,35
220807,SAN MARTIN,RIOJA,SAN FERNANDO,vehiculos_pnp,0
220807,SAN MARTIN,RIOJA,SAN FERNANDO,vehiculos_operativos,0
220807,SAN MARTIN,RIOJA,SAN FERNANDO,comisarias,0
220808,SAN MARTIN,RIOJA,YORONGOS,denuncias_2024_2026,34
220808,SAN MARTIN,RIOJA,YORONGOS,vehiculos_pnp,0
220808,SAN MARTIN,RIOJA,YORONGOS,vehiculos_operativos,0
220808,SAN MARTIN,RIOJA,YORONGOS,comisarias,0
220809,SAN MARTIN,RIOJA,YURACYACU,denuncias_2024_2026,305
220809,SAN MARTIN,RIOJA,YURACYACU,vehiculos_pnp,2
220809,SAN MARTIN,RIOJA,YURACYACU,vehiculos_operativos,1
220809,SAN MARTIN,RIOJA,YURACYACU,comisarias,1
220901,SAN MARTIN,SAN MARTIN,TARAPOTO,denuncias_2024_2026,7168
220901,SAN MARTIN,SAN MARTIN,TARAPOTO,vehiculos_pnp,123
220901,SAN MARTIN,SAN MARTIN,TARAPOTO,vehiculos_operativos,55
220901,SAN MARTIN,SAN MARTIN,TARAPOTO,comisarias,1
220902,SAN MARTIN,SAN MARTIN,ALBERTO LEVEAU,denuncias_2024_2026,4
220902,SAN MARTIN,SAN MARTIN,ALBERTO LEVEAU,vehiculos_pnp,0
220902,SAN MARTIN,SAN MARTIN,ALBERTO LEVEAU,vehiculos_operativos,0
220902,SAN MARTIN,SAN MARTIN,ALBERTO LEVEAU,comisarias,0
220903,SAN MARTIN,SAN MARTIN,CACATACHI,denuncias_2024_2026,72
220903,SAN MARTIN,SAN MARTIN,CACATACHI,vehiculos_pnp,0
220903,SAN MARTIN,SAN MARTIN,CACATACHI,vehiculos_operativos,0
220903,SAN MARTIN,SAN MARTIN,CACATACHI,comisarias,0
220904,SAN MARTIN,SAN MARTIN,CHAZUTA,denuncias_2024_2026,122
220904,SAN MARTIN,SAN MARTIN,CHAZUTA,vehiculos_pnp,3
220904,SAN MARTIN,SAN MARTIN,CHAZUTA,vehiculos_operativos,1
220904,SAN MARTIN,SAN MARTIN,CHAZUTA,comisarias,1
220905,SAN MARTIN,SAN MARTIN,CHIPURANA,denuncias_2024_2026,13
220905,SAN MARTIN,SAN MARTIN,CHIPURANA,vehiculos_pnp,0
220905,SAN MARTIN,SAN MARTIN,CHIPURANA,vehiculos_operativos,0
220905,SAN MARTIN,SAN MARTIN,CHIPURANA,comisarias,0
220906,SAN MARTIN,SAN MARTIN,EL PORVENIR,denuncias_2024_2026,49
220906,SAN MARTIN,SAN MARTIN,EL PORVENIR,vehiculos_pnp,1
220906,SAN MARTIN,SAN MARTIN,EL PORVENIR,vehiculos_operativos,1
220906,SAN MARTIN,SAN MARTIN,EL PORVENIR,comisarias,1
220907,SAN MARTIN,SAN MARTIN,HUIMBAYOC,denuncias_2024_2026,34
220907,SAN MARTIN,SAN MARTIN,HUIMBAYOC,vehiculos_pnp,0
220907,SAN MARTIN,SAN MARTIN,HUIMBAYOC,vehiculos_operativos,0
220907,SAN MARTIN,SAN MARTIN,HUIMBAYOC,comisarias,0
220908,SAN MARTIN,SAN MARTIN,JUAN GUERRA,denuncias_2024_2026,57
220908,SAN MARTIN,SAN MARTIN,JUAN GUERRA,vehiculos_pnp,0
220908,SAN MARTIN,SAN MARTIN,JUAN GUERRA,vehiculos_operativos,0
220908,SAN MARTIN,SAN MARTIN,JUAN GUERRA,comisarias,0
220909,SAN MARTIN,SAN MARTIN,LA BANDA DE SHILCAYO,denuncias_2024_2026,2171
220909,SAN MARTIN,SAN MARTIN,LA BANDA DE SHILCAYO,vehiculos_pnp,4
220909,SAN MARTIN,SAN MARTIN,LA BANDA DE SHILCAYO,vehiculos_operativos,3
220909,SAN MARTIN,SAN MARTIN,LA BANDA DE SHILCAYO,comisarias,1
220910,SAN MARTIN,SAN MARTIN,MORALES,denuncias_2024_2026,2267
220910,SAN MARTIN,SAN MARTIN,MORALES,vehiculos_pnp,14
220910,SAN MARTIN,SAN MARTIN,MORALES,vehiculos_operativos,9
220910,SAN MARTIN,SAN MARTIN,MORALES,comisarias,1
220911,SAN MARTIN,SAN MARTIN,PAPAPLAYA,denuncias_2024_2026,20
220911,SAN MARTIN,SAN MARTIN,PAPAPLAYA,vehiculos_pnp,0
220911,SAN MARTIN,SAN MARTIN,PAPAPLAYA,vehiculos_operativos,0
220911,SAN MARTIN,SAN MARTIN,PAPAPLAYA,comisarias,0
220912,SAN MARTIN,SAN MARTIN,SAN ANTONIO,denuncias_2024_2026,15
220912,SAN MARTIN,SAN MARTIN,SAN ANTONIO,vehiculos_pnp,0
220912,SAN MARTIN,SAN MARTIN,SAN ANTONIO,vehiculos_operativos,0
220912,SAN MARTIN,SAN MARTIN,SAN ANTONIO,comisarias,0
220913,SAN MARTIN,SAN MARTIN,SAUCE,denuncias_2024_2026,171
220913,SAN MARTIN,SAN MARTIN,SAUCE,vehiculos_pnp,3
220913,SAN MARTIN,SAN MARTIN,SAUCE,vehiculos_operativos,1
220913,SAN MARTIN,SAN MARTIN,SAUCE,comisarias,1
220914,SAN MARTIN,SAN MARTIN,SHAPAJA,denuncias_2024_2026,55
220914,SAN MARTIN,SAN MARTIN,SHAPAJA,vehiculos_pnp,2
220914,SAN MARTIN,SAN MARTIN,SHAPAJA,vehiculos_operativos,1
220914,SAN MARTIN,SAN MARTIN,SHAPAJA,comisarias,1
221001,SAN MARTIN,TOCACHE,TOCACHE,denuncias_2024_2026,2174
221001,SAN MARTIN,TOCACHE,TOCACHE,vehiculos_pnp,25
221001,SAN MARTIN,TOCACHE,TOCACHE,vehiculos_operativos,12
221001,SAN MARTIN,TOCACHE,TOCACHE,comisarias,1
221002,SAN MARTIN,TOCACHE,NUEVO PROGRESO,denuncias_2024_2026,577
221002,SAN MARTIN,TOCACHE,NUEVO PROGRESO,vehiculos_pnp,2
221002,SAN MARTIN,TOCACHE,NUEVO PROGRESO,vehiculos_operativos,1
221002,SAN MARTIN,TOCACHE,NUEVO PROGRESO,comisarias,2
221003,SAN MARTIN,TOCACHE,POLVORA,denuncias_2024_2026,351
221003,SAN MARTIN,TOCACHE,POLVORA,vehiculos_pnp,3
221003,SAN MARTIN,TOCACHE,POLVORA,vehiculos_operativos,1
221003,SAN MARTIN,TOCACHE,POLVORA,comisarias,2
221004,SAN MARTIN,TOCACHE,SHUNTE,denuncias_2024_2026,10
221004,SAN MARTIN,TOCACHE,SHUNTE,vehiculos_pnp,0
221004,SAN MARTIN,TOCACHE,SHUNTE,vehiculos_operativos,0
221004,SAN MARTIN,TOCACHE,SHUNTE,comisarias,0
221005,SAN MARTIN,TOCACHE,UCHIZA,denuncias_2024_2026,798
221005,SAN MARTIN,TOCACHE,UCHIZA,vehiculos_pnp,12
221005,SAN MARTIN,TOCACHE,UCHIZA,vehiculos_operativos,4
221005,SAN MARTIN,TOCACHE,UCHIZA,comisarias,2
230101,TACNA,TACNA,TACNA,denuncias_2024_2026,13861
230101,TACNA,TACNA,TACNA,vehiculos_pnp,197
230101,TACNA,TACNA,TACNA,vehiculos_operativos,148
230101,TACNA,TACNA,TACNA,comisarias,4
230102,TACNA,TACNA,ALTO DE LA ALIANZA,denuncias_2024_2026,1331
230102,TACNA,TACNA,ALTO DE LA ALIANZA,vehiculos_pnp,8
230102,TACNA,TACNA,ALTO DE LA ALIANZA,vehiculos_operativos,6
230102,TACNA,TACNA,ALTO DE LA ALIANZA,comisarias,1
230103,TACNA,TACNA,CALANA,denuncias_2024_2026,261
230103,TACNA,TACNA,CALANA,vehiculos_pnp,3
230103,TACNA,TACNA,CALANA,vehiculos_operativos,1
230103,TACNA,TACNA,CALANA,comisarias,1
230104,TACNA,TACNA,CIUDAD NUEVA,denuncias_2024_2026,1167
230104,TACNA,TACNA,CIUDAD NUEVA,vehiculos_pnp,14
230104,TACNA,TACNA,CIUDAD NUEVA,vehiculos_operativos,7
230104,TACNA,TACNA,CIUDAD NUEVA,comisarias,1
230105,TACNA,TACNA,INCLAN,denuncias_2024_2026,82
230105,TACNA,TACNA,INCLAN,vehiculos_pnp,3
230105,TACNA,TACNA,INCLAN,vehiculos_operativos,2
230105,TACNA,TACNA,INCLAN,comisarias,1
230106,TACNA,TACNA,PACHIA,denuncias_2024_2026,126
230106,TACNA,TACNA,PACHIA,vehiculos_pnp,2
230106,TACNA,TACNA,PACHIA,vehiculos_operativos,2
230106,TACNA,TACNA,PACHIA,comisarias,1
230107,TACNA,TACNA,PALCA,denuncias_2024_2026,20
230107,TACNA,TACNA,PALCA,vehiculos_pnp,26
230107,TACNA,TACNA,PALCA,vehiculos_operativos,24
230107,TACNA,TACNA,PALCA,comisarias,0
230108,TACNA,TACNA,POCOLLAY,denuncias_2024_2026,1298
230108,TACNA,TACNA,POCOLLAY,vehiculos_pnp,5
230108,TACNA,TACNA,POCOLLAY,vehiculos_operativos,3
230108,TACNA,TACNA,POCOLLAY,comisarias,1
230109,TACNA,TACNA,SAMA,denuncias_2024_2026,327
230109,TACNA,TACNA,SAMA,vehiculos_pnp,5
230109,TACNA,TACNA,SAMA,vehiculos_operativos,3
230109,TACNA,TACNA,SAMA,comisarias,2
230110,TACNA,TACNA,CORONEL GREGORIO ALBARRACIN LANCHIPA,denuncias_2024_2026,4926
230110,TACNA,TACNA,CORONEL GREGORIO ALBARRACIN LANCHIPA,vehiculos_pnp,29
230110,TACNA,TACNA,CORONEL GREGORIO ALBARRACIN LANCHIPA,vehiculos_operativos,17
230110,TACNA,TACNA,CORONEL GREGORIO ALBARRACIN LANCHIPA,comisarias,1
230111,TACNA,TACNA,LA YARADA LOS PALOS,denuncias_2024_2026,651
230111,TACNA,TACNA,LA YARADA LOS PALOS,vehiculos_pnp,4
230111,TACNA,TACNA,LA YARADA LOS PALOS,vehiculos_operativos,4
230111,TACNA,TACNA,LA YARADA LOS PALOS,comisarias,1
230201,TACNA,CANDARAVE,CANDARAVE,denuncias_2024_2026,49
230201,TACNA,CANDARAVE,CANDARAVE,vehiculos_pnp,4
230201,TACNA,CANDARAVE,CANDARAVE,vehiculos_operativos,2
230201,TACNA,CANDARAVE,CANDARAVE,comisarias,1
230202,TACNA,CANDARAVE,CAIRANI,denuncias_2024_2026,5
230202,TACNA,CANDARAVE,CAIRANI,vehiculos_pnp,1
230202,TACNA,CANDARAVE,CAIRANI,vehiculos_operativos,1
230202,TACNA,CANDARAVE,CAIRANI,comisarias,1
230204,TACNA,CANDARAVE,CURIBAYA,denuncias_2024_2026,1
230204,TACNA,CANDARAVE,CURIBAYA,vehiculos_pnp,1
230204,TACNA,CANDARAVE,CURIBAYA,vehiculos_operativos,1
230204,TACNA,CANDARAVE,CURIBAYA,comisarias,1
230206,TACNA,CANDARAVE,QUILAHUANI,denuncias_2024_2026,3
230206,TACNA,CANDARAVE,QUILAHUANI,vehiculos_pnp,0
230206,TACNA,CANDARAVE,QUILAHUANI,vehiculos_operativos,0
230206,TACNA,CANDARAVE,QUILAHUANI,comisarias,0
230301,TACNA,JORGE BASADRE,LOCUMBA,denuncias_2024_2026,160
230301,TACNA,JORGE BASADRE,LOCUMBA,vehiculos_pnp,7
230301,TACNA,JORGE BASADRE,LOCUMBA,vehiculos_operativos,6
230301,TACNA,JORGE BASADRE,LOCUMBA,comisarias,1
230302,TACNA,JORGE BASADRE,ILABAYA,denuncias_2024_2026,143
230302,TACNA,JORGE BASADRE,ILABAYA,vehiculos_pnp,3
230302,TACNA,JORGE BASADRE,ILABAYA,vehiculos_operativos,1
230302,TACNA,JORGE BASADRE,ILABAYA,comisarias,2
230303,TACNA,JORGE BASADRE,ITE,denuncias_2024_2026,139
230303,TACNA,JORGE BASADRE,ITE,vehiculos_pnp,7
230303,TACNA,JORGE BASADRE,ITE,vehiculos_operativos,6
230303,TACNA,JORGE BASADRE,ITE,comisarias,1
230401,TACNA,TARATA,TARATA,denuncias_2024_2026,209
230401,TACNA,TARATA,TARATA,vehiculos_pnp,5
230401,TACNA,TARATA,TARATA,vehiculos_operativos,3
230401,TACNA,TARATA,TARATA,comisarias,1
230402,TACNA,TARATA,HEROES ALBARRACIN,denuncias_2024_2026,8
230402,TACNA,TARATA,HEROES ALBARRACIN,vehiculos_pnp,0
230402,TACNA,TARATA,HEROES ALBARRACIN,vehiculos_operativos,0
230402,TACNA,TARATA,HEROES ALBARRACIN,comisarias,0
230403,TACNA,TARATA,ESTIQUE,denuncias_2024_2026,4
230403,TACNA,TARATA,ESTIQUE,vehiculos_pnp,0
230403,TACNA,TARATA,ESTIQUE,vehiculos_operativos,0
230403,TACNA,TARATA,ESTIQUE,comisarias,0
230404,TACNA,TARATA,ESTIQUE-PAMPA,denuncias_2024_2026,23
230404,TACNA,TARATA,ESTIQUE-PAMPA,vehiculos_pnp,1
230404,TACNA,TARATA,ESTIQUE-PAMPA,vehiculos_operativos,1
230404,TACNA,TARATA,ESTIQUE-PAMPA,comisarias,1
230405,TACNA,TARATA,SITAJARA,denuncias_2024_2026,5
230405,TACNA,TARATA,SITAJARA,vehiculos_pnp,1
230405,TACNA,TARATA,SITAJARA,vehiculos_operativos,1
230405,TACNA,TARATA,SITAJARA,comisarias,1
230406,TACNA,TARATA,SUSAPAYA,denuncias_2024_2026,8
230406,TACNA,TARATA,SUSAPAYA,vehiculos_pnp,1
230406,TACNA,TARATA,SUSAPAYA,vehiculos_operativos,1
230406,TACNA,TARATA,SUSAPAYA,comisarias,1
230407,TACNA,TARATA,TARUCACHI,denuncias_2024_2026,10
230407,TACNA,TARATA,TARUCACHI,vehiculos_pnp,3
230407,TACNA,TARATA,TARUCACHI,vehiculos_operativos,2
230407,TACNA,TARATA,TARUCACHI,comisarias,0
230408,TACNA,TARATA,TICACO,denuncias_2024_2026,35
230408,TACNA,TARATA,TICACO,vehiculos_pnp,3
230408,TACNA,TARATA,TICACO,vehiculos_operativos,2
230408,TACNA,TARATA,TICACO,comisarias,1
240101,TUMBES,TUMBES,TUMBES,denuncias_2024_2026,10367
240101,TUMBES,TUMBES,TUMBES,vehiculos_pnp,235
240101,TUMBES,TUMBES,TUMBES,vehiculos_operativos,53
240101,TUMBES,TUMBES,TUMBES,comisarias,5
240102,TUMBES,TUMBES,CORRALES,denuncias_2024_2026,1066
240102,TUMBES,TUMBES,CORRALES,vehiculos_pnp,10
240102,TUMBES,TUMBES,CORRALES,vehiculos_operativos,4
240102,TUMBES,TUMBES,CORRALES,comisarias,2
240103,TUMBES,TUMBES,LA CRUZ,denuncias_2024_2026,310
240103,TUMBES,TUMBES,LA CRUZ,vehiculos_pnp,6
240103,TUMBES,TUMBES,LA CRUZ,vehiculos_operativos,1
240103,TUMBES,TUMBES,LA CRUZ,comisarias,1
240104,TUMBES,TUMBES,PAMPAS DE HOSPITAL,denuncias_2024_2026,202
240104,TUMBES,TUMBES,PAMPAS DE HOSPITAL,vehiculos_pnp,7
240104,TUMBES,TUMBES,PAMPAS DE HOSPITAL,vehiculos_operativos,2
240104,TUMBES,TUMBES,PAMPAS DE HOSPITAL,comisarias,1
240105,TUMBES,TUMBES,SAN JACINTO,denuncias_2024_2026,238
240105,TUMBES,TUMBES,SAN JACINTO,vehiculos_pnp,3
240105,TUMBES,TUMBES,SAN JACINTO,vehiculos_operativos,2
240105,TUMBES,TUMBES,SAN JACINTO,comisarias,1
240106,TUMBES,TUMBES,SAN JUAN DE LA VIRGEN,denuncias_2024_2026,102
240106,TUMBES,TUMBES,SAN JUAN DE LA VIRGEN,vehiculos_pnp,5
240106,TUMBES,TUMBES,SAN JUAN DE LA VIRGEN,vehiculos_operativos,1
240106,TUMBES,TUMBES,SAN JUAN DE LA VIRGEN,comisarias,1
240201,TUMBES,CONTRALMIRANTE VILLAR,ZORRITOS,denuncias_2024_2026,811
240201,TUMBES,CONTRALMIRANTE VILLAR,ZORRITOS,vehiculos_pnp,16
240201,TUMBES,CONTRALMIRANTE VILLAR,ZORRITOS,vehiculos_operativos,7
240201,TUMBES,CONTRALMIRANTE VILLAR,ZORRITOS,comisarias,1
240202,TUMBES,CONTRALMIRANTE VILLAR,CASITAS,denuncias_2024_2026,74
240202,TUMBES,CONTRALMIRANTE VILLAR,CASITAS,vehiculos_pnp,3
240202,TUMBES,CONTRALMIRANTE VILLAR,CASITAS,vehiculos_operativos,2
240202,TUMBES,CONTRALMIRANTE VILLAR,CASITAS,comisarias,1
240203,TUMBES,CONTRALMIRANTE VILLAR,CANOAS DE PUNTA SAL,denuncias_2024_2026,307
240203,TUMBES,CONTRALMIRANTE VILLAR,CANOAS DE PUNTA SAL,vehiculos_pnp,7
240203,TUMBES,CONTRALMIRANTE VILLAR,CANOAS DE PUNTA SAL,vehiculos_operativos,3
240203,TUMBES,CONTRALMIRANTE VILLAR,CANOAS DE PUNTA SAL,comisarias,1
240301,TUMBES,ZARUMILLA,ZARUMILLA,denuncias_2024_2026,1791
240301,TUMBES,ZARUMILLA,ZARUMILLA,vehiculos_pnp,35
240301,TUMBES,ZARUMILLA,ZARUMILLA,vehiculos_operativos,16
240301,TUMBES,ZARUMILLA,ZARUMILLA,comisarias,1
240302,TUMBES,ZARUMILLA,AGUAS VERDES,denuncias_2024_2026,1165
240302,TUMBES,ZARUMILLA,AGUAS VERDES,vehiculos_pnp,24
240302,TUMBES,ZARUMILLA,AGUAS VERDES,vehiculos_operativos,12
240302,TUMBES,ZARUMILLA,AGUAS VERDES,comisarias,1
240303,TUMBES,ZARUMILLA,MATAPALO,denuncias_2024_2026,49
240303,TUMBES,ZARUMILLA,MATAPALO,vehiculos_pnp,9
240303,TUMBES,ZARUMILLA,MATAPALO,vehiculos_operativos,5
240303,TUMBES,ZARUMILLA,MATAPALO,comisarias,0
240304,TUMBES,ZARUMILLA,PAPAYAL,denuncias_2024_2026,266
240304,TUMBES,ZARUMILLA,PAPAYAL,vehiculos_pnp,33
240304,TUMBES,ZARUMILLA,PAPAYAL,vehiculos_operativos,17
240304,TUMBES,ZARUMILLA,PAPAYAL,comisarias,1
250101,UCAYALI,CORONEL PORTILLO,CALLERIA,denuncias_2024_2026,9517
250101,UCAYALI,CORONEL PORTILLO,CALLERIA,vehiculos_pnp,245
250101,UCAYALI,CORONEL PORTILLO,CALLERIA,vehiculos_operativos,84
250101,UCAYALI,CORONEL PORTILLO,CALLERIA,comisarias,1
250102,UCAYALI,CORONEL PORTILLO,CAMPOVERDE,denuncias_2024_2026,1143
250102,UCAYALI,CORONEL PORTILLO,CAMPOVERDE,vehiculos_pnp,13
250102,UCAYALI,CORONEL PORTILLO,CAMPOVERDE,vehiculos_operativos,5
250102,UCAYALI,CORONEL PORTILLO,CAMPOVERDE,comisarias,1
250103,UCAYALI,CORONEL PORTILLO,IPARIA,denuncias_2024_2026,25
250103,UCAYALI,CORONEL PORTILLO,IPARIA,vehiculos_pnp,0
250103,UCAYALI,CORONEL PORTILLO,IPARIA,vehiculos_operativos,0
250103,UCAYALI,CORONEL PORTILLO,IPARIA,comisarias,0
250104,UCAYALI,CORONEL PORTILLO,MASISEA,denuncias_2024_2026,129
250104,UCAYALI,CORONEL PORTILLO,MASISEA,vehiculos_pnp,3
250104,UCAYALI,CORONEL PORTILLO,MASISEA,vehiculos_operativos,1
250104,UCAYALI,CORONEL PORTILLO,MASISEA,comisarias,1
250105,UCAYALI,CORONEL PORTILLO,YARINACOCHA,denuncias_2024_2026,4056
250105,UCAYALI,CORONEL PORTILLO,YARINACOCHA,vehiculos_pnp,15
250105,UCAYALI,CORONEL PORTILLO,YARINACOCHA,vehiculos_operativos,9
250105,UCAYALI,CORONEL PORTILLO,YARINACOCHA,comisarias,1
250106,UCAYALI,CORONEL PORTILLO,NUEVA REQUENA,denuncias_2024_2026,106
250106,UCAYALI,CORONEL PORTILLO,NUEVA REQUENA,vehiculos_pnp,1
250106,UCAYALI,CORONEL PORTILLO,NUEVA REQUENA,vehiculos_operativos,1
250106,UCAYALI,CORONEL PORTILLO,NUEVA REQUENA,comisarias,1
250107,UCAYALI,CORONEL PORTILLO,MANANTAY,denuncias_2024_2026,4276
250107,UCAYALI,CORONEL PORTILLO,MANANTAY,vehiculos_pnp,0
250107,UCAYALI,CORONEL PORTILLO,MANANTAY,vehiculos_operativos,0
250107,UCAYALI,CORONEL PORTILLO,MANANTAY,comisarias,1
250201,UCAYALI,ATALAYA,RAYMONDI,denuncias_2024_2026,1109
250201,UCAYALI,ATALAYA,RAYMONDI,vehiculos_pnp,11
250201,UCAYALI,ATALAYA,RAYMONDI,vehiculos_operativos,6
250201,UCAYALI,ATALAYA,RAYMONDI,comisarias,0
250202,UCAYALI,ATALAYA,SEPAHUA,denuncias_2024_2026,238
250202,UCAYALI,ATALAYA,SEPAHUA,vehiculos_pnp,2
250202,UCAYALI,ATALAYA,SEPAHUA,vehiculos_operativos,2
250202,UCAYALI,ATALAYA,SEPAHUA,comisarias,1
250203,UCAYALI,ATALAYA,TAHUANIA,denuncias_2024_2026,148
250203,UCAYALI,ATALAYA,TAHUANIA,vehiculos_pnp,2
250203,UCAYALI,ATALAYA,TAHUANIA,vehiculos_operativos,2
250203,UCAYALI,ATALAYA,TAHUANIA,comisarias,1
250204,UCAYALI,ATALAYA,YURUA,denuncias_2024_2026,2
250204,UCAYALI,ATALAYA,YURUA,vehiculos_pnp,0
250204,UCAYALI,ATALAYA,YURUA,vehiculos_operativos,0
250204,UCAYALI,ATALAYA,YURUA,comisarias,0
250301,UCAYALI,PADRE ABAD,PADRE ABAD,denuncias_2024_2026,852
250301,UCAYALI,PADRE ABAD,PADRE ABAD,vehiculos_pnp,16
250301,UCAYALI,PADRE ABAD,PADRE ABAD,vehiculos_operativos,6
250301,UCAYALI,PADRE ABAD,PADRE ABAD,comisarias,1
250302,UCAYALI,PADRE ABAD,IRAZOLA,denuncias_2024_2026,375
250302,UCAYALI,PADRE ABAD,IRAZOLA,vehiculos_pnp,5
250302,UCAYALI,PADRE ABAD,IRAZOLA,vehiculos_operativos,2
250302,UCAYALI,PADRE ABAD,IRAZOLA,comisarias,1
250303,UCAYALI,PADRE ABAD,CURIMANA,denuncias_2024_2026,240
250303,UCAYALI,PADRE ABAD,CURIMANA,vehiculos_pnp,5
250303,UCAYALI,PADRE ABAD,CURIMANA,vehiculos_operativos,2
250303,UCAYALI,PADRE ABAD,CURIMANA,comisarias,1
250304,UCAYALI,PADRE ABAD,NESHUYA,denuncias_2024_2026,326
250304,UCAYALI,PADRE ABAD,NESHUYA,vehiculos_pnp,4
250304,UCAYALI,PADRE ABAD,NESHUYA,vehiculos_operativos,1
250304,UCAYALI,PADRE ABAD,NESHUYA,comisarias,1
250305,UCAYALI,PADRE ABAD,A.VON.HUMBOLDT,denuncias_2024_2026,170
250305,UCAYALI,PADRE ABAD,A.VON.HUMBOLDT,vehiculos_pnp,13
250305,UCAYALI,PADRE ABAD,A.VON.HUMBOLDT,vehiculos_operativos,6
250305,UCAYALI,PADRE ABAD,A.VON.HUMBOLDT,comisarias,0
250401,UCAYALI,PURUS,PURUS,denuncias_2024_2026,58
250401,UCAYALI,PURUS,PURUS,vehiculos_pnp,4
250401,UCAYALI,PURUS,PURUS,vehiculos_operativos,0
250401,UCAYALI,PURUS,PURUS,comisarias,1
